id,vp_x,vp_y,vp_z,euler_1,euler_2,euler_3,increment,n0_x,n0_y,n0_z,n1_x,n1_y,n1_z,n2_x,n2_y,n2_z,n3_x,n3_y,n3_z,n4_x,n4_y,n4_z,n5_x,n5_y,n5_z,n6_x,n6_y,n6_z,n7_x,n7_y,n7_z,n8_x,n8_y,n8_z,n9_x,n9_y,n9_z,n10_x,n10_y,n10_z,n11_x,n11_y,n11_z,n12_x,n12_y,n12_z,n13_x,n13_y,n13_z,n14_x,n14_y,n14_z,n15_x,n15_y,n15_z,n16_x,n16_y,n16_z,n17_x,n17_y,n17_z,n18_x,n18_y,n18_z,n19_x,n19_y,n19_z,n20_x,n20_y,n20_z,n21_x,n21_y,n21_z,n22_x,n22_y,n22_z,n23_x,n23_y,n23_z,n24_x,n24_y,n24_z
000000,0.507116,0.703311,0.505474,113.557,288.179,16.751,0.0005,0.548793,0.729621,0.408019,-0.602837,0.686652,0.406321,0,0,0,0,0,0,0.999316,0.0369285,0.001853,-0.049602,0.966393,-0.252237,0,0,0,0.674813,0.715955,-0.178986,-0.735525,0.65367,-0.178096,0.705637,0.208776,0.677118,-0.71169,0.158358,0.684412,-0.0328631,0.866546,0.498014,0,0,0,0,0,0,0,0,0,0,0,0,0,0,0,0.889219,0.40393,0.214779,-0.917533,0.336626,0.211697,-0.913649,0.178713,-0.365113,0.895853,0.250432,-0.367058,0.256664,0.964613,0.0603793,-0.343228,0.937345,0.0598221,-0.345969,0.783608,-0.516007,0,0,0
000001,0.503839,0.708907,0.509758,113.557,288.179,16.751,0.0005,0.549439,0.729644,0.407107,-0.601223,0.684803,0.411796,-0.610383,0.388114,-0.690507,0,0,0,0.999291,0.0374278,-0.0041461,-0.0497022,0.968865,-0.24255,0,0,0,0.674879,0.716745,-0.175542,-0.736671,0.655365,-0.166769,0.709379,0.210402,0.67269,-0.711799,0.15787,0.684412,-0.0328184,0.865049,0.500613,0,0,0,0,0,0,0,0,0,0,0,0,0,0,0,0.889692,0.404692,0.21136,-0.916222,0.336145,0.218045,-0.91709,0.179896,-0.355786,0.895676,0.250383,-0.367523,0.256555,0.964214,0.0668651,-0.343021,0.936768,0.0693018,-0.347837,0.789206,-0.506126,0,0,0
000002,0.509888,0.706355,0.508334,113.557,288.179,16.751,0.0005,0.547923,0.728482,0.411212,-0.60337,0.687263,0.404493,-0.604414,0.388438,-0.695557,0,0,0,0.999272,0.0374271,0.00735119,-0.0496577,0.967765,-0.246912,0,0,0,0.676086,0.716561,-0.171605,-0.735458,0.653611,-0.178588,0.705596,0.207721,0.677485,-0.715462,0.158682,0.680392,-0.0333479,0.86603,0.498879,0,0,0,0,0,0,0,0,0,0,0,0,0,0,0,0.887922,0.403893,0.220146,-0.918516,0.336985,0.206809,-0.912918,0.179589,-0.366509,0.898653,0.251208,-0.359607,0.25608,0.964375,0.066366,-0.343187,0.937231,0.0618183,-0.346325,0.785698,-0.512579,0,0,0
000003,0.503551,0.70181,0.503574,113.557,288.179,16.751,0.0005,0.549778,0.730913,0.404364,-0.601763,0.685422,0.409972,-0.604346,0.386611,-0.696633,0,0,0,0.999286,0.0374277,-0.00514602,-0.049571,0.965633,-0.255139,0,0,0,0.67393,0.715033,-0.185868,-0.735588,0.654397,-0.175144,0.706935,0.209159,0.675645,-0.708449,0.157127,0.688048,-0.0328631,0.866546,0.498014,0,0,0,0,0,0,0,0,0,0,0,0,0,0,0,0.890171,0.404908,0.208916,-0.916324,0.336183,0.217557,-0.915236,0.180043,-0.360454,0.893175,0.24969,-0.374023,0.256719,0.964811,0.0568856,-0.343228,0.937345,0.0598221,-0.345307,0.783335,-0.516865,0,0,0
000004,0.503351,0.703958,0.508265,113.557,288.179,16.751,0.0005,0.549624,0.731535,0.403448,-0.602032,0.685731,0.40906,0,0,0,0,0,0,0.999283,0.0374276,-0.00564598,-0.0496326,0.967145,-0.249333,0,0,0,0.674739,0.715155,-0.182429,-0.736705,0.654054,-0.171696,0.709844,0.210018,0.67232,-0.71113,0.157722,0.685141,-0.0328853,0.867292,0.496712,0,0,0,0,0,0,0,0,0,0,0,0,0,0,0,0.890567,0.404538,0.207938,-0.916598,0.335751,0.217069,-0.916644,0.180318,-0.35672,0.894566,0.249556,-0.370775,0.25668,0.96467,0.0593812,-0.343166,0.937172,0.0628163,-0.346171,0.786604,-0.511292,0,0,0
000005,0.500453,0.706551,0.502779,113.557,288.179,16.751,0.0005,0.549163,0.730107,0.406649,-0.59945,0.682772,0.41771,0,0,0,0,0,0,0.999237,0.0374258,-0.0111456,-0.0496427,0.967394,-0.248365,0,0,0,0.674358,0.714757,-0.185377,-0.736734,0.655421,-0.166276,0.707906,0.209446,0.674538,-0.704974,0.156868,0.691668,-0.032766,0.863292,0.503639,0,0,0,0,0,0,0,0,0,0,0,0,0,0,0,0.89055,0.405079,0.20696,-0.914661,0.335574,0.225358,-0.917264,0.17993,-0.355319,0.891726,0.249288,-0.377729,0.256632,0.964494,0.0623753,-0.342563,0.936972,0.0688033,-0.346528,0.786168,-0.51172,0,0,0
000006,0.500863,0.702622,0.505758,113.557,288.179,16.751,0.0005,0.550634,0.732033,0.401161,-0.601223,0.684803,0.411796,-0.608324,0.386196,-0.693393,0,0,0,0.999243,0.037426,-0.0106457,-0.049602,0.966393,-0.252237,0,0,0,0.673373,0.715173,-0.187341,-0.736896,0.654225,-0.170218,0.710166,0.210113,0.67195,-0.70756,0.157954,0.688773,-0.0328705,0.866795,0.49758,0,0,0,0,0,0,0,0,0,0,0,0,0,0,0,0.891112,0.405333,0.204024,-0.915396,0.335843,0.221946,-0.917439,0.179964,-0.354851,0.892224,0.248907,-0.376804,0.256726,0.964838,0.0563864,-0.342696,0.937344,0.0628166,-0.345766,0.785663,-0.51301,0,0,0
000007,0.504741,0.709355,0.500778,113.557,288.179,16.751,0.0005,0.547446,0.727032,0.4144,-0.599587,0.68293,0.417256,0,0,0,0,0,0,0.999278,0.0379277,-0.00214631,-0.0496727,0.968134,-0.245458,0,0,0,0.674696,0.716555,-0.177018,-0.7365,0.654542,-0.170711,0.70275,0.208967,0.680055,-0.706431,0.156679,0.690222,-0.0326903,0.860765,0.507952,0,0,0,0,0,0,0,0,0,0,0,0,0,0,0,0.888619,0.404208,0.216732,-0.915707,0.335957,0.220484,-0.914445,0.179378,-0.362785,0.894073,0.249939,-0.371703,0.256519,0.964083,0.06886,-0.342985,0.936669,0.070798,-0.346224,0.785463,-0.513008,0,0,0
000008,0.509754,0.706094,0.507179,113.557,288.179,16.751,0.0005,0.547798,0.728318,0.411667,-0.603104,0.686958,0.405407,0,0,0,0,0,0,0.999272,0.0374271,0.00735119,-0.0496527,0.967641,-0.247396,0,0,0,0.675663,0.716842,-0.172097,-0.735126,0.653985,-0.178588,0.704804,0.208009,0.678221,-0.714248,0.159437,0.68149,-0.0333404,0.865781,0.499312,0,0,0,0,0,0,0,0,0,0,0,0,0,0,0,0.887922,0.403893,0.220146,-0.918321,0.336914,0.207787,-0.91275,0.178537,-0.367439,0.898306,0.251112,-0.36054,0.256572,0.964278,0.0658676,-0.343197,0.93726,0.0613193,-0.346479,0.78479,-0.513864,0,0,0
000009,0.504053,0.707184,0.502837,113.557,288.179,16.751,0.0005,0.548172,0.728808,0.4103,-0.600408,0.68387,0.414528,0,0,0,0,0,0,0.999309,0.0369282,-0.0041461,-0.0496527,0.967641,-0.247396,0,0,0,0.675053,0.715482,-0.17997,-0.736437,0.654485,-0.171204,0.705779,0.208297,0.677118,-0.707777,0.156978,0.688774,-0.0327584,0.863041,0.504071,0,0,0,0,0,0,0,0,0,0,0,0,0,0,0,0.889609,0.404106,0.212826,-0.915914,0.336033,0.219508,-0.915236,0.180043,-0.360454,0.893939,0.25042,-0.371703,0.256581,0.96431,0.0653687,-0.343056,0.936865,0.0678055,-0.346224,0.785463,-0.513008,0,0,0
000010,0.508555,0.700295,0.508078,260.404,69.139,78.3409,0.0005,0.509165,0.788369,0.34529,-0.638946,0.676654,0.365907,0,0,0,0,0,0,0.995143,0.0970044,-0.0167637,-0.113026,0.941504,-0.317482,0,0,0,0.626811,0.741622,-0.238967,-0.776439,0.593736,-0.211234,0.702546,0.296112,0.647107,-0.712349,0.162616,0.682726,-0.0789164,0.896854,0.43523,0,0,0,0,0,0,0,0,0,0,0,0,0,0,0,0.865797,0.470371,0.170721,-0.93404,0.295091,0.201222,-0.927692,0.0991955,-0.359926,0.874518,0.278585,-0.397,0.196981,0.980336,-0.0118087,-0.399453,0.916753,-0.00135042,-0.40004,0.724754,-0.560981,0,0,0
000011,0.502121,0.708542,0.508215,260.404,69.139,78.3409,0.0005,0.509529,0.787101,0.347637,-0.635117,0.672577,0.379823,0,0,0,0,0,0,0.994885,0.0969793,-0.0282589,-0.113465,0.945527,-0.30513,0,0,0,0.627347,0.74148,-0.237997,-0.778869,0.596237,-0.194588,0.705417,0.296777,0.64367,-0.707557,0.160504,0.688187,-0.0785297,0.892028,0.445106,0,0,0,0,0,0,-0.332259,0.54984,0.766342,0,0,0,0,0,0,0.866776,0.470331,0.165793,-0.931057,0.29415,0.215889,-0.93204,0.100161,-0.348236,0.871999,0.277265,-0.403414,0.197486,0.980303,-0.00231012,-0.399408,0.916648,0.0151481,-0.403528,0.730135,-0.551424,0,0,0
000012,0.503901,0.706898,0.505808,260.404,69.139,78.3409,0.0005,0.508308,0.787062,0.349509,-0.635636,0.67313,0.377972,0,0,0,0,0,0,0.994965,0.0969871,-0.0252602,-0.113332,0.944306,-0.308936,0,0,0,0.626888,0.741713,-0.238481,-0.778089,0.595636,-0.19949,0.702844,0.296237,0.646726,-0.707,0.161403,0.688549,-0.0785475,0.89225,0.444658,0,0,0,0,0,0,0,0,0,0,0,0,0,0,0,0.86617,0.470573,0.168258,-0.931821,0.293867,0.212959,-0.930351,0.0994783,-0.352919,0.872039,0.277802,-0.402956,0.197484,0.980297,-0.00430975,-0.399427,0.916691,0.0116488,-0.402647,0.727462,-0.555585,0,0,0
000013,0.50533,0.706838,0.506039,260.404,69.139,78.3409,0.0005,0.508535,0.786498,0.350447,-0.636152,0.67368,0.37612,0,0,0,0,0,0,0.995036,0.096994,-0.0222614,-0.113298,0.943999,-0.309887,0,0,0,0.627121,0.741983,-0.237025,-0.777467,0.595788,-0.20145,0.702441,0.295526,0.647488,-0.708007,0.161632,0.68746,-0.0785653,0.892471,0.444211,0,0,0,0.265645,0.606312,0.749546,0,0,0,0,0,0,0,0,0,0.865797,0.470371,0.170721,-0.932175,0.294503,0.210516,-0.92947,0.0993847,-0.355257,0.872997,0.278104,-0.400667,0.197485,0.9803,-0.00330992,-0.399434,0.916706,0.0101489,-0.401638,0.727699,-0.556005,0,0,0
000014,0.502828,0.705008,0.500584,260.404,69.139,78.3409,0.0005,0.508727,0.78679,0.34951,-0.634857,0.6723,0.380748,0,0,0,0,0,0,0.994899,0.0969807,-0.0277591,-0.113129,0.942447,-0.314636,0,0,0,0.626326,0.740291,-0.244304,-0.777771,0.595391,-0.201449,0.700559,0.295819,0.649391,-0.702959,0.160487,0.692888,-0.0784763,0.891361,0.446449,0,0,0,0.266703,0.602555,0.752195,-0.330933,0.545706,0.769863,0,0,0,0,0,0,0.866391,0.470692,0.166779,-0.930954,0.294118,0.216378,-0.929647,0.0994034,-0.35479,0.869675,0.27653,-0.408896,0.197481,0.980283,-0.00680937,-0.398975,0.916906,0.010149,-0.401488,0.724277,-0.560561,0,0,0
000015,0.506357,0.707031,0.503699,260.404,69.139,78.3409,0.0005,0.507537,0.785887,0.353254,-0.635894,0.673405,0.377046,0,0,0,0,0,0,0.995078,0.0969981,-0.0202622,-0.113265,0.94369,-0.310837,0,0,0,0.627579,0.74175,-0.23654,-0.777369,0.595082,-0.203898,0.69966,0.295441,0.650531,-0.707447,0.160992,0.688187,-0.0784941,0.891584,0.446001,0,0,0,0,0,0,0,0,0,0,0,0,0,0,0,0.865419,0.470167,0.173183,-0.932376,0.294566,0.209539,-0.928281,0.0987553,-0.358527,0.872997,0.278104,-0.400667,0.197486,0.980302,-0.00281002,-0.399434,0.916706,0.0101489,-0.400974,0.726475,-0.55808,0,0,0
000016,0.505504,0.70487,0.509792,260.404,69.139,78.3409,0.0005,0.508881,0.787935,0.346697,-0.637668,0.674563,0.371946,0,0,0,0,0,0,0.995036,0.096994,-0.0222614,-0.113298,0.943999,-0.309887,0,0,0,0.627121,0.741983,-0.237025,-0.777915,0.594871,-0.202429,0.704823,0.296528,0.644435,-0.711127,0.161827,0.684186,-0.0787418,0.894674,0.439726,0,0,0,0.26839,0.608776,0.746564,0,0,0,0,0,0,0,0,0,0.86617,0.470573,0.168258,-0.932674,0.29466,0.208072,-0.930175,0.0994596,-0.353387,0.873911,0.277869,-0.398834,0.197482,0.980286,-0.00630944,-0.399442,0.916726,0.00764911,-0.402473,0.728191,-0.554756,0,0,0
000017,0.504629,0.707213,0.505796,260.404,69.139,78.3409,0.0005,0.508116,0.786769,0.350446,-0.635894,0.673405,0.377046,0,0,0,0,0,0,0.995013,0.0969918,-0.023261,-0.113332,0.944306,-0.308936,0,0,0,0.627043,0.741893,-0.23751,-0.778234,0.595117,-0.20047,0.702247,0.295986,0.647488,-0.707336,0.161479,0.688186,-0.0785297,0.892028,0.445106,0,0,0,0.26808,0.604409,0.750215,0,0,0,0,0,0,0,0,0,0.866186,0.470013,0.169736,-0.931873,0.294408,0.211982,-0.929946,0.0999381,-0.353855,0.872575,0.277447,-0.402041,0.197485,0.9803,-0.00330992,-0.399429,0.916696,0.0111488,-0.402209,0.727703,-0.555587,0,0,0
000018,0.507208,0.705404,0.506653,260.404,69.139,78.3409,0.0005,0.508116,0.786769,0.350446,-0.637177,0.674771,0.372411,0,0,0,0,0,0,0.995156,0.0965034,-0.0187628,-0.113248,0.943536,-0.311313,0,0,0,0.627275,0.742163,-0.236053,-0.777126,0.594895,-0.205366,0.701844,0.295274,0.64825,-0.710125,0.161599,0.685279,-0.0791519,0.893532,0.441968,0,0,0,0.267169,0.606045,0.74922,0,0,0,0,0,0,0,0,0,0.86581,0.46981,0.172199,-0.93322,0.294308,0.206116,-0.928406,0.0992715,-0.35806,0.874139,0.278465,-0.397917,0.197484,0.980294,-0.00480966,-0.399445,0.916733,0.00664916,-0.402288,0.725752,-0.558075,0,0,0
000019,0.509889,0.709525,0.504721,260.404,69.139,78.3409,0.0005,0.506981,0.784129,0.357927,-0.636666,0.674227,0.374266,0,0,0,0,0,0,0.995153,0.0975077,-0.0127658,-0.113861,0.944554,-0.307984,0,0,0,0.628336,0.743397,-0.229248,-0.776659,0.595166,-0.206345,0.697558,0.294556,0.653185,-0.71057,0.161188,0.684915,-0.0784226,0.890693,0.44779,0,0,0,0,0,0,0,0,0,0,0,0,0,0,0,0.864808,0.468701,0.180071,-0.933708,0.294462,0.203669,-0.926561,0.0995779,-0.362723,0.875801,0.278466,-0.394246,0.196997,0.980402,0.00218865,-0.399434,0.916706,0.0101489,-0.401545,0.726479,-0.557664,0,0,0
000020,0.502245,0.700511,0.505141,143.788,91.0961,68.9495,0.0005,0.53414,0.767989,0.353394,-0.617045,0.694026,0.370922,0,0,0,0,0,0,0.998005,0.0610508,-0.0160993,-0.0747784,0.947056,-0.31224,0,0,0,0.655253,0.718032,-0.234678,-0.75292,0.624368,-0.208028,0.706918,0.267197,0.654883,-0.708492,0.182153,0.681806,-0.0520218,0.894708,0.443613,0,0,0,0,0,0,-0.323718,0.556419,0.765248,0,0,0,0,0,0,0.88175,0.437865,0.175472,-0.923157,0.325981,0.203758,-0.922092,0.135481,-0.362481,0.884512,0.248038,-0.395116,0.232972,0.972471,-0.00495663,-0.365602,0.930755,0.00556729,0,0,0,0,0,0
000021,0.507174,0.707199,0.505867,143.788,91.0961,68.9495,0.0005,0.531761,0.764618,0.364128,-0.616426,0.694079,0.371851,0,0,0,0,0,0,0.998116,0.0610576,-0.00610115,-0.0749668,0.949821,-0.303678,0,0,0,0.657346,0.72029,-0.221536,-0.753079,0.623849,-0.209006,0.702921,0.265689,0.659782,-0.711457,0.182911,0.678508,-0.0523639,0.891556,0.449873,0,0,0,0.277905,0.590493,0.757685,0,0,0,0,0,0,0,0,0,0.879715,0.43686,0.187763,-0.924033,0.32682,0.198371,-0.919741,0.135137,-0.368531,0.888645,0.249187,-0.384989,0.23297,0.972458,0.00704204,-0.366051,0.930529,0.0110669,0,0,0,0,0,0
000022,0.501322,0.706778,0.507696,143.788,91.0961,68.9495,0.0005,0.532807,0.766968,0.357599,-0.615187,0.692677,0.376488,0,0,0,0,0,0,0.997988,0.0610498,-0.0170991,-0.0749874,0.950123,-0.302725,0,0,0,0.655615,0.719893,-0.227866,-0.754175,0.625413,-0.200197,0.708013,0.267076,0.653749,-0.7094,0.181353,0.681075,-0.0518986,0.892257,0.448535,0,0,0,0,0,0,0,0,0,0,0,0,0,0,0,0.881513,0.437748,0.176949,-0.922479,0.325741,0.207184,-0.923696,0.135716,-0.358283,0.88546,0.248302,-0.392818,0.232974,0.972475,0.0040426,-0.365567,0.930663,0.0150664,0,0,0,0,0,0
000023,0.508705,0.708497,0.508795,143.788,91.0961,68.9495,0.0005,0.531551,0.76432,0.365059,-0.617161,0.694912,0.369065,0,0,0,0,0,0,0.99816,0.0605595,-0.00310206,-0.0750283,0.950725,-0.300819,0,0,0,0.658017,0.721014,-0.217147,-0.75276,0.624234,-0.209006,0.703053,0.266273,0.659405,-0.714531,0.183181,0.675196,-0.0518873,0.892033,0.448982,0,0,0,0,0,0,0,0,0,0,0,0,0,0,0,0.879069,0.437099,0.190217,-0.924849,0.326578,0.19494,-0.919558,0.13511,-0.368995,0.890439,0.249167,-0.380833,0.232964,0.972434,0.0100412,-0.366047,0.930518,0.0120668,0,0,0,0,0,0
000024,0.505987,0.70918,0.506624,143.788,91.0961,68.9495,0.0005,0.531141,0.764606,0.365057,-0.616182,0.693049,0.37417,0,0,0,0,0,0,0.998101,0.0610567,-0.00810068,-0.0750283,0.950725,-0.300819,0,0,0,0.657127,0.720789,-0.22056,-0.753077,0.625149,-0.205093,0.703538,0.265922,0.65903,-0.711376,0.181859,0.678875,-0.0518307,0.890909,0.451214,0,0,0,0.277905,0.590493,0.757685,0,0,0,0,0,0,0,0,0,0.879883,0.436943,0.186781,-0.923563,0.326654,0.200821,-0.920831,0.135296,-0.36574,0.888273,0.249084,-0.385911,0.232964,0.972434,0.0100412,-0.366032,0.93048,0.0150663,0,0,0,0,0,0
000025,0.503818,0.700364,0.509265,143.788,91.0961,68.9495,0.0005,0.534445,0.768421,0.35199,-0.617649,0.695464,0.367205,0,0,0,0,0,0,0.998049,0.0610535,-0.0130998,-0.0748208,0.947677,-0.310339,0,0,0,0.655147,0.719389,-0.230786,-0.75276,0.624234,-0.209006,0.708625,0.267306,0.652992,-0.712566,0.182679,0.677405,-0.0520994,0.896253,0.440473,0,0,0,0,0,0,0,0,0,0,0,0,0,0,0,0.881593,0.437787,0.176457,-0.924012,0.326283,0.199351,-0.922092,0.135481,-0.362481,0.886592,0.248616,-0.390058,0.232973,0.972475,-0.00395669,-0.365604,0.930761,0.00406735,0,0,0,0,0,0
000026,0.504998,0.701817,0.501182,143.788,91.0961,68.9495,0.0005,0.53229,0.766235,0.359932,-0.616799,0.693747,0.371851,0,0,0,0,0,0,0.998078,0.0610553,-0.0106002,-0.0747571,0.946744,-0.313189,0,0,0,0.655069,0.719304,-0.231273,-0.751874,0.624147,-0.212428,0.702126,0.265924,0.660532,-0.707955,0.1815,0.682538,-0.0519324,0.892928,0.447194,0,0,0,0.278481,0.58938,0.75834,0,0,0,0,0,0,0,0,0,0.880931,0.436903,0.181868,-0.923468,0.326621,0.20131,-0.919558,0.13511,-0.368995,0.885271,0.248249,-0.393278,0.232975,0.972482,-0.00145685,-0.366067,0.930572,0.00556726,0,0,0,0,0,0
000027,0.505121,0.701109,0.506576,143.788,91.0961,68.9495,0.0005,0.533629,0.767265,0.355732,-0.617405,0.695189,0.368135,0,0,0,0,0,0,0.998083,0.0610556,-0.0101003,-0.0747997,0.947367,-0.31129,0,0,0,0.655673,0.719221,-0.229814,-0.752118,0.62435,-0.210962,0.705692,0.266734,0.656393,-0.711581,0.182427,0.678508,-0.052044,0.89515,0.442716,0,0,0,0,0,0,0,0,0,0,0,0,0,0,0,0.88073,0.437919,0.180392,-0.92394,0.326787,0.198861,-0.920758,0.135791,-0.36574,0.886726,0.248135,-0.390058,0.232974,0.972478,-0.00295675,-0.36607,0.930579,0.00406734,0,0,0,0,0,0
000028,0.50267,0.703828,0.509027,143.788,91.0961,68.9495,0.0005,0.533834,0.767555,0.354797,-0.616922,0.693887,0.371386,0,0,0,0,0,0,0.99802,0.0610518,-0.0150995,-0.0749151,0.94906,-0.306059,0,0,0,0.65546,0.719726,-0.22884,-0.753234,0.62528,-0.204114,0.707966,0.268127,0.65337,-0.711252,0.182343,0.678875,-0.0520107,0.894486,0.444061,0,0,0,0.280479,0.594708,0.753429,-0.325348,0.557241,0.763957,0,0,0,0,0,0,0.881513,0.437748,0.176949,-0.923087,0.326486,0.203269,-0.922985,0.135612,-0.360149,0.886215,0.248512,-0.390978,0.232975,0.972483,4.30431e-05,-0.366055,0.930539,0.010067,0,0,0,0,0,0
000029,0.500637,0.703851,0.508235,143.788,91.0961,68.9495,0.0005,0.53414,0.767989,0.353394,-0.615808,0.693381,0.374171,0,0,0,0,0,0,0.997952,0.0610476,-0.0190988,-0.0749151,0.94906,-0.306059,0,0,0,0.655729,0.718545,-0.231761,-0.753943,0.62522,-0.201666,0.709059,0.268005,0.652234,-0.709152,0.182322,0.681074,-0.0519883,0.894042,0.444956,0,0,0,0.280027,0.594922,0.753427,0,0,0,0,0,0,0,0,0,0.882063,0.438019,0.173503,-0.922312,0.326213,0.207184,-0.923977,0.136262,-0.357349,0.884702,0.248091,-0.394656,0.232975,0.972483,-0.000456918,-0.365585,0.930712,0.0110669,0,0,0,0,0,0
000030,0.505467,0.70557,0.502855,157.768,164.991,212.065,0.0005,0.502756,0.780357,0.371859,-0.64,0.656759,0.398832,0,0,0,0,0,0,0.994027,0.106711,-0.0228803,-0.122554,0.950769,-0.284638,0,0,0,0.619524,0.753514,-0.220014,-0.782997,0.594297,-0.183648,0.700208,0.282503,0.655668,0,0,0,-0.084631,0.878162,0.470818,0,0,0,0,0,0,0,0,0,0,0,0,0,0,0,0.862385,0.472675,0.181303,-0.933986,0.279762,0.222269,-0.930761,0.101298,-0.351315,0.868075,0.296434,-0.398212,0.188853,0.981746,0.0225703,-0.407337,0.912552,0.0364025,-0.409646,0.737574,-0.53682,0,0,0
000031,0.500351,0.705873,0.503198,157.768,164.991,212.065,0.0005,0.503666,0.78175,0.367678,-0.638322,0.65503,0.404327,-0.645661,0.316206,-0.69508,0,0,0,0.99375,0.106681,-0.0328758,-0.122604,0.951192,-0.2832,0,0,0,0.618353,0.752892,-0.225375,-0.78414,0.595169,-0.175779,0.703543,0.283846,0.651505,-0.702296,0.133029,0.699345,-0.0845895,0.877692,0.4717,0,0,0,0,0,0,0,0,0,0,0,0,0,0,0,0.86339,0.473792,0.173431,-0.931921,0.279144,0.23152,-0.933867,0.101634,-0.342874,0.86493,0.296948,-0.404622,0.18886,0.981778,0.0210709,-0.406803,0.912578,0.0413986,-0.41067,0.739453,-0.533441,0,0,0
000032,0.503553,0.702028,0.507205,157.768,164.991,212.065,0.0005,0.504467,0.782974,0.363956,-0.641602,0.657692,0.394701,-0.644776,0.318,-0.695083,0,0,0,0.993928,0.1067,-0.0268787,-0.12247,0.950059,-0.287033,0,0,0,0.618883,0.752747,-0.224401,-0.783445,0.59401,-0.182665,0.704262,0.284674,0.650366,-0.707337,0.134492,0.693965,-0.0849396,0.881654,0.464188,0,0,0,0,0,0,0,0,0,0,0,0,0,0,0,0.863238,0.473709,0.174416,-0.93388,0.27973,0.222756,-0.932786,0.10202,-0.345691,0.867536,0.296779,-0.399129,0.188876,0.981861,0.0165721,-0.406929,0.912867,0.0329049,-0.409721,0.738757,-0.535133,0,0,0
000033,0.501212,0.701777,0.509255,157.768,164.991,212.065,0.0005,0.50526,0.784186,0.360227,-0.641326,0.657408,0.395619,0,0,0,0,0,0,0.99376,0.107185,-0.0308768,-0.122521,0.950486,-0.285596,0,0,0,0.618594,0.752401,-0.22635,-0.78402,0.594448,-0.178731,0.707456,0.285422,0.64656,0,0,0,-0.0850007,0.882347,0.462859,0,0,0,0,0,0,0,0,0,0,0,0,0,0,0,0.863918,0.47408,0.169983,-0.933378,0.279058,0.22568,-0.934493,0.102205,-0.340995,0.86675,0.295983,-0.40142,0.188881,0.981884,0.0150724,-0.406916,0.912836,0.0339043,-0.410925,0.739921,-0.532595,0,0,0
000034,0.50336,0.70564,0.509246,157.768,164.991,212.065,0.0005,0.504488,0.782092,0.365819,-0.641409,0.656775,0.396537,0,0,0,0,0,0,0.993928,0.1067,-0.0268787,-0.122687,0.951892,-0.280802,0,0,0,0.618822,0.754234,-0.219525,-0.783788,0.5949,-0.178239,0.704864,0.284917,0.649606,0,0,0,-0.0848167,0.880263,0.466843,0,0,0,0,0,0,0,0,0,0,0,0,0,0,0,0.863007,0.473583,0.175892,-0.933666,0.279666,0.223731,-0.933526,0.101597,-0.343813,0.868478,0.297099,-0.396835,0.188858,0.981768,0.0215707,-0.407315,0.912501,0.0379014,-0.411433,0.740855,-0.530901,0,0,0
000035,0.509353,0.702424,0.50657,157.768,164.991,212.065,0.0005,0.503263,0.781133,0.369537,-0.643239,0.65938,0.389182,0,0,0,0,0,0,0.994169,0.106726,-0.0153838,-0.122437,0.949774,-0.287991,0,0,0,0.619488,0.754252,-0.217575,-0.78188,0.593446,-0.191015,0.700512,0.282625,0.65529,-0.710643,0.135627,0.690356,-0.0854169,0.881376,0.464629,0,0,0,0,0,0,0,0,0,0,0,0,0,0,0,0.861582,0.472807,0.184743,-0.936212,0.279905,0.21251,-0.929126,0.101623,-0.355524,0.870739,0.298396,-0.390862,0.188868,0.981817,0.0190715,-0.407435,0.912776,0.0289068,-0.409003,0.736393,-0.538927,0,0,0
000036,0.501132,0.709221,0.502617,157.768,164.991,212.065,0.0005,0.502234,0.780473,0.372322,-0.638116,0.654099,0.406155,-0.644997,0.317552,-0.695082,0,0,0,0.993813,0.106688,-0.0308768,-0.122736,0.952309,-0.279362,0,0,0,0.618996,0.753663,-0.220989,-0.784884,0.594478,-0.174794,0.70203,0.283236,0.6534,-0.701329,0.134372,0.700059,-0.0844017,0.875569,0.475663,0,0,0,0,0,0,0,0,0,0,0,0,0,0,0,0.862774,0.473456,0.177369,-0.932064,0.278665,0.231521,-0.933472,0.102094,-0.343813,0.866018,0.296262,-0.402793,0.188837,0.981662,0.0260687,-0.406733,0.912419,0.0453944,-0.410868,0.740864,-0.531327,0,0,0
000037,0.509679,0.701457,0.50855,157.768,164.991,212.065,0.0005,0.503666,0.78175,0.367678,-0.643914,0.660076,0.386878,0,0,0,0,0,0,0.994177,0.106727,-0.014884,-0.12242,0.949631,-0.28847,0,0,0,0.62026,0.753616,-0.217576,-0.782029,0.592931,-0.191996,0.701727,0.283114,0.653778,-0.712336,0.135948,0.688546,-0.0855391,0.88276,0.461971,0,0,0,0,0,0,0,0,0,0,0,0,0,0,0,0.861744,0.472895,0.183761,-0.936373,0.280475,0.211045,-0.929234,0.100629,-0.355524,0.871293,0.298585,-0.389481,0.188873,0.981844,0.0175719,-0.407458,0.912828,0.0269077,-0.408823,0.737107,-0.538086,0,0,0
000038,0.509007,0.708821,0.500307,157.768,164.991,212.065,0.0005,0.501008,0.777684,0.379734,-0.640716,0.656061,0.398831,0,0,0,0,0,0,0.994169,0.106726,-0.0153838,-0.122621,0.951332,-0.28272,0,0,0,0.620109,0.754995,-0.213182,-0.782709,0.593449,-0.187578,0.695441,0.281122,0.661311,-0.706065,0.133742,0.695403,-0.0848994,0.875522,0.475661,0,0,0,0,0,0,0,0,0,0,0,0,0,0,0,0.860918,0.471875,0.190144,-0.93483,0.280014,0.218367,-0.92824,0.101527,-0.357859,0.869973,0.297608,-0.393161,0.188821,0.981581,0.0290668,-0.407307,0.912483,0.0384011,-0.408823,0.737107,-0.538086,0,0,0
000039,0.504655,0.707791,0.505298,157.768,164.991,212.065,0.0005,0.502234,0.780473,0.372322,-0.64008,0.656124,0.399748,0,0,0,0,0,0,0.994004,0.106709,-0.0238799,-0.122687,0.951892,-0.280802,0,0,0,0.619488,0.754252,-0.217575,-0.783877,0.594339,-0.179715,0.701727,0.283114,0.653778,0,0,0,-0.0846103,0.877927,0.471259,0,0,0,0,0,0,0,0,0,0,0,0,0,0,0,0.862224,0.473157,0.180811,-0.933809,0.279187,0.223731,-0.931859,0.100913,-0.348504,0.868504,0.297636,-0.396376,0.188839,0.981675,0.025569,-0.407284,0.91243,0.0398998,-0.410487,0.740163,-0.532597,0,0,0
000040,0.504772,0.701698,0.508695,303.095,276.683,46.5951,0.0005,0.511233,0.766766,0.388214,-0.636765,0.649387,0.415725,-0.64492,0.345495,-0.681697,0,0,0,0.9947,0.099804,-0.0247289,-0.116082,0.960095,-0.254447,0,0,0,0.623632,0.755888,-0.19929,-0.779208,0.605536,-0.161742,0.709517,0.256525,0.656339,0,0,0,-0.0767335,0.867115,0.492161,0,0,0,0,0,0,0,0,0,0,0,0,0,0,0,0.867082,0.461067,0.188642,-0.931598,0.279522,0.232364,-0.932638,0.120063,-0.340253,0.869306,0.304668,-0.389211,0.196451,0.979345,0.0478658,-0.400309,0.914204,0.0631172,-0.406432,0.75886,-0.508865,0,0,0
000041,0.50591,0.702528,0.508219,303.095,276.683,46.5951,0.0005,0.511212,0.765844,0.390058,-0.636765,0.649387,0.415725,-0.643846,0.346052,-0.682429,0,0,0,0.994719,0.100308,-0.0217302,-0.116096,0.960221,-0.253964,0,0,0,0.623887,0.756192,-0.19733,-0.779323,0.604991,-0.163222,0.708281,0.256078,0.657847,0,0,0,-0.0766743,0.866379,0.493467,0,0,0,0,0,0,0,0,0,0,0,0,0,0,0,0.866982,0.460448,0.190605,-0.932328,0.278697,0.230418,-0.931791,0.119954,-0.342603,0.870021,0.304388,-0.387829,0.196431,0.979249,0.0498632,-0.400309,0.914204,0.0631172,-0.40555,0.75933,-0.508869,0,0,0
000042,0.500168,0.700627,0.504732,303.095,276.683,46.5951,0.0005,0.5123,0.767449,0.385449,-0.634067,0.647334,0.422987,-0.64492,0.345495,-0.681697,0,0,0,0.994388,0.100275,-0.0337246,-0.116012,0.959459,-0.256864,0,0,0,0.622202,0.75496,-0.207122,-0.779529,0.606421,-0.156806,0.709964,0.257218,0.655584,0,0,0,-0.0766347,0.865886,0.494336,0,0,0,0,0,0,0,0,0,0,0,0,0,0,0,0.868309,0.461714,0.181271,-0.929585,0.278399,0.241592,-0.934313,0.120278,-0.335547,0.865398,0.303308,-0.398861,0.19648,0.979481,0.0448691,-0.399787,0.914257,0.0656122,-0.406519,0.757948,-0.510154,0,0,0
000043,0.500244,0.701868,0.508875,303.095,276.683,46.5951,0.0005,0.512624,0.767927,0.384065,-0.63516,0.647739,0.42072,-0.646252,0.350189,-0.678031,0,0,0,0.994421,0.100278,-0.0327252,-0.11611,0.960347,-0.25348,0,0,0,0.622919,0.755036,-0.204676,-0.780081,0.606218,-0.154831,0.712117,0.257997,0.652937,0,0,0,-0.076694,0.866624,0.493032,0,0,0,0,0,0,0,0,0,0,0,0,0,0,0,0.868624,0.461315,0.18078,-0.929787,0.278981,0.240137,-0.935206,0.119888,-0.333191,0.866877,0.303293,-0.395649,0.196461,0.979391,0.0468669,-0.399748,0.914165,0.0671088,-0.406816,0.760668,-0.505851,0,0,0
000044,0.506671,0.706243,0.509762,303.095,276.683,46.5951,0.0005,0.510969,0.764594,0.392819,-0.636329,0.64894,0.417088,-0.64552,0.345818,-0.680965,0,0,0,0.99476,0.100313,-0.019731,-0.116247,0.961595,-0.248641,0,0,0,0.624251,0.757403,-0.191445,-0.779399,0.605685,-0.160262,0.707802,0.256436,0.658223,0,0,0,-0.0765753,0.865146,0.495639,0,0,0,0,0,0,0,0,0,0,0,0,0,0,0,0.866386,0.460134,0.19404,-0.932185,0.279176,0.230418,-0.932024,0.11948,-0.342133,0.871479,0.304895,-0.38414,0.196372,0.978966,0.055355,-0.400206,0.913965,0.0671086,-0.406609,0.76135,-0.50499,0,0,0
000045,0.505379,0.707388,0.506532,303.095,276.683,46.5951,0.0005,0.509475,0.764171,0.395574,-0.635013,0.647589,0.421173,-0.643498,0.348136,-0.681698,0,0,0,0.994658,0.100805,-0.0222299,-0.116261,0.961718,-0.248157,0,0,0,0.624389,0.75679,-0.193408,-0.779343,0.606276,-0.158288,0.706082,0.256346,0.660103,0,0,0,-0.0764159,0.863163,0.499109,0,0,0,0,0,0,0,0,0,0,0,0,0,0,0,0.866386,0.460134,0.19404,-0.931294,0.27891,0.234308,-0.93213,0.119998,-0.341663,0.870039,0.304923,-0.387368,0.196355,0.978883,0.0568524,-0.400111,0.913743,0.0706002,-0.406816,0.760668,-0.505851,0,0,0
000046,0.506379,0.701321,0.506322,303.095,276.683,46.5951,0.0005,0.511212,0.765844,0.390058,-0.636408,0.649737,0.415725,-0.642752,0.343758,-0.684617,0,0,0,0.99473,0.10031,-0.0212304,-0.116012,0.959459,-0.256864,0,0,0,0.623696,0.755964,-0.1988,-0.77845,0.605579,-0.165195,0.707042,0.25563,0.659352,0,0,0,-0.0766743,0.866379,0.493467,0,0,0,0,0,0,0,0,0,0,0,0,0,0,0,0.866813,0.460359,0.191587,-0.932438,0.27873,0.229932,-0.931109,0.119867,-0.344481,0.869654,0.30426,-0.388751,0.196441,0.979297,0.0488645,-0.400346,0.91429,0.0616202,-0.405603,0.757278,-0.511875,0,0,0
000047,0.502558,0.702972,0.500236,303.095,276.683,46.5951,0.0005,0.510554,0.764872,0.392818,-0.633327,0.646574,0.425251,-0.641545,0.343107,-0.686074,0,0,0,0.994529,0.100289,-0.029227,-0.116026,0.959587,-0.256381,0,0,0,0.622664,0.755511,-0.203696,-0.779155,0.606129,-0.159769,0.70532,0.255539,0.661229,-0.69866,0.114558,0.706223,-0.0763558,0.862416,0.500409,0,0,0,0,0,0,0,0,0,0,0,0,0,0,0,0.867317,0.460625,0.188642,-0.929931,0.278502,0.240137,-0.93213,0.119998,-0.341663,0.865962,0.303505,-0.397485,0.196426,0.979224,0.0503626,-0.399735,0.914134,0.0676077,-0.404924,0.75706,-0.512735,0,0,0
000048,0.505232,0.701333,0.507848,303.095,276.683,46.5951,0.0005,0.511649,0.766488,0.388215,-0.636765,0.649387,0.415725,-0.643135,0.347372,-0.68243,0,0,0,0.994674,0.100304,-0.0237293,-0.11604,0.959714,-0.255897,0,0,0,0.623247,0.756206,-0.199289,-0.779323,0.604991,-0.163222,0.709069,0.255831,0.657093,0,0,0,-0.0767138,0.86687,0.492597,0,0,0,0,0,0,0,0,0,0,0,0,0,0,0,0.867233,0.460581,0.189133,-0.932107,0.278631,0.231391,-0.93213,0.119998,-0.341663,0.869306,0.304668,-0.389211,0.196451,0.979345,0.0478658,-0.400333,0.914262,0.0621192,-0.405313,0.758879,-0.509729,0,0,0
000049,0.505305,0.700204,0.503115,303.095,276.683,46.5951,0.0005,0.511103,0.765682,0.390518,-0.635535,0.648841,0.418451,-0.640533,0.344265,-0.686439,0,0,0,0.994674,0.100304,-0.0237293,-0.115927,0.958689,-0.259762,0,0,0,0.623566,0.75503,-0.202719,-0.778692,0.605133,-0.165688,0.705631,0.255651,0.660854,0,0,0,-0.0765951,0.865393,0.495205,0,0,0,0,0,0,0,0,0,0,0,0,0,0,0,0.867066,0.460493,0.190115,-0.931773,0.278531,0.23285,-0.931046,0.120363,-0.344481,0.867829,0.304154,-0.392892,0.196461,0.979391,0.0468669,-0.400346,0.91429,0.0616202,-0.404447,0.75615,-0.514451,0,0,0
000050,0.508539,0.708646,0.505996,47.6664,320.684,227.04,0.0005,0.519425,0.746599,0.415677,-0.627538,0.655083,0.420788,-0.627246,0.367685,-0.686564,0,0,0,0.996705,0.0810553,-0.00314497,-0.0937415,0.96743,-0.235141,0,0,0,0.642353,0.74716,-0.17069,-0.764897,0.623318,-0.162502,0.701015,0.231843,0.674409,0,0,0,-0.064948,0.856635,0.511819,0,0,0,0,0,0,0,0,0,0,0,0,0,0,0,0.872213,0.438903,0.215889,-0.929265,0.294693,0.22276,-0.923607,0.143158,-0.355606,0.882307,0.293134,-0.368248,0.215368,0.973594,0.0757055,-0.382408,0.920688,0.0780834,-0.384472,0.775467,-0.500831,0,0,0
000051,0.50158,0.704503,0.505418,47.6664,320.684,227.04,0.0005,0.521913,0.750123,0.406106,-0.625719,0.653896,0.425319,-0.629861,0.368642,-0.68365,0,0,0,0.996595,0.0805449,-0.0176418,-0.0936396,0.966247,-0.239997,0,0,0,0.640459,0.745753,-0.183481,-0.765698,0.623974,-0.156085,0.705641,0.233896,0.668852,-0.706912,0.120513,0.696959,-0.0650685,0.858417,0.508809,0,0,0,0,0,0,0,0,0,0,0,0,0,0,0,0.874605,0.44066,0.202201,-0.927136,0.293494,0.232983,-0.927246,0.14372,-0.345773,0.877507,0.291551,-0.380763,0.215512,0.974219,0.0667297,-0.381961,0.920916,0.0775853,-0.384472,0.775467,-0.500831,0,0,0
000052,0.506658,0.701681,0.503157,47.6664,320.684,227.04,0.0005,0.52109,0.748958,0.409301,-0.627611,0.655885,0.419427,-0.62538,0.365427,-0.689466,0,0,0,0.996757,0.0800564,-0.00814351,-0.0935143,0.964795,-0.245817,0,0,0,0.641079,0.745701,-0.181515,-0.764324,0.622849,-0.16694,0.701811,0.231579,0.67367,0,0,0,-0.0651371,0.85943,0.507087,0,0,0,0,0,0,0,0,0,0,0,0,0,0,0,0.873449,0.439522,0.20954,-0.929204,0.294149,0.223735,-0.923531,0.143652,-0.355606,0.879482,0.292202,-0.375672,0.215534,0.974315,0.0652331,-0.382618,0.921205,0.0706045,-0.382708,0.771839,-0.507739,0,0,0
000053,0.501642,0.704455,0.508797,47.6664,320.684,227.04,0.0005,0.522907,0.750664,0.403821,-0.626088,0.65501,0.423055,-0.632384,0.368386,-0.681456,0,0,0,0.996595,0.0805449,-0.0176418,-0.0936704,0.966605,-0.238541,0,0,0,0.640959,0.745564,-0.182498,-0.765502,0.62446,-0.155098,0.708017,0.234153,0.666246,0,0,0,-0.0651883,0.860188,0.505793,0,0,0,0,0,0,0,0,0,0,0,0,0,0,0,0.87456,0.441197,0.201221,-0.927055,0.294518,0.23201,-0.928021,0.144345,-0.343426,0.878587,0.291907,-0.377987,0.215512,0.974219,0.0667297,-0.381975,0.920952,0.0770868,-0.384679,0.777036,-0.498234,0,0,0
000054,0.502697,0.701223,0.503806,47.6664,320.684,227.04,0.0005,0.522147,0.750455,0.405192,-0.626595,0.654817,0.422602,-0.627752,0.366822,-0.686563,0,0,0,0.996628,0.0805476,-0.0156421,-0.0935354,0.965039,-0.244847,0,0,0,0.640473,0.745009,-0.186429,-0.765338,0.623033,-0.161515,0.704845,0.233107,0.669967,-0.706912,0.120513,0.696959,-0.0651712,0.859936,0.506224,0,0,0,0,0,0,0,0,0,0,0,0,0,0,0,0.874289,0.441061,0.20269,-0.927537,0.294146,0.230551,-0.926045,0.143534,-0.349055,0.877326,0.291491,-0.381225,0.21557,0.974471,0.0627384,-0.382102,0.921264,0.0725995,-0.384496,0.772086,-0.50601,0,0,0
000055,0.505618,0.700136,0.50546,47.6664,320.684,227.04,0.0005,0.52203,0.750289,0.405649,-0.628188,0.656491,0.417611,-0.626863,0.3663,-0.687653,0,0,0,0.996699,0.0805533,-0.0101431,-0.0934931,0.96455,-0.246786,0,0,0,0.640838,0.745427,-0.183481,-0.764452,0.622954,-0.165954,0.703733,0.233266,0.671079,-0.710423,0.120599,0.693365,-0.0652563,0.861196,0.504067,0,0,0,0,0,0,0,0,0,0,0,0,0,0,0,0.873875,0.440294,0.206116,-0.928946,0.294592,0.224222,-0.924581,0.143814,-0.3528,0.879146,0.292618,-0.376134,0.21557,0.974471,0.0627384,-0.38267,0.921334,0.0686094,-0.38293,0.772296,-0.506877,0,0,0
000056,0.50625,0.707756,0.501771,47.6664,320.684,227.04,0.0005,0.519835,0.746313,0.415678,-0.625572,0.653742,0.425771,-0.625764,0.366813,-0.68838,0,0,0,0.996757,0.0800564,-0.00814351,-0.0936806,0.966723,-0.238055,0,0,0,0.642105,0.746116,-0.176105,-0.765022,0.623421,-0.161515,0.700053,0.231526,0.675516,-0.707683,0.120136,0.696242,-0.0648614,0.855355,0.513965,0,0,0,0,0,0,0,0,0,0,0,0,0,0,0,0.872468,0.43959,0.213448,-0.928343,0.293876,0.227631,-0.923958,0.143212,-0.354671,0.879838,0.29232,-0.374745,0.215393,0.973704,0.07421,-0.382378,0.920616,0.0790803,-0.384262,0.773891,-0.503424,0,0,0
000057,0.500708,0.700469,0.505015,47.6664,320.684,227.04,0.0005,0.522962,0.751608,0.401989,-0.625942,0.654856,0.423508,-0.628512,0.369589,-0.684381,0,0,0,0.996558,0.0805419,-0.0196414,-0.0935248,0.964917,-0.245332,0,0,0,0.640482,0.744258,-0.189376,-0.765078,0.624113,-0.158554,0.707224,0.233365,0.667364,-0.706569,0.120454,0.697317,-0.0652053,0.86044,0.505362,0,0,0,0,0,0,0,0,0,0,0,0,0,0,0,0.875007,0.441421,0.198771,-0.927136,0.293494,0.232983,-0.927417,0.143746,-0.345304,0.876418,0.291192,-0.383535,0.215598,0.974591,0.0607423,-0.382102,0.921264,0.0725995,-0.384041,0.773438,-0.504287,0,0,0
000058,0.508258,0.708808,0.509871,47.6664,320.684,227.04,0.0005,0.520551,0.747328,0.412949,-0.627756,0.656037,0.418974,-0.630114,0.368211,-0.68365,0,0,0,0.996743,0.0805569,-0.00364479,-0.0937815,0.967897,-0.233197,0,0,0,0.642844,0.746962,-0.169706,-0.765401,0.623084,-0.161022,0.703571,0.232686,0.67145,-0.714004,0.122218,0.689391,-0.0650685,0.858417,0.508809,0,0,0,0,0,0,0,0,0,0,0,0,0,0,0,0.872052,0.43994,0.214424,-0.929734,0.294317,0.221298,-0.924559,0.142799,-0.353268,0.883162,0.29289,-0.366389,0.215377,0.973631,0.075207,-0.382408,0.920688,0.0780834,-0.386133,0.776596,-0.497796,0,0,0
000059,0.50103,0.705556,0.507063,47.6664,320.684,227.04,0.0005,0.52244,0.750003,0.40565,-0.625719,0.653896,0.425319,-0.631838,0.368645,-0.681822,0,0,0,0.996577,0.0805434,-0.0186416,-0.0936908,0.966842,-0.237569,0,0,0,0.64058,0.74589,-0.182497,-0.765938,0.624171,-0.154109,0.707067,0.23384,0.667364,0,0,0,-0.0650857,0.85867,0.508379,0,0,0,0,0,0,0,0,0,0,0,0,0,0,0,0.874785,0.44075,0.201221,-0.926762,0.2939,0.233955,-0.928021,0.144345,-0.343426,0.877868,0.29167,-0.379838,0.215497,0.974153,0.0677274,-0.381917,0.920807,0.0790806,-0.384679,0.777036,-0.498234,0,0,0
000060,0.503322,0.705282,0.50299,55.1599,28.815,222.596,0.0005,0.519244,0.782602,0.343395,-0.626581,0.688168,0.365816,0,0,0,0,0,0,0.996617,0.0796283,-0.0203464,-0.0946981,0.940967,-0.324983,0,0,0,0.640721,0.727136,-0.246475,-0.766055,0.606059,-0.214132,0.701604,0.292105,0.649944,-0.706757,0.18184,0.683688,-0.0665632,0.898619,0.433652,0,0,0,0.272041,0.608438,0.745518,-0.327789,0.562569,0.758993,0,0,0,0,0,0,0.873332,0.457353,0.167687,-0.927909,0.312222,0.203721,-0.925451,0.111405,-0.362118,0.878336,0.257414,-0.402819,0.214321,0.976622,-0.0166319,-0.383774,0.923418,-0.00403866,0,0,0,0,0,0
000061,0.507107,0.707645,0.507149,55.1599,28.815,222.596,0.0005,0.518986,0.781323,0.346681,-0.627801,0.689515,0.361158,0,0,0,0,0,0,0.996747,0.0796387,-0.0123487,-0.0948421,0.942573,-0.320251,0,0,0,0.642549,0.728429,-0.237745,-0.765492,0.60625,-0.215597,0.701495,0.291518,0.650324,-0.712282,0.182217,0.677829,-0.0665919,0.899051,0.432751,0,0,0,0.271588,0.609867,0.744515,-0.330607,0.564435,0.756381,0,0,0,0,0,0,0.872579,0.456397,0.174091,-0.929078,0.313143,0.196863,-0.924306,0.110261,-0.365378,0.882111,0.257991,-0.394108,0.214337,0.97669,-0.0116333,-0.383774,0.92342,-0.00353868,0,0,0,0,0,0
000062,0.500653,0.709319,0.505967,55.1599,28.815,222.596,0.0005,0.520173,0.78219,0.342928,-0.625345,0.686803,0.370465,0,0,0,0,0,0,0.996516,0.0796202,-0.0248451,-0.0949274,0.943526,-0.317409,0,0,0,0.64113,0.727593,-0.244051,-0.767532,0.607234,-0.205333,0.70498,0.292423,0.646136,-0.707005,0.180871,0.683688,-0.0664768,0.897316,0.436353,0,0,0,0.270829,0.610615,0.744178,0,0,0,0,0,0,0,0,0,0.873469,0.457988,0.165222,-0.926833,0.31186,0.209102,-0.928064,0.11071,-0.355584,0.878089,0.256822,-0.403734,0.214337,0.97669,-0.0116333,-0.383312,0.923612,0.00346064,0,0,0,0,0,0
000063,0.508697,0.702794,0.503602,55.1599,28.815,222.596,0.0005,0.518859,0.782031,0.345273,-0.628765,0.69058,0.357426,0,0,0,0,0,0,0.996775,0.0796409,-0.00984956,-0.0945812,0.939664,-0.328763,0,0,0,0.641748,0.727534,-0.242598,-0.764341,0.604696,-0.223889,0.699197,0.291106,0.652979,-0.712077,0.181649,0.678196,-0.0671903,0.90052,0.429591,0,0,0,0.271282,0.609188,0.745182,-0.330175,0.564687,0.756382,0,0,0,0,0,0,0.872192,0.456759,0.175075,-0.929977,0.312918,0.192941,-0.922237,0.110518,-0.370492,0.881402,0.258305,-0.395485,0.214315,0.976596,-0.0181315,-0.38375,0.923359,-0.0120381,0,0,0,0,0,0
000064,0.504173,0.703326,0.506579,55.1599,28.815,222.596,0.0005,0.519913,0.783593,0.340106,-0.627801,0.689515,0.361158,0,0,0,0,0,0,0.996646,0.0796307,-0.0188468,-0.0946836,0.940805,-0.325456,0,0,0,0.641178,0.726897,-0.245991,-0.765803,0.605858,-0.215597,0.704383,0.292175,0.646899,-0.710184,0.182198,0.680031,-0.06672,0.900985,0.42869,0,0,0,0,0,0,0,0,0,0,0,0,0,0,0,0.873175,0.457834,0.167194,-0.928579,0.312447,0.200293,-0.92581,0.111448,-0.361185,0.879633,0.257271,-0.400072,0.214309,0.976569,-0.0196311,-0.383766,0.9234,-0.00753847,0,0,0,0,0,0
000065,0.503193,0.704069,0.507133,55.1599,28.815,222.596,0.0005,0.520519,0.783598,0.339167,-0.627806,0.688776,0.362556,0,0,0,0,0,0,0.996577,0.0801267,-0.0203464,-0.0947271,0.94129,-0.324037,0,0,0,0.640803,0.727228,-0.24599,-0.766222,0.606192,-0.213155,0.704788,0.292884,0.646136,-0.709855,0.182114,0.680397,-0.0667058,0.900771,0.429141,0,0,0,0.272659,0.612238,0.742174,-0.330365,0.565014,0.756054,0,0,0,0,0,0,0.873396,0.45795,0.165715,-0.927878,0.313267,0.202252,-0.926526,0.111533,-0.35932,0.879248,0.257159,-0.400988,0.214313,0.976587,-0.0186314,-0.383309,0.923603,-0.0055386,0,0,0,0,0,0
000066,0.507504,0.709961,0.508205,55.1599,28.815,222.596,0.0005,0.518597,0.780747,0.348556,-0.627437,0.689112,0.362557,0,0,0,0,0,0,0.996759,0.0796397,-0.011349,-0.0949556,0.943841,-0.31646,0,0,0,0.642725,0.729374,-0.234345,-0.765828,0.606517,-0.213644,0.701495,0.291518,0.650324,-0.712938,0.182385,0.677093,-0.0665345,0.898185,0.434553,0,0,0,0,0,0,0,0,0,0,0,0,0,0,0,0.872037,0.456678,0.176059,-0.929078,0.313143,0.196863,-0.924428,0.11078,-0.364912,0.882914,0.258745,-0.391809,0.214346,0.976724,-0.00813442,-0.383777,0.923426,-0.000538884,0,0,0,0,0,0
000067,0.500868,0.700864,0.506315,55.1599,28.815,222.596,0.0005,0.52146,0.784995,0.334459,-0.627315,0.688978,0.363023,0,0,0,0,0,0,0.996503,0.0796192,-0.0253449,-0.0945959,0.939828,-0.328291,0,0,0,0.640013,0.725597,-0.252769,-0.766532,0.6058,-0.213155,0.705894,0.294426,0.644225,-0.708205,0.181693,0.682227,-0.0667765,0.901839,0.426882,0,0,0,0.272053,0.61454,0.740491,-0.330797,0.564762,0.756054,0,0,0,0,0,0,0.874262,0.458401,0.159795,-0.927459,0.312598,0.205189,-0.927592,0.111661,-0.356518,0.877117,0.256539,-0.40602,0.214284,0.976461,-0.0246296,-0.383301,0.923584,-0.00853845,0,0,0,0,0,0
000068,0.50042,0.708057,0.506083,55.1599,28.815,222.596,0.0005,0.519531,0.783028,0.341986,-0.625594,0.687078,0.369536,0,0,0,0,0,0,0.996463,0.0801176,-0.0253449,-0.0948706,0.942892,-0.319304,0,0,0,0.641178,0.726897,-0.245991,-0.767371,0.607106,-0.206311,0.704895,0.29347,0.645754,-0.707005,0.180871,0.683688,-0.0665345,0.898185,0.434553,0,0,0,0,0,0,0,0,0,0,0,0,0,0,0,0.87392,0.457659,0.163743,-0.926674,0.312334,0.209102,-0.928181,0.111227,-0.355117,0.877755,0.257245,-0.404191,0.214331,0.976666,-0.0136327,-0.383314,0.923616,0.00196086,0,0,0,0,0,0
000069,0.502747,0.709326,0.504261,55.1599,28.815,222.596,0.0005,0.519082,0.781467,0.346212,-0.625594,0.687078,0.369536,0,0,0,0,0,0,0.996607,0.0796275,-0.0208462,-0.0948706,0.942892,-0.319304,0,0,0,0.641748,0.727534,-0.242598,-0.766883,0.606718,-0.209245,0.702396,0.291892,0.649184,-0.706757,0.18184,0.683688,-0.0664479,0.896881,0.437253,0,0,0,0.271734,0.607759,0.746184,-0.328081,0.561081,0.759968,0,0,0,0,0,0,0.872876,0.457679,0.169166,-0.927423,0.312059,0.206168,-0.926407,0.111016,-0.359786,0.878863,0.257047,-0.401904,0.214339,0.976696,-0.0111334,-0.383776,0.923424,0.00196085,0,0,0,0,0,0
000070,0.505567,0.705562,0.503595,185.392,109.072,281.13,0.0005,0.483574,0.800592,0.353848,-0.655644,0.645175,0.392275,0,0,0,0,0,0,0.990428,0.134087,-0.0327661,-0.151844,0.94189,-0.299646,0,0,0,0.595835,0.767184,-0.237506,-0.801102,0.568277,-0.187875,0.697088,0.313644,0.644745,-0.703748,0.126326,0.699128,-0.10568,0.883601,0.456159,0,0,0,0,0,0,0,0,0,0,0,0,0,0,0,0.850169,0.499696,0.165882,-0.939988,0.256841,0.224625,-0.936088,0.0691469,-0.344903,0.85615,0.314872,-0.409711,0.161095,0.986929,0.00434737,-0.432744,0.901186,0.0244381,-0.435236,0.716079,-0.545711,0,0,0
000071,0.501176,0.708457,0.501109,185.392,109.072,281.13,0.0005,0.483296,0.800139,0.35525,-0.653108,0.642666,0.400538,-0.657966,0.287046,-0.696194,0,0,0,0.990136,0.134048,-0.04076,-0.152021,0.943067,-0.295828,0,0,0,0.595391,0.766622,-0.240419,-0.802157,0.569643,-0.179028,0.698174,0.313583,0.643598,0,0,0,-0.105375,0.880865,0.46149,0,0,0,0,0,0,-0.341351,0.521712,0.781854,0,0,0,0,0,0,0.850482,0.500457,0.161936,-0.937415,0.256656,0.23533,-0.938304,0.0693094,-0.338795,0.853262,0.31435,-0.416086,0.161092,0.986916,0.00684692,-0.432196,0.901196,0.0324344,-0.436211,0.717715,-0.542775,0,0,0
000072,0.507025,0.705652,0.504759,185.392,109.072,281.13,0.0005,0.483389,0.80029,0.354783,-0.656478,0.646,0.389514,0,0,0,0,0,0,0.990521,0.1341,-0.0297682,-0.151844,0.94189,-0.299646,0,0,0,0.596128,0.767555,-0.235564,-0.800872,0.568113,-0.189348,0.697292,0.313188,0.644746,-0.705466,0.126634,0.697339,-0.105731,0.884054,0.455269,0,0,0,0.252427,0.606055,0.754306,0,0,0,0,0,0,0,0,0,0.849555,0.499916,0.168346,-0.940633,0.257017,0.221701,-0.935398,0.0690963,-0.34678,0.8573,0.315292,-0.406973,0.161095,0.986929,0.00434737,-0.432759,0.901218,0.0229386,-0.43452,0.71683,-0.545296,0,0,0
000073,0.507642,0.708711,0.505112,185.392,109.072,281.13,0.0005,0.482216,0.799333,0.358518,-0.655923,0.645451,0.391355,-0.656889,0.286028,-0.697628,0,0,0,0.99051,0.134603,-0.0277696,-0.152514,0.942988,-0.295826,0,0,0,0.597173,0.768072,-0.23119,-0.800889,0.568739,-0.187384,0.696409,0.312792,0.645891,0,0,0,-0.106075,0.882634,0.457937,0,0,0,0,0,0,0,0,0,0,0,0,0,0,0,0.849116,0.499659,0.171301,-0.940501,0.257499,0.221701,-0.935262,0.068585,-0.347249,0.858443,0.31571,-0.404232,0.161089,0.986896,0.00934627,-0.432722,0.90114,0.0264374,-0.435644,0.717741,-0.543197,0,0,0
000074,0.500593,0.707413,0.500534,185.392,109.072,281.13,0.0005,0.483574,0.800592,0.353848,-0.652823,0.642384,0.401454,0,0,0,0,0,0,0.990075,0.13404,-0.0422586,-0.151933,0.94248,-0.297737,0,0,0,0.595411,0.765841,-0.242846,-0.802373,0.569183,-0.17952,0.698672,0.313258,0.643216,0,0,0,-0.1054,0.881094,0.461047,0,0,0,0.252774,0.603038,0.756604,0,0,0,0,0,0,0,0,0,0.850944,0.500148,0.160456,-0.937302,0.256625,0.235815,-0.938341,0.0688108,-0.338795,0.852652,0.313594,-0.417904,0.161094,0.986925,0.00534721,-0.43221,0.901225,0.031435,-0.435933,0.717249,-0.543615,0,0,0
000075,0.508904,0.700633,0.504428,185.392,109.072,281.13,0.0005,0.484127,0.801493,0.351041,-0.658127,0.647632,0.383982,-0.654207,0.284308,-0.700844,0,0,0,0.990658,0.133614,-0.0272699,-0.151529,0.939792,-0.306316,0,0,0,0.596008,0.766597,-0.238964,-0.799484,0.567737,-0.196217,0.697203,0.312599,0.645128,0,0,0,-0.106553,0.886917,0.449471,0,0,0,0,0,0,0,0,0,0,0,0,0,0,0,0.849628,0.499958,0.167853,-0.94169,0.257306,0.216824,-0.934044,0.0684957,-0.350528,0.857682,0.315432,-0.40606,0.161095,0.986936,-0.00215201,-0.432827,0.901362,0.0144405,-0.43241,0.714264,-0.550317,0,0,0
000076,0.508361,0.707272,0.503074,185.392,109.072,281.13,0.0005,0.482643,0.799074,0.358519,-0.656201,0.645726,0.390435,-0.654569,0.286104,-0.699775,0,0,0,0.990605,0.134111,-0.0267703,-0.151888,0.942185,-0.298692,0,0,0,0.596886,0.767708,-0.233135,-0.80064,0.567947,-0.190821,0.694524,0.313042,0.647797,0,0,0,-0.105579,0.882692,0.457938,0,0,0,0.252314,0.603233,0.756603,-0.344102,0.525041,0.778412,0,0,0,0,0,0,0.848967,0.499572,0.172286,-0.940715,0.257558,0.220726,-0.934356,0.0690199,-0.349592,0.858045,0.315032,-0.405603,0.161092,0.986912,0.00734681,-0.432744,0.901186,0.0244381,-0.434957,0.71561,-0.546549,0,0,0
000077,0.50062,0.704565,0.507064,185.392,109.072,281.13,0.0005,0.484948,0.802832,0.346824,-0.655085,0.644622,0.394114,-0.661946,0.286605,-0.692593,0,0,0,0.990075,0.13404,-0.0422586,-0.151933,0.94248,-0.297737,0,0,0,0.594697,0.766549,-0.242359,-0.802373,0.569183,-0.17952,0.70285,0.315679,0.637455,0,0,0,-0.105832,0.884957,0.453488,0,0,0,0,0,0,0,0,0,0,0,0,0,0,0,0.851238,0.500899,0.156506,-0.938336,0.256389,0.231926,-0.939778,0.0699189,-0.334558,0.85402,0.314094,-0.414722,0.161096,0.986938,0.00134773,-0.432266,0.901344,0.0269373,-0.436476,0.719137,-0.540676,0,0,0
000078,0.509816,0.705233,0.507803,185.392,109.072,281.13,0.0005,0.483389,0.80029,0.354783,-0.658478,0.647276,0.383981,-0.656369,0.286346,-0.697986,0,0,0,0.990668,0.13412,-0.0242721,-0.151866,0.942038,-0.299169,0,0,0,0.596707,0.768288,-0.231675,-0.800116,0.568188,-0.192293,0.697088,0.313644,0.644745,-0.709142,0.127799,0.693387,-0.106403,0.885573,0.452149,0,0,0,0,0,0,0,0,0,0,0,0,0,0,0,0.849369,0.499228,0.171301,-0.941767,0.257845,0.215848,-0.934494,0.0695313,-0.349123,0.859938,0.315723,-0.40103,0.161094,0.986925,0.00534721,-0.432787,0.901276,0.0199394,-0.434231,0.717322,-0.544878,0,0,0
000079,0.506862,0.70973,0.508764,185.392,109.072,281.13,0.0005,0.482589,0.799942,0.356651,-0.656201,0.645726,0.390435,-0.659074,0.289714,-0.694037,0,0,0,0.990535,0.134102,-0.0292685,-0.152195,0.94423,-0.292005,0,0,0,0.597388,0.768343,-0.229731,-0.801632,0.568655,-0.184436,0.698761,0.313846,0.642833,-0.707864,0.127062,0.694826,-0.105655,0.883374,0.456604,0,0,0,0,0,0,0,0,0,0,0,0,0,0,0,0.849663,0.4994,0.169331,-0.940394,0.25747,0.222188,-0.936566,0.0696833,-0.343495,0.859183,0.315448,-0.40286,0.161088,0.986886,0.0103459,-0.432699,0.90109,0.0284365,-0.4366,0.720323,-0.538995,0,0,0
000080,0.50123,0.70459,0.500628,162.256,109.533,121.001,0.0005,0.519726,0.774784,0.359992,-0.625698,0.677252,0.38708,0,0,0,0,0,0,0.996386,0.0813905,-0.0243138,-0.0962708,0.947954,-0.303505,0,0,0,0.638708,0.733064,-0.233814,-0.767339,0.610493,-0.196188,0.703026,0.276626,0.655158,-0.703087,0.163,0.692171,-0.0666279,0.887175,0.456597,0,0,0,0.272062,0.589827,0.76032,0,0,0,0,0,0,0,0,0,0.873323,0.454945,0.174163,-0.926542,0.306585,0.218003,-0.927051,0.118745,-0.355636,0.875082,0.267749,-0.403165,0.2132,0.976999,0.00435922,-0.38426,0.92301,0.0199313,-0.386109,0.738482,-0.552778,0,0,0
000081,0.502093,0.70563,0.503973,162.256,109.533,121.001,0.0005,0.519311,0.775063,0.359991,-0.626351,0.677962,0.384774,0,0,0,0,0,0,0.996391,0.0818926,-0.0223144,-0.0963527,0.948856,-0.300645,0,0,0,0.639246,0.733673,-0.23041,-0.767492,0.610615,-0.195208,0.704061,0.27757,0.653646,-0.705779,0.16362,0.689278,-0.0666738,0.887858,0.455262,0,0,0,0,0,0,0,0,0,0,0,0,0,0,0,0.873398,0.454421,0.175148,-0.927316,0.306314,0.215074,-0.927339,0.119286,-0.354701,0.876764,0.267737,-0.399502,0.213197,0.976985,0.00685892,-0.384257,0.923,0.0204312,-0.386671,0.740674,-0.549443,0,0,0
000082,0.508969,0.705618,0.50618,162.256,109.533,121.001,0.0005,0.518707,0.773287,0.364652,-0.628669,0.680485,0.376452,0,0,0,0,0,0,0.996642,0.0814114,-0.00881853,-0.0963527,0.948856,-0.300645,0,0,0,0.640291,0.735606,-0.221157,-0.765777,0.609884,-0.204027,0.701193,0.275907,0.657422,-0.712352,0.164108,0.682365,-0.0672486,0.888954,0.453033,0,0,0,0,0,0,-0.330196,0.545907,0.770037,0,0,0,0,0,0,0.871404,0.453952,0.185965,-0.929893,0.307163,0.202362,-0.923658,0.118312,-0.364498,0.881473,0.269166,-0.388014,0.213192,0.976961,0.00985837,-0.384752,0.922891,0.0154321,-0.386043,0.73945,-0.55153,0,0,0
000083,0.500595,0.703426,0.501046,162.256,109.533,121.001,0.0005,0.52013,0.775378,0.358126,-0.625829,0.677394,0.386619,0,0,0,0,0,0,0.996348,0.0813875,-0.0258133,-0.0962434,0.947651,-0.304457,0,0,0,0.638396,0.732713,-0.235758,-0.767104,0.610945,-0.195698,0.70394,0.276985,0.654024,-0.703087,0.163,0.692171,-0.0666738,0.887858,0.455262,0,0,0,0,0,0,0,0,0,0,0,0,0,0,0,0.87363,0.455104,0.172194,-0.926699,0.30611,0.218003,-0.927515,0.119308,-0.354233,0.874648,0.267094,-0.404538,0.213202,0.977005,0.00235938,-0.384271,0.923036,0.0184316,-0.386109,0.738482,-0.552778,0,0,0
000084,0.50368,0.708288,0.504741,162.256,109.533,121.001,0.0005,0.518497,0.773866,0.36372,-0.626351,0.677962,0.384774,0,0,0,0,0,0,0.996504,0.0814002,-0.0188153,-0.0964605,0.950046,-0.296829,0,0,0,0.640002,0.734526,-0.225543,-0.767568,0.610676,-0.194717,0.703331,0.276746,0.654781,-0.707233,0.163442,0.687828,-0.0665973,0.886719,0.457486,0,0,0,0,0,0,0,0,0,0,0,0,0,0,0,0.872769,0.454096,0.179085,-0.927723,0.306448,0.213121,-0.926697,0.1187,-0.35657,0.878329,0.268734,-0.395372,0.21319,0.97695,0.0108581,-0.384698,0.922758,0.0229304,-0.387172,0.74165,-0.547771,0,0,0
000085,0.5057,0.706889,0.504975,162.256,109.533,121.001,0.0005,0.518912,0.773588,0.363721,-0.627259,0.67895,0.381541,0,0,0,0,0,0,0.996604,0.0809067,-0.0153163,-0.0964068,0.949453,-0.298737,0,0,0,0.640151,0.734694,-0.224569,-0.766954,0.610184,-0.198639,0.701744,0.277197,0.65629,-0.708794,0.164315,0.686011,-0.0666585,0.88763,0.455707,0,0,0,0.27089,0.592045,0.759013,0,0,0,0,0,0,0,0,0,0.872369,0.453889,0.181543,-0.928525,0.306712,0.209211,-0.925454,0.118541,-0.359838,0.87946,0.269077,-0.392616,0.213192,0.976961,0.00985837,-0.384726,0.922826,0.0194314,-0.386546,0.74043,-0.54986,0,0,0
000086,0.507058,0.704972,0.50086,162.256,109.533,121.001,0.0005,0.518501,0.772985,0.365583,-0.627388,0.67909,0.381079,0,0,0,0,0,0,0.996598,0.0814079,-0.0128171,-0.0962708,0.947954,-0.303505,0,0,0,0.640154,0.733943,-0.227004,-0.766009,0.609429,-0.204516,0.699354,0.275185,0.659679,-0.707681,0.163032,0.687465,-0.0666432,0.887403,0.456152,0,0,0,0,0,0,0,0,0,0,0,0,0,0,0,0.871732,0.454122,0.184,-0.929077,0.306368,0.207255,-0.92354,0.117793,-0.364964,0.878853,0.268371,-0.394454,0.213196,0.976978,0.00785877,-0.384749,0.922884,0.015932,-0.38535,0.737003,-0.555276,0,0,0
000087,0.508229,0.704324,0.501899,162.256,109.533,121.001,0.0005,0.519019,0.772857,0.365119,-0.628158,0.679929,0.378304,0,0,0,0,0,0,0.996586,0.0819085,-0.0103179,-0.0962434,0.947651,-0.304457,0,0,0,0.6397,0.734939,-0.225055,-0.765457,0.609628,-0.205984,0.699354,0.275185,0.659679,-0.708907,0.163827,0.686011,-0.0672029,0.888275,0.45437,0,0,0,0,0,0,0,0,0,0,0,0,0,0,0,0.87203,0.45315,0.184983,-0.929663,0.306561,0.20432,-0.923051,0.118739,-0.365894,0.879794,0.268656,-0.392156,0.213197,0.976982,0.00735885,-0.384758,0.922905,0.0144322,-0.385223,0.736756,-0.555691,0,0,0
000088,0.504496,0.704092,0.503911,162.256,109.533,121.001,0.0005,0.519625,0.774635,0.360459,-0.627388,0.67909,0.381079,0,0,0,0,0,0,0.996522,0.0814017,-0.0178156,-0.0962982,0.948256,-0.302552,0,0,0,0.639399,0.733845,-0.229437,-0.76672,0.609997,-0.200109,0.702843,0.277092,0.655158,-0.708016,0.163109,0.687102,-0.0667347,0.888764,0.453481,0,0,0,0,0,0,0,0,0,0,0,0,0,0,0,0.872697,0.454621,0.178101,-0.928326,0.306647,0.210189,-0.925696,0.118068,-0.359371,0.877951,0.268619,-0.396291,0.213199,0.976994,0.00535912,-0.384746,0.922876,0.0164319,-0.386678,0.738497,-0.55236,0,0,0
000089,0.503619,0.709941,0.503037,162.256,109.533,121.001,0.0005,0.518398,0.772834,0.366048,-0.625567,0.677109,0.387541,0,0,0,0,0,0,0.996535,0.0809011,-0.0193152,-0.0965005,0.950489,-0.295396,0,0,0,0.640151,0.734694,-0.224569,-0.76772,0.610797,-0.193736,0.702293,0.275801,0.656291,-0.705892,0.163133,0.689279,-0.0665049,0.885346,0.460152,0,0,0,0.269926,0.589979,0.760963,-0.327217,0.540938,0.7748,0,0,0,0,0,0,0.872449,0.45393,0.181052,-0.927316,0.306314,0.215074,-0.926407,0.118159,-0.357504,0.878097,0.268141,-0.396291,0.213182,0.976914,0.0138571,-0.384675,0.922702,0.0254294,-0.387615,0.74142,-0.547769,0,0,0
000090,0.504685,0.709776,0.500131,254.351,183.049,340.118,0.0005,0.45795,0.807728,0.371292,-0.670866,0.610035,0.421659,-0.675141,0.277796,-0.683385,0,0,0,0.984275,0.171164,-0.0436423,-0.190416,0.943191,-0.272271,0,0,0,0.563834,0.794428,-0.225779,-0.824262,0.542983,-0.160504,0.69229,0.323114,0.645238,0,0,0,-0.130529,0.865241,0.484066,0,0,0,0,0,0,0,0,0,0,0,0,0,0,0,0.833145,0.526583,0.169054,-0.944308,0.216832,0.247521,-0.942541,0.0419044,-0.331453,0.837477,0.355037,-0.415429,0.12513,0.991687,0.0299714,-0.464538,0.883729,0.0568103,-0.468269,0.712896,-0.522019,0,0,0
000091,0.507173,0.702416,0.50756,254.351,183.049,340.118,0.0005,0.46005,0.811374,0.360591,-0.675307,0.614096,0.408468,-0.676718,0.278446,-0.681558,0,0,0,0.98442,0.171189,-0.0401461,-0.190029,0.941159,-0.279479,0,0,0,0.563909,0.793678,-0.228214,-0.82344,0.541839,-0.168394,0.696657,0.325149,0.63949,0,0,0,-0.131541,0.872331,0.470887,0,0,0,0,0,0,0,0,0,0,0,0,0,0,0,0.833444,0.527361,0.165111,-0.946788,0.217402,0.237336,-0.942518,0.0424039,-0.331453,0.839569,0.355919,-0.410421,0.125164,0.991945,0.0194763,-0.464838,0.88431,0.0438275,-0.467702,0.712017,-0.523723,0,0,0
000092,0.506611,0.704361,0.501738,254.351,183.049,340.118,0.0005,0.458962,0.809485,0.36618,-0.673823,0.612061,0.413936,-0.674066,0.276812,-0.684843,0,0,0,0.98438,0.171182,-0.0411451,-0.190492,0.940923,-0.279958,0,0,0,0.564115,0.79311,-0.229675,-0.82351,0.541885,-0.167902,0.693669,0.323205,0.643709,0,0,0,-0.131073,0.869047,0.477051,0,0,0,0,0,0,0,0,0,0,0,0,0,0,0,0.833092,0.52714,0.167576,-0.945626,0.217648,0.241704,-0.941688,0.0423669,-0.333811,0.83805,0.355279,-0.414065,0.125156,0.991882,0.0224754,-0.464754,0.884147,0.0478231,-0.467541,0.709926,-0.526698,0,0,0
000093,0.508753,0.702942,0.503315,254.351,183.049,340.118,0.0005,0.459144,0.809802,0.36525,-0.674855,0.613682,0.409836,-0.673623,0.276088,-0.685571,0,0,0,0.984534,0.171209,-0.0371493,-0.18995,0.940746,-0.280919,0,0,0,0.563568,0.79406,-0.227727,-0.822465,0.542393,-0.171351,0.693166,0.323522,0.644091,0,0,0,-0.131308,0.870695,0.473972,0,0,0,0,0,0,0,0,0,0,0,0,0,0,0,0.833145,0.526583,0.169054,-0.946792,0.217916,0.23685,-0.940683,0.0423222,-0.336636,0.83938,0.355839,-0.410877,0.12516,0.991915,0.0209759,-0.464838,0.88431,0.0438275,-0.466418,0.710031,-0.527551,0,0,0
000094,0.501113,0.701807,0.506256,254.351,183.049,340.118,0.0005,0.460856,0.812772,0.35639,-0.673365,0.611642,0.415301,-0.679737,0.27915,-0.678258,0,0,0,0.983874,0.171094,-0.0521319,-0.190055,0.941296,-0.278999,0,0,0,0.562821,0.792173,-0.235995,-0.824396,0.543071,-0.159517,0.699834,0.326629,0.635252,0,0,0,-0.131441,0.871631,0.47221,0,0,0,0,0,0,0,0,0,0,0,0,0,0,0,0.8348,0.528214,0.155241,-0.944066,0.216777,0.24849,-0.94576,0.0430485,-0.322002,0.835747,0.353766,-0.419972,0.125169,0.991981,0.0174768,-0.46429,0.884337,0.0488221,-0.469665,0.712293,-0.521587,0,0,0
000095,0.500512,0.708458,0.50217,254.351,183.049,340.118,0.0005,0.459579,0.809555,0.365251,-0.670086,0.609322,0.423924,-0.679365,0.277374,-0.679357,0,0,0,0.98396,0.170602,-0.0521319,-0.190442,0.943325,-0.27179,0,0,0,0.563505,0.79312,-0.231134,-0.824839,0.543965,-0.154085,0.696367,0.325014,0.639875,0,0,0,-0.1307,0.866436,0.481877,0,0,0,0,0,0,0,0,0,0,0,0,0,0,0,0.834331,0.527329,0.160672,-0.942608,0.216955,0.253813,-0.945299,0.0425275,-0.323422,0.835358,0.354145,-0.420426,0.125142,0.991772,0.0269734,-0.464043,0.883859,0.058807,-0.469398,0.714644,-0.518603,0,0,0
000096,0.508632,0.700932,0.505494,254.351,183.049,340.118,0.0005,0.45987,0.811061,0.361523,-0.675909,0.614646,0.406642,-0.674382,0.276942,-0.684479,0,0,0,0.984516,0.171206,-0.0376488,-0.189844,0.940192,-0.282838,0,0,0,0.564115,0.79311,-0.229675,-0.822872,0.541463,-0.172336,0.694915,0.324337,0.641794,0,0,0,-0.131574,0.872564,0.470446,0,0,0,0,0,0,0,0,0,0,0,0,0,0,0,0.833233,0.527229,0.16659,-0.947249,0.217508,0.235393,-0.941186,0.0423446,-0.335224,0.839569,0.355919,-0.410421,0.125169,0.991981,0.0174768,-0.464896,0.884423,0.0408304,-0.466837,0.709757,-0.52755,0,0,0
000097,0.502322,0.70845,0.509652,254.351,183.049,340.118,0.0005,0.459255,0.810995,0.362454,-0.672568,0.611591,0.416665,-0.682619,0.279257,-0.675312,0,0,0,0.984096,0.171133,-0.0476377,-0.190619,0.944253,-0.268421,0,0,0,0.564582,0.793757,-0.226268,-0.824775,0.543922,-0.154579,0.699047,0.326814,0.636024,0,0,0,-0.131106,0.869283,0.476611,0,0,0,0,0,0,0,0,0,0,0,0,0,0,0,0.833996,0.527709,0.161165,-0.944549,0.216888,0.246552,-0.945782,0.042549,-0.322002,0.838621,0.35552,-0.412699,0.125142,0.991772,0.0269734,-0.464109,0.883987,0.0563114,-0.471914,0.715775,-0.514746,0,0,0
000098,0.502591,0.703862,0.508965,254.351,183.049,340.118,0.0005,0.460588,0.812308,0.357791,-0.67364,0.612571,0.413481,-0.680609,0.280591,-0.676787,0,0,0,0.984048,0.171124,-0.0486365,-0.190262,0.942385,-0.275156,0,0,0,0.563913,0.79283,-0.231134,-0.824671,0.542654,-0.159516,0.699623,0.327082,0.635252,0,0,0,-0.131441,0.871631,0.47221,0,0,0,0,0,0,0,0,0,0,0,0,0,0,0,0.834402,0.527964,0.158204,-0.944564,0.217917,0.245583,-0.94546,0.0425347,-0.322949,0.837671,0.354577,-0.41543,0.125162,0.991925,0.020476,-0.46471,0.88406,0.0498207,-0.469398,0.714644,-0.518603,0,0,0
000099,0.50434,0.705474,0.50398,254.351,183.049,340.118,0.0005,0.459327,0.810118,0.364319,-0.672875,0.611871,0.415756,-0.676842,0.279038,-0.681192,0,0,0,0.98421,0.171153,-0.0451407,-0.190211,0.942114,-0.276118,0,0,0,0.564115,0.79311,-0.229675,-0.823785,0.543267,-0.161984,0.695998,0.32429,0.640643,0,0,0,-0.131073,0.869047,0.477051,0,0,0,0,0,0,0,0,0,0,0,0,0,0,0,0.83392,0.52707,0.163632,-0.944796,0.217457,0.245098,-0.943507,0.0424479,-0.328621,0.837668,0.355118,-0.414975,0.125153,0.99186,0.023475,-0.464687,0.884016,0.0508194,-0.468546,0.712403,-0.522443,0,0,0
000100,0.50027,0.701136,0.50245,115.959,81.9251,136.786,0.0005,0.526287,0.775009,0.349834,-0.622515,0.686456,0.375836,0,0,0,0,0,0,0.997075,0.0726218,-0.0238255,-0.0869428,0.945231,-0.314611,0,0,0,0.645506,0.724434,-0.241904,-0.76097,0.615674,-0.204622,0.70527,0.27748,0.652379,-0.705724,0.174179,0.686742,-0.060795,0.893963,0.443998,0,0,0,0,0,0,-0.326761,0.551621,0.767425,0,0,0,0,0,0,0.877801,0.448351,0.168661,-0.925178,0.315447,0.211043,-0.92553,0.124298,-0.357692,0.878371,0.256186,-0.403525,0.221585,0.975108,-0.00798882,-0.376408,0.926433,0.00628225,0,0,0,0,0,0
000101,0.500411,0.702701,0.508929,115.959,81.9251,136.786,0.0005,0.526269,0.775864,0.347958,-0.622896,0.687627,0.373054,0,0,0,0,0,0,0.997098,0.0726235,-0.0228258,-0.0870817,0.946941,-0.309386,0,0,0,0.645936,0.725654,-0.237048,-0.761836,0.615733,-0.201195,0.708783,0.278319,0.648201,-0.709712,0.175163,0.682369,-0.0608879,0.895509,0.440859,0,0,0,0,0,0,0,0,0,0,0,0,0,0,0,0.877421,0.44928,0.168168,-0.925674,0.315617,0.208598,-0.926898,0.123472,-0.354421,0.88035,0.25728,-0.398486,0.221588,0.975125,-0.00548901,-0.376401,0.926415,0.00878211,0,0,0,0,0,0
000102,0.509513,0.704793,0.501516,115.959,81.9251,136.786,0.0005,0.523456,0.770901,0.362913,-0.623766,0.688592,0.369805,0,0,0,0,0,0,0.99738,0.0721428,-0.0053304,-0.0870063,0.946012,-0.312237,0,0,0,0.647197,0.727793,-0.226835,-0.759492,0.613829,-0.215376,0.697931,0.274603,0.661426,-0.710585,0.175894,0.681271,-0.0611868,0.89215,0.447577,0,0,0,0,0,0,-0.325618,0.553627,0.766466,0,0,0,0,0,0,0.874331,0.447709,0.187354,-0.927815,0.316875,0.196849,-0.919806,0.123031,-0.372586,0.884132,0.258376,-0.389296,0.221592,0.975139,0.00101032,-0.376875,0.926252,0.00478229,0,0,0,0,0,0
000103,0.508044,0.703826,0.502309,115.959,81.9251,136.786,0.0005,0.524071,0.771794,0.360117,-0.623643,0.688455,0.37027,0,0,0,0,0,0,0.997323,0.0726399,-0.0083293,-0.0869936,0.945856,-0.312712,0,0,0,0.647484,0.72662,-0.229757,-0.759741,0.614032,-0.213911,0.699286,0.275671,0.659549,-0.709683,0.176701,0.682002,-0.0607282,0.892852,0.446237,0,0,0,0,0,0,0,0,0,0,0,0,0,0,0,0.875138,0.447558,0.183916,-0.927696,0.316306,0.198319,-0.920792,0.122658,-0.370265,0.883335,0.257624,-0.391598,0.221105,0.97525,-0.000989415,-0.376876,0.926254,0.00428231,0,0,0,0,0,0
000104,0.500442,0.703692,0.500488,115.959,81.9251,136.786,0.0005,0.524975,0.773986,0.354045,-0.621133,0.68567,0.37954,0,0,0,0,0,0,0.997087,0.0726226,-0.0233256,-0.0869936,0.945856,-0.312712,0,0,0,0.645456,0.725124,-0.239962,-0.761443,0.615414,-0.203643,0.703628,0.276299,0.65465,-0.703361,0.175141,0.688919,-0.060661,0.891736,0.448473,0,0,0,0,0,0,0,0,0,0,0,0,0,0,0,0.876891,0.44901,0.171617,-0.924615,0.315784,0.212997,-0.925175,0.124251,-0.358625,0.878231,0.256666,-0.403525,0.22159,0.975132,-0.00398913,-0.376396,0.926402,0.010282,0,0,0,0,0,0
000105,0.500577,0.702039,0.502841,115.959,81.9251,136.786,0.0005,0.526088,0.77472,0.350771,-0.622515,0.686456,0.375836,0,0,0,0,0,0,0.997123,0.0721239,-0.0233256,-0.0869683,0.945544,-0.313661,0,0,0,0.645376,0.725035,-0.240447,-0.761599,0.614896,-0.204621,0.705453,0.277014,0.65238,-0.705484,0.17515,0.686742,-0.0607683,0.893519,0.444894,0,0,0,0.274015,0.597736,0.75341,-0.327192,0.551368,0.767424,0,0,0,0,0,0,0.87765,0.448275,0.169646,-0.925016,0.315921,0.211043,-0.925419,0.123779,-0.358159,0.878759,0.256298,-0.40261,0.221587,0.975119,-0.00648893,-0.376406,0.926426,0.0072822,0,0,0,0,0,0
000106,0.502035,0.702449,0.503161,115.959,81.9251,136.786,0.0005,0.525275,0.774422,0.352641,-0.622396,0.687071,0.374909,0,0,0,0,0,0,0.997152,0.0726274,-0.0203264,-0.0869683,0.945544,-0.313661,0,0,0,0.645777,0.725478,-0.23802,-0.760811,0.615545,-0.205601,0.704541,0.276657,0.653516,-0.707056,0.174508,0.685287,-0.0607683,0.893519,0.444894,0,0,0,0,0,0,0,0,0,0,0,0,0,0,0,0.876737,0.448932,0.172602,-0.925773,0.31565,0.208109,-0.924707,0.123684,-0.360025,0.879775,0.257113,-0.399862,0.221588,0.975125,-0.00548901,-0.376406,0.926426,0.0072822,0,0,0,0,0,0
000107,0.503005,0.700629,0.506203,115.959,81.9251,136.786,0.0005,0.526287,0.775009,0.349834,-0.623643,0.688455,0.37027,0,0,0,0,0,0,0.997191,0.0726302,-0.0183268,-0.0869683,0.945544,-0.313661,0,0,0,0.645563,0.725987,-0.237047,-0.760724,0.61483,-0.208046,0.70606,0.277252,0.651621,-0.709472,0.176134,0.682368,-0.0609011,0.895729,0.440411,0,0,0,0,0,0,-0.328028,0.555762,0.763889,0,0,0,0,0,0,0.877042,0.448526,0.172109,-0.926295,0.316357,0.204685,-0.924641,0.12418,-0.360025,0.880923,0.257446,-0.39711,0.221585,0.975112,-0.00748886,-0.376413,0.926444,0.00378234,0,0,0,0,0,0
000108,0.503576,0.705926,0.503758,115.959,81.9251,136.786,0.0005,0.524268,0.772961,0.357316,-0.622144,0.686792,0.375836,0,0,0,0,0,0,0.997217,0.0726321,-0.0168272,-0.0870942,0.947095,-0.30891,0,0,0,0.646723,0.726524,-0.232188,-0.76097,0.615674,-0.204622,0.703505,0.275714,0.655028,-0.707481,0.175643,0.684558,-0.0606745,0.891959,0.448026,0,0,0,0,0,0,-0.325231,0.552966,0.767107,0,0,0,0,0,0,0.875957,0.448536,0.177524,-0.925808,0.31619,0.207131,-0.924058,0.123093,-0.361891,0.881304,0.257556,-0.396192,0.221592,0.975139,0.000510389,-0.376857,0.926209,0.0107819,-0.378835,0.738099,-0.558295,0,0,0
000109,0.501934,0.708779,0.50623,115.959,81.9251,136.786,0.0005,0.524783,0.772827,0.35685,-0.621387,0.685951,0.378615,0,0,0,0,0,0,0.997162,0.0726281,-0.0198265,-0.0872424,0.948925,-0.303199,0,0,0,0.647407,0.726535,-0.230244,-0.761909,0.616437,-0.198745,0.705149,0.276895,0.652758,-0.707934,0.17524,0.684194,-0.0606205,0.891063,0.449813,0,0,0,0,0,0,-0.326093,0.552459,0.767106,0,0,0,0,0,0,0.8765,0.448251,0.175556,-0.924954,0.316428,0.210554,-0.92584,0.123331,-0.357225,0.881444,0.257076,-0.396193,0.221591,0.975133,0.00350987,-0.376833,0.926147,0.0157811,0,0,0,0,0,0
000110,0.501903,0.706974,0.501941,86.0914,81.1083,29.9314,0.0005,0.549911,0.751525,0.364429,-0.598568,0.709664,0.37161,0,0,0,0,0,0,0.999422,0.0332802,-0.006873,-0.0454344,0.949983,-0.308978,0,0,0,0.677686,0.69998,-0.225321,-0.733771,0.645498,-0.211926,0.704934,0.248122,0.664457,-0.706446,0.203458,0.677893,-0.0314511,0.892507,0.449935,0,0,0,0,0,0,0,0,0,0,0,0,0,0,0,0.890839,0.413879,0.187376,-0.914705,0.351712,0.19903,-0.914364,0.159845,-0.372005,0.894658,0.221542,-0.387952,0.259924,0.96562,0.00412416,-0.339662,0.940507,0.0087838,0,0,0,0,0,0
000111,0.504059,0.709667,0.508838,86.0914,81.1083,29.9314,0.0005,0.54929,0.751527,0.365359,-0.599636,0.710938,0.367428,0,0,0,0,0,0,0.999443,0.0332809,-0.0023733,-0.0455132,0.952121,-0.302315,0,0,0,0.679287,0.700895,-0.217522,-0.734418,0.645401,-0.209971,0.706312,0.250198,0.662212,-0.712697,0.203684,0.67125,-0.0314819,0.893629,0.447701,0,0,0,0,0,0,0,0,0,0,0,0,0,0,0,0.890621,0.413228,0.189831,-0.915443,0.352532,0.194127,-0.914913,0.15994,-0.370612,0.898076,0.222897,-0.379179,0.259915,0.965588,0.009123,-0.340125,0.940318,0.0107835,0,0,0,0,0,0
000112,0.504544,0.707436,0.500042,86.0914,81.1083,29.9314,0.0005,0.548928,0.7502,0.368615,-0.599308,0.709768,0.370216,0,0,0,0,0,0,0.999461,0.0327812,-0.00187335,-0.045423,0.949674,-0.309929,0,0,0,0.678157,0.700459,-0.222398,-0.73313,0.644931,-0.215833,0.701625,0.247488,0.668185,-0.707236,0.203164,0.677157,-0.0314264,0.891606,0.45172,0,0,0,0,0,0,0,0,0,0,0,0,0,0,0,0.8901,0.412988,0.192775,-0.91517,0.352427,0.195599,-0.912249,0.159984,-0.377105,0.895784,0.221819,-0.385185,0.259921,0.96561,0.00612379,-0.340135,0.940345,0.00778388,0,0,0,0,0,0
000113,0.508485,0.70992,0.503199,86.0914,81.1083,29.9314,0.0005,0.547934,0.748861,0.372794,-0.599872,0.711219,0.366498,0,0,0,0,0,0,0.999444,0.0327807,0.006125,-0.0454797,0.95121,-0.305172,0,0,0,0.679248,0.702281,-0.213128,-0.733135,0.644269,-0.217786,0.700845,0.246683,0.669301,-0.711453,0.204369,0.67236,-0.0314264,0.891606,0.45172,0,0,0,0,0,0,-0.313625,0.564808,0.763303,0,0,0,0,0,0,0.888643,0.412866,0.199637,-0.916426,0.35291,0.18873,-0.910841,0.159231,-0.380806,0.899296,0.222682,-0.376402,0.259909,0.965563,0.0116221,-0.340133,0.940341,0.00828383,0,0,0,0,0,0
000114,0.500071,0.70797,0.506127,86.0914,81.1083,29.9314,0.0005,0.550668,0.752544,0.361168,-0.59895,0.709341,0.371609,0,0,0,0,0,0,0.999392,0.0332792,-0.0103728,-0.0454797,0.95121,-0.305172,0,0,0,0.678045,0.699632,-0.225322,-0.734886,0.645816,-0.207037,0.708204,0.249804,0.660337,-0.708349,0.202962,0.676053,-0.0314758,0.893405,0.448148,0,0,0,0.288741,0.585605,0.757427,0,0,0,0,0,0,0,0,0,0.891723,0.413736,0.183446,-0.914332,0.351569,0.200989,-0.916641,0.160749,-0.365964,0.894726,0.222073,-0.38749,0.259923,0.965618,0.00462407,-0.339653,0.940483,0.0112834,0,0,0,0,0,0
000115,0.50819,0.708814,0.509416,86.0914,81.1083,29.9314,0.0005,0.549147,0.750496,0.367686,-0.600544,0.712797,0.362308,0,0,0,0,0,0,0.99943,0.0332805,0.00562517,-0.045502,0.951818,-0.303268,0,0,0,0.680041,0.701661,-0.212641,-0.733379,0.644484,-0.216321,0.704768,0.248594,0.664457,-0.715914,0.204604,0.667536,-0.0315003,0.894299,0.446359,0,0,0,0,0,0,0,0,0,0,0,0,0,0,0,0.889482,0.412703,0.196208,-0.916863,0.353078,0.186274,-0.91252,0.159523,-0.376642,0.90057,0.222995,-0.373158,0.259913,0.965579,0.0101227,-0.340137,0.940351,0.00678397,0,0,0,0,0,0
000116,0.502323,0.701263,0.503749,86.0914,81.1083,29.9314,0.0005,0.550908,0.753706,0.358368,-0.600724,0.711457,0.364636,0,0,0,0,0,0,0.999426,0.0332803,-0.00637303,-0.0453534,0.947799,-0.315628,0,0,0,0.677246,0.698821,-0.23019,-0.733217,0.644341,-0.217298,0.706,0.250088,0.662586,-0.709323,0.20324,0.674947,-0.031555,0.896298,0.442328,0,0,0,0,0,0,-0.31473,0.56681,0.761361,0,0,0,0,0,0,0.891933,0.413282,0.183446,-0.915532,0.35203,0.194618,-0.914095,0.160305,-0.372469,0.894658,0.221542,-0.387952,0.259924,0.965621,-0.00387509,-0.339675,0.940543,0.000284263,0,0,0,0,0,0
000117,0.509755,0.705005,0.506598,86.0914,81.1083,29.9314,0.0005,0.549257,0.750643,0.367221,-0.601737,0.713442,0.359044,0,0,0,0,0,0,0.999409,0.0332797,0.00862401,-0.045423,0.949674,-0.309929,0,0,0,0.679232,0.701551,-0.21557,-0.732556,0.64309,-0.22315,0.70257,0.24782,0.667069,-0.715456,0.204993,0.667908,-0.0320366,0.895617,0.443671,0,0,0,0,0,0,-0.316454,0.568897,0.759087,0,0,0,0,0,0,0.889004,0.413033,0.197678,-0.917466,0.35331,0.182835,-0.910568,0.159691,-0.381268,0.900389,0.22295,-0.373622,0.259922,0.965613,0.00562389,-0.340145,0.940373,0.000784247,0,0,0,0,0,0
000118,0.504704,0.705538,0.507456,86.0914,81.1083,29.9314,0.0005,0.549941,0.752404,0.362565,-0.600576,0.712058,0.363705,0,0,0,0,0,0,0.999445,0.033281,-0.0013734,-0.0454458,0.950291,-0.308027,0,0,0,0.678671,0.700269,-0.221424,-0.733871,0.644251,-0.215345,0.706811,0.248783,0.662212,-0.712421,0.204646,0.671249,-0.0315247,0.89519,0.444569,0,0,0,0,0,0,0,0,0,0,0,0,0,0,0,0.891004,0.412854,0.18885,-0.916162,0.352273,0.191184,-0.913899,0.159256,-0.373397,0.897643,0.222276,-0.380566,0.259924,0.965622,0.00362423,-0.340141,0.940362,0.0047841,0,0,0,0,0,0
000119,0.507026,0.709947,0.506638,86.0914,81.1083,29.9314,0.0005,0.549221,0.749757,0.369081,-0.599872,0.711219,0.366498,0,0,0,0,0,0,0.999439,0.0332808,0.00362574,-0.045502,0.951818,-0.303268,0,0,0,0.679458,0.701781,-0.214105,-0.733372,0.645145,-0.214368,0.703347,0.248624,0.66595,-0.712744,0.204738,0.670879,-0.0314635,0.892957,0.449042,0,0,0,0,0,0,0,0,0,0,0,0,0,0,0,0.889571,0.412744,0.195718,-0.91616,0.352808,0.190202,-0.912706,0.159556,-0.376178,0.899359,0.223212,-0.375939,0.259912,0.965574,0.0106225,-0.34013,0.940333,0.0092837,0,0,0,0,0,0
000120,0.502541,0.702952,0.507336,219.18,49.7073,99.3027,0.0005,0.513587,0.78794,0.339675,-0.633577,0.679725,0.369531,0,0,0,0,0,0,0.995489,0.0911926,-0.0262006,-0.107045,0.941678,-0.319036,0,0,0,0.631233,0.735387,-0.246477,-0.774127,0.59873,-0.205545,0.704999,0.297546,0.643772,-0.708192,0.169556,0.685357,-0.0748662,0.897673,0.434256,0,0,0,0.268911,0.612058,0.743688,0,0,0,0,0,0,0,0,0,0.869192,0.467057,0.162368,-0.930696,0.300373,0.208763,-0.929854,0.103235,-0.353148,0.873802,0.26914,-0.405011,0.203025,0.979051,-0.0155202,-0.393842,0.919178,0.000697243,0,0,0,0,0,0
000121,0.508073,0.701435,0.507963,219.18,49.7073,99.3027,0.0005,0.513022,0.787086,0.342495,-0.635567,0.681871,0.362086,0,0,0,0,0,0,0.995715,0.0912134,-0.0152047,-0.106963,0.940881,-0.321405,0,0,0,0.631734,0.736724,-0.241143,-0.772551,0.597505,-0.214833,0.702516,0.295959,0.647209,-0.712394,0.171069,0.68061,-0.0754785,0.899142,0.431099,0,0,0,0,0,0,0,0,0,0,0,0,0,0,0,0.867943,0.466391,0.170748,-0.932576,0.301505,0.198484,-0.926533,0.102367,-0.362019,0.877104,0.270675,-0.396767,0.202535,0.979152,-0.0155201,-0.394295,0.918966,-0.00580249,0,0,0,0,0,0
000122,0.509262,0.705514,0.50096,219.18,49.7073,99.3027,0.0005,0.511429,0.783771,0.352341,-0.633828,0.679996,0.368601,0,0,0,0,0,0,0.99575,0.0912166,-0.0127059,-0.106996,0.941201,-0.320458,0,0,0,0.631827,0.737591,-0.23823,-0.772296,0.597306,-0.216298,0.696623,0.294023,0.654421,-0.708641,0.169148,0.684993,-0.0746355,0.89462,0.440551,0,0,0,0,0,0,-0.33061,0.554316,0.763826,0,0,0,0,0,0,0.867182,0.465418,0.177147,-0.932101,0.301352,0.200933,-0.924229,0.101611,-0.36807,0.876343,0.270442,-0.398602,0.202553,0.97923,-0.00902137,-0.394301,0.918981,-0.000802717,-0.394266,0.722169,-0.568353,0,0,0
000123,0.506148,0.707498,0.505691,219.18,49.7073,99.3027,0.0005,0.511268,0.785341,0.349062,-0.633326,0.679454,0.37046,0,0,0,0,0,0,0.995665,0.0912088,-0.0182036,-0.107191,0.943096,-0.314769,0,0,0,0.632586,0.73694,-0.238232,-0.773801,0.598477,-0.207502,0.700828,0.295792,0.649113,-0.709191,0.169793,0.684264,-0.0746687,0.895059,0.439653,0,0,0,0.266779,0.608518,0.747351,-0.330296,0.556723,0.76221,0,0,0,0,0,0,0.868028,0.46587,0.171733,-0.931231,0.301071,0.205339,-0.927429,0.102466,-0.359688,0.876005,0.270861,-0.39906,0.203045,0.97914,-0.00752175,-0.394298,0.918973,0.0041971,-0.39684,0.725916,-0.561751,0,0,0
000124,0.500595,0.706683,0.50755,219.18,49.7073,99.3027,0.0005,0.51363,0.787098,0.341557,-0.632552,0.677884,0.374635,0,0,0,0,0,0,0.995406,0.091185,-0.0291994,-0.107223,0.943409,-0.31382,0,0,0,0.631176,0.736083,-0.244538,-0.775087,0.599476,-0.19967,0.705592,0.297795,0.643007,-0.706973,0.168752,0.686813,-0.0747348,0.895934,0.437856,0,0,0,0,0,0,0,0,0,0,0,0,0,0,0,0.869263,0.467095,0.161874,-0.929691,0.300049,0.21365,-0.931251,0.103389,-0.349403,0.87312,0.269976,-0.405924,0.203039,0.979114,-0.0105211,-0.393832,0.919154,0.00719688,-0.398469,0.727898,-0.558021,0,0,0
000125,0.504281,0.701773,0.505734,219.18,49.7073,99.3027,0.0005,0.513305,0.787514,0.341086,-0.634078,0.680266,0.367672,0,0,0,0,0,0,0.995562,0.0911994,-0.0232017,-0.106963,0.940881,-0.321405,0,0,0,0.631233,0.735387,-0.246477,-0.773389,0.598156,-0.209947,0.703216,0.296796,0.646065,-0.708975,0.169228,0.684629,-0.0748826,0.897889,0.433806,0,0,0,0,0,0,0,0,0,0,0,0,0,0,0,0.869067,0.466424,0.164834,-0.931036,0.301008,0.206317,-0.92832,0.102564,-0.357354,0.874087,0.270273,-0.403639,0.203022,0.979035,-0.01652,-0.394301,0.918979,-0.00230267,0,0,0,0,0,0
000126,0.500644,0.707495,0.505331,219.18,49.7073,99.3027,0.0005,0.512225,0.786787,0.344372,-0.631547,0.677536,0.376953,0,0,0,0,0,0,0.995406,0.091185,-0.0291994,-0.107223,0.943409,-0.31382,0,0,0,0.630797,0.736409,-0.244537,-0.775087,0.599476,-0.19967,0.704793,0.296374,0.644538,-0.705752,0.167947,0.688265,-0.0746355,0.89462,0.440551,0,0,0,0.268912,0.608388,0.746693,-0.330845,0.553732,0.764148,0,0,0,0,0,0,0.86912,0.467019,0.162861,-0.929231,0.300426,0.215115,-0.930664,0.102318,-0.351276,0.872684,0.26932,-0.407295,0.203041,0.979124,-0.00952131,-0.393827,0.919143,0.00869669,-0.397326,0.727883,-0.558855,0,0,0
000127,0.509238,0.701772,0.507481,219.18,49.7073,99.3027,0.0005,0.512643,0.786514,0.344374,-0.635812,0.682137,0.361154,0,0,0,0,0,0,0.995744,0.091216,-0.0132056,-0.106963,0.940881,-0.321405,0,0,0,0.631971,0.736995,-0.239687,-0.772516,0.596844,-0.216785,0.701321,0.295457,0.648733,-0.713172,0.17074,0.679877,-0.075446,0.898712,0.432001,0,0,0,0,0,0,0,0,0,0,0,0,0,0,0,0.86764,0.466229,0.172718,-0.932952,0.301627,0.196525,-0.925756,0.102785,-0.363883,0.877671,0.270849,-0.39539,0.203028,0.979065,-0.0145204,-0.394295,0.918966,-0.00580249,-0.395375,0.723181,-0.566293,0,0,0
000128,0.506586,0.705436,0.50918,219.18,49.7073,99.3027,0.0005,0.512034,0.786499,0.345311,-0.634577,0.680804,0.365811,0,0,0,0,0,0,0.995665,0.0912088,-0.0182036,-0.107159,0.942783,-0.315718,0,0,0,0.632207,0.737266,-0.238231,-0.773861,0.597889,-0.208969,0.70341,0.296335,0.646065,-0.711732,0.170912,0.681342,-0.0748335,0.897239,0.435157,0,0,0,0.269826,0.61043,0.744694,-0.334858,0.557548,0.759612,0,0,0,0,0,0,0.868566,0.46559,0.169763,-0.932063,0.300814,0.201913,-0.92791,0.103022,-0.358288,0.877104,0.270675,-0.396767,0.20304,0.979119,-0.0100212,-0.394301,0.91898,0.00119723,0,0,0,0,0,0
000129,0.505315,0.705128,0.509945,219.18,49.7073,99.3027,0.0005,0.512414,0.787074,0.343433,-0.634328,0.680535,0.366742,0,0,0,0,0,0,0.995627,0.0912053,-0.0202028,-0.107175,0.94294,-0.315243,0,0,0,0.631971,0.736995,-0.239687,-0.774189,0.598145,-0.207013,0.704405,0.297296,0.644537,-0.711964,0.169939,0.681343,-0.0748662,0.897673,0.434256,0,0,0,0.269825,0.611653,0.743691,0,0,0,0,0,0,0,0,0,0.868391,0.46663,0.167792,-0.931677,0.30069,0.203871,-0.928852,0.102622,-0.355953,0.876386,0.270978,-0.398143,0.203038,0.979109,-0.011021,-0.394301,0.91898,0.00119723,-0.397062,0.72739,-0.559684,0,0,0
000130,0.503577,0.707959,0.507799,74.5031,215.698,156.138,0.0005,0.528898,0.75474,0.388117,-0.619006,0.675074,0.40138,0,0,0,0,0,0,0.997678,0.066947,-0.0125426,-0.0803973,0.960801,-0.265326,0,0,0,0.651802,0.732132,-0.19783,-0.757258,0.628576,-0.177351,0.705611,0.246347,0.664399,-0.710179,0.15265,0.687273,-0.055525,0.87431,0.482182,0,0,0,0,0,0,0,0,0,0,0,0,0,0,0,0.878558,0.435477,0.196203,-0.924312,0.313507,0.217627,-0.923828,0.144426,-0.354518,0.884756,0.268334,-0.381056,0.22794,0.97275,0.0424375,-0.370636,0.927424,0.0501276,-0.374175,0.765504,-0.523446,0,0,0
000131,0.507354,0.70772,0.501521,74.5031,215.698,156.138,0.0005,0.527604,0.75206,0.395018,-0.618502,0.675263,0.401839,0,0,0,0,0,0,0.997777,0.0664526,-0.00504408,-0.0803197,0.959735,-0.26918,0,0,0,0.652747,0.731686,-0.196361,-0.756144,0.627647,-0.185219,0.699945,0.243323,0.671469,-0.708496,0.152291,0.689087,-0.0553907,0.871892,0.486556,0,0,0,0,0,0,0,0,0,0,0,0,0,0,0,0.877252,0.434277,0.204529,-0.925129,0.313783,0.213721,-0.920099,0.143845,-0.364316,0.885339,0.269032,-0.379206,0.227919,0.972666,0.0444352,-0.370681,0.927538,0.0476307,-0.372356,0.761703,-0.530245,0,0,0
000132,0.508552,0.706403,0.508923,74.5031,215.698,156.138,0.0005,0.528856,0.753819,0.38996,-0.620647,0.677618,0.394501,0,0,0,0,0,0,0.997753,0.066952,-0.00254485,-0.0803586,0.96027,-0.267254,0,0,0,0.652831,0.732523,-0.192928,-0.756073,0.627587,-0.18571,0.704054,0.244748,0.666639,-0.714637,0.153091,0.682538,-0.0561039,0.875719,0.47955,0,0,0,0,0,0,0,0,0,0,0,0,0,0,0,0.877305,0.43486,0.203061,-0.926326,0.314189,0.207857,-0.920996,0.143985,-0.361987,0.887825,0.269257,-0.373186,0.22794,0.97275,0.0424375,-0.370739,0.927688,0.0441345,-0.373382,0.763847,-0.526425,0,0,0
000133,0.501741,0.70237,0.502587,74.5031,215.698,156.138,0.0005,0.530314,0.755868,0.383967,-0.618871,0.674926,0.401838,0,0,0,0,0,0,0.99762,0.0669431,-0.016542,-0.0802008,0.958107,-0.274953,0,0,0,0.650745,0.73022,-0.208111,-0.756387,0.628501,-0.181287,0.705476,0.244712,0.665147,-0.706238,0.151298,0.691619,-0.055565,0.875031,0.480867,0,0,0,0,0,0,0,0,0,0,0,0,0,0,0,0.879341,0.435862,0.191789,-0.923689,0.313296,0.220554,-0.923302,0.144344,-0.35592,0.881623,0.267391,-0.3889,0.228016,0.973065,0.0339446,-0.370267,0.927852,0.0446342,-0.372577,0.761006,-0.53109,0,0,0
000134,0.508669,0.703588,0.505042,74.5031,215.698,156.138,0.0005,0.528856,0.753819,0.38996,-0.620647,0.677618,0.394501,0,0,0,0,0,0,0.997753,0.066952,-0.00254485,-0.0802408,0.958653,-0.27303,0,0,0,0.652615,0.73154,-0.197341,-0.755177,0.627491,-0.189639,0.701845,0.243982,0.669243,-0.712736,0.152174,0.684727,-0.0561039,0.875719,0.47955,0,0,0,0,0,0,0,0,0,0,0,0,0,0,0,0.877305,0.43486,0.203061,-0.926326,0.314189,0.207857,-0.919739,0.143789,-0.365247,0.886534,0.268347,-0.376893,0.227491,0.973021,0.0384411,-0.370793,0.927826,0.0406378,-0.371563,0.761203,-0.531518,0,0,0
000135,0.506107,0.702694,0.50769,74.5031,215.698,156.138,0.0005,0.52998,0.755398,0.385352,-0.620647,0.677618,0.394501,-0.621381,0.353513,-0.699224,0,0,0,0.997728,0.0669503,-0.00754349,-0.0802507,0.958789,-0.272549,0,0,0,0.652147,0.731024,-0.20077,-0.755753,0.627972,-0.18571,0.705148,0.245657,0.665146,-0.712631,0.152663,0.684727,-0.0556843,0.877183,0.476917,0,0,0,0,0,0,0,0,0,0,0,0,0,0,0,0.878382,0.43539,0.197183,-0.925732,0.313988,0.21079,-0.921887,0.144124,-0.359655,0.885629,0.268075,-0.379207,0.227995,0.97298,0.0364429,-0.370786,0.927807,0.0411373,-0.372249,0.762638,-0.528974,0,0,0
000136,0.506664,0.705351,0.5011,74.5031,215.698,156.138,0.0005,0.528175,0.752862,0.392721,-0.618403,0.675898,0.400923,-0.617728,0.351425,-0.703501,0,0,0,0.997735,0.0669508,-0.00654371,-0.0802507,0.958789,-0.272549,0,0,0,0.651602,0.731912,-0.1993,-0.755682,0.627912,-0.186202,0.699934,0.244377,0.671098,-0.708264,0.15173,0.689449,-0.0559571,0.873073,0.484369,0,0,0,0,0,0,0,0,0,0,0,0,0,0,0,0.877395,0.434905,0.202571,-0.925129,0.313783,0.213721,-0.920176,0.143351,-0.364316,0.884574,0.268279,-0.381518,0.227954,0.972811,0.040939,-0.370731,0.927667,0.044634,-0.371448,0.760963,-0.531941,0,0,0
000137,0.509008,0.703098,0.501003,74.5031,215.698,156.138,0.0005,0.528697,0.752735,0.392262,-0.620115,0.677034,0.396338,0,0,0,0,0,0,0.997754,0.0669521,-0.00204502,-0.0801808,0.957832,-0.275915,0,0,0,0.652348,0.731246,-0.199301,-0.75513,0.626801,-0.192093,0.69931,0.243102,0.67221,-0.709843,0.152578,0.687636,-0.055525,0.87431,0.482182,0,0,0,0,0,0,0,0,0,0,0,0,0,0,0,0.87703,0.434725,0.204529,-0.926129,0.314122,0.208835,-0.918575,0.144114,-0.368037,0.885665,0.268608,-0.378744,0.227978,0.972907,0.0384413,-0.370801,0.927845,0.0401382,-0.370526,0.759038,-0.535324,0,0,0
000138,0.506448,0.708152,0.503031,74.5031,215.698,156.138,0.0005,0.527947,0.752542,0.39364,-0.618502,0.675263,0.401839,0,0,0,0,0,0,0.997735,0.0669508,-0.00654371,-0.0803489,0.960136,-0.267736,0,0,0,0.652747,0.731686,-0.196361,-0.756427,0.627883,-0.183253,0.701693,0.2434,0.669615,-0.709379,0.151457,0.688362,-0.0554042,0.872135,0.486119,0,0,0,0,0,0,0,0,0,0,0,0,0,0,0,0.877617,0.434457,0.202571,-0.924926,0.313715,0.214698,-0.920996,0.143985,-0.361987,0.885302,0.268499,-0.379669,0.227919,0.972666,0.0444352,-0.370663,0.927493,0.0486295,-0.372927,0.762896,-0.528124,0,0,0
000139,0.500175,0.70322,0.509995,74.5031,215.698,156.138,0.0005,0.531122,0.757864,0.378882,-0.619177,0.676004,0.399548,0,0,0,0,0,0,0.997566,0.0669394,-0.0195415,-0.0803001,0.959466,-0.270143,0,0,0,0.651023,0.730527,-0.206154,-0.757142,0.62913,-0.175875,0.710628,0.247028,0.658776,-0.709947,0.15209,0.687636,-0.0556975,0.877421,0.476477,0,0,0,0,0,0,0,0,0,0,0,0,0,0,0,0.880718,0.435425,0.186388,-0.923689,0.313296,0.220554,-0.926008,0.145272,-0.348432,0.882881,0.267248,-0.386135,0.228016,0.973065,0.0339446,-0.370242,0.927789,0.0461326,-0.373276,0.765941,-0.52345,0,0,0
000140,0.508119,0.707665,0.502768,219.389,110.133,206.676,0.0005,0.490751,0.793033,0.360919,-0.649965,0.652699,0.389268,0,0,0,0,0,0,0.992198,0.122381,-0.0237825,-0.139697,0.944304,-0.29795,0,0,0,0.606774,0.760626,-0.23081,-0.793358,0.577534,-0.192451,0.696324,0.303704,0.650305,0,0,0,-0.0966597,0.883296,0.458743,0,0,0,0,0,0,0,0,0,0,0,0,0,0,0,0.854229,0.489419,0.175392,-0.93816,0.268538,0.218502,-0.932294,0.0796564,-0.352821,0.86296,0.305415,-0.40252,0.172772,0.984918,0.00923383,-0.422116,0.906218,0.0242236,-0.423954,0.721848,-0.54699,0,0,0
000141,0.50458,0.70173,0.505209,219.389,110.133,206.676,0.0005,0.492926,0.796495,0.350171,-0.650783,0.653526,0.386503,-0.651248,0.295168,-0.699108,0,0,0,0.991978,0.122354,-0.0317777,-0.139452,0.942516,-0.303671,0,0,0,0.605367,0.758888,-0.240042,-0.79359,0.577704,-0.190978,0.700871,0.306229,0.644207,0,0,0,-0.0970501,0.887143,0.451174,0,0,0,0.259691,0.604095,0.753412,0,0,0,0,0,0,0,0,0,0.856173,0.489951,0.164062,-0.937526,0.268357,0.221428,-0.934732,0.0798646,-0.346263,0.860474,0.304542,-0.40846,0.172779,0.98496,-0.000764729,-0.421712,0.906536,0.0187251,-0.424112,0.721122,-0.547825,0,0,0
000142,0.506799,0.70183,0.501558,219.389,110.133,206.676,0.0005,0.492507,0.794889,0.354384,-0.650293,0.653741,0.386964,0,0,0,0,0,0,0.992048,0.122866,-0.0272804,-0.139327,0.94161,-0.306528,0,0,0,0.604811,0.75979,-0.238584,-0.792594,0.577595,-0.195394,0.697315,0.304681,0.648785,-0.704731,0.133967,0.696712,-0.096936,0.886018,0.453404,0,0,0,0,0,0,0,0,0,0,0,0,0,0,0,0.855449,0.489539,0.168991,-0.937812,0.268959,0.219478,-0.932645,0.0796863,-0.351885,0.860859,0.304677,-0.407547,0.172779,0.984961,-0.000264761,-0.422176,0.90635,0.0172254,-0.42317,0.718488,-0.551999,0,0,0
000143,0.506705,0.700818,0.501629,219.389,110.133,206.676,0.0005,0.491845,0.795716,0.353446,-0.650565,0.654016,0.386042,0,0,0,0,0,0,0.992082,0.122367,-0.0282798,-0.139286,0.941305,-0.30748,0,0,0,0.604976,0.7592,-0.240041,-0.79273,0.577075,-0.196374,0.698109,0.304481,0.648024,-0.704731,0.133967,0.696712,-0.0975016,0.88664,0.452065,0,0,0,0,0,0,0,0,0,0,0,0,0,0,0,0.855596,0.489622,0.168006,-0.938055,0.268508,0.21899,-0.932645,0.0796863,-0.351885,0.86064,0.30407,-0.40846,0.172779,0.98496,-0.0012647,-0.422187,0.906372,0.0157256,-0.422168,0.718753,-0.55242,0,0,0
000144,0.508398,0.706097,0.504359,219.389,110.133,206.676,0.0005,0.491229,0.793795,0.358586,-0.650293,0.653741,0.386964,-0.649542,0.293844,-0.70125,0,0,0,0.992198,0.122381,-0.0237825,-0.14011,0.943639,-0.299856,0,0,0,0.606311,0.760848,-0.231296,-0.793202,0.57742,-0.193432,0.697515,0.304223,0.648785,-0.7065,0.13583,0.694556,-0.0973184,0.884834,0.455629,0,0,0,0.257417,0.601377,0.756361,0,0,0,0,0,0,0,0,0,0.854704,0.489115,0.173916,-0.938716,0.268177,0.216551,-0.932602,0.0801845,-0.351885,0.863316,0.30501,-0.402062,0.172283,0.985024,0.00673438,-0.422145,0.90628,0.0212245,-0.42468,0.721107,-0.547405,0,0,0
000145,0.502966,0.703485,0.50248,219.389,110.133,206.676,0.0005,0.492033,0.796015,0.352511,-0.648786,0.652218,0.39203,0,0,0,0,0,0,0.991879,0.122342,-0.0347758,-0.139493,0.942817,-0.302718,0,0,0,0.604825,0.759013,-0.241011,-0.794267,0.57758,-0.188524,0.70048,0.305514,0.644972,0,0,0,-0.0968443,0.885114,0.455185,0,0,0,0,0,0,0,0,0,0,0,0,0,0,0,0.855924,0.490385,0.164062,-0.936449,0.268049,0.226301,-0.935206,0.0804069,-0.344856,0.859092,0.303526,-0.412108,0.172779,0.98496,0.00123513,-0.422136,0.90626,0.0222242,-0.423817,0.721611,-0.547409,0,0,0
000146,0.50927,0.709819,0.503769,219.389,110.133,206.676,0.0005,0.490694,0.792003,0.363249,-0.649611,0.653052,0.389268,-0.649635,0.292788,-0.701605,0,0,0,0.992315,0.121892,-0.0212842,-0.139817,0.945186,-0.295085,0,0,0,0.606712,0.762136,-0.225943,-0.793436,0.577591,-0.19196,0.695527,0.303903,0.651064,0,0,0,-0.0971104,0.882785,0.45963,0,0,0,0,0,0,0,0,0,0,0,0,0,0,0,0.853768,0.489157,0.178344,-0.938853,0.267696,0.216551,-0.931899,0.0801244,-0.353756,0.864261,0.305343,-0.399773,0.172274,0.984967,0.0127326,-0.422101,0.906184,0.0257231,-0.4245,0.722794,-0.545315,0,0,0
000147,0.5039,0.707105,0.507882,219.389,110.133,206.676,0.0005,0.491751,0.795566,0.353914,-0.649337,0.652774,0.390189,0,0,0,0,0,0,0.991978,0.122354,-0.0317777,-0.139817,0.945186,-0.295085,0,0,0,0.605628,0.760798,-0.23324,-0.794575,0.578425,-0.184594,0.702451,0.305826,0.642677,0,0,0,-0.0968443,0.885114,0.455185,0,0,0,0,0,0,0,0,0,0,0,0,0,0,0,0.855565,0.49018,0.166527,-0.93699,0.268204,0.223865,-0.936062,0.0804801,-0.342508,0.861792,0.304475,-0.405721,0.172776,0.984938,0.00673442,-0.422095,0.906172,0.0262229,-0.426288,0.724895,-0.541116,0,0,0
000148,0.502819,0.706849,0.509968,219.389,110.133,206.676,0.0005,0.493164,0.795935,0.351109,-0.649337,0.652774,0.390189,0,0,0,0,0,0,0.991913,0.122346,-0.0337765,-0.139857,0.945477,-0.29413,0,0,0,0.606262,0.759993,-0.234214,-0.794651,0.5791,-0.182137,0.704016,0.307053,0.640375,0,0,0,-0.096936,0.886018,0.453404,0,0,0,0.26075,0.605276,0.752097,0,0,0,0,0,0,0,0,0,0.855996,0.490425,0.163568,-0.936775,0.268142,0.22484,-0.937081,0.0805672,-0.339688,0.861792,0.304475,-0.405721,0.172776,0.984941,0.00623451,-0.42209,0.90616,0.0267227,-0.426099,0.726568,-0.539016,0,0,0
000149,0.504822,0.705343,0.506665,219.389,110.133,206.676,0.0005,0.492789,0.795338,0.352981,-0.649747,0.65319,0.388808,0,0,0,0,0,0,0.992009,0.122358,-0.0307783,-0.139697,0.944304,-0.29795,0,0,0,0.606115,0.759811,-0.235185,-0.794049,0.57804,-0.188033,0.700871,0.306229,0.644207,0,0,0,-0.0969131,0.885793,0.453849,0,0,0,0.259849,0.603205,0.754071,0,0,0,0,0,0,0,0,0,0.855493,0.490139,0.16702,-0.937556,0.267846,0.221916,-0.935076,0.0798941,-0.345325,0.861626,0.304946,-0.40572,0.172778,0.984952,0.00423482,-0.422126,0.90624,0.0232239,-0.425339,0.72325,-0.544055,0,0,0
000150,0.509155,0.704739,0.507166,213.696,251.063,346.264,0.0005,0.466523,0.797342,0.382885,-0.670243,0.612431,0.419169,-0.671598,0.298232,-0.678243,0,0,0,0.98632,0.162107,-0.029913,-0.179715,0.949311,-0.257898,0,0,0,0.57306,0.793155,-0.206173,-0.816786,0.554336,-0.159911,0.696611,0.303917,0.649898,0,0,0,-0.124074,0.862668,0.490315,0,0,0,0,0,0,0,0,0,0,0,0,0,0,0,0.837562,0.514887,0.182702,-0.945733,0.222039,0.23725,-0.940092,0.058254,-0.335906,0.845528,0.356506,-0.397475,0.135319,0.989813,0.0442579,-0.455815,0.887901,0.062162,-0.459434,0.727318,-0.509833,0,0,0
000151,0.506812,0.707773,0.505172,213.696,251.063,346.264,0.0005,0.466563,0.796429,0.384733,-0.668223,0.610575,0.425061,-0.672826,0.297137,-0.677506,0,0,0,0.986194,0.162086,-0.0339096,-0.179895,0.950319,-0.254032,0,0,0,0.573465,0.792862,-0.206174,-0.817781,0.554409,-0.154479,0.696313,0.303788,0.650278,0,0,0,-0.123712,0.859983,0.495101,0,0,0,0,0,0,0,0,0,0,0,0,0,0,0,0.837718,0.514982,0.181719,-0.944098,0.222168,0.243557,-0.941229,0.0588253,-0.332608,0.844443,0.354968,-0.401142,0.135292,0.98963,0.048253,-0.455624,0.887521,0.0686479,-0.460528,0.728132,-0.507679,0,0,0
000152,0.503599,0.704167,0.501991,213.696,251.063,346.264,0.0005,0.466914,0.797999,0.381037,-0.666966,0.609419,0.428678,-0.671598,0.298232,-0.678243,0,0,0,0.985915,0.16204,-0.041403,-0.179624,0.948801,-0.25983,0,0,0,0.571938,0.791628,-0.21497,-0.818189,0.554082,-0.153491,0.696709,0.304505,0.649517,0,0,0,-0.12325,0.860298,0.494669,0,0,0,0,0,0,0,0,0,0,0,0,0,0,0,0.838708,0.515587,0.175325,-0.942659,0.22183,0.249372,-0.94222,0.0588868,-0.329777,0.840885,0.354019,-0.409368,0.135331,0.989899,0.04226,-0.45567,0.887612,0.0671514,-0.458453,0.727633,-0.510266,0,0,0
000153,0.50537,0.70795,0.505287,213.696,251.063,346.264,0.0005,0.466759,0.79676,0.38381,-0.667596,0.609998,0.42687,-0.673046,0.299973,-0.676036,0,0,0,0.986089,0.162069,-0.0369071,-0.179939,0.950568,-0.253065,0,0,0,0.572876,0.792905,-0.20764,-0.818098,0.554625,-0.152008,0.697207,0.304177,0.649137,0,0,0,-0.12315,0.859562,0.495972,0,0,0,0,0,0,0,0,0,0,0,0,0,0,0,0.838026,0.515171,0.179753,-0.943388,0.222515,0.245981,-0.941891,0.0588664,-0.330721,0.843507,0.355118,-0.402972,0.135292,0.98963,0.048253,-0.455577,0.887429,0.0701442,-0.460215,0.729526,-0.505958,0,0,0
000154,0.507827,0.70022,0.509815,213.696,251.063,346.264,0.0005,0.468074,0.79995,0.375483,-0.671625,0.613701,0.415081,-0.672737,0.299835,-0.676405,0,0,0,0.986275,0.161593,-0.0339096,-0.17951,0.948159,-0.262243,0,0,0,0.57238,0.79223,-0.211551,-0.816935,0.553832,-0.160897,0.699878,0.30534,0.645708,0,0,0,-0.12453,0.866048,0.484203,0,0,0,0,0,0,0,0,0,0,0,0,0,0,0,0.838895,0.515115,0.175818,-0.945619,0.222525,0.23725,-0.941363,0.0593346,-0.332136,0.844803,0.355661,-0.399767,0.134867,0.990181,0.0367645,-0.455949,0.888168,0.0571713,-0.459165,0.726884,-0.510693,0,0,0
000155,0.507734,0.703752,0.509112,213.696,251.063,346.264,0.0005,0.467302,0.798652,0.379188,-0.670397,0.612572,0.418715,-0.673453,0.29906,-0.676036,0,0,0,0.986227,0.162092,-0.0329105,-0.179715,0.949311,-0.257898,0,0,0,0.573158,0.792444,-0.208619,-0.81733,0.554101,-0.157936,0.698492,0.305282,0.647233,0,0,0,-0.124238,0.86388,0.488135,0,0,0,0,0,0,0,0,0,0,0,0,0,0,0,0.838179,0.515264,0.178769,-0.945272,0.222444,0.238706,-0.941363,0.0593346,-0.332136,0.845161,0.356353,-0.398392,0.135331,0.989899,0.04226,-0.455815,0.887901,0.062162,-0.459547,0.728449,-0.508113,0,0,0
000156,0.50086,0.709747,0.508626,213.696,251.063,346.264,0.0005,0.467539,0.798073,0.380114,-0.666174,0.608692,0.430935,-0.678572,0.300798,-0.670119,0,0,0,0.985766,0.162016,-0.0448996,-0.180159,0.951802,-0.248225,0,0,0,0.572348,0.79303,-0.208617,-0.819254,0.555413,-0.142612,0.70185,0.305654,0.643414,0,0,0,-0.12315,0.859562,0.495972,0,0,0,0,0,0,0,0,0,0,0,0,0,0,0,0.839079,0.515814,0.172863,-0.941803,0.221629,0.252759,-0.945176,0.0585689,-0.321267,0.842195,0.35511,-0.405715,0.135286,0.989582,0.0492516,-0.454917,0.887231,0.0766264,-0.462333,0.732942,-0.499043,0,0,0
000157,0.507378,0.70003,0.50436,213.696,251.063,346.264,0.0005,0.467496,0.798978,0.378262,-0.670089,0.612289,0.419623,-0.669641,0.298453,-0.680079,0,0,0,0.98616,0.162081,-0.0349088,-0.179371,0.94738,-0.265136,0,0,0,0.572001,0.791715,-0.214481,-0.816801,0.553741,-0.161884,0.696709,0.304505,0.649517,0,0,0,-0.12371,0.863708,0.488573,0,0,0,0,0,0,0,0,0,0,0,0,0,0,0,0.838407,0.515403,0.177293,-0.94469,0.222821,0.240647,-0.940396,0.0587737,-0.334964,0.842941,0.355423,-0.403887,0.134867,0.990181,0.0367645,-0.455923,0.888116,0.0581695,-0.457949,0.724924,-0.514556,0,0,0
000158,0.503615,0.701384,0.506099,213.696,251.063,346.264,0.0005,0.468074,0.79995,0.375483,-0.668848,0.611148,0.42325,-0.673859,0.298146,-0.676034,0,0,0,0.985895,0.162037,-0.0419026,-0.179556,0.948416,-0.261278,0,0,0,0.571746,0.791367,-0.216434,-0.817781,0.554409,-0.154479,0.699678,0.305798,0.645708,0,0,0,-0.123677,0.863466,0.489009,0,0,0,0,0,0,0,0,0,0,0,0,0,0,0,0.8393,0.515949,0.171386,-0.943383,0.222,0.246466,-0.942908,0.0584284,-0.327888,0.841445,0.354796,-0.407542,0.13536,0.990095,0.0372643,-0.455342,0.888073,0.0631602,-0.459145,0.7278,-0.509404,0,0,0
000159,0.507734,0.706709,0.509101,213.696,251.063,346.264,0.0005,0.46715,0.797418,0.381963,-0.669779,0.612005,0.42053,-0.673866,0.299792,-0.675299,0,0,0,0.986259,0.162097,-0.0319113,-0.179895,0.950319,-0.254032,0,0,0,0.573243,0.793403,-0.204706,-0.81787,0.553864,-0.155961,0.698099,0.304565,0.647996,0,0,0,-0.123481,0.862008,0.491624,0,0,0,0,0,0,0,0,0,0,0,0,0,0,0,0.838396,0.514225,0.180737,-0.945039,0.222389,0.239677,-0.941363,0.0593346,-0.332136,0.845528,0.356506,-0.397475,0.135306,0.989724,0.0462556,-0.455715,0.887701,0.0656547,-0.460639,0.72926,-0.505957,0,0,0
000160,0.506882,0.701885,0.505215,228.963,23.3432,56.5081,0.0005,0.518779,0.784555,0.339621,-0.630167,0.689542,0.35696,0,0,0,0,0,0,0.996511,0.0821789,-0.0145942,-0.096923,0.938904,-0.330249,0,0,0,0.639251,0.72843,-0.246471,-0.76659,0.602681,-0.22162,0.701713,0.294662,0.64867,-0.711242,0.181727,0.679051,-0.0681585,0.901993,0.426336,0,0,0,0.271288,0.613247,0.741843,-0.330639,0.566511,0.754813,0,0,0,0,0,0,0.871808,0.459626,0.169396,-0.929785,0.311644,0.195903,-0.924337,0.108155,-0.365928,0.879662,0.259242,-0.398734,0.212228,0.976961,-0.0225185,-0.385695,0.922539,-0.0126746,0,0,0,0,0,0
000161,0.504973,0.704261,0.501853,228.963,23.3432,56.5081,0.0005,0.518209,0.783705,0.34244,-0.628103,0.688013,0.36349,0,0,0,0,0,0,0.996526,0.0811769,-0.0185929,-0.0969836,0.93956,-0.328361,0,0,0,0.639004,0.728153,-0.247925,-0.767194,0.603158,-0.218206,0.700708,0.293699,0.650191,-0.707158,0.181202,0.683443,-0.0679845,0.899425,0.431755,0,0,0,0.27083,0.609788,0.744856,0,0,0,0,0,0,0,0,0,0.871883,0.459665,0.168903,-0.928908,0.310823,0.201293,-0.924758,0.107701,-0.364997,0.877738,0.258679,-0.403313,0.212242,0.977022,-0.0195194,-0.385713,0.922583,-0.00817502,0,0,0,0,0,0
000162,0.509813,0.708975,0.509504,228.963,23.3432,56.5081,0.0005,0.517249,0.782274,0.347133,-0.629557,0.689615,0.357895,0,0,0,0,0,0,0.996625,0.0816867,-0.00809678,-0.0972807,0.942783,-0.318901,0,0,0,0.641329,0.730759,-0.233856,-0.76697,0.603619,-0.217718,0.700815,0.294286,0.649811,-0.714602,0.183615,0.675003,-0.0679991,0.89964,0.431304,0,0,0,0,0,0,0,0,0,0,0,0,0,0,0,0.870813,0.45854,0.177273,-0.930679,0.311416,0.191981,-0.923849,0.107595,-0.367323,0.883444,0.260347,-0.389547,0.211785,0.97726,-0.0105222,-0.385722,0.922603,-0.00467522,0,0,0,0,0,0
000163,0.508276,0.703526,0.508864,228.963,23.3432,56.5081,0.0005,0.518684,0.784414,0.340091,-0.630276,0.690407,0.355092,0,0,0,0,0,0,0.996585,0.0816834,-0.012095,-0.0970588,0.940375,-0.325998,0,0,0,0.640063,0.72934,-0.241624,-0.766454,0.603211,-0.220645,0.702803,0.294576,0.647528,-0.714072,0.182964,0.675741,-0.0681729,0.902206,0.425883,0,0,0,0.273114,0.613649,0.74084,0,0,0,0,0,0,0,0,0,0.871506,0.459468,0.171366,-0.930179,0.312303,0.192961,-0.924461,0.108673,-0.365462,0.881705,0.259318,-0.394145,0.212245,0.977031,-0.0190195,-0.3857,0.92255,-0.0116747,0,0,0,0,0,0
000164,0.509469,0.701209,0.504881,228.963,23.3432,56.5081,0.0005,0.5184,0.783989,0.341501,-0.630515,0.690669,0.354158,0,0,0,0,0,0,0.996612,0.0816856,-0.00959607,-0.0968926,0.938575,-0.331193,0,0,0,0.639953,0.728466,-0.244534,-0.76527,0.602912,-0.225519,0.699915,0.29391,0.65095,-0.712885,0.182146,0.677214,-0.0686859,0.902381,0.425429,0,0,0,0.271441,0.612366,0.742515,0,0,0,0,0,0,0,0,0,0.871434,0.458866,0.173336,-0.930452,0.312394,0.19149,-0.922509,0.107942,-0.370576,0.880996,0.259631,-0.395522,0.212231,0.976971,-0.0220186,-0.385679,0.9225,-0.0156742,0,0,0,0,0,0
000165,0.508476,0.705966,0.507567,228.963,23.3432,56.5081,0.0005,0.517922,0.783278,0.343849,-0.629557,0.689615,0.357895,0,0,0,0,0,0,0.996596,0.0816843,-0.0110954,-0.0971334,0.941183,-0.323634,0,0,0,0.640463,0.729789,-0.239198,-0.766713,0.603416,-0.219182,0.700921,0.294872,0.64943,-0.713213,0.182229,0.676846,-0.0680573,0.900499,0.429499,0,0,0,0.271441,0.612366,0.742515,-0.331261,0.566586,0.754485,0,0,0,0,0,0,0.871357,0.458825,0.173829,-0.930313,0.311293,0.193942,-0.924097,0.10863,-0.366393,0.881846,0.258838,-0.394145,0.212258,0.97709,-0.0155206,-0.385713,0.922583,-0.00817502,0,0,0,0,0,0
000166,0.506735,0.708042,0.500953,228.963,23.3432,56.5081,0.0005,0.516958,0.781841,0.348539,-0.627982,0.687136,0.365352,0,0,0,0,0,0,0.996592,0.0811824,-0.0145942,-0.0971036,0.940861,-0.32458,0,0,0,0.640277,0.72883,-0.242595,-0.766746,0.604079,-0.21723,0.698304,0.292693,0.653225,-0.707612,0.180802,0.683078,-0.0678376,0.89726,0.43626,0,0,0,0,0,0,-0.326923,0.562102,0.759712,0,0,0,0,0,0,0.87097,0.459187,0.174813,-0.92894,0.311361,0.200314,-0.923609,0.10807,-0.367788,0.879228,0.258594,-0.400109,0.212267,0.977125,-0.0130214,-0.385723,0.922605,-0.00417525,0,0,0,0,0,0
000167,0.502214,0.708391,0.508036,228.963,23.3432,56.5081,0.0005,0.518078,0.784407,0.34103,-0.627367,0.687202,0.366284,0,0,0,0,0,0,0.996392,0.0816676,-0.0230916,-0.0972514,0.942465,-0.319848,0,0,0,0.639283,0.729217,-0.244047,-0.768639,0.604939,-0.207947,0.704697,0.29591,0.644857,-0.709388,0.180739,0.68125,-0.0679699,0.89921,0.432206,0,0,0,0.270984,0.613789,0.741506,-0.329933,0.564298,0.756777,0,0,0,0,0,0,0.872707,0.459532,0.16496,-0.927881,0.311007,0.205699,-0.928221,0.109111,-0.355669,0.878599,0.257889,-0.401941,0.212262,0.977105,-0.0145209,-0.385726,0.922614,-0.000175576,0,0,0,0,0,0
000168,0.506513,0.706297,0.500795,228.963,23.3432,56.5081,0.0005,0.517345,0.782418,0.346664,-0.627858,0.687743,0.364422,0,0,0,0,0,0,0.996544,0.0816801,-0.015094,-0.0970288,0.94005,-0.326944,0,0,0,0.639578,0.728796,-0.244533,-0.767022,0.603023,-0.219181,0.698605,0.292819,0.652846,-0.707612,0.180802,0.683078,-0.0678965,0.898129,0.434459,0,0,0,0.270369,0.607543,0.746855,-0.328411,0.561676,0.759385,0,0,0,0,0,0,0.871277,0.459348,0.172844,-0.92894,0.311361,0.200314,-0.923667,0.107574,-0.367788,0.878844,0.258482,-0.401025,0.212257,0.977083,-0.0160204,-0.385719,0.922596,-0.00617513,0,0,0,0,0,0
000169,0.508803,0.709585,0.501373,228.963,23.3432,56.5081,0.0005,0.516276,0.780823,0.351816,-0.627858,0.687743,0.364422,0,0,0,0,0,0,0.996607,0.0816852,-0.0100959,-0.097163,0.941505,-0.322688,0,0,0,0.640325,0.730385,-0.237741,-0.766713,0.603416,-0.219182,0.696795,0.292062,0.655115,-0.708935,0.181139,0.681616,-0.0677932,0.896606,0.437609,0,0,0,0.2693,0.606384,0.748182,0,0,0,0,0,0,0,0,0,0.870576,0.458417,0.178748,-0.929505,0.31155,0.197374,-0.922509,0.107942,-0.370576,0.880757,0.259041,-0.396441,0.212275,0.977159,-0.0100224,-0.385724,0.922609,-0.00317532,0,0,0,0,0,0
000170,0.502482,0.704163,0.503766,351.51,183.5,97.7397,0.0005,0.490157,0.790733,0.366725,-0.650103,0.639727,0.410018,-0.658252,0.305505,-0.68802,0,0,0,0.99088,0.129254,-0.0380868,-0.146428,0.949036,-0.279087,0,0,0,0.599333,0.767736,-0.226675,-0.798452,0.577782,-0.16924,0.703337,0.295538,0.646509,0,0,0,-0.0990845,0.874528,0.474745,0,0,0,0,0,0,0,0,0,0,0,0,0,0,0,0.85423,0.491641,0.169056,-0.936508,0.257622,0.237876,-0.938254,0.0827818,-0.335898,0.855212,0.318083,-0.40919,0.167376,0.985637,0.0224889,-0.426445,0.90336,0.0456728,-0.432512,0.731143,-0.527601,0,0,0
000171,0.505984,0.705317,0.507104,351.51,183.5,97.7397,0.0005,0.489766,0.790111,0.368584,-0.65184,0.641446,0.404539,-0.657717,0.307463,-0.687659,0,0,0,0.991249,0.128294,-0.0310918,-0.146507,0.949587,-0.277166,0,0,0,0.600304,0.76896,-0.219852,-0.798261,0.577025,-0.172688,0.70274,0.295288,0.647272,0,0,0,-0.0996806,0.875415,0.472982,0,0,0,0,0,0,0,0,0,0,0,0,0,0,0,0.85341,0.491172,0.174474,-0.938201,0.258087,0.230585,-0.936908,0.0826638,-0.339663,0.858429,0.318738,-0.401878,0.167365,0.985578,0.024988,-0.426925,0.903207,0.0441742,-0.431747,0.732814,-0.525907,0,0,0
000172,0.502511,0.705983,0.500464,351.51,183.5,97.7397,0.0005,0.489372,0.789485,0.370443,-0.648932,0.638569,0.413663,-0.657012,0.303269,-0.69019,0,0,0,0.990944,0.128758,-0.0380868,-0.146448,0.949174,-0.278607,0,0,0,0.599403,0.767825,-0.226188,-0.798521,0.577832,-0.168747,0.700947,0.294535,0.649556,0,0,0,-0.0988348,0.872156,0.47914,0,0,0,0,0,0,0,0,0,0,0,0,0,0,0,0.85411,0.490996,0.171519,-0.936047,0.257495,0.239818,-0.937582,0.082723,-0.337781,0.854617,0.31733,-0.411014,0.167363,0.985566,0.0254877,-0.426385,0.903232,0.0486693,-0.431817,0.730939,-0.528453,0,0,0
000173,0.50359,0.703384,0.505518,351.51,183.5,97.7397,0.0005,0.490352,0.791043,0.365794,-0.650974,0.64059,0.40728,-0.657929,0.30701,-0.687659,0,0,0,0.991018,0.128768,-0.0360883,-0.146408,0.948898,-0.279567,0,0,0,0.599473,0.767914,-0.225701,-0.798177,0.577582,-0.17121,0.703441,0.296124,0.646128,0,0,0,-0.0992085,0.875706,0.472544,0,0,0,0,0,0,0,0,0,0,0,0,0,0,0,0.854083,0.491557,0.170041,-0.937191,0.257809,0.234961,-0.937794,0.0822397,-0.33731,0.856343,0.317967,-0.406908,0.167378,0.985648,0.0219891,-0.426934,0.903227,0.0436747,-0.432512,0.731143,-0.527601,0,0,0
000174,0.502986,0.703903,0.503516,351.51,183.5,97.7397,0.0005,0.490157,0.790733,0.366725,-0.650394,0.640016,0.409106,-0.65805,0.304307,-0.688743,0,0,0,0.990963,0.128761,-0.0375872,-0.146388,0.948759,-0.280047,0,0,0,0.599333,0.767736,-0.226675,-0.798315,0.577682,-0.170225,0.703425,0.294491,0.646891,0,0,0,-0.0990845,0.874528,0.474745,0,0,0,0,0,0,0,0,0,0,0,0,0,0,0,0.854083,0.491557,0.170041,-0.936736,0.257684,0.236904,-0.937794,0.0822397,-0.33731,0.855386,0.317614,-0.40919,0.167376,0.985637,0.0224889,-0.426454,0.90338,0.0451733,-0.431518,0.731421,-0.52803,0,0,0
000175,0.500287,0.701046,0.504105,351.51,183.5,97.7397,0.0005,0.491321,0.792581,0.361136,-0.650248,0.639872,0.409562,-0.658974,0.306396,-0.686931,0,0,0,0.990743,0.128732,-0.0430826,-0.146268,0.947923,-0.282926,0,0,0,0.598476,0.766657,-0.232514,-0.798295,0.578286,-0.168254,0.705419,0.296411,0.643835,0,0,0,-0.0992579,0.876175,0.471662,0,0,0,0,0,0,0,0,0,0,0,0,0,0,0,0.855095,0.492135,0.163139,-0.935931,0.257463,0.240303,-0.939419,0.082884,-0.332599,0.853476,0.317441,-0.413291,0.167395,0.985744,0.0169903,-0.426482,0.903441,0.0436748,-0.432248,0.730686,-0.528451,0,0,0
000176,0.507237,0.700461,0.509686,351.51,183.5,97.7397,0.0005,0.490935,0.791968,0.363001,-0.653836,0.643422,0.398129,0,0,0,0,0,0,0.99123,0.128795,-0.0295928,-0.146288,0.948063,-0.282446,0,0,0,0.599891,0.76844,-0.222777,-0.796967,0.57732,-0.177611,0.704037,0.296374,0.645364,0,0,0,-0.100073,0.87915,0.465919,0,0,0,0,0,0,0,0,0,0,0,0,0,0,0,0.853711,0.491344,0.172504,-0.939542,0.257936,0.225231,-0.936569,0.0826341,-0.340603,0.859007,0.319484,-0.400046,0.16739,0.985717,0.01849,-0.42706,0.903499,0.036181,-0.431253,0.730963,-0.528879,0,0,0
000177,0.502793,0.702695,0.504169,351.51,183.5,97.7397,0.0005,0.490547,0.791352,0.364863,-0.650684,0.640303,0.408194,-0.656981,0.308223,-0.688022,0,0,0,0.990944,0.128758,-0.0380868,-0.146348,0.948482,-0.281007,0,0,0,0.599191,0.767558,-0.227648,-0.798246,0.577632,-0.170718,0.703635,0.295663,0.646128,0,0,0,-0.0991837,0.87547,0.472984,0,0,0,0,0,0,0,0,0,0,0,0,0,0,0,0.854626,0.491291,0.168071,-0.936851,0.257716,0.236418,-0.938042,0.0832652,-0.336369,0.855212,0.318083,-0.40919,0.167383,0.985679,0.0204895,-0.426482,0.903441,0.0436748,-0.431386,0.731192,-0.528455,0,0,0
000178,0.503632,0.704929,0.505775,351.51,183.5,97.7397,0.0005,0.490582,0.790469,0.366726,-0.650684,0.640303,0.408194,-0.659085,0.305344,-0.687293,0,0,0,0.991036,0.12877,-0.0355887,-0.146507,0.949587,-0.277166,0,0,0,0.599753,0.768266,-0.223752,-0.798384,0.577732,-0.169732,0.703828,0.295202,0.646128,0,0,0,-0.0991342,0.875,0.473865,0,0,0,0,0,0,0,0,0,0,0,0,0,0,0,0.853935,0.491472,0.171027,-0.937324,0.257327,0.234961,-0.938042,0.0832652,-0.336369,0.85655,0.318577,-0.405994,0.16737,0.985602,0.0239884,-0.426897,0.903146,0.0456726,-0.432178,0.732561,-0.525906,0,0,0
000179,0.508931,0.707633,0.505207,351.51,183.5,97.7397,0.0005,0.489003,0.787961,0.374156,-0.65184,0.641446,0.404539,-0.655644,0.305388,-0.690557,0,0,0,0.991416,0.128315,-0.0250959,-0.146585,0.950133,-0.275244,0,0,0,0.60098,0.769811,-0.214974,-0.797253,0.577528,-0.175642,0.698953,0.294241,0.651834,0,0,0,-0.0995068,0.873763,0.476063,0,0,0,0,0,0,0,0,0,0,0,0,0,0,0,0.852579,0.490121,0.18136,-0.939216,0.257847,0.226692,-0.934817,0.0829823,-0.345299,0.860116,0.319361,-0.397755,0.167342,0.985443,0.0299852,-0.426906,0.903167,0.0451732,-0.432081,0.731396,-0.527604,0,0,0
000180,0.506436,0.707039,0.507445,221.763,243.191,13.3657,0.0005,0.529686,0.751061,0.394133,-0.61825,0.672985,0.406027,-0.623928,0.361401,-0.692895,0,0,0,0.997682,0.0673563,-0.00969223,-0.0815812,0.962406,-0.259075,0,0,0,0.651822,0.733581,-0.192321,-0.757299,0.629247,-0.174772,0.706939,0.239093,0.665637,0,0,0,-0.0539408,0.870802,0.488666,0,0,0,0,0,0,0,0,0,0,0,0,0,0,0,0.878886,0.432891,0.200413,-0.924729,0.311834,0.218258,-0.92325,0.14682,-0.35504,0.884875,0.272279,-0.37797,0.227838,0.972438,0.0495383,-0.370711,0.927081,0.0556329,-0.376046,0.768083,-0.518303,0,0,0
000181,0.509757,0.703602,0.501267,221.763,243.191,13.3657,0.0005,0.529171,0.749485,0.397807,-0.618933,0.673732,0.403741,0,0,0,0,0,0,0.997722,0.0673591,-0.00369423,-0.0814259,0.960308,-0.266793,0,0,0,0.651254,0.733698,-0.193791,-0.755849,0.628036,-0.1851,0.701393,0.237745,0.671956,-0.708019,0.146808,0.690765,-0.0544003,0.870039,0.489973,0,0,0,0,0,0,0,0,0,0,0,0,0,0,0,0.877256,0.433205,0.206775,-0.925751,0.312178,0.213377,-0.919619,0.14675,-0.364369,0.884694,0.272224,-0.378432,0.227866,0.972555,0.0470416,-0.370835,0.927398,0.049142,-0.373563,0.762894,-0.527678,0,0,0
000182,0.500309,0.704532,0.501697,221.763,243.191,13.3657,0.0005,0.531121,0.752206,0.389995,-0.615392,0.670598,0.414235,-0.624278,0.358715,-0.693974,0,0,0,0.997483,0.0673429,-0.0221896,-0.0814847,0.961102,-0.263901,0,0,0,0.649787,0.732071,-0.20457,-0.758215,0.629361,-0.17034,0.707248,0.240253,0.66489,-0.701458,0.145968,0.697603,-0.0538617,0.869334,0.491281,0,0,0,0,0,0,0,0,0,0,0,0,0,0,0,0.880113,0.434606,0.191097,-0.922071,0.310939,0.230439,-0.92551,0.147178,-0.348956,0.879353,0.270593,-0.391812,0.227898,0.972688,0.044045,-0.370205,0.927161,0.0576298,-0.374812,0.76666,-0.521295,0,0,0
000183,0.506873,0.703344,0.500184,221.763,243.191,13.3657,0.0005,0.530157,0.750002,0.395514,-0.617976,0.672685,0.406941,-0.618505,0.358264,-0.699356,0,0,0,0.997687,0.0673567,-0.00919236,-0.0814061,0.960041,-0.267756,0,0,0,0.650356,0.733449,-0.197712,-0.756411,0.628506,-0.181168,0.702825,0.237702,0.670473,-0.705408,0.14576,0.693652,-0.0538749,0.869579,0.490846,0,0,0,0,0,0,0,0,0,0,0,0,0,0,0,0.878173,0.433655,0.201882,-0.924785,0.311325,0.218746,-0.921051,0.146977,-0.360642,0.88269,0.271612,-0.383517,0.227888,0.972645,0.0450439,-0.370798,0.927304,0.0511395,-0.372891,0.763806,-0.526832,0,0,0
000184,0.509205,0.703695,0.500195,221.763,243.191,13.3657,0.0005,0.529171,0.749485,0.397807,-0.618524,0.673284,0.405113,-0.617793,0.356698,-0.700784,0,0,0,0.997718,0.0673588,-0.00469382,-0.081416,0.960175,-0.267275,0,0,0,0.651124,0.733554,-0.194772,-0.755991,0.628155,-0.184118,0.700436,0.238477,0.672695,-0.706563,0.147019,0.69221,-0.0543739,0.869549,0.490844,0,0,0,0,0,0,0,0,0,0,0,0,0,0,0,0.877662,0.432847,0.205797,-0.925606,0.311602,0.214842,-0.919698,0.146257,-0.364369,0.88415,0.272058,-0.37982,0.227379,0.972669,0.0470413,-0.370826,0.927375,0.0496414,-0.372663,0.763331,-0.527682,0,0,0
000185,0.508805,0.707133,0.503828,221.763,243.191,13.3657,0.0005,0.528939,0.749161,0.398724,-0.61825,0.672985,0.406027,0,0,0,0,0,0,0.997715,0.0673586,-0.00519363,-0.0815429,0.961887,-0.261006,0,0,0,0.651704,0.734197,-0.190358,-0.756688,0.628737,-0.179201,0.702982,0.238283,0.670102,-0.708796,0.146458,0.690042,-0.0543607,0.869304,0.49128,0,0,0,0,0,0,0,0,0,0,0,0,0,0,0,0.877348,0.43325,0.206286,-0.925243,0.312007,0.215818,-0.92113,0.146484,-0.360642,0.885236,0.272389,-0.377044,0.227814,0.97234,0.0515353,-0.370731,0.927132,0.0546345,-0.3738,0.766862,-0.521725,0,0,0
000186,0.505132,0.708734,0.506517,221.763,243.191,13.3657,0.0005,0.529456,0.75074,0.395052,-0.61692,0.67227,0.409223,-0.624277,0.36218,-0.692173,0,0,0,0.997655,0.0673545,-0.0121916,-0.0816192,0.96292,-0.257143,0,0,0,0.651822,0.733581,-0.192321,-0.757764,0.629636,-0.171325,0.706142,0.240407,0.666009,-0.70768,0.146738,0.691127,-0.0538617,0.869334,0.491281,0,0,0,0,0,0,0,0,0,0,0,0,0,0,0,0.878755,0.433383,0.199923,-0.923999,0.311589,0.221672,-0.92395,0.146931,-0.353169,0.884003,0.272535,-0.37982,0.227814,0.97234,0.0515353,-0.370638,0.926894,0.0591269,-0.376044,0.769235,-0.516594,0,0,0
000187,0.501611,0.705883,0.501004,221.763,243.191,13.3657,0.0005,0.530437,0.751252,0.392756,-0.615761,0.67026,0.414235,-0.623626,0.35776,-0.695052,0,0,0,0.997535,0.0673465,-0.0196901,-0.0815042,0.961365,-0.262936,0,0,0,0.650195,0.732524,-0.201632,-0.75783,0.629691,-0.170833,0.706147,0.239353,0.666383,-0.702445,0.144639,0.696887,-0.0538086,0.868351,0.493022,0,0,0,0,0,0,0,0,0,0,0,0,0,0,0,0.879816,0.433903,0.194041,-0.922665,0.310612,0.228492,-0.924645,0.147041,-0.351298,0.880101,0.270821,-0.389971,0.227872,0.972578,0.0465422,-0.370184,0.927107,0.0586281,-0.374362,0.766879,-0.521296,0,0,0
000188,0.501505,0.700569,0.508566,221.763,243.191,13.3657,0.0005,0.532921,0.754718,0.382617,-0.61866,0.673434,0.404656,-0.625725,0.36244,-0.690729,0,0,0,0.997535,0.0673465,-0.0196901,-0.0814357,0.960441,-0.266311,0,0,0,0.649787,0.732071,-0.20457,-0.757246,0.629855,-0.172803,0.7118,0.241265,0.659645,-0.707782,0.146249,0.691127,-0.0541365,0.874437,0.48211,0,0,0,0,0,0,0,0,0,0,0,0,0,0,0,0.880624,0.434856,0.188152,-0.923842,0.311008,0.223134,-0.926026,0.14726,-0.34755,0.881401,0.271218,-0.386746,0.227957,0.972927,0.0380504,-0.370353,0.927537,0.050141,-0.374699,0.767583,-0.520016,0,0,0
000189,0.504453,0.704031,0.508372,221.763,243.191,13.3657,0.0005,0.531461,0.752681,0.388614,-0.61866,0.673434,0.404656,0,0,0,0,0,0,0.997635,0.0673532,-0.0136913,-0.0815236,0.961626,-0.261971,0,0,0,0.650796,0.73319,-0.197223,-0.757366,0.629303,-0.17428,0.70882,0.240785,0.663021,-0.709134,0.146527,0.68968,-0.0540455,0.872747,0.485173,0,0,0,0,0,0,0,0,0,0,0,0,0,0,0,0.879332,0.434223,0.195512,-0.924313,0.311694,0.220209,-0.924472,0.147013,-0.351766,0.883569,0.271357,-0.381669,0.227893,0.972667,0.0445445,-0.37076,0.927207,0.0531367,-0.375823,0.767615,-0.519158,0,0,0
000190,0.507175,0.709281,0.501024,145.035,11.4831,257.281,0.0005,0.493915,0.799587,0.341626,-0.645953,0.667274,0.370796,0,0,0,0,0,0,0.993,0.115528,-0.0245642,-0.132627,0.936097,-0.32578,0,0,0,0.612384,0.749767,-0.250669,-0.7893,0.576698,-0.210774,0.694506,0.318529,0.645136,-0.70519,0.160041,0.69072,-0.093465,0.895665,0.434797,0,0,0,0.256083,0.61891,0.742545,-0.337448,0.55284,0.761903,0,0,0,0,0,0,0.856694,0.488728,0.164988,-0.936579,0.280827,0.209657,-0.93057,0.075609,-0.358221,0.865753,0.287141,-0.409904,0.178967,0.983701,-0.0174301,-0.41662,0.909079,-0.00186731,-0.416633,0.708587,-0.569492,0,0,0
000191,0.505526,0.700805,0.504532,145.035,11.4831,257.281,0.0005,0.495894,0.803685,0.328909,-0.648116,0.66952,0.362889,0,0,0,0,0,0,0.992924,0.115016,-0.0295613,-0.132737,0.933082,-0.334273,0,0,0,0.610836,0.747901,-0.259853,-0.7887,0.576258,-0.214194,0.699676,0.320343,0.638619,-0.707654,0.160084,0.688185,-0.0935003,0.901266,0.423056,0,0,0,0,0,0,0,0,0,0,0,0,0,0,0,0.858401,0.48912,0.154626,-0.936979,0.280947,0.207702,-0.932031,0.0752254,-0.354484,0.864581,0.286756,-0.412639,0.178907,0.983395,-0.0304244,-0.416592,0.909016,-0.0118667,-0.417214,0.705599,-0.572768,0,0,0
000192,0.503214,0.702561,0.509957,145.035,11.4831,257.281,0.0005,0.496927,0.804392,0.325602,-0.647864,0.669258,0.363821,0,0,0,0,0,0,0.992815,0.115003,-0.0330593,-0.132521,0.935287,-0.328142,0,0,0,0.611166,0.7483,-0.257921,-0.789678,0.577596,-0.206862,0.703517,0.322648,0.633216,-0.709775,0.16005,0.686005,-0.0935608,0.901897,0.421697,0,0,0,0,0,0,-0.342009,0.559387,0.75506,0,0,0,0,0,0,0.858684,0.489856,0.150673,-0.936234,0.281246,0.210635,-0.934788,0.0759495,-0.346992,0.864934,0.286346,-0.412184,0.178918,0.983453,-0.0284254,-0.416155,0.909264,-0.00736705,-0.418775,0.710292,-0.565784,0,0,0
000193,0.508165,0.703715,0.503438,145.035,11.4831,257.281,0.0005,0.495172,0.801594,0.335041,-0.64799,0.669389,0.363355,0,0,0,0,0,0,0.993024,0.115531,-0.0235648,-0.132371,0.934142,-0.331446,0,0,0,0.612126,0.748673,-0.254539,-0.788353,0.576003,-0.216147,0.696555,0.319466,0.642458,-0.708771,0.159823,0.687096,-0.0938355,0.899524,0.426676,0,0,0,0.258127,0.62247,0.738851,-0.339815,0.556738,0.758003,0,0,0,0,0,0,0.857438,0.488575,0.161537,-0.937813,0.280674,0.204278,-0.930253,0.0750818,-0.359154,0.866299,0.286795,-0.408993,0.178442,0.983622,-0.0254266,-0.416599,0.909031,-0.0103668,-0.415632,0.706858,-0.572365,0,0,0
000194,0.50376,0.70748,0.506704,145.035,11.4831,257.281,0.0005,0.495527,0.80216,0.333156,-0.646338,0.667674,0.369403,0,0,0,0,0,0,0.992805,0.115506,-0.0315602,-0.132711,0.936741,-0.323889,0,0,0,0.612207,0.748771,-0.254056,-0.790009,0.57784,-0.204905,0.69984,0.321517,0.637848,-0.706873,0.16042,0.68891,-0.0931949,0.898083,0.42984,0,0,0,0.260084,0.623251,0.737506,-0.339421,0.556089,0.758655,0,0,0,0,0,0,0.858018,0.489478,0.155614,-0.935972,0.280646,0.21259,-0.93392,0.0758794,-0.349336,0.86513,0.28641,-0.411728,0.178952,0.983624,-0.0214284,-0.416166,0.909288,-0.00136735,-0.419059,0.710782,-0.56496,0,0,0
000195,0.502182,0.702019,0.506364,145.035,11.4831,257.281,0.0005,0.496841,0.804254,0.326075,-0.647104,0.668469,0.366613,0,0,0,0,0,0,0.992672,0.11549,-0.0355576,-0.132414,0.93447,-0.330503,0,0,0,0.610889,0.747184,-0.261784,-0.789889,0.577131,-0.207351,0.702571,0.321666,0.634763,-0.7062,0.160269,0.689634,-0.0934599,0.900845,0.423962,0,0,0,0.259844,0.626544,0.734795,-0.340635,0.557125,0.75735,0,0,0,0,0,0,0.859128,0.489532,0.14919,-0.935624,0.281063,0.213566,-0.934482,0.0754231,-0.34793,0.863204,0.286302,-0.415824,0.178913,0.983425,-0.0294249,-0.416154,0.90926,-0.00786702,-0.417492,0.709073,-0.568257,0,0,0
000196,0.505643,0.705735,0.502995,145.035,11.4831,257.281,0.0005,0.495172,0.801594,0.335041,-0.646594,0.66794,0.368473,0,0,0,0,0,0,0.992953,0.115019,-0.0285619,-0.132499,0.935124,-0.328615,0,0,0,0.611963,0.748477,-0.255506,-0.789089,0.577164,-0.210285,0.697639,0.319412,0.641308,-0.705864,0.160193,0.689996,-0.0931949,0.898083,0.42984,0,0,0,0.258301,0.621596,0.739526,-0.337548,0.555895,0.759632,0,0,0,0,0,0,0.857539,0.489207,0.159069,-0.936478,0.280797,0.210146,-0.93195,0.076222,-0.354484,0.864973,0.286885,-0.411728,0.178945,0.983592,-0.0229278,-0.416614,0.909064,-0.0058671,-0.417642,0.707336,-0.570308,0,0,0
000197,0.507717,0.702012,0.501003,145.035,11.4831,257.281,0.0005,0.49535,0.801877,0.334098,-0.647864,0.669258,0.363821,0,0,0,0,0,0,0.993046,0.11503,-0.025064,-0.132198,0.93282,-0.335217,0,0,0,0.610861,0.748715,-0.257437,-0.788298,0.575342,-0.218098,0.696179,0.318744,0.643224,-0.706536,0.160344,0.689272,-0.0938355,0.899524,0.426676,0,0,0,0,0,0,0,0,0,0,0,0,0,0,0,0.857648,0.488694,0.160057,-0.937375,0.281065,0.205745,-0.929895,0.0750529,-0.360087,0.864973,0.286885,-0.411728,0.178429,0.983556,-0.0279255,-0.41659,0.90901,-0.0123666,-0.414625,0.70512,-0.575232,0,0,0
000198,0.502174,0.701896,0.509786,145.035,11.4831,257.281,0.0005,0.497272,0.804942,0.323711,-0.648097,0.66878,0.364286,0,0,0,0,0,0,0.99269,0.115492,-0.035058,-0.132499,0.935124,-0.328615,0,0,0,0.610836,0.747901,-0.259853,-0.789844,0.577718,-0.205884,0.704092,0.322911,0.632442,-0.70855,0.160798,0.687096,-0.0935608,0.901897,0.421697,0,0,0,0.260842,0.62891,0.732417,0,0,0,0,0,0,0,0,0,0.858945,0.490003,0.148696,-0.936319,0.280227,0.211612,-0.935305,0.0759912,-0.345585,0.864306,0.285613,-0.414005,0.178913,0.983425,-0.0294249,-0.416155,0.909264,-0.00736705,-0.419496,0.709542,-0.566192,0,0,0
000199,0.507334,0.709968,0.503755,145.035,11.4831,257.281,0.0005,0.494096,0.799876,0.340686,-0.646338,0.667674,0.369403,0,0,0,0,0,0,0.993115,0.114535,-0.0245642,-0.132752,0.937062,-0.322943,0,0,0,0.61309,0.749834,-0.248734,-0.789553,0.576885,-0.209307,0.696179,0.318744,0.643224,-0.707319,0.160008,0.688547,-0.0935273,0.896313,0.433446,0,0,0,0.257581,0.619891,0.741207,-0.338436,0.554467,0.760282,0,0,0,0,0,0,0.856765,0.488768,0.164495,-0.936879,0.280917,0.208191,-0.931282,0.0756665,-0.356353,0.86688,0.286986,-0.407624,0.17897,0.983717,-0.0164306,-0.416621,0.90908,-0.000867386,-0.418639,0.709059,-0.56743,0,0,0
000200,0.505698,0.70448,0.500375,66.1674,164.815,21.3772,0.0005,0.554223,0.736981,0.386906,-0.594845,0.706608,0.383229,0,0,0,0,0,0,0.999691,0.0246615,0.00318941,-0.0366779,0.956616,-0.289035,0,0,0,0.684509,0.699717,-0.204556,-0.726841,0.655402,-0.205306,0.70182,0.225205,0.67582,-0.708966,0.19169,0.678692,-0.0250905,0.882156,0.470289,0,0,0,0,0,0,0,0,0,0,0,0,0,0,0,0.892929,0.400733,0.205159,-0.913461,0.355191,0.198564,-0.909158,0.176363,-0.377264,0.899022,0.224352,-0.376066,0.267938,0.963036,0.0277708,-0.332266,0.942825,0.0260862,0,0,0,0,0,0
000201,0.500805,0.706061,0.507122,66.1674,164.815,21.3772,0.0005,0.556998,0.738965,0.379057,-0.594352,0.706019,0.385076,0,0,0,0,0,0,0.999663,0.0251609,-0.00630997,-0.0367291,0.958473,-0.282808,0,0,0,0.683577,0.700198,-0.206022,-0.72847,0.656879,-0.194528,0.709329,0.227079,0.667299,-0.710078,0.191472,0.677589,-0.0251242,0.883796,0.467198,0,0,0,0,0,0,0,0,0,0,0,0,0,0,0,0.894554,0.402004,0.195362,-0.91242,0.354251,0.20493,-0.91398,0.177805,-0.364728,0.897802,0.224564,-0.378844,0.267945,0.963062,0.0267713,-0.331747,0.942856,0.031084,0,0,0,0,0,0
000202,0.504413,0.705448,0.507373,66.1674,164.815,21.3772,0.0005,0.555906,0.738359,0.38183,-0.59558,0.707486,0.380457,0,0,0,0,0,0,0.999683,0.0251614,0.00068971,-0.0367214,0.95819,-0.283767,0,0,0,0.68451,0.700428,-0.202108,-0.727666,0.656151,-0.19992,0.706947,0.226843,0.669902,-0.712689,0.192176,0.674642,-0.0251337,0.884263,0.466313,0,0,0,0,0,0,0,0,0,0,0,0,0,0,0,0.893764,0.401105,0.200753,-0.913187,0.355621,0.199053,-0.91191,0.176895,-0.370308,0.899992,0.225107,-0.373285,0.267938,0.963036,0.0277708,-0.332248,0.942774,0.0280854,0,0,0,0,0,0
000203,0.500736,0.700711,0.500138,66.1674,164.815,21.3772,0.0005,0.556714,0.739417,0.378593,-0.593969,0.706341,0.385076,0,0,0,0,0,0,0.99966,0.0251608,-0.00680995,-0.0366333,0.955012,-0.294296,0,0,0,0.682676,0.698581,-0.214333,-0.727034,0.656252,-0.201879,0.705822,0.225958,0.671385,-0.70614,0.19041,0.68199,-0.025129,0.884029,0.466756,0,0,0,0,0,0,0,0,0,0,0,0,0,0,0,0.894936,0.401628,0.194381,-0.912324,0.354214,0.205419,-0.911823,0.176369,-0.370772,0.895393,0.223967,-0.384851,0.267993,0.963228,0.0192738,-0.331814,0.94305,0.0235871,0,0,0,0,0,0
000204,0.505891,0.707492,0.50285,66.1674,164.815,21.3772,0.0005,0.55427,0.736217,0.38829,-0.594599,0.706314,0.384153,0,0,0,0,0,0,0.999662,0.025661,0.00418925,-0.0367214,0.95819,-0.283767,0,0,0,0.684506,0.701133,-0.199658,-0.727369,0.655881,-0.201879,0.702937,0.225037,0.674714,-0.710275,0.192043,0.677221,-0.025076,0.881449,0.471612,0,0,0,0,0,0,0,0,0,0,0,0,0,0,0,0.892443,0.401063,0.206626,-0.913461,0.355191,0.198564,-0.909986,0.177032,-0.374948,0.899992,0.225107,-0.373285,0.267901,0.962906,0.0322681,-0.332234,0.942733,0.0295847,0,0,0,0,0,0
000205,0.509062,0.700139,0.505554,66.1674,164.815,21.3772,0.0005,0.555674,0.738056,0.382754,-0.597754,0.710083,0.372119,0,0,0,0,0,0,0.999636,0.0251602,0.00968773,-0.0366497,0.955598,-0.292384,0,0,0,0.68451,0.700428,-0.202108,-0.726093,0.65405,-0.212151,0.704052,0.224868,0.673606,-0.714573,0.194237,0.672054,-0.0251765,0.886352,0.462328,0,0,0,0,0,0,0,0,0,0,0,0,0,0,0,0.892742,0.400649,0.206137,-0.915266,0.355892,0.188755,-0.908043,0.176147,-0.38004,0.901734,0.225024,-0.369108,0.267973,0.963157,0.0227729,-0.332326,0.943001,0.0175886,0,0,0,0,0,0
000206,0.501837,0.703628,0.502889,66.1674,164.815,21.3772,0.0005,0.555738,0.738964,0.380904,-0.594981,0.705992,0.384152,0,0,0,0,0,0,0.999674,0.0251612,-0.00431002,-0.0366819,0.95676,-0.288557,0,0,0,0.683496,0.699407,-0.208957,-0.727666,0.656151,-0.19992,0.706613,0.225686,0.670644,-0.707852,0.191907,0.679792,-0.0251146,0.883328,0.468082,0,0,0,0,0,0,0,0,0,0,0,0,0,0,0,0.89449,0.401429,0.196833,-0.91243,0.354791,0.203951,-0.912092,0.17693,-0.369843,0.897186,0.223897,-0.380694,0.267963,0.963123,0.0242724,-0.331781,0.942953,0.0275857,0,0,0,0,0,0
000207,0.509805,0.701075,0.501932,66.1674,164.815,21.3772,0.0005,0.55474,0.736833,0.386446,-0.597035,0.709224,0.374902,0,0,0,0,0,0,0.999633,0.0246601,0.0111871,-0.0366415,0.955306,-0.29334,0,0,0,0.684581,0.700499,-0.201618,-0.725522,0.654207,-0.213616,0.700378,0.22527,0.677292,-0.71308,0.193317,0.673904,-0.0251385,0.884496,0.465871,0,0,0,0,0,0,0,0,0,0,0,0,0,0,0,0.891873,0.400809,0.209559,-0.915178,0.355858,0.189246,-0.906731,0.175894,-0.383275,0.901434,0.225464,-0.369572,0.26796,0.963112,0.0247722,-0.33232,0.942984,0.0185883,0,0,0,0,0,0
000208,0.502771,0.70844,0.503256,66.1674,164.815,21.3772,0.0005,0.554857,0.736987,0.385985,-0.593608,0.70513,0.387843,0,0,0,0,0,0,0.999681,0.0251614,-0.00231009,-0.0367369,0.958755,-0.281849,0,0,0,0.684438,0.700356,-0.202597,-0.727918,0.657054,-0.195999,0.705334,0.225278,0.672126,-0.707721,0.19239,0.679792,-0.0250663,0.880977,0.472494,0,0,0,0,0,0,0,0,0,0,0,0,0,0,0,0.893375,0.401479,0.201732,-0.912334,0.354754,0.20444,-0.912092,0.17693,-0.369843,0.898473,0.224216,-0.377456,0.267905,0.962921,0.0317684,-0.332192,0.942614,0.0335823,0,0,0,0,0,0
000209,0.508813,0.708322,0.507072,66.1674,164.815,21.3772,0.0005,0.553635,0.73621,0.389209,-0.595824,0.707778,0.379532,0,0,0,0,0,0,0.999636,0.0251602,0.00968773,-0.0367446,0.959037,-0.280889,0,0,0,0.686053,0.701271,-0.193779,-0.727144,0.655677,-0.203348,0.703579,0.225242,0.673975,-0.714834,0.193272,0.672055,-0.0250953,0.882391,0.469848,0,0,0,0,0,0,0,0,0,0,0,0,0,0,0,0.891777,0.400766,0.210048,-0.914555,0.355616,0.19268,-0.909343,0.176399,-0.376801,0.902925,0.224804,-0.366319,0.267878,0.962825,0.034766,-0.332239,0.942747,0.0290849,0,0,0,0,0,0
000210,0.509381,0.708514,0.509847,119.826,302.829,234.592,0.0005,0.505841,0.761296,0.405652,-0.63983,0.644476,0.418651,-0.642677,0.349758,-0.681642,0,0,0,0.994655,0.102764,-0.0100766,-0.117911,0.963919,-0.238657,0,0,0,0.624241,0.760711,-0.177881,-0.780177,0.604698,-0.1602,0.703044,0.25127,0.665277,0,0,0,-0.0812408,0.859738,0.504232,0,0,0,0,0,0,0,0,0,0,0,0,0,0,0,0.863039,0.460765,0.207025,-0.934722,0.274891,0.225231,-0.929596,0.120086,-0.348468,0.873844,0.311677,-0.373167,0.192983,0.978828,0.0682094,-0.402899,0.912234,0.0741682,-0.4071,0.76425,-0.500192,0,0,0
000211,0.501449,0.70131,0.504899,119.826,302.829,234.592,0.0005,0.508832,0.764836,0.395116,-0.637401,0.642727,0.424997,-0.643334,0.347838,-0.682004,0.525468,0.48171,-0.701313,0.994303,0.10323,-0.0265708,-0.117627,0.961376,-0.248838,0,0,0,0.621578,0.758296,-0.19654,-0.780676,0.605087,-0.15625,0.705829,0.25333,0.661536,0,0,0,-0.0808503,0.861038,0.502073,0,0,0,0,0,0,0,0,0,0,0,0,0,0,0,0.865854,0.462258,0.191348,-0.931975,0.273564,0.237876,-0.932773,0.120999,-0.339548,0.866989,0.308719,-0.391182,0.193631,0.97949,0.0557354,-0.402514,0.912603,0.0716752,-0.406146,0.761342,-0.505376,0,0,0
000212,0.505862,0.709863,0.503679,119.826,302.829,234.592,0.0005,0.504742,0.760561,0.40839,-0.636857,0.641465,0.42771,-0.641898,0.347622,-0.683467,0.51886,0.48989,-0.700565,0.994569,0.102755,-0.0165741,-0.117911,0.963919,-0.238657,0,0,0,0.623336,0.760406,-0.182305,-0.780738,0.605135,-0.155756,0.700824,0.251537,0.667514,0,0,0,-0.0804395,0.856246,0.510266,0,0,0,0,0,0,0,0,0,0,0,0,0,0,0,0.863493,0.461006,0.204579,-0.932628,0.274276,0.234475,-0.930457,0.120197,-0.346124,0.870644,0.310544,-0.381498,0.193453,0.97863,0.0697058,-0.402731,0.911846,0.0796516,-0.405985,0.764274,-0.501061,0,0,0
000213,0.501222,0.703813,0.504713,119.826,302.829,234.592,0.0005,0.508278,0.764014,0.397411,-0.637157,0.641769,0.426806,-0.643694,0.348604,-0.681274,0.524631,0.483655,-0.7006,0.994303,0.10323,-0.0265708,-0.117723,0.962235,-0.245447,0,0,0,0.622214,0.75828,-0.194579,-0.780982,0.605325,-0.15378,0.705518,0.253218,0.66191,0,0,0,-0.0807214,0.859533,0.504665,0,0,0,0,0,0,0,0,0,0,0,0,0,0,0,0.86592,0.461727,0.19233,-0.931491,0.273943,0.239332,-0.933006,0.120525,-0.339078,0.867189,0.30932,-0.390261,0.193596,0.979322,0.0587303,-0.402412,0.912368,0.0751657,-0.405962,0.76315,-0.502789,0,0,0
000214,0.509786,0.702251,0.509537,119.826,302.829,234.592,0.0005,0.507193,0.7633,0.400161,-0.641938,0.645899,0.413195,-0.640641,0.349214,-0.683834,0,0,0,0.994603,0.103261,-0.0100766,-0.117668,0.961746,-0.247385,0,0,0,0.62316,0.760195,-0.183779,-0.779339,0.604045,-0.166612,0.703501,0.251965,0.66453,0,0,0,-0.0815402,0.863234,0.498175,0,0,0,0,0,0,0,0,0,0,0,0,0,0,0,0.863674,0.461102,0.2036,-0.935473,0.275111,0.221821,-0.928903,0.119997,-0.350342,0.873139,0.311428,-0.375021,0.19359,0.979293,0.0592294,-0.403148,0.91281,0.0651905,-0.405587,0.761352,-0.505809,0,0,0
000215,0.506372,0.70179,0.505722,119.826,302.829,234.592,0.0005,0.507416,0.763631,0.399245,-0.639536,0.644178,0.419558,-0.639861,0.349927,-0.684199,0.51893,0.487242,-0.702358,0.994517,0.103252,-0.0165741,-0.117627,0.961376,-0.248838,0,0,0,0.622443,0.759335,-0.189672,-0.779794,0.6044,-0.16316,0.702851,0.252794,0.664903,0,0,0,-0.0808931,0.861537,0.501208,0,0,0,0,0,0,0,0,0,0,0,0,0,0,0,0.864474,0.461526,0.199194,-0.933741,0.274603,0.229612,-0.93005,0.120649,-0.347062,0.870104,0.310353,-0.382884,0.193608,0.979379,0.057732,-0.403069,0.912626,0.0681836,-0.405235,0.760678,-0.507102,0,0,0
000216,0.500487,0.705072,0.503161,119.826,302.829,234.592,0.0005,0.507416,0.763631,0.399245,-0.63661,0.640502,0.429517,-0.642497,0.350799,-0.681277,0.524792,0.482446,-0.701313,0.994262,0.103226,-0.0280703,-0.11775,0.962479,-0.244478,0,0,0,0.622214,0.75828,-0.194579,-0.780917,0.605908,-0.151804,0.705063,0.252524,0.66266,0,0,0,-0.0806134,0.858273,0.506822,0,0,0,0,0,0,0,0,0,0,0,0,0,0,0,0.86592,0.461727,0.19233,-0.930798,0.273739,0.242244,-0.933174,0.120546,-0.338607,0.866452,0.309059,-0.392102,0.193572,0.979205,0.0607266,-0.402336,0.912192,0.0776583,-0.406845,0.762682,-0.502785,0,0,0
000217,0.506642,0.70771,0.501071,119.826,302.829,234.592,0.0005,0.505158,0.760284,0.408392,-0.637157,0.641769,0.426806,-0.639016,0.347186,-0.686383,0,0,0,0.994585,0.102757,-0.0155744,-0.117791,0.962842,-0.243023,0,0,0,0.623042,0.760054,-0.184761,-0.78024,0.604747,-0.159706,0.69942,0.250503,0.669373,0,0,0,-0.0804395,0.856246,0.510266,0,0,0,0,0,0,0,0,0,0,0,0,0,0,0,0.863638,0.460517,0.205069,-0.932852,0.274342,0.233503,-0.929141,0.119523,-0.349874,0.869923,0.310289,-0.383346,0.193487,0.978798,0.0672123,-0.402824,0.912061,0.076661,-0.40482,0.762044,-0.505381,0,0,0
000218,0.500434,0.708393,0.500002,119.826,302.829,234.592,0.0005,0.505651,0.761909,0.404737,-0.634433,0.639009,0.434928,-0.641779,0.349267,-0.682739,0.523857,0.482945,-0.701668,0.994276,0.103227,-0.0275705,-0.117844,0.963323,-0.241083,0,0,0,0.622524,0.758651,-0.192126,-0.781155,0.606094,-0.149827,0.702562,0.251628,0.66565,0,0,0,-0.0803302,0.854973,0.512414,0,0,0,0,0,0,0,0,0,0,0,0,0,0,0,0.86532,0.461409,0.195763,-0.930096,0.273533,0.245154,-0.932669,0.120481,-0.340018,0.866099,0.309465,-0.392562,0.193501,0.978863,0.0662147,-0.402177,0.911825,0.0826417,-0.406962,0.762905,-0.502353,0,0,0
000219,0.504358,0.706191,0.500091,119.826,302.829,234.592,0.0005,0.505841,0.761296,0.405652,-0.636556,0.64116,0.428614,-0.638659,0.34927,-0.685656,0.525209,0.481473,-0.701669,0.994495,0.102747,-0.0205728,-0.117736,0.962357,-0.244963,0,0,0,0.622117,0.759725,-0.18918,-0.780184,0.605337,-0.157732,0.700027,0.251782,0.668258,0,0,0,-0.0804613,0.856501,0.509836,0,0,0,0,0,0,0,0,0,0,0,0,0,0,0,0.86412,0.461339,0.201153,-0.931807,0.274556,0.23739,-0.930286,0.120175,-0.346593,0.868106,0.309645,-0.387959,0.193527,0.978991,0.0642193,-0.402824,0.912061,0.076661,-0.40547,0.761127,-0.50624,0,0,0
000220,0.500379,0.709393,0.50334,121.264,169.596,198.733,0.0005,0.512288,0.772839,0.374542,-0.630376,0.662353,0.404863,0,0,0,0,0,0,0.995342,0.0924537,-0.027324,-0.107634,0.95465,-0.277592,0,0,0,0.630408,0.745222,-0.217324,-0.775353,0.606557,-0.175831,0.703517,0.273062,0.656125,-0.702789,0.143473,0.69678,-0.0741767,0.876503,0.475647,0,0,0,0,0,0,0,0,0,0,0,0,0,0,0,0.869149,0.4605,0.180333,-0.928629,0.292074,0.228781,-0.930886,0.116035,-0.346391,0.871784,0.284222,-0.399012,0.202828,0.978801,0.0284468,-0.393759,0.9181,0.0452268,-0.398193,0.747696,-0.531406,0,0,0
000221,0.508262,0.702606,0.504058,121.264,169.596,198.733,0.0005,0.512392,0.772994,0.374078,-0.634748,0.666972,0.390183,-0.632103,0.32639,-0.702792,0,0,0,0.995632,0.0924806,-0.0128289,-0.107334,0.951698,-0.287663,0,0,0,0.63076,0.745632,-0.214883,-0.772508,0.604956,-0.193031,0.700141,0.271757,0.660266,-0.709246,0.144776,0.689935,-0.0750172,0.880928,0.467268,0,0,0,0,0,0,0,0,0,0,0,0,0,0,0,0.867762,0.459769,0.188685,-0.932055,0.293674,0.212201,-0.925982,0.115429,-0.35949,0.875721,0.285499,-0.389363,0.202375,0.979073,0.0214498,-0.394444,0.918439,0.0297387,-0.395023,0.742703,-0.540693,0,0,0
000222,0.506033,0.707904,0.501731,121.264,169.596,198.733,0.0005,0.511236,0.771276,0.379173,-0.632309,0.664395,0.398453,0,0,0,0,0,0,0.995581,0.0924759,-0.0163276,-0.107507,0.953398,-0.281912,0,0,0,0.631039,0.745956,-0.21293,-0.773624,0.605833,-0.185666,0.699886,0.270586,0.661017,0,0,0,-0.0742131,0.876977,0.474767,0,0,0,0,0,0,0,0,0,0,0,0,0,0,0,0.867678,0.459725,0.189176,-0.930765,0.292745,0.219035,-0.92711,0.115065,-0.356689,0.874451,0.285613,-0.392124,0.202828,0.978801,0.0284468,-0.394325,0.918155,0.038733,-0.396587,0.744619,-0.5369,0,0,0
000223,0.509272,0.707909,0.502111,121.264,169.596,198.733,0.0005,0.510705,0.770487,0.381484,-0.6334,0.665547,0.394781,-0.631707,0.325622,-0.703503,0,0,0,0.995707,0.0919855,-0.0103299,-0.107507,0.953398,-0.281912,0,0,0,0.631971,0.746272,-0.209022,-0.773193,0.604858,-0.190577,0.697363,0.270683,0.663639,-0.708867,0.14317,0.690659,-0.0747295,0.877172,0.474325,0,0,0,0,0,0,0,0,0,0,0,0,0,0,0,0.866511,0.459675,0.194572,-0.932002,0.293133,0.213178,-0.925149,0.114823,-0.361821,0.876489,0.286273,-0.387059,0.202819,0.978758,0.0299458,-0.394361,0.918241,0.0362349,-0.396089,0.743665,-0.538586,0,0,0
000224,0.507938,0.705801,0.505514,121.264,169.596,198.733,0.0005,0.511973,0.772372,0.375932,-0.634211,0.666404,0.392023,-0.633513,0.328245,-0.700654,0,0,0,0.995632,0.0924806,-0.0128289,-0.107478,0.953117,-0.282871,0,0,0,0.631628,0.745874,-0.211465,-0.773108,0.605428,-0.189104,0.700937,0.271529,0.659515,-0.71012,0.143933,0.689212,-0.0749099,0.879526,0.469918,0,0,0,0,0,0,0,0,0,0,0,0,0,0,0,0.86736,0.460122,0.189667,-0.932002,0.293133,0.213178,-0.926756,0.115021,-0.357623,0.876275,0.285678,-0.387981,0.202842,0.978868,0.0259481,-0.394388,0.918306,0.0342362,-0.396587,0.744619,-0.5369,0,0,0
000225,0.506732,0.705861,0.501566,121.264,169.596,198.733,0.0005,0.511553,0.771747,0.377784,-0.632992,0.665116,0.396159,0,0,0,0,0,0,0.995597,0.0924773,-0.015328,-0.107421,0.952553,-0.284788,0,0,0,0.631523,0.744985,-0.214885,-0.773182,0.605486,-0.188613,0.698727,0.271746,0.661766,-0.706734,0.143249,0.692826,-0.0742855,0.877922,0.473006,0,0,0,0,0,0,0,0,0,0,0,0,0,0,0,0.867444,0.460166,0.189176,-0.931181,0.292876,0.217083,-0.926462,0.114481,-0.358557,0.874606,0.285137,-0.392124,0.202842,0.978868,0.0259481,-0.394368,0.918258,0.0357352,-0.396723,0.742719,-0.539425,0,0,0
000226,0.509624,0.705342,0.504709,121.264,169.596,198.733,0.0005,0.511553,0.771747,0.377784,-0.635111,0.666628,0.390182,0,0,0,0,0,0,0.995666,0.0924837,-0.00983015,-0.10745,0.952835,-0.28383,0,0,0,0.631453,0.746437,-0.209999,-0.772891,0.604622,-0.19254,0.699397,0.270933,0.661392,-0.710696,0.144559,0.688487,-0.0749099,0.879526,0.469918,0,0,0,0,0,0,0,0,0,0,0,0,0,0,0,0.866853,0.459855,0.19261,-0.932608,0.293323,0.210246,-0.925446,0.115363,-0.360889,0.877011,0.285917,-0.386138,0.202842,0.978868,0.0259481,-0.394414,0.918367,0.0322374,-0.395647,0.743899,-0.538588,0,0,0
000227,0.506736,0.707042,0.50667,121.264,169.596,198.733,0.0005,0.511557,0.772648,0.375931,-0.633671,0.665833,0.393862,0,0,0,0,0,0,0.995604,0.092478,-0.0148281,-0.107564,0.953957,-0.279993,0,0,0,0.63201,0.745551,-0.211466,-0.774167,0.604988,-0.186157,0.702166,0.272004,0.65801,-0.71012,0.143933,0.689212,-0.0743937,0.879333,0.470361,0,0,0,0,0,0,0,0,0,0,0,0,0,0,0,0.867845,0.459813,0.188194,-0.931594,0.293005,0.215131,-0.927816,0.115152,-0.35482,0.87612,0.286154,-0.387981,0.202837,0.978842,0.0269476,-0.394354,0.918224,0.0367346,-0.39733,0.746043,-0.534367,0,0,0
000228,0.509289,0.707617,0.507564,121.264,169.596,198.733,0.0005,0.511553,0.771747,0.377784,-0.63448,0.666689,0.391103,0,0,0,0,0,0,0.995666,0.0924837,-0.00983015,-0.107564,0.953957,-0.279993,0,0,0,0.632243,0.746587,-0.207067,-0.773416,0.605034,-0.189104,0.700937,0.271529,0.659515,-0.712044,0.144832,0.687035,-0.0743937,0.879333,0.470361,0,0,0,0,0,0,0,0,0,0,0,0,0,0,0,0.866853,0.459855,0.19261,-0.932508,0.293292,0.210735,-0.9264,0.114977,-0.358557,0.877954,0.286748,-0.38337,0.202335,0.978888,0.0289463,-0.394375,0.918274,0.0352356,-0.396888,0.746277,-0.534369,0,0,0
000229,0.509141,0.703681,0.504275,121.264,169.596,198.733,0.0005,0.511973,0.772372,0.375932,-0.634748,0.666972,0.390183,-0.632478,0.324895,-0.703146,0,0,0,0.995655,0.0924828,-0.0108297,-0.107363,0.951984,-0.286705,0,0,0,0.631802,0.74531,-0.212931,-0.77274,0.604502,-0.193521,0.699344,0.271985,0.661016,-0.709921,0.144913,0.689211,-0.0749815,0.880461,0.468152,0,0,0,0,0,0,0,0,0,0,0,0,0,0,0,0.867426,0.459592,0.190649,-0.932758,0.292847,0.210246,-0.925508,0.114867,-0.360889,0.87646,0.285738,-0.387521,0.202855,0.978928,0.0234493,-0.394438,0.918425,0.0302384,-0.39559,0.742709,-0.54027,0,0,0
000230,0.503563,0.707861,0.506123,147.951,48.8216,46.4646,0.0005,0.535936,0.767027,0.352762,-0.612983,0.700409,0.365621,0,0,0,0,0,0,0.998381,0.0556964,-0.0115464,-0.0694205,0.946522,-0.315084,0,0,0,0.660748,0.713668,-0.232574,-0.750144,0.626217,-0.212456,0.705425,0.270973,0.654943,-0.709719,0.194786,0.677021,-0.0482957,0.896892,0.439604,0,0,0,0,0,0,-0.321643,0.566246,0.758888,0,0,0,0,0,0,0.882571,0.435052,0.17832,-0.921556,0.333744,0.198365,-0.920451,0.134979,-0.366811,0.88873,0.238376,-0.39158,0.237987,0.971256,-0.0048696,-0.361321,0.932439,0.0022191,0,0,0,0,0,0
000231,0.504457,0.70657,0.505017,147.951,48.8216,46.4646,0.0005,0.535425,0.76717,0.353229,-0.612966,0.701151,0.364225,0,0,0,0,0,0,0.998402,0.0556976,-0.0095467,-0.0693812,0.945891,-0.316981,0,0,0,0.660955,0.713158,-0.233547,-0.749652,0.625804,-0.215386,0.704021,0.270969,0.656453,-0.709719,0.194786,0.677021,-0.0483159,0.897331,0.438706,0,0,0,0.280551,0.598098,0.750713,-0.319653,0.567806,0.758564,0,0,0,0,0,0,0.88241,0.434974,0.179304,-0.921835,0.333845,0.196895,-0.919651,0.135367,-0.368671,0.88873,0.238376,-0.39158,0.237984,0.971245,-0.0068692,-0.361322,0.932441,-0.000280734,0,0,0,0,0,0
000232,0.504603,0.707919,0.509282,147.951,48.8216,46.4646,0.0005,0.53614,0.767315,0.351826,-0.613324,0.701563,0.362828,0,0,0,0,0,0,0.998402,0.0556976,-0.0095467,-0.0694596,0.947148,-0.313186,0,0,0,0.660856,0.714512,-0.229655,-0.750062,0.626148,-0.212944,0.706162,0.271791,0.653808,-0.712325,0.195498,0.674072,-0.0483562,0.898205,0.436908,0,0,0,0.280771,0.600895,0.748393,0,0,0,0,0,0,0,0,0,0.882491,0.435013,0.178812,-0.92202,0.333912,0.195915,-0.920741,0.135527,-0.36588,0.890237,0.238777,-0.387897,0.237987,0.971258,-0.00436971,-0.361321,0.932441,0.00121917,0,0,0,0,0,0
000233,0.50748,0.708987,0.504993,147.951,48.8216,46.4646,0.0005,0.534294,0.765573,0.358368,-0.613205,0.701426,0.363293,0,0,0,0,0,0,0.998441,0.0556998,-0.00354795,-0.0694401,0.946835,-0.314135,0,0,0,0.661981,0.714248,-0.227223,-0.749558,0.625072,-0.217827,0.701564,0.270025,0.659465,-0.711349,0.195231,0.675179,-0.0487646,0.896206,0.44095,0,0,0,0.279745,0.596401,0.752362,-0.323197,0.56493,0.759209,0,0,0,0,0,0,0.881262,0.434411,0.186184,-0.922659,0.334143,0.192482,-0.917816,0.135098,-0.373314,0.890855,0.239459,-0.386053,0.23799,0.971266,-0.00187036,-0.361322,0.932441,0.000719208,0,0,0,0,0,0
000234,0.504261,0.701954,0.504447,147.951,48.8216,46.4646,0.0005,0.536439,0.768602,0.348547,-0.613917,0.702245,0.360497,0,0,0,0,0,0,0.998392,0.055697,-0.0105466,-0.0692413,0.943653,-0.323611,0,0,0,0.65978,0.712639,-0.238404,-0.748902,0.625175,-0.219778,0.704634,0.271204,0.655698,-0.710177,0.194393,0.676653,-0.0484263,0.899728,0.433757,0,0,0,0.28045,0.600219,0.749056,-0.322388,0.567567,0.757584,0,0,0,0,0,0,0.882668,0.435657,0.176352,-0.922374,0.333508,0.194934,-0.919358,0.134819,-0.3696,0.887972,0.238174,-0.393419,0.237967,0.971181,-0.0133682,-0.361315,0.932423,-0.00628048,0,0,0,0,0,0
000235,0.50343,0.703394,0.504126,147.951,48.8216,46.4646,0.0005,0.536237,0.768317,0.349484,-0.613205,0.701426,0.363293,0,0,0,0,0,0,0.998375,0.0556961,-0.0120463,-0.0692816,0.944297,-0.321718,0,0,0,0.660146,0.712299,-0.238405,-0.74932,0.625526,-0.217339,0.704454,0.271671,0.655698,-0.709197,0.194125,0.677757,-0.0483863,0.898859,0.435558,0,0,0,0,0,0,0,0,0,0,0,0,0,0,0,0.882668,0.435657,0.176352,-0.921742,0.333811,0.197385,-0.919833,0.135394,-0.368206,0.887462,0.238555,-0.394338,0.237972,0.9712,-0.0118684,-0.360852,0.932613,-0.00428058,0,0,0,0,0,0
000236,0.503697,0.708667,0.503665,147.951,48.8216,46.4646,0.0005,0.534503,0.766733,0.355565,-0.612005,0.700046,0.367947,0,0,0,0,0,0,0.998359,0.0561959,-0.0110465,-0.0694205,0.946522,-0.315084,0,0,0,0.660748,0.713668,-0.232574,-0.74998,0.62608,-0.213433,0.703587,0.270267,0.657207,-0.708675,0.193464,0.678492,-0.048245,0.895792,0.441848,0,0,0,0.279002,0.597167,0.75203,-0.319404,0.56533,0.760515,0,0,0,0,0,0,0.882028,0.435343,0.180287,-0.921369,0.333676,0.199345,-0.919942,0.135915,-0.367741,0.888222,0.238758,-0.3925,0.237988,0.97126,-0.00386983,-0.36132,0.932436,0.003219,0,0,0,0,0,0
000237,0.505226,0.70233,0.501211,147.951,48.8216,46.4646,0.0005,0.53573,0.767602,0.351825,-0.613562,0.701836,0.361896,0,0,0,0,0,0,0.998434,0.0551986,-0.00904678,-0.069221,0.94333,-0.324557,0,0,0,0.65978,0.712639,-0.238404,-0.748479,0.62482,-0.222217,0.70218,0.270262,0.658713,-0.708543,0.193947,0.678492,-0.0483663,0.898424,0.436458,0,0,0,0,0,0,-0.321705,0.565339,0.759538,0,0,0,0,0,0,0.882189,0.435422,0.179303,-0.922465,0.333541,0.194444,-0.917888,0.134603,-0.373314,0.887721,0.23759,-0.394339,0.23797,0.971194,-0.0123683,-0.361314,0.93242,-0.00678046,0,0,0,0,0,0
000238,0.507127,0.701982,0.506549,147.951,48.8216,46.4646,0.0005,0.536136,0.768174,0.349952,-0.615468,0.703267,0.355829,0,0,0,0,0,0,0.998437,0.0556995,-0.00454769,-0.0692615,0.943976,-0.322665,0,0,0,0.660508,0.713413,-0.234032,-0.748073,0.625132,-0.222704,0.703842,0.271436,0.656452,-0.713432,0.195281,0.672964,-0.0484561,0.900376,0.432405,0,0,0,0.281223,0.600682,0.748395,0,0,0,0,0,0,0,0,0,0.881947,0.435303,0.180779,-0.923198,0.334338,0.189537,-0.918,0.135125,-0.37285,0.890366,0.238294,-0.387897,0.237972,0.9712,-0.0118684,-0.361308,0.932405,-0.00878033,0,0,0,0,0,0
000239,0.506009,0.708182,0.509135,147.951,48.8216,46.4646,0.0005,0.535323,0.767026,0.353696,-0.61368,0.701972,0.361429,0,0,0,0,0,0,0.998426,0.0556989,-0.00654723,-0.0694596,0.947148,-0.313186,0,0,0,0.66117,0.714845,-0.227708,-0.750055,0.625489,-0.214898,0.705245,0.271439,0.654943,-0.7133,0.195764,0.672964,-0.0483462,0.897987,0.437358,0,0,0,0.279706,0.600983,0.748722,-0.323816,0.568064,0.756602,0,0,0,0,0,0,0.881784,0.435223,0.181762,-0.922738,0.33364,0.192972,-0.91976,0.135888,-0.368206,0.890984,0.238976,-0.386053,0.237988,0.971262,-0.00336995,-0.361321,0.932441,0.00121917,0,0,0,0,0,0
000240,0.509994,0.709914,0.509722,167.901,154.168,266.141,0.0005,0.489298,0.789459,0.370597,-0.652166,0.647643,0.394003,-0.654194,0.302803,-0.693066,0,0,0,0.991952,0.125183,-0.0190008,-0.142305,0.949585,-0.279351,0,0,0,0.605421,0.766776,-0.213357,-0.795081,0.5784,-0.182484,0.699058,0.297361,0.650304,0,0,0,-0.0989153,0.878643,0.46712,0,0,0,0,0,0,0,0,0,0,0,0,0,0,0,0.853102,0.488546,0.183139,-0.93978,0.263615,0.217535,-0.933326,0.0821561,-0.349504,0.865149,0.313625,-0.391352,0.170513,0.985018,0.0257785,-0.424104,0.904845,0.037298,-0.427901,0.731455,-0.530918,0,0,0
000241,0.502541,0.704113,0.504537,167.901,154.168,266.141,0.0005,0.491246,0.792556,0.361292,-0.650551,0.645324,0.400426,-0.653562,0.304164,-0.693066,0,0,0,0.991478,0.125627,-0.0344914,-0.141954,0.947057,-0.28798,0,0,0,0.603382,0.763439,-0.230416,-0.795735,0.578879,-0.178058,0.701548,0.298964,0.646878,0,0,0,-0.0984666,0.879163,0.466238,0,0,0,0,0,0,0,0,0,0,0,0,0,0,0,0.855071,0.490242,0.168868,-0.936867,0.262799,0.23069,-0.936503,0.0834397,-0.340588,0.858406,0.311725,-0.40739,0.170552,0.985238,0.0147829,-0.423674,0.905107,0.0357992,-0.427006,0.728893,-0.535146,0,0,0
000242,0.502195,0.701882,0.504918,167.901,154.168,266.141,0.0005,0.491822,0.79347,0.358493,-0.650622,0.646103,0.399051,-0.653351,0.304617,-0.693066,0,0,0,0.991443,0.125623,-0.0354907,-0.141855,0.946341,-0.290373,0,0,0,0.602628,0.763297,-0.232847,-0.795591,0.578773,-0.179042,0.70244,0.299343,0.645734,0,0,0,-0.0986108,0.88055,0.463582,0,0,0,0,0,0,0,0,0,0,0,0,0,0,0,0.855683,0.490016,0.166404,-0.936977,0.26283,0.230203,-0.936591,0.0824436,-0.340588,0.858001,0.311047,-0.40876,0.17056,0.985283,0.0112835,-0.42371,0.905185,0.0333008,-0.425875,0.728932,-0.535994,0,0,0
000243,0.509629,0.702995,0.504296,167.901,154.168,266.141,0.0005,0.490605,0.790599,0.366416,-0.652722,0.648199,0.392164,-0.649674,0.300148,-0.698452,0,0,0,0.991912,0.125178,-0.0209994,-0.141835,0.946197,-0.290851,0,0,0,0.603985,0.764988,-0.223599,-0.793954,0.577576,-0.189853,0.697064,0.297056,0.652579,0,0,0,-0.0990838,0.880264,0.464023,0,0,0,0,0,0,0,0,0,0,0,0,0,0,0,0.853405,0.489294,0.179698,-0.939675,0.263585,0.218023,-0.932058,0.0825464,-0.352781,0.862382,0.313159,-0.39778,0.170551,0.98523,0.0152828,-0.424221,0.9051,0.028803,-0.424534,0.726599,-0.540208,0,0,0
000244,0.508159,0.707542,0.500175,167.901,154.168,266.141,0.0005,0.488902,0.78883,0.372453,-0.650198,0.645679,0.400426,0,0,0,0,0,0,0.991919,0.124675,-0.0234979,-0.141994,0.947342,-0.287022,0,0,0,0.604586,0.764938,-0.222138,-0.79471,0.578129,-0.184942,0.694656,0.296032,0.655605,0,0,0,-0.098648,0.876075,0.471976,0,0,0,0,0,0,0,0,0,0,0,0,0,0,0,0.85334,0.488681,0.181664,-0.938398,0.263228,0.223873,-0.932233,0.0825619,-0.352313,0.861238,0.312215,-0.400989,0.170037,0.985197,0.0217806,-0.424119,0.904879,0.0362987,-0.426099,0.726312,-0.539361,0,0,0
000245,0.502569,0.70323,0.501874,167.901,154.168,266.141,0.0005,0.491054,0.79225,0.362224,-0.649772,0.645254,0.4018,-0.651885,0.302832,-0.695226,0,0,0,0.991523,0.125129,-0.0349911,-0.141874,0.946484,-0.289895,0,0,0,0.6027,0.763388,-0.232361,-0.79574,0.578263,-0.180025,0.700551,0.297997,0.648402,0,0,0,-0.0984183,0.878698,0.467122,0,0,0,0,0,0,0,0,0,0,0,0,0,0,0,0.855071,0.490242,0.168868,-0.936644,0.262737,0.231662,-0.935867,0.0828817,-0.342468,0.857616,0.310908,-0.409672,0.170555,0.985252,0.0137831,-0.423689,0.905139,0.0347998,-0.425772,0.72775,-0.537679,0,0,0
000246,0.503903,0.709394,0.505462,167.901,154.168,266.141,0.0005,0.489463,0.79066,0.367808,-0.649345,0.644827,0.403173,-0.655453,0.301735,-0.692342,0,0,0,0.991654,0.125146,-0.0309935,-0.142267,0.949308,-0.280311,0,0,0,0.604124,0.765162,-0.222624,-0.796163,0.579191,-0.175105,0.700551,0.297997,0.648402,0,0,0,-0.0982243,0.876833,0.470655,0,0,0,0,0,0,0,0,0,0,0,0,0,0,0,0.854251,0.489776,0.174286,-0.937088,0.262861,0.229716,-0.936163,0.0834098,-0.341528,0.860311,0.312412,-0.402819,0.170524,0.985079,0.02328,-0.424029,0.904683,0.0417942,-0.427901,0.731455,-0.530918,0,0,0
000247,0.500334,0.702165,0.506639,167.901,154.168,266.141,0.0005,0.492298,0.794226,0.356158,-0.650198,0.645679,0.400426,-0.656917,0.301865,-0.690897,0,0,0,0.991376,0.125111,-0.0389882,-0.141914,0.946771,-0.288937,0,0,0,0.602801,0.762714,-0.234306,-0.796092,0.57914,-0.175597,0.704515,0.300226,0.643057,-0.703392,0.122692,0.700133,-0.0986348,0.88078,0.463139,0,0,0,0,0,0,0,0,0,0,0,0,0,0,0,0.856184,0.490301,0.162952,-0.936173,0.263124,0.233121,-0.938188,0.083588,-0.335883,0.857423,0.310839,-0.410128,0.17056,0.985283,0.0112835,-0.423682,0.905123,0.0352995,-0.426674,0.730323,-0.533459,0,0,0
000248,0.502069,0.700394,0.500006,167.901,154.168,266.141,0.0005,0.491959,0.79275,0.359894,-0.650267,0.645041,0.401342,-0.649567,0.30451,-0.696661,0,0,0,0.99147,0.125122,-0.0364901,-0.141673,0.945037,-0.294676,0,0,0,0.60204,0.762564,-0.236735,-0.795448,0.578049,-0.181992,0.700057,0.29833,0.648783,0,0,0,-0.0984907,0.879394,0.465795,0,0,0,0,0,0,0,0,0,0,0,0,0,0,0,0.855362,0.490409,0.166897,-0.936532,0.262706,0.232149,-0.935652,0.0833647,-0.342937,0.856285,0.31096,-0.412407,0.170564,0.985303,0.00928368,-0.423731,0.90523,0.0318016,-0.424697,0.725879,-0.541047,0,0,0
000249,0.500701,0.702434,0.501552,167.901,154.168,266.141,0.0005,0.491535,0.793014,0.359893,-0.649698,0.644472,0.403173,-0.652936,0.302218,-0.694506,0,0,0,0.991333,0.125609,-0.0384886,-0.141835,0.946197,-0.290851,0,0,0,0.602261,0.762841,-0.235277,-0.795584,0.579388,-0.177074,0.701054,0.299297,0.647259,0,0,0,-0.0984425,0.878931,0.46668,0,0,0,0,0,0,0,0,0,0,0,0,0,0,0,0.855828,0.490098,0.165418,-0.93597,0.262548,0.23458,-0.936886,0.0829714,-0.339648,0.856262,0.31042,-0.412862,0.170559,0.985277,0.0117834,-0.423674,0.905107,0.0357992,-0.426204,0.727498,-0.537677,0,0,0
000250,0.503633,0.703515,0.505507,225.645,42.6381,36.9715,0.0005,0.523637,0.779493,0.343795,-0.624579,0.690455,0.364929,0,0,0,0,0,0,0.996996,0.0751568,-0.0186963,-0.0900586,0.942427,-0.322059,0,0,0,0.64454,0.72479,-0.243409,-0.762912,0.610339,-0.213192,0.704198,0.286909,0.649453,-0.708937,0.182321,0.681299,-0.0628971,0.898832,0.433757,0,0,0,0,0,0,-0.328041,0.562688,0.758796,0,0,0,0,0,0,0.875194,0.453174,0.16932,-0.926865,0.316217,0.202305,-0.924984,0.117205,-0.361479,0.880414,0.255245,-0.399652,0.218815,0.975645,-0.0153737,-0.379507,0.925182,-0.00347496,0,0,0,0,0,0
000251,0.504666,0.709285,0.5052,225.645,42.6381,36.9715,0.0005,0.521657,0.777475,0.351294,-0.623474,0.689227,0.369114,0,0,0,0,0,0,0.997048,0.0751607,-0.0156971,-0.0902599,0.944807,-0.31495,0,0,0,0.645371,0.726457,-0.236128,-0.763571,0.610869,-0.209282,0.702578,0.285711,0.651731,-0.708607,0.182237,0.681664,-0.0627072,0.895779,0.440054,0,0,0,0.273143,0.604139,0.748605,0,0,0,0,0,0,0,0,0,0.874353,0.452741,0.174737,-0.926673,0.316152,0.203284,-0.924688,0.116664,-0.362412,0.881752,0.25563,-0.396442,0.218838,0.97574,-0.00637572,-0.379506,0.92518,0.00402461,0,0,0,0,0,0
000252,0.509479,0.70838,0.503304,225.645,42.6381,36.9715,0.0005,0.521176,0.775882,0.355504,-0.624701,0.690591,0.364463,0,0,0,0,0,0,0.997148,0.0751682,-0.00670001,-0.0901666,0.943702,-0.31827,0,0,0,0.646372,0.726819,-0.232242,-0.762072,0.609664,-0.218074,0.698826,0.283649,0.656647,-0.711038,0.182342,0.6791,-0.063206,0.895745,0.440052,0,0,0,0.272206,0.602095,0.75059,0,0,0,0,0,0,0,0,0,0.873312,0.451643,0.182606,-0.928183,0.316666,0.195446,-0.921046,0.116207,-0.371713,0.884022,0.256282,-0.390928,0.218352,0.975855,-0.00537599,-0.379509,0.925188,-0.000475072,0,0,0,0,0,0
000253,0.50139,0.70598,0.507706,225.645,42.6381,36.9715,0.0005,0.523831,0.779777,0.342856,-0.623721,0.689501,0.368185,0,0,0,0,0,0,0.996914,0.0751506,-0.0226953,-0.0901934,0.944019,-0.317322,0,0,0,0.644702,0.72497,-0.242439,-0.763976,0.611195,-0.206837,0.706976,0.286957,0.646406,-0.708731,0.181752,0.681665,-0.0628701,0.898398,0.434658,0,0,0,0.27531,0.607665,0.744948,0,0,0,0,0,0,0,0,0,0.875872,0.45296,0.166363,-0.925994,0.31592,0.20671,-0.927119,0.117474,-0.355879,0.880029,0.255134,-0.400569,0.218824,0.975686,-0.0123743,-0.379046,0.925376,0.00202479,-0.382494,0.733215,-0.562222,0,0,0
000254,0.503416,0.707048,0.507075,225.645,42.6381,36.9715,0.0005,0.522639,0.778916,0.346609,-0.623967,0.689775,0.367255,0,0,0,0,0,0,0.996996,0.0751568,-0.0186963,-0.09022,0.944335,-0.316373,0,0,0,0.644894,0.725928,-0.239042,-0.76334,0.611325,-0.208793,0.705176,0.286226,0.648692,-0.709267,0.182405,0.680932,-0.0628161,0.897529,0.436459,0,0,0,0.274689,0.60631,0.746281,0,0,0,0,0,0,0,0,0,0.874967,0.453057,0.170798,-0.926577,0.316119,0.203774,-0.925762,0.116799,-0.359614,0.88118,0.255465,-0.397818,0.218831,0.975713,-0.00987486,-0.379508,0.925186,0.00202479,0,0,0,0,0,0
000255,0.509997,0.707645,0.503256,225.645,42.6381,36.9715,0.0005,0.521276,0.776029,0.355037,-0.624944,0.690861,0.363532,0,0,0,0,0,0,0.997155,0.0751687,-0.00570047,-0.0901397,0.943385,-0.319217,0,0,0,0.645999,0.727152,-0.232241,-0.761816,0.609458,-0.219538,0.698334,0.283989,0.657024,-0.711819,0.182026,0.678366,-0.0632333,0.896184,0.439154,0,0,0,0.271907,0.602643,0.750258,0,0,0,0,0,0,0,0,0,0.87323,0.451602,0.183097,-0.928551,0.316791,0.193485,-0.920677,0.11616,-0.372641,0.884349,0.255856,-0.390468,0.21835,0.97585,-0.00637569,-0.379508,0.925185,-0.00247499,0,0,0,0,0,0
000256,0.501464,0.707723,0.504201,225.645,42.6381,36.9715,0.0005,0.522956,0.778494,0.347079,-0.622731,0.688401,0.371901,0,0,0,0,0,0,0.996887,0.07565,-0.0221954,-0.0901934,0.944019,-0.317322,0,0,0,0.64441,0.725392,-0.241953,-0.763744,0.61165,-0.206348,0.704574,0.285982,0.649453,-0.705959,0.18156,0.684586,-0.0627345,0.896218,0.439156,0,0,0,0,0,0,-0.325895,0.559978,0.76172,0,0,0,0,0,0,0.875574,0.452807,0.168335,-0.925601,0.315786,0.208666,-0.926296,0.116866,-0.358214,0.879257,0.254913,-0.4024,0.218831,0.975713,-0.00987486,-0.379043,0.925368,0.00452457,0,0,0,0,0,0
000257,0.509731,0.705399,0.500802,225.645,42.6381,36.9715,0.0005,0.521476,0.776321,0.354102,-0.625066,0.690996,0.363066,0,0,0,0,0,0,0.997152,0.0751685,-0.00620024,-0.0900314,0.942105,-0.323005,0,0,0,0.645371,0.726457,-0.236128,-0.761386,0.609112,-0.221976,0.69742,0.283618,0.658154,-0.709472,0.182974,0.680566,-0.0632605,0.896622,0.438255,0,0,0,0.27114,0.602168,0.750917,-0.326034,0.561217,0.760748,0,0,0,0,0,0,0.873163,0.452129,0.182115,-0.928459,0.31676,0.193975,-0.920244,0.11661,-0.373568,0.88308,0.256012,-0.393227,0.218343,0.975822,-0.00987481,-0.379504,0.925174,-0.00547488,0,0,0,0,0,0
000258,0.508738,0.707127,0.501127,225.645,42.6381,36.9715,0.0005,0.521276,0.776029,0.355037,-0.624457,0.690319,0.365394,0,0,0,0,0,0,0.997137,0.0751674,-0.00819939,-0.0900993,0.942907,-0.320638,0,0,0,0.645529,0.726632,-0.235157,-0.761902,0.609527,-0.21905,0.698029,0.283865,0.657401,-0.708813,0.182805,0.681298,-0.063206,0.895745,0.440052,0,0,0,0.271438,0.60162,0.751249,-0.327624,0.558973,0.761716,0,0,0,0,0,0,0.873554,0.451768,0.181132,-0.927998,0.316603,0.196426,-0.921046,0.116207,-0.371713,0.882841,0.255423,-0.394146,0.218347,0.975839,-0.00787528,-0.379508,0.925185,-0.00247499,0,0,0,0,0,0
000259,0.509764,0.709694,0.509505,225.645,42.6381,36.9715,0.0005,0.521675,0.776614,0.353167,-0.625429,0.6914,0.361668,0,0,0,0,0,0,0.997155,0.0751687,-0.00570047,-0.0903258,0.945588,-0.312577,0,0,0,0.646693,0.727919,-0.227864,-0.762662,0.610138,-0.214657,0.701483,0.285807,0.652868,-0.714972,0.183348,0.674684,-0.0633013,0.897277,0.436907,0,0,0,0.274222,0.605291,0.747278,-0.329612,0.564404,0.756838,0,0,0,0,0,0,0.873163,0.452129,0.182115,-0.928643,0.316822,0.192994,-0.922633,0.11691,-0.367532,0.886028,0.256339,-0.386323,0.218354,0.975864,-0.00337666,-0.379509,0.925187,0.00102485,0,0,0,0,0,0
000260,0.500546,0.704765,0.501714,167.174,43.8918,317.87,0.0005,0.47994,0.811293,0.333858,-0.657142,0.647234,0.386332,0,0,0,0,0,0,0.989246,0.138791,-0.0461366,-0.157433,0.934548,-0.319117,0,0,0,0.590203,0.764151,-0.260257,-0.805276,0.561061,-0.191679,0.698238,0.330852,0.634824,-0.699611,0.134958,0.701663,-0.110412,0.891198,0.439972,0,0,0,0.250976,0.620839,0.742678,-0.343254,0.537852,0.769995,0,0,0,0,0,0,0.848276,0.50861,0.147458,-0.938951,0.255938,0.229929,-0.93924,0.0572329,-0.338457,0.850407,0.310024,-0.42508,0.155427,0.987678,-0.018295,-0.437468,0.89918,0.00983368,-0.438618,0.704533,-0.557895,0,0,0
000261,0.504108,0.702256,0.501902,167.174,43.8918,317.87,0.0005,0.479424,0.811404,0.334329,-0.659048,0.649121,0.379866,0,0,0,0,0,0,0.989522,0.13883,-0.0396429,-0.157233,0.933279,-0.322905,0,0,0,0.590759,0.764049,-0.259292,-0.804566,0.559343,-0.199524,0.696299,0.330488,0.637139,0,0,0,-0.110614,0.892939,0.436377,0,0,0,0,0,0,0,0,0,0,0,0,0,0,0,0.847762,0.508304,0.151413,-0.940349,0.256837,0.223111,-0.937024,0.0570991,-0.344566,0.852197,0.310672,-0.421002,0.155419,0.98763,-0.0207944,-0.437486,0.899217,0.00383402,-0.438429,0.701356,-0.562033,0,0,0
000262,0.504425,0.700719,0.504625,167.174,43.8918,317.87,0.0005,0.480454,0.812148,0.331029,-0.660122,0.650185,0.376163,0,0,0,0,0,0,0.989542,0.138833,-0.0391433,-0.157676,0.932877,-0.323849,0,0,0,0.590364,0.764355,-0.259291,-0.804198,0.559696,-0.200014,0.698024,0.331303,0.634824,-0.704321,0.136375,0.696658,-0.110814,0.894666,0.432774,0,0,0,0.25085,0.62449,0.739653,0,0,0,0,0,0,0,0,0,0.848213,0.507991,0.149931,-0.941254,0.256046,0.220186,-0.937398,0.0566208,-0.343627,0.852987,0.310958,-0.419188,0.15541,0.987575,-0.0232936,-0.437938,0.899005,0.000834116,-0.438298,0.702098,-0.561207,0,0,0
000263,0.508502,0.703146,0.503758,167.174,43.8918,317.87,0.0005,0.479249,0.810141,0.337626,-0.660655,0.650713,0.374309,0,0,0,0,0,0,0.989836,0.138874,-0.0306503,-0.157283,0.933598,-0.321958,0,0,0,0.59147,0.765764,-0.252525,-0.803453,0.559174,-0.204421,0.694568,0.329669,0.639448,-0.705839,0.137687,0.694862,-0.11116,0.893311,0.435475,0,0,0,0.249404,0.622279,0.742002,-0.34657,0.541203,0.766152,0,0,0,0,0,0,0.84702,0.50728,0.158821,-0.942511,0.256388,0.214331,-0.934769,0.0569628,-0.35066,0.855702,0.311409,-0.413279,0.154933,0.987756,-0.0182949,-0.437938,0.899005,0.000834116,-0.438559,0.700612,-0.562857,0,0,0
000264,0.506148,0.700264,0.503833,167.174,43.8918,317.87,0.0005,0.480628,0.811466,0.332445,-0.660655,0.650713,0.374309,0,0,0,0,0,0,0.989654,0.138849,-0.0361458,-0.157132,0.93264,-0.324797,0,0,0,0.590919,0.764253,-0.258326,-0.80362,0.559291,-0.203442,0.697089,0.330308,0.636368,-0.705005,0.136507,0.695941,-0.110814,0.894666,0.432774,0,0,0,0.25057,0.623805,0.740325,0,0,0,0,0,0,0,0,0,0.847889,0.507798,0.152402,-0.941887,0.256218,0.217259,-0.936304,0.0575565,-0.346443,0.853774,0.311242,-0.417371,0.15541,0.987575,-0.0232936,-0.437938,0.899004,-0.00116578,-0.437563,0.7009,-0.563274,0,0,0
000265,0.504248,0.700194,0.509654,167.174,43.8918,317.87,0.0005,0.481132,0.813276,0.327252,-0.661404,0.650751,0.372917,0,0,0,0,0,0,0.989592,0.138335,-0.0396429,-0.157308,0.933757,-0.321485,0,0,0,0.590998,0.764354,-0.257843,-0.804239,0.560334,-0.198054,0.701383,0.33234,0.630565,0,0,0,-0.111037,0.896591,0.428713,0,0,0,0,0,0,0,0,0,0,0,0,0,0,0,0.848212,0.508572,0.147953,-0.941308,0.257097,0.218723,-0.938562,0.057192,-0.340338,0.854361,0.311455,-0.416008,0.155408,0.987564,-0.0237934,-0.437489,0.899224,0.000334141,-0.439893,0.703742,-0.55789,0,0,0
000266,0.500151,0.709527,0.509808,167.174,43.8918,317.87,0.0005,0.480371,0.811038,0.333859,-0.657553,0.647641,0.384948,0,0,0,0,0,0,0.989338,0.138299,-0.0456371,-0.1575,0.938193,-0.308201,0,0,0,0.591548,0.765863,-0.252041,-0.806432,0.561869,-0.184313,0.701953,0.332609,0.629788,-0.703979,0.136309,0.697017,-0.110437,0.891416,0.439523,0,0,0,0.25238,0.624267,0.73932,0,0,0,0,0,0,0,0,0,0.848469,0.508144,0.147953,-0.939303,0.255516,0.228956,-0.94125,0.0573543,-0.332805,0.853552,0.31063,-0.41828,0.155445,0.98778,-0.0112969,-0.437431,0.899104,0.0163325,-0.442792,0.709427,-0.548314,0,0,0
000267,0.505644,0.70796,0.500065,167.174,43.8918,317.87,0.0005,0.478286,0.808538,0.342797,-0.657827,0.647912,0.384024,0,0,0,0,0,0,0.989619,0.139349,-0.0351467,-0.157532,0.935176,-0.317221,0,0,0,0.591865,0.765458,-0.252526,-0.804605,0.559981,-0.197564,0.693839,0.328217,0.640985,0,0,0,-0.110183,0.889222,0.444008,0,0,0,0.248639,0.617771,0.746014,-0.342418,0.53747,0.770633,0,0,0,0,0,0,0.84702,0.50728,0.158821,-0.940481,0.256354,0.223111,-0.935815,0.057026,-0.347849,0.853748,0.310702,-0.417826,0.155444,0.987774,-0.0117967,-0.437917,0.898961,0.00983364,-0.439016,0.702312,-0.560377,0,0,0
000268,0.503733,0.700499,0.502157,167.174,43.8918,317.87,0.0005,0.480283,0.811863,0.331973,-0.659452,0.649521,0.378478,0,0,0,0,0,0,0.989483,0.138825,-0.040642,-0.157132,0.93264,-0.324797,0,0,0,0.590042,0.763946,-0.261222,-0.804198,0.559696,-0.200014,0.696948,0.331348,0.635982,0,0,0,-0.110714,0.893804,0.434576,0,0,0,0.250289,0.62312,0.740997,0,0,0,0,0,0,0,0,0,0.848021,0.508458,0.149436,-0.940827,0.25593,0.222137,-0.937196,0.0571095,-0.344097,0.851801,0.310528,-0.421909,0.155408,0.987564,-0.0237934,-0.437488,0.899222,0.00183408,-0.43771,0.70114,-0.562861,0,0,0
000269,0.504331,0.70397,0.509412,167.174,43.8918,317.87,0.0005,0.480283,0.811863,0.331973,-0.660122,0.650185,0.376163,0,0,0,0,0,0,0.989561,0.138836,-0.0386438,-0.157556,0.935333,-0.316747,0,0,0,0.591631,0.765159,-0.253977,-0.804722,0.560672,-0.195113,0.700527,0.331935,0.631728,-0.707052,0.136902,0.693784,-0.110789,0.894451,0.433225,0,0,0,0.252477,0.625823,0.737971,-0.347585,0.543731,0.763899,0,0,0,0,0,0,0.847827,0.508343,0.150919,-0.94136,0.256075,0.219699,-0.938562,0.057192,-0.340338,0.854923,0.311127,-0.415099,0.155427,0.987678,-0.018295,-0.437932,0.898992,0.00533394,-0.440061,0.70593,-0.554986,0,0,0
000270,0.502014,0.704145,0.503688,152.812,215.469,194.752,0.0005,0.50857,0.772967,0.379313,-0.635966,0.653868,0.409883,-0.640067,0.334541,-0.691662,0,0,0,0.994569,0.10053,-0.0269481,-0.115721,0.955569,-0.271102,0,0,0,0.624034,0.75179,-0.213058,-0.779303,0.602707,-0.171554,0.704211,0.26898,0.657066,0,0,0,-0.0794697,0.872339,0.482399,0,0,0,0,0,0,0,0,0,0,0,0,0,0,0,0.866117,0.465237,0.182746,-0.931245,0.282087,0.230672,-0.931825,0.113084,-0.344839,0.868348,0.29713,-0.397096,0.195413,0.980119,0.0343655,-0.400765,0.914764,0.0509307,-0.403953,0.749687,-0.524206,0,0,0
000271,0.507081,0.707033,0.508442,152.812,215.469,194.752,0.0005,0.507093,0.771655,0.383933,-0.637945,0.655914,0.403488,-0.640911,0.334417,-0.69094,0,0,0,0.994804,0.100554,-0.0159521,-0.115868,0.956905,-0.266286,0,0,0,0.625187,0.753933,-0.20181,-0.778824,0.602335,-0.175001,0.70329,0.268629,0.658196,0,0,0,-0.0800274,0.873015,0.481082,0,0,0,0,0,0,0,0,0,0,0,0,0,0,0,0.864952,0.464048,0.191095,-0.933406,0.28274,0.220932,-0.930042,0.113372,-0.349527,0.873141,0.29823,-0.385595,0.195371,0.979919,0.039861,-0.401233,0.914587,0.0504312,-0.405567,0.7506,-0.521646,0,0,0
000272,0.507916,0.705312,0.507403,152.812,215.469,194.752,0.0005,0.50814,0.771424,0.383012,-0.638505,0.656493,0.401658,0,0,0,0,0,0,0.994819,0.100555,-0.0149525,-0.11578,0.956106,-0.269176,0,0,0,0.624991,0.7537,-0.203278,-0.778406,0.60201,-0.177954,0.702366,0.268277,0.659325,0,0,0,-0.0795692,0.873539,0.480207,0,0,0,0,0,0,0,0,0,0,0,0,0,0,0,0.864546,0.464399,0.192076,-0.933722,0.282836,0.219469,-0.929231,0.112771,-0.351869,0.87312,0.297694,-0.386057,0.195387,0.979995,0.0378628,-0.401291,0.914722,0.0474349,-0.404834,0.749214,-0.524202,0,0,0
000273,0.503104,0.708777,0.508807,152.812,215.469,194.752,0.0005,0.507518,0.772292,0.382086,-0.636251,0.654162,0.408971,-0.645201,0.332142,-0.688039,0,0,0,0.994645,0.100538,-0.0239492,-0.115984,0.957955,-0.262429,0,0,0,0.624475,0.753864,-0.204256,-0.780145,0.602728,-0.167612,0.705081,0.270382,0.655557,0,0,0,-0.0794297,0.871858,0.483274,0,0,0,0,0,0,0,0,0,0,0,0,0,0,0,0.865547,0.464933,0.186185,-0.931685,0.28222,0.228726,-0.932508,0.113167,-0.342961,0.871144,0.298079,-0.390202,0.195363,0.979879,0.04086,-0.401128,0.914344,0.0554239,-0.406341,0.753133,-0.517376,0,0,0
000274,0.505147,0.707232,0.507453,152.812,215.469,194.752,0.0005,0.507306,0.771974,0.38301,-0.637101,0.655041,0.406231,-0.641293,0.33518,-0.690216,0,0,0,0.994732,0.100546,-0.0199506,-0.115883,0.957037,-0.265804,0,0,0,0.62486,0.753545,-0.204257,-0.779473,0.602206,-0.172539,0.70324,0.26968,0.657819,0,0,0,-0.0794497,0.872099,0.482836,0,0,0,0,0,0,0,0,0,0,0,0,0,0,0,0.865371,0.464272,0.188641,-0.932553,0.282482,0.22483,-0.930966,0.11298,-0.347184,0.871697,0.298267,-0.388821,0.195371,0.979919,0.039861,-0.401202,0.914516,0.0519292,-0.405371,0.751298,-0.520794,0,0,0
000275,0.508283,0.702395,0.502015,152.812,215.469,194.752,0.0005,0.506986,0.771496,0.384395,-0.638225,0.656204,0.402573,-0.635985,0.329596,-0.697775,0,0,0,0.994819,0.100555,-0.0149525,-0.115571,0.95421,-0.275911,0,0,0,0.62401,0.753313,-0.20768,-0.777927,0.601006,-0.183363,0.699099,0.267566,0.663075,-0.706571,0.129249,0.695739,-0.0795095,0.87282,0.481522,0,0,0,0,0,0,0,0,0,0,0,0,0,0,0,0.864462,0.464354,0.192567,-0.933867,0.282357,0.219469,-0.927534,0.112062,-0.356544,0.871328,0.298142,-0.389742,0.194922,0.980216,0.0343653,-0.401371,0.914909,0.0429397,-0.402861,0.745483,-0.530998,0,0,0
000276,0.501334,0.709471,0.503533,152.812,215.469,194.752,0.0005,0.507404,0.771221,0.384396,-0.63403,0.652586,0.414894,-0.642447,0.332962,-0.690216,0,0,0,0.994606,0.100031,-0.0274479,-0.11594,0.957563,-0.263876,0,0,0,0.624395,0.752994,-0.207681,-0.780102,0.603328,-0.16564,0.703775,0.268279,0.65782,-0.703151,0.126598,0.699679,-0.0792085,0.869196,0.488082,0,0,0,0,0,0,0,0,0,0,0,0,0,0,0,0.865629,0.464977,0.185694,-0.930466,0.281852,0.234076,-0.932508,0.113167,-0.342961,0.868885,0.296784,-0.396178,0.195355,0.979839,0.0418589,-0.400603,0.914388,0.0584189,-0.405295,0.752224,-0.519515,0,0,0
000277,0.501252,0.700568,0.501794,152.812,215.469,194.752,0.0005,0.5092,0.77391,0.376536,-0.635892,0.65451,0.408971,-0.639839,0.330476,-0.693824,0,0,0,0.994513,0.100524,-0.0289473,-0.11554,0.953935,-0.276872,0,0,0,0.622885,0.751202,-0.218428,-0.779504,0.601598,-0.174508,0.704211,0.26898,0.657066,0,0,0,-0.0795493,0.873299,0.480646,0,0,0,0,0,0,0,0,0,0,0,0,0,0,0,0.866597,0.465493,0.179796,-0.931279,0.281575,0.231159,-0.931654,0.113064,-0.345308,0.866837,0.296616,-0.400764,0.195448,0.980289,0.0288686,-0.400851,0.914966,0.0464362,-0.403163,0.747124,-0.528455,0,0,0
000278,0.500428,0.707927,0.500431,152.812,215.469,194.752,0.0005,0.507928,0.771105,0.383936,-0.633956,0.65179,0.416258,-0.641069,0.331117,-0.692382,0,0,0,0.994448,0.10102,-0.029447,-0.115839,0.956639,-0.26725,0,0,0,0.62347,0.752672,-0.211591,-0.780211,0.602779,-0.167119,0.702674,0.268394,0.658949,0,0,0,-0.079168,0.868709,0.488954,0,0,0,0,0,0,0,0,0,0,0,0,0,0,0,0.866192,0.46471,0.183729,-0.930161,0.281237,0.23602,-0.932167,0.113126,-0.3439,0.867055,0.297218,-0.399847,0.195375,0.979938,0.0393614,-0.400625,0.914441,0.0574207,-0.404761,0.750144,-0.522926,0,0,0
000279,0.50848,0.708326,0.501162,152.812,215.469,194.752,0.0005,0.505897,0.768964,0.390848,-0.636535,0.654456,0.408058,-0.635989,0.331853,-0.696701,0,0,0,0.99484,0.100557,-0.0134532,-0.115809,0.956373,-0.268213,0,0,0,0.625571,0.753613,-0.20181,-0.778641,0.60156,-0.178446,0.697904,0.266041,0.664945,0,0,0,-0.0797267,0.869395,0.487644,0,0,0,0,0,0,0,0,0,0,0,0,0,0,0,0.863602,0.463895,0.197469,-0.933339,0.282198,0.221907,-0.927473,0.112558,-0.356544,0.872086,0.298927,-0.387438,0.195342,0.979776,0.0433571,-0.401213,0.91454,0.0514299,-0.403657,0.748057,-0.526757,0,0,0
000280,0.505051,0.707386,0.508518,53.7042,301.42,175.854,0.0005,0.529045,0.744277,0.407631,-0.619712,0.665415,0.416149,-0.623719,0.372414,-0.687228,0,0,0,0.997714,0.0671342,-0.00770837,-0.0800028,0.967196,-0.241103,0,0,0,0.652724,0.736449,-0.177747,-0.756339,0.633456,-0.163353,0.705969,0.227747,0.670625,-0.712063,0.134411,0.68913,-0.0552984,0.861937,0.503991,0,0,0,0,0,0,0,0,0,0,0,0,0,0,0,0.878221,0.429944,0.209466,-0.925186,0.307637,0.222241,-0.923049,0.153834,-0.352584,0.885828,0.278542,-0.371111,0.228205,0.971285,0.0672832,-0.37032,0.92608,0.072377,-0.37396,0.778491,-0.504089,0,0,0
000281,0.505854,0.700331,0.501914,53.7042,301.42,175.854,0.0005,0.529928,0.744646,0.405805,-0.62005,0.666517,0.413875,-0.617543,0.369281,-0.694458,0,0,0,0.997721,0.0671347,-0.00670854,-0.0797715,0.963989,-0.253697,0,0,0,0.650941,0.735963,-0.186102,-0.755306,0.631934,-0.173702,0.702448,0.226614,0.674695,0,0,0,-0.0553687,0.863192,0.501831,0,0,0,0,0,0,0,0,0,0,0,0,0,0,0,0.878315,0.42999,0.208977,-0.925185,0.308691,0.220778,-0.920497,0.152903,-0.359592,0.883806,0.276864,-0.377138,0.22834,0.971834,0.0583019,-0.370554,0.926679,0.0628992,-0.370241,0.772924,-0.515276,0,0,0
000282,0.509924,0.702682,0.505529,53.7042,301.42,175.854,0.0005,0.528974,0.743325,0.409457,-0.621447,0.668028,0.409319,-0.618137,0.369639,-0.693739,0,0,0,0.997776,0.0666374,0.00128918,-0.0798531,0.965118,-0.249342,0,0,0,0.65235,0.736781,-0.177746,-0.755292,0.631269,-0.176163,0.701959,0.225931,0.675433,0,0,0,-0.0558957,0.863661,0.500964,0,0,0,0,0,0,0,0,0,0,0,0,0,0,0,0.877295,0.428938,0.215328,-0.926989,0.308763,0.21297,-0.918989,0.153159,-0.363321,0.887237,0.278982,-0.367394,0.228275,0.97157,0.0627933,-0.370566,0.926708,0.0624002,-0.371348,0.774105,-0.512701,0,0,0
000283,0.505279,0.707849,0.500091,53.7042,301.42,175.854,0.0005,0.52789,0.741823,0.413558,-0.617495,0.663756,0.422051,-0.617959,0.371283,-0.693019,0,0,0,0.997718,0.0671345,-0.00720846,-0.0799506,0.966471,-0.244013,0,0,0,0.651797,0.736913,-0.179221,-0.756282,0.632755,-0.166311,0.699889,0.226841,0.677273,-0.706715,0.132897,0.694904,-0.0550854,0.858138,0.510455,0,0,0,0,0,0,0,0,0,0,0,0,0,0,0,0.877776,0.429172,0.212887,-0.924284,0.307864,0.225651,-0.920946,0.153484,-0.358192,0.883866,0.27793,-0.376211,0.228173,0.971153,0.0692781,-0.37028,0.925978,0.0738729,-0.371657,0.77594,-0.509695,0,0,0
000284,0.504335,0.70744,0.509793,53.7042,301.42,175.854,0.0005,0.530335,0.744356,0.405806,-0.619345,0.665756,0.41615,-0.624638,0.373551,-0.685775,0,0,0,0.997706,0.0671337,-0.00870822,-0.08002,0.967436,-0.240133,0,0,0,0.651976,0.737112,-0.177746,-0.757105,0.632794,-0.162366,0.707245,0.228158,0.66914,-0.712494,0.133984,0.688767,-0.0553265,0.862439,0.503127,0,0,0,0,0,0,0,0,0,0,0,0,0,0,0,0.878596,0.430127,0.20751,-0.924816,0.308041,0.223215,-0.923743,0.153949,-0.350712,0.8858,0.27801,-0.371575,0.228205,0.971285,0.0672832,-0.37032,0.92608,0.072377,-0.373937,0.779617,-0.502363,0,0,0
000285,0.50407,0.709474,0.50295,53.7042,301.42,175.854,0.0005,0.528252,0.742325,0.412192,-0.617209,0.663446,0.422958,-0.62114,0.37203,-0.689768,0,0,0,0.997668,0.0676322,-0.00920815,-0.08002,0.967436,-0.240133,0,0,0,0.652291,0.736714,-0.178238,-0.756847,0.63323,-0.161872,0.702769,0.226717,0.674326,0,0,0,-0.0550997,0.858393,0.510025,0,0,0,0,0,0,0,0,0,0,0,0,0,0,0,0.878157,0.429357,0.210932,-0.923854,0.307721,0.227599,-0.922526,0.153747,-0.353987,0.884225,0.278042,-0.375285,0.228148,0.971051,0.0707741,-0.370198,0.925767,0.0768642,-0.372736,0.778236,-0.505387,0,0,0
000286,0.500368,0.702501,0.50874,53.7042,301.42,175.854,0.0005,0.531812,0.747254,0.398481,-0.619204,0.665603,0.416604,-0.623679,0.376475,-0.685048,0,0,0,0.99763,0.0666274,-0.0172071,-0.0798977,0.965736,-0.246921,0,0,0,0.651377,0.734951,-0.188559,-0.756909,0.633282,-0.161379,0.710257,0.228602,0.66579,-0.709781,0.133473,0.691661,-0.0554526,0.864691,0.499234,0,0,0,0,0,0,0,0,0,0,0,0,0,0,0,0.880549,0.43052,0.198208,-0.923904,0.307211,0.228086,-0.925372,0.153713,-0.346494,0.882604,0.277537,-0.379452,0.22834,0.971834,0.0583019,-0.369959,0.926528,0.0683874,-0.373187,0.778021,-0.505385,0,0,0
000287,0.50571,0.707536,0.501295,53.7042,301.42,175.854,0.0005,0.528011,0.741991,0.413103,-0.618434,0.664034,0.420237,-0.617779,0.372925,-0.692298,0,0,0,0.997725,0.0671349,-0.00620864,-0.0799506,0.966471,-0.244013,0,0,0,0.652545,0.73625,-0.179223,-0.756218,0.632701,-0.166804,0.70084,0.226096,0.676538,-0.707646,0.133581,0.693825,-0.0551283,0.858902,0.509164,0,0,0,0,0,0,0,0,0,0,0,0,0,0,0,0.877776,0.429172,0.212887,-0.924498,0.307935,0.224677,-0.920946,0.153484,-0.358192,0.884554,0.277621,-0.374822,0.228181,0.971186,0.0687794,-0.370307,0.926046,0.0728757,-0.371766,0.77617,-0.509264,0,0,0
000288,0.50374,0.704163,0.505018,53.7042,301.42,175.854,0.0005,0.529521,0.744937,0.405804,-0.618921,0.665297,0.417513,-0.620147,0.37435,-0.689406,0,0,0,0.997687,0.0671324,-0.0107079,-0.0798977,0.965736,-0.246921,0,0,0,0.651625,0.735975,-0.183646,-0.756345,0.632808,-0.165818,0.705484,0.227066,0.671367,-0.708916,0.134328,0.692383,-0.0553265,0.862439,0.503127,0,0,0,0,0,0,0,0,0,0,0,0,0,0,0,0.879094,0.429813,0.206043,-0.924498,0.307935,0.224677,-0.922793,0.154298,-0.353052,0.883836,0.277397,-0.376675,0.228275,0.97157,0.0627933,-0.370411,0.92631,0.0688859,-0.372433,0.776416,-0.508402,0,0,0
000289,0.505385,0.704185,0.507797,53.7042,301.42,175.854,0.0005,0.530166,0.744975,0.404891,-0.62005,0.666517,0.413875,-0.621511,0.37342,-0.688681,0,0,0,0.997751,0.0666356,-0.00720846,-0.0799154,0.965982,-0.245952,0,0,0,0.65199,0.736381,-0.180697,-0.755833,0.633031,-0.167298,0.706123,0.227271,0.670625,0,0,0,-0.0553967,0.863693,0.500965,0,0,0,0,0,0,0,0,0,0,0,0,0,0,0,0.879035,0.429228,0.207511,-0.925343,0.308216,0.220778,-0.922352,0.153718,-0.354455,0.885445,0.277899,-0.372503,0.228275,0.97157,0.0627933,-0.370448,0.926405,0.0673894,-0.3731,0.77666,-0.507539,0,0,0
000290,0.502985,0.701944,0.505412,108.148,328.166,217.498,0.0005,0.513512,0.757054,0.403949,-0.633896,0.64505,0.426717,-0.636816,0.362065,-0.680717,0,0,0,0.99531,0.0945299,-0.0205523,-0.108912,0.964352,-0.24117,0,0,0,0.628394,0.755238,-0.186378,-0.774983,0.612733,-0.154791,0.705801,0.242017,0.665787,0,0,0,-0.0747248,0.857795,0.508531,0,0,0,0,0,0,0,0,0,0,0,0,0,0,0,0.869079,0.45276,0.199273,-0.930606,0.28023,0.235463,-0.930152,0.130905,-0.343048,0.871563,0.305293,-0.383632,0.201775,0.977291,0.0647179,-0.394956,0.915439,0.0773422,-0.398498,0.768661,-0.50036,0,0,0
000291,0.508333,0.701631,0.504912,108.148,328.166,217.498,0.0005,0.511946,0.755662,0.408516,-0.635673,0.646869,0.421283,-0.634731,0.357432,-0.685098,0,0,0,0.995422,0.0950429,-0.0100553,-0.108875,0.963991,-0.242625,0,0,0,0.629815,0.755369,-0.180973,-0.773615,0.612284,-0.163183,0.70217,0.240247,0.670252,0,0,0,-0.0752629,0.858259,0.507668,0,0,0,0,0,0,0,0,0,0,0,0,0,0,0,0.867452,0.451917,0.208083,-0.932454,0.281307,0.226708,-0.926883,0.130446,-0.351955,0.874434,0.306292,-0.376233,0.201258,0.977264,0.0667131,-0.395546,0.915552,0.0728549,-0.3967,0.767328,-0.503822,0,0,0
000292,0.508934,0.709572,0.505814,108.148,328.166,217.498,0.0005,0.51049,0.752666,0.415805,-0.633896,0.64505,0.426717,-0.63632,0.359484,-0.682545,0,0,0,0.995444,0.095045,-0.00755625,-0.109152,0.966703,-0.231454,0,0,0,0.630953,0.756712,-0.171133,-0.774739,0.612539,-0.156767,0.700739,0.240285,0.671735,0,0,0,-0.0744228,0.853969,0.514974,0,0,0,0,0,0,0,0,0,0,0,0,0,0,0,0.866097,0.451778,0.213946,-0.932524,0.280284,0.227682,-0.927231,0.130495,-0.351019,0.876199,0.306905,-0.371598,0.201564,0.97631,0.0786796,-0.395243,0.914835,0.0828241,-0.3994,0.77044,-0.496893,0,0,0
000293,0.501891,0.701767,0.508452,108.148,328.166,217.498,0.0005,0.514311,0.758214,0.400745,-0.634193,0.645355,0.425812,-0.638931,0.36384,-0.677781,0,0,0,0.995231,0.0950246,-0.0220519,-0.108949,0.964711,-0.239714,0,0,0,0.629042,0.754455,-0.187361,-0.774973,0.613364,-0.152321,0.708315,0.242877,0.662798,0,0,0,-0.0748444,0.859312,0.505946,0,0,0,0,0,0,0,0,0,0,0,0,0,0,0,0.869375,0.453476,0.196332,-0.930638,0.279717,0.235949,-0.931405,0.130575,-0.339758,0.871744,0.305356,-0.38317,0.201789,0.977354,0.06372,-0.394956,0.915439,0.0773422,-0.398399,0.770676,-0.49733,0,0,0
000294,0.501569,0.704692,0.501396,108.148,328.166,217.498,0.0005,0.512476,0.755549,0.408061,-0.631792,0.642898,0.433037,-0.636863,0.359217,-0.682179,0,0,0,0.995208,0.0950224,-0.0230516,-0.108985,0.965068,-0.238257,0,0,0,0.628718,0.754847,-0.18687,-0.775653,0.612627,-0.151827,0.703592,0.241261,0.668395,0,0,0,-0.0744633,0.854482,0.514117,0,0,0,0,0,0,0,0,0,0,0,0,0,0,0,0.868902,0.452668,0.200253,-0.929352,0.279853,0.240805,-0.930322,0.130928,-0.342578,0.870107,0.304787,-0.387323,0.201719,0.977031,0.0687087,-0.394784,0.915033,0.0828244,-0.398167,0.769113,-0.499928,0,0,0
000295,0.507259,0.703715,0.509025,108.148,328.166,217.498,0.0005,0.512293,0.756166,0.407146,-0.635673,0.646869,0.421283,-0.637556,0.36076,-0.680716,0,0,0,0.9954,0.0950408,-0.0120546,-0.108997,0.965186,-0.237772,0,0,0,0.629721,0.756032,-0.178514,-0.774244,0.612784,-0.158248,0.704855,0.241694,0.666906,0,0,0,-0.0753028,0.858765,0.506806,0,0,0,0,0,0,0,0,0,0,0,0,0,0,0,0.867589,0.45255,0.206127,-0.932633,0.280317,0.227195,-0.928511,0.13017,-0.34774,0.875142,0.306538,-0.37438,0.201719,0.977031,0.0687087,-0.395474,0.915381,0.0753479,-0.398174,0.770232,-0.498197,0,0,0
000296,0.506828,0.702909,0.500031,108.148,328.166,217.498,0.0005,0.511546,0.754199,0.411709,-0.633746,0.644897,0.427169,-0.632941,0.356416,-0.68728,0,0,0,0.995394,0.0950402,-0.0125544,-0.108863,0.963871,-0.24311,0,0,0,0.629196,0.755411,-0.182939,-0.774115,0.612044,-0.161703,0.699947,0.239486,0.672846,0,0,0,-0.0745239,0.855249,0.51283,0,0,0,0,0,0,0,0,0,0,0,0,0,0,0,0.867128,0.452312,0.208572,-0.931645,0.28002,0.231574,-0.926708,0.130422,-0.352423,0.872631,0.305135,-0.381323,0.201726,0.977064,0.0682099,-0.395445,0.915311,0.0763449,-0.396688,0.766199,-0.505547,0,0,0
000297,0.50081,0.708871,0.502277,108.148,328.166,217.498,0.0005,0.511366,0.754819,0.410796,-0.630577,0.641654,0.436639,-0.639132,0.359355,-0.679981,0,0,0,0.995149,0.095519,-0.0235515,-0.109129,0.966472,-0.232427,0,0,0,0.629196,0.755411,-0.182939,-0.775985,0.613529,-0.146389,0.703746,0.241843,0.668023,0,0,0,-0.0743008,0.852425,0.517544,0,0,0,0,0,0,0,0,0,0,0,0,0,0,0,0.868403,0.452972,0.201722,-0.928773,0.279679,0.243231,-0.931167,0.131047,-0.340228,0.870637,0.304442,-0.386401,0.201628,0.97661,0.0746924,-0.394583,0.914559,0.0888018,-0.399405,0.771553,-0.495158,0,0,0
000298,0.508526,0.704823,0.506603,108.148,328.166,217.498,0.0005,0.511779,0.754538,0.410798,-0.635735,0.646217,0.422189,-0.635777,0.35975,-0.682911,0,0,0,0.995432,0.0950438,-0.00905564,-0.10901,0.965304,-0.237286,0,0,0,0.629951,0.756302,-0.176546,-0.773994,0.612586,-0.160223,0.702325,0.240828,0.669881,0,0,0,-0.0746647,0.857034,0.509822,0,0,0,0,0,0,0,0,0,0,0,0,0,0,0,0.86685,0.452168,0.210038,-0.932598,0.280828,0.226708,-0.927335,0.131015,-0.350551,0.875495,0.306661,-0.373453,0.2012,0.976995,0.0707032,-0.39543,0.915276,0.0768435,-0.397722,0.769342,-0.49993,0,0,0
000299,0.509821,0.709267,0.509075,108.148,328.166,217.498,0.0005,0.510961,0.753349,0.413986,-0.635083,0.646265,0.423096,-0.637556,0.36076,-0.680716,0,0,0,0.995454,0.0950459,-0.00605693,-0.109176,0.966933,-0.230482,0,0,0,0.631118,0.756906,-0.169655,-0.774677,0.61249,-0.157261,0.702325,0.240828,0.669881,0,0,0,-0.0750825,0.855973,0.51154,0,0,0,0,0,0,0,0,0,0,0,0,0,0,0,0.866097,0.451778,0.213946,-0.933174,0.28048,0.224761,-0.927404,0.130519,-0.350551,0.877412,0.306798,-0.368812,0.201091,0.976488,0.0776825,-0.395291,0.914948,0.0813292,-0.399405,0.771553,-0.495158,0,0,0
000300,0.507377,0.708491,0.507534,51.4201,150.192,168.978,0.0005,0.53036,0.759004,0.377665,-0.617787,0.686206,0.384005,0,0,0,0,0,0,0.997953,0.0638083,-0.00421838,-0.0773274,0.955533,-0.284566,0,0,0,0.655383,0.726576,-0.206303,-0.75454,0.626286,-0.19605,0.703051,0.25577,0.663552,-0.713226,0.168546,0.680368,-0.0543704,0.883406,0.465444,0,0,0,0,0,0,0,0,0,0,0,0,0,0,0,0.878301,0.436147,0.195863,-0.925183,0.320385,0.203445,-0.920535,0.139483,-0.364911,0.888576,0.258714,-0.378814,0.230597,0.972689,0.0264701,-0.368218,0.929273,0.0294645,0,0,0,0,0,0
000301,0.50248,0.700374,0.504967,51.4201,150.192,168.978,0.0005,0.532425,0.762784,0.366992,-0.618287,0.686015,0.383543,0,0,0,0,0,0,0.997854,0.063802,-0.0147164,-0.0770939,0.952205,-0.29557,0,0,0,0.653439,0.723716,-0.221929,-0.754313,0.626097,-0.19752,0.70616,0.256899,0.659803,-0.70924,0.167607,0.684753,-0.0540305,0.886438,0.459683,0,0,0,0,0,0,0,0,0,0,0,0,0,0,0,0.880428,0.437195,0.183592,-0.92375,0.320418,0.209804,-0.922327,0.139754,-0.360251,0.88391,0.256846,-0.390811,0.230661,0.972954,0.0124746,-0.367827,0.929647,0.0214674,0,0,0,0,0,0
000302,0.507581,0.705468,0.501689,51.4201,150.192,168.978,0.0005,0.529213,0.759114,0.379051,-0.617902,0.685586,0.384928,0,0,0,0,0,0,0.997953,0.0638083,-0.00421838,-0.0771865,0.953522,-0.291269,0,0,0,0.654977,0.725394,-0.21168,-0.753458,0.626035,-0.20095,0.699923,0.254634,0.667284,-0.709906,0.167764,0.684024,-0.0543334,0.882708,0.466771,0,0,0,0,0,0,0,0,0,0,0,0,0,0,0,0.878214,0.436104,0.196353,-0.925087,0.320352,0.203935,-0.918719,0.139209,-0.369561,0.886746,0.258185,-0.383435,0.23062,0.972784,0.0224722,-0.368258,0.929375,0.0254661,-0.368518,0.751165,-0.547673,0,0,0
000303,0.500177,0.701748,0.505951,51.4201,150.192,168.978,0.0005,0.532743,0.763233,0.365596,-0.617888,0.68482,0.386311,0,0,0,0,0,0,0.997778,0.0637971,-0.0192157,-0.0771456,0.952939,-0.293181,0,0,0,0.653289,0.723552,-0.222904,-0.755062,0.626722,-0.192616,0.708018,0.257573,0.657546,-0.708354,0.166885,0.685845,-0.0540062,0.885978,0.460571,0,0,0,0,0,0,0,0,0,0,0,0,0,0,0,0.881302,0.437069,0.179659,-0.92295,0.320141,0.213713,-0.924097,0.140021,-0.355582,0.882829,0.257054,-0.393111,0.230658,0.972942,0.0134745,-0.367793,0.929559,0.0254662,-0.3697,0.753623,-0.543484,0,0,0
000304,0.502671,0.701571,0.504337,51.4201,150.192,168.978,0.0005,0.532,0.762184,0.368852,-0.618402,0.685394,0.384466,0,0,0,0,0,0,0.997861,0.0638024,-0.0142165,-0.077125,0.952646,-0.294137,0,0,0,0.653292,0.724295,-0.220466,-0.754708,0.625776,-0.19703,0.705711,0.256203,0.660555,-0.709022,0.167042,0.685117,-0.0539818,0.885518,0.461458,0,0,0,0,0,0,0,0,0,0,0,0,0,0,0,0.880263,0.437114,0.184575,-0.923914,0.319946,0.209804,-0.922149,0.139727,-0.360718,0.883958,0.25738,-0.39035,0.230655,0.972928,0.0144743,-0.36781,0.929605,0.0234669,-0.368543,0.752369,-0.546001,0,0,0
000305,0.50951,0.707618,0.504965,51.4201,150.192,168.978,0.0005,0.529294,0.758363,0.38044,-0.618543,0.6863,0.382619,0,0,0,0,0,0,0.997962,0.0638089,-0.000219767,-0.0772675,0.954677,-0.28744,0,0,0,0.655824,0.726317,-0.205814,-0.753777,0.625651,-0.20095,0.700237,0.254748,0.666912,-0.713341,0.168059,0.680368,-0.0543457,0.882941,0.466329,0,0,0,0,0,0,0,0,0,0,0,0,0,0,0,0.877592,0.435797,0.199783,-0.925497,0.321023,0.200997,-0.918611,0.138687,-0.370026,0.888939,0.258819,-0.377889,0.23011,0.972805,0.02647,-0.368243,0.929338,0.0269656,-0.369465,0.753133,-0.544323,0,0,0
000306,0.506798,0.706052,0.502616,51.4201,150.192,168.978,0.0005,0.529841,0.759136,0.378127,-0.617774,0.685442,0.385389,0,0,0,0,0,0,0.997946,0.0638078,-0.00571799,-0.0772069,0.953812,-0.290312,0,0,0,0.654977,0.725394,-0.21168,-0.753765,0.626291,-0.198991,0.700863,0.254976,0.666167,-0.709906,0.167764,0.684024,-0.0538343,0.882737,0.466773,0,0,0,0,0,0,0,0,0,0,0,0,0,0,0,0.878389,0.43619,0.195373,-0.924536,0.32069,0.205892,-0.919523,0.138825,-0.367702,0.886701,0.257652,-0.383897,0.230617,0.972773,0.022972,-0.368248,0.929351,0.0264658,-0.368992,0.75215,-0.545999,0,0,0
000307,0.508511,0.703738,0.502185,51.4201,150.192,168.978,0.0005,0.529951,0.75929,0.377664,-0.619169,0.68625,0.381695,0,0,0,0,0,0,0.997958,0.0638086,-0.00271884,-0.0771456,0.952939,-0.293181,0,0,0,0.654235,0.726064,-0.211679,-0.753311,0.625262,-0.203888,0.699923,0.254634,0.667284,-0.711351,0.167591,0.682563,-0.053896,0.8839,0.46456,0,0,0,0,0,0,0,0,0,0,0,0,0,0,0,0.878436,0.435656,0.196354,-0.925402,0.32099,0.201487,-0.91817,0.139126,-0.370954,0.887253,0.257811,-0.382512,0.23063,0.972826,0.0204729,-0.368284,0.929442,0.0224671,-0.368941,0.749737,-0.549342,0,0,0
000308,0.50776,0.705281,0.500226,51.4201,150.192,168.978,0.0005,0.528994,0.758804,0.379976,-0.617774,0.685442,0.385389,0,0,0,0,0,0,0.997923,0.0643073,-0.00371852,-0.0771661,0.953231,-0.292225,0,0,0,0.654235,0.726064,-0.211679,-0.753303,0.625906,-0.20193,0.698326,0.255118,0.668772,-0.709355,0.16712,0.684753,-0.0538095,0.882271,0.467657,0,0,0,0,0,0,0,0,0,0,0,0,0,0,0,0.878037,0.436017,0.197333,-0.924826,0.320791,0.204424,-0.918279,0.139648,-0.37049,0.886377,0.258079,-0.384358,0.230622,0.972795,0.0219724,-0.368262,0.929387,0.0249663,-0.368941,0.749737,-0.549342,0,0,0
000309,0.506732,0.706125,0.509242,51.4201,150.192,168.978,0.0005,0.530819,0.760517,0.373958,-0.618798,0.686584,0.381695,0,0,0,0,0,0,0.997943,0.0638076,-0.00621787,-0.0772875,0.954963,-0.286482,0,0,0,0.655333,0.725781,-0.209237,-0.754145,0.626608,-0.19654,0.704919,0.256448,0.661305,-0.714219,0.16878,0.679268,-0.0539696,0.885288,0.461902,0,0,0,0,0,0,0,0,0,0,0,0,0,0,0,0.878824,0.436405,0.192921,-0.924855,0.32133,0.203445,-0.92115,0.139071,-0.363514,0.888212,0.258609,-0.379739,0.23062,0.972784,0.0224722,-0.368243,0.929338,0.0269656,-0.370405,0.755089,-0.540963,0,0,0
000310,0.509966,0.70067,0.501088,347.461,356.089,153.787,0.0005,0.482143,0.775726,0.40717,-0.65777,0.611374,0.439955,-0.661926,0.328946,-0.673534,0.501421,0.505641,-0.702072,0.989157,0.144512,-0.0261801,-0.161273,0.958189,-0.236358,0,0,0,0.587083,0.787318,-0.188317,-0.805757,0.573644,-0.147266,0.699569,0.269226,0.661907,0,0,0,-0.10665,0.848553,0.518251,0,0,0,0,0,0,0,0,0,0,0,0,0,0,0,0.84729,0.493011,0.197587,-0.940974,0.232608,0.245891,-0.937377,0.0868677,-0.33731,0.849881,0.351796,-0.392355,0.154541,0.98554,0.0694871,-0.438678,0.894522,0.0859724,-0.443399,0.747577,-0.494495,0,0,0
000311,0.505915,0.709752,0.508679,347.461,356.089,153.787,0.0005,0.482458,0.775289,0.407628,-0.65583,0.609561,0.445334,-0.671256,0.331944,-0.662743,0.509155,0.498552,-0.701574,0.988927,0.144984,-0.0316759,-0.161893,0.962127,-0.219321,0,0,0,0.58843,0.788266,-0.179965,-0.807333,0.575387,-0.130928,0.705282,0.27088,0.655135,0,0,0,-0.106439,0.846746,0.521241,0,0,0,0,0,0,0,0,0,0,0,0,0,0,0,0.848134,0.492922,0.194156,-0.93928,0.23219,0.252668,-0.941664,0.0872627,-0.325045,0.850954,0.352779,-0.389133,0.154399,0.984687,0.0809529,-0.438092,0.893305,0.100408,-0.448357,0.7551,-0.478331,0,0,0
000312,0.503797,0.701156,0.506442,347.461,356.089,153.787,0.0005,0.484504,0.778529,0.398935,-0.657144,0.610104,0.442646,-0.668807,0.332395,-0.66499,0.506879,0.498333,-0.703376,0.988775,0.144456,-0.038171,-0.161455,0.959344,-0.231497,0,0,0,0.586565,0.786635,-0.192734,-0.807081,0.574592,-0.135884,0.707472,0.270649,0.652865,0,0,0,-0.106333,0.850154,0.515685,0,0,0,0,0,0,0,0,0,0,0,0,0,0,0,0.849281,0.494162,0.185812,-0.938787,0.232068,0.254603,-0.942033,0.0867946,-0.324099,0.847873,0.350969,-0.397407,0.154558,0.985641,0.0679908,-0.438037,0.894344,0.0909527,-0.445435,0.752067,-0.485781,0,0,0
000313,0.504715,0.706064,0.507785,347.461,356.089,153.787,0.0005,0.482476,0.77719,0.40397,-0.656155,0.609864,0.444439,-0.670663,0.331647,-0.663492,0.507733,0.499955,-0.701607,0.988811,0.144967,-0.0351733,-0.161703,0.960921,-0.224683,0,0,0,0.587767,0.787392,-0.185862,-0.807699,0.574419,-0.132911,0.705534,0.272048,0.654378,0,0,0,-0.106123,0.848357,0.51868,0,0,0,0,0,0,0,0,0,0,0,0,0,0,0,0.848548,0.493739,0.190231,-0.939154,0.231644,0.253636,-0.941987,0.0872925,-0.324099,0.849508,0.352183,-0.392814,0.154476,0.985148,0.0749723,-0.438263,0.893659,0.096428,-0.446772,0.754365,-0.480966,0,0,0
000314,0.504129,0.701216,0.503547,347.461,356.089,153.787,0.0005,0.483545,0.777947,0.401225,-0.656496,0.609498,0.444438,-0.666574,0.332394,-0.667229,0.503326,0.503294,-0.702395,0.988793,0.144459,-0.0376714,-0.161419,0.959115,-0.23247,0,0,0,0.586507,0.786558,-0.193225,-0.807204,0.574065,-0.137369,0.704976,0.270763,0.655513,0,0,0,-0.106214,0.849128,0.517397,0,0,0,0,0,0,0,0,0,0,0,0,0,0,0,0.848957,0.493975,0.187776,-0.938784,0.231552,0.255086,-0.941293,0.0877307,-0.325991,0.84713,0.351203,-0.398782,0.154552,0.985608,0.0684896,-0.438037,0.894344,0.0909527,-0.444822,0.751015,-0.487964,0,0,0
000315,0.500927,0.707861,0.507952,347.461,356.089,153.787,0.0005,0.483755,0.777343,0.402142,-0.654195,0.608033,0.449805,-0.672728,0.334919,-0.659747,0.505824,0.500847,-0.702349,0.988616,0.144433,-0.0421675,-0.161841,0.961801,-0.220784,0,0,0,0.587541,0.787094,-0.187827,-0.807958,0.575834,-0.124978,0.70851,0.271583,0.651349,0,0,0,-0.105943,0.846807,0.521243,0,0,0,0,0,0,0,0,0,0,0,0,0,0,0,0.849613,0.493776,0.185321,-0.936914,0.232121,0.261365,-0.944223,0.0874985,-0.317469,0.847682,0.351431,-0.397406,0.154451,0.984998,0.0769662,-0.437555,0.893342,0.102398,-0.448287,0.755973,-0.477015,0,0,0
000316,0.505948,0.70528,0.504643,347.461,356.089,153.787,0.0005,0.482893,0.775977,0.405801,-0.65583,0.609561,0.445334,-0.66717,0.332693,-0.666483,0.50843,0.49779,-0.702641,0.988951,0.144482,-0.0331748,-0.161615,0.960364,-0.227118,0,0,0,0.58771,0.787318,-0.186353,-0.807026,0.574552,-0.136379,0.703264,0.270642,0.657398,0,0,0,-0.106003,0.847324,0.520389,0,0,0,0,0,0,0,0,0,0,0,0,0,0,0,0.848385,0.493067,0.192685,-0.939157,0.23216,0.253152,-0.940689,0.0871729,-0.327881,0.849326,0.352108,-0.393274,0.154476,0.985148,0.0749723,-0.438325,0.893789,0.0949349,-0.446418,0.751769,-0.48534,0,0,0
000317,0.501539,0.700758,0.508952,347.461,356.089,153.787,0.0005,0.484927,0.780136,0.395263,-0.65648,0.610168,0.443543,-0.670877,0.335669,-0.661249,0.5088,0.498903,-0.701583,0.988595,0.14443,-0.0426671,-0.161509,0.959686,-0.230038,0,0,0,0.586331,0.786326,-0.194696,-0.807517,0.574904,-0.13192,0.70985,0.272631,0.64945,0,0,0,-0.106482,0.851432,0.513541,0,0,0,0,0,0,0,0,0,0,0,0,0,0,0,0.850326,0.494188,0.180897,-0.937922,0.23237,0.257502,-0.94386,0.0879672,-0.318417,0.846945,0.351127,-0.399241,0.15458,0.985774,0.0659954,-0.437998,0.894261,0.0919485,-0.446287,0.753532,-0.482719,0,0,0
000318,0.508002,0.702115,0.502749,347.461,356.089,153.787,0.0005,0.482468,0.776241,0.4058,-0.657126,0.610772,0.44175,-0.663959,0.331643,-0.670203,0.506879,0.498333,-0.703376,0.989045,0.144496,-0.0301771,-0.1614,0.959,-0.232956,0,0,0,0.587484,0.787019,-0.188318,-0.806346,0.574066,-0.14232,0.701419,0.269935,0.659656,0,0,0,-0.10665,0.848553,0.518251,0,0,0,0,0,0,0,0,0,0,0,0,0,0,0,0.847799,0.493305,0.194646,-0.940252,0.231915,0.249281,-0.938998,0.0875192,-0.3326,0.849326,0.352108,-0.393274,0.15403,0.985513,0.070983,-0.438564,0.894286,0.0889606,-0.444514,0.749493,-0.490579,0,0,0
000319,0.504119,0.703027,0.502066,347.461,356.089,153.787,0.0005,0.482901,0.776926,0.403971,-0.655178,0.608951,0.447124,-0.666423,0.3312,-0.667972,0.504598,0.49811,-0.705172,0.98874,0.144956,-0.0371718,-0.161491,0.959572,-0.230525,0,0,0,0.586682,0.786788,-0.191753,-0.806846,0.575038,-0.135388,0.70375,0.270293,0.657022,0,0,0,-0.105973,0.847066,0.520816,0,0,0,0,0,0,0,0,0,0,0,0,0,0,0,0.848631,0.493786,0.18974,-0.938046,0.232401,0.257019,-0.941061,0.086705,-0.326936,0.84713,0.351203,-0.398782,0.154518,0.985401,0.071482,-0.438366,0.893874,0.0939394,-0.445683,0.750507,-0.487961,0,0,0
000320,0.503273,0.708494,0.503326,63.7314,84.5504,287.718,0.0005,0.505086,0.786449,0.355508,-0.637256,0.667619,0.384954,0,0,0,0,0,0,0.994493,0.101678,-0.0254221,-0.117213,0.945452,-0.303943,0,0,0,0.623807,0.745396,-0.23505,-0.780753,0.593608,-0.195075,0.700726,0.295051,0.64956,-0.705202,0.154698,0.691924,-0.0819639,0.888225,0.452037,0,0,0,0,0,0,-0.333859,0.541082,0.771861,0,0,0,0,0,0,0.86411,0.473233,0.17136,-0.932468,0.28888,0.216913,-0.930622,0.097356,-0.352796,0.870023,0.282516,-0.404035,0.193499,0.981096,0.00282066,-0.403109,0.914963,0.0185749,-0.405955,0.727999,-0.552465,0,0,0
000321,0.500757,0.704522,0.503111,63.7314,84.5504,287.718,0.0005,0.506337,0.788368,0.349426,-0.637882,0.667553,0.384031,0,0,0,0,0,0,0.994374,0.101163,-0.0314195,-0.117041,0.94393,-0.308702,0,0,0,0.622648,0.744033,-0.242332,-0.780753,0.593608,-0.195075,0.702622,0.296392,0.646895,-0.703848,0.154403,0.693367,-0.0821154,0.89002,0.448466,0,0,0,0,0,0,0,0,0,0,0,0,0,0,0,0.865455,0.473395,0.163967,-0.931694,0.289163,0.219841,-0.931896,0.0969859,-0.349519,0.867895,0.281829,-0.40906,0.193497,0.981092,-0.00417831,-0.402672,0.915212,0.0155756,-0.403808,0.728238,-0.553722,0,0,0
000322,0.50129,0.700364,0.500628,63.7314,84.5504,287.718,0.0005,0.506392,0.789368,0.347081,-0.638179,0.668592,0.381722,0,0,0,0,0,0,0.994424,0.100666,-0.0314195,-0.116777,0.941603,-0.315827,0,0,0,0.622158,0.742685,-0.247665,-0.779666,0.593406,-0.199977,0.701727,0.296015,0.648039,-0.703277,0.153766,0.694087,-0.0822469,0.891579,0.445335,0,0,0,0,0,0,-0.334262,0.54174,0.771224,0,0,0,0,0,0,0.865598,0.473473,0.162981,-0.931756,0.289706,0.218865,-0.930797,0.0973742,-0.352328,0.866765,0.28199,-0.411339,0.193489,0.98105,-0.0101778,-0.402704,0.915285,0.0090763,-0.403254,0.724093,-0.559532,0,0,0
000323,0.509792,0.706777,0.500708,63.7314,84.5504,287.718,0.0005,0.503912,0.784649,0.361108,-0.639226,0.669694,0.378022,0,0,0,0,0,0,0.994826,0.100707,-0.0134273,-0.117024,0.943777,-0.309178,0,0,0,0.624486,0.746194,-0.230675,-0.778672,0.592018,-0.207808,0.694619,0.293564,0.656753,-0.708344,0.15487,0.688669,-0.0824808,0.888405,0.451589,0,0,0,0,0,0,0,0,0,0,0,0,0,0,0,0.862483,0.472347,0.181692,-0.934543,0.290046,0.206163,-0.925801,0.0968541,-0.365394,0.873071,0.2835,-0.396705,0.193499,0.981096,0.00282066,-0.403154,0.915065,0.0110761,-0.403691,0.723851,-0.55953,0,0,0
000324,0.506033,0.705969,0.50048,63.7314,84.5504,287.718,0.0005,0.504794,0.786002,0.356909,-0.638311,0.66873,0.38126,0,0,0,0,0,0,0.994607,0.101689,-0.0204241,-0.117024,0.943777,-0.309178,0,0,0,0.624038,0.744896,-0.236022,-0.779791,0.592243,-0.202915,0.697724,0.293787,0.653354,-0.70554,0.154771,0.691563,-0.0820019,0.888675,0.451145,0,0,0,0.262983,0.599424,0.755997,-0.33536,0.539705,0.772174,0,0,0,0,0,0,0.863818,0.472505,0.174807,-0.933243,0.289643,0.212518,-0.928143,0.0970979,-0.359337,0.870599,0.282702,-0.402662,0.1935,0.9811,-0.000178786,-0.403144,0.915043,0.0130759,-0.403352,0.725316,-0.557875,0,0,0
000325,0.509764,0.706585,0.508901,63.7314,84.5504,287.718,0.0005,0.504988,0.7863,0.355975,-0.640647,0.671192,0.372925,0,0,0,0,0,0,0.994782,0.101205,-0.0129276,-0.117196,0.945301,-0.304419,0,0,0,0.625006,0.746804,-0.227269,-0.779245,0.592456,-0.204383,0.699932,0.295259,0.65032,-0.713596,0.156527,0.682847,-0.0822282,0.891357,0.445782,0,0,0,0,0,0,0,0,0,0,0,0,0,0,0,0.863197,0.472167,0.178743,-0.935226,0.290257,0.202738,-0.927837,0.0965634,-0.36027,0.875165,0.284701,-0.391192,0.193499,0.981098,0.00232077,-0.403154,0.915065,0.0110761,-0.405253,0.727756,-0.5533,0,0,0
000326,0.500836,0.707945,0.500467,63.7314,84.5504,287.718,0.0005,0.505279,0.786747,0.354573,-0.63619,0.666497,0.388643,0,0,0,0,0,0,0.994354,0.101664,-0.03042,-0.117144,0.944846,-0.305848,0,0,0,0.623038,0.744492,-0.239906,-0.780759,0.594242,-0.193113,0.700038,0.295846,0.64994,-0.70192,0.153471,0.695525,-0.0818686,0.887097,0.454265,0,0,0,0,0,0,0,0,0,0,0,0,0,0,0,0.864632,0.473516,0.167911,-0.93106,0.288967,0.222766,-0.931322,0.0974288,-0.350924,0.867701,0.281766,-0.409516,0.1935,0.9811,0.000821054,-0.40264,0.915138,0.0200745,-0.404378,0.72824,-0.553304,0,0,0
000327,0.507275,0.705838,0.500708,63.7314,84.5504,287.718,0.0005,0.504599,0.785702,0.357843,-0.638704,0.669144,0.379873,0,0,0,0,0,0,0.994696,0.101196,-0.018425,-0.117006,0.943623,-0.309653,0,0,0,0.624191,0.745075,-0.235051,-0.779467,0.591996,-0.204873,0.697121,0.293533,0.65411,-0.707103,0.154088,0.690117,-0.0825188,0.888855,0.450697,0,0,0,0,0,0,0,0,0,0,0,0,0,0,0,0.863509,0.472337,0.176775,-0.933748,0.289799,0.210075,-0.927426,0.0970234,-0.361202,0.871363,0.282949,-0.400831,0.1935,0.9811,0.000321137,-0.403151,0.91506,0.0115761,-0.403522,0.724584,-0.558703,0,0,0
000328,0.509626,0.704964,0.502171,63.7314,84.5504,287.718,0.0005,0.504081,0.785823,0.358309,-0.639874,0.670377,0.375706,0,0,0,0,0,0,0.994724,0.101701,-0.0134273,-0.116989,0.943469,-0.310128,0,0,0,0.624262,0.74593,-0.232134,-0.778672,0.592018,-0.207808,0.69613,0.294201,0.654866,-0.709794,0.154675,0.687217,-0.0826133,0.889975,0.448464,0,0,0,0.261614,0.601267,0.755007,0,0,0,0,0,0,0,0,0,0.8628,0.47252,0.179726,-0.934739,0.290107,0.205185,-0.926215,0.0963947,-0.364463,0.873071,0.2835,-0.396705,0.1935,0.9811,-0.000178786,-0.403163,0.915088,0.0085763,-0.403254,0.724093,-0.559532,0,0,0
000329,0.503473,0.705178,0.507967,63.7314,84.5504,287.718,0.0005,0.506337,0.788368,0.349426,-0.639095,0.669557,0.378485,0,0,0,0,0,0,0.99453,0.101179,-0.0259219,-0.117162,0.944998,-0.305372,0,0,0,0.623578,0.745127,-0.236507,-0.780217,0.593828,-0.196546,0.703322,0.297229,0.645751,-0.708909,0.155505,0.687943,-0.0822282,0.891357,0.445782,0,0,0,0.266044,0.605071,0.750407,0,0,0,0,0,0,0,0,0,0.864872,0.473078,0.167912,-0.933188,0.289103,0.213495,-0.931444,0.0979442,-0.350455,0.870982,0.282826,-0.401747,0.193499,0.981099,-0.00167858,-0.402681,0.915232,0.0140758,-0.405039,0.729451,-0.55122,0,0,0
000330,0.504524,0.70621,0.50713,337.274,12.7828,232.549,0.0005,0.462345,0.825367,0.324046,-0.671813,0.636782,0.378386,-0.673383,0.247247,-0.696723,0,0,0,0.985575,0.162485,-0.0473271,-0.183189,0.928562,-0.322821,0,0,0,0.570516,0.777628,-0.264211,-0.820059,0.538554,-0.193552,0.694918,0.354277,0.625761,0,0,0,-0.128773,0.893715,0.429756,0,0,0,0.242602,0.635925,0.732628,0,0,0,0,0,0,0,0,0,0.836006,0.530043,0.141944,-0.945252,0.235197,0.226234,-0.941788,0.0310171,-0.334773,0.843438,0.327749,-0.425666,0.13102,0.991066,-0.024927,-0.45975,0.888041,0.00354086,-0.461729,0.689274,-0.558308,0,0,0
000331,0.506816,0.701221,0.507035,337.274,12.7828,232.549,0.0005,0.462982,0.826487,0.32026,-0.673713,0.638594,0.371898,0,0,0,0,0,0,0.985733,0.162511,-0.0438314,-0.182741,0.926156,-0.32991,0,0,0,0.570039,0.776989,-0.267102,-0.818825,0.537739,-0.200904,0.695145,0.353831,0.625761,0,0,0,-0.129147,0.896464,0.423878,0,0,0,0,0,0,0,0,0,0,0,0,0,0,0,0.836006,0.530043,0.141944,-0.946324,0.235978,0.220875,-0.940442,0.0309735,-0.33854,0.844033,0.327979,-0.424309,0.130992,0.990869,-0.0319234,-0.459746,0.888034,-0.00545878,-0.460554,0.685675,-0.563685,0,0,0
000332,0.501615,0.704503,0.502086,337.274,12.7828,232.549,0.0005,0.462585,0.825789,0.322627,-0.670157,0.635205,0.383933,0,0,0,0,0,0,0.985332,0.161938,-0.0538183,-0.182951,0.927286,-0.326604,0,0,0,0.569315,0.776018,-0.271436,-0.820026,0.539131,-0.19208,0.69436,0.353993,0.626541,0,0,0,-0.128627,0.892648,0.432012,0,0,0,0.241007,0.634573,0.734325,-0.349948,0.537597,0.767154,0,0,0,0,0,0,0.836538,0.530379,0.137489,-0.943458,0.235265,0.233533,-0.942455,0.0310388,-0.332888,0.839831,0.326355,-0.433792,0.131005,0.99096,-0.028925,-0.459305,0.88827,0.00404085,-0.460912,0.687127,-0.56162,0,0,0
000333,0.505982,0.700813,0.50435,337.274,12.7828,232.549,0.0005,0.462824,0.826208,0.321207,-0.673038,0.63795,0.374217,0,0,0,0,0,0,0.985644,0.162497,-0.045829,-0.18265,0.925669,-0.331325,0,0,0,0.569557,0.776343,-0.269992,-0.818825,0.537739,-0.200904,0.693801,0.353709,0.62732,-0.702779,0.125621,0.70023,-0.129061,0.895833,0.425236,0,0,0,0.242267,0.636446,0.732287,0,0,0,0,0,0,0,0,0,0.836453,0.529734,0.14046,-0.946014,0.235386,0.222824,-0.940273,0.030968,-0.33901,0.842462,0.327908,-0.427475,0.130987,0.990837,-0.0329228,-0.459747,0.888036,-0.00495882,-0.459516,0.68501,-0.565337,0,0,0
000334,0.502557,0.707173,0.500543,337.274,12.7828,232.549,0.0005,0.461781,0.824376,0.327355,-0.6696,0.634674,0.385779,0,0,0,0,0,0,0.985324,0.162951,-0.0508226,-0.183071,0.927926,-0.324713,0,0,0,0.570202,0.776371,-0.268548,-0.820026,0.539131,-0.19208,0.6924,0.352998,0.629265,0,0,0,-0.128393,0.890929,0.435616,0,0,0,0.239612,0.632351,0.736695,0,0,0,0,0,0,0,0,0,0.836066,0.530081,0.14145,-0.943458,0.235265,0.233533,-0.941604,0.0315114,-0.335244,0.840458,0.327133,-0.431989,0.131022,0.991078,-0.0244272,-0.459743,0.888028,0.00654066,-0.460912,0.687127,-0.56162,0,0,0
000335,0.509706,0.700384,0.508935,337.274,12.7828,232.549,0.0005,0.462824,0.826208,0.321207,-0.67566,0.639759,0.366323,0,0,0,0,0,0,0.985956,0.162548,-0.0383378,-0.182681,0.925831,-0.330854,0,0,0,0.570516,0.777628,-0.264211,-0.818062,0.537235,-0.20531,0.694586,0.353548,0.626541,0,0,0,-0.129841,0.897858,0.420705,0,0,0,0.243189,0.638832,0.729899,0,0,0,0,0,0,0,0,0,0.835909,0.529392,0.144913,-0.947696,0.23632,0.214533,-0.939065,0.0314291,-0.3423,0.846015,0.329282,-0.419323,0.130989,0.990853,-0.0324231,-0.459734,0.888011,-0.00895841,-0.460243,0.685204,-0.56451,0,0,0
000336,0.501708,0.704267,0.506804,337.274,12.7828,232.549,0.0005,0.462546,0.826732,0.320259,-0.671264,0.636259,0.380236,0,0,0,0,0,0,0.985222,0.162934,-0.0528198,-0.183071,0.927926,-0.324713,0,0,0,0.569316,0.776855,-0.269028,-0.820266,0.539289,-0.190608,0.69737,0.354963,0.622636,0,0,0,-0.12886,0.894353,0.428401,0,0,0,0.242663,0.63747,0.731264,-0.350776,0.541624,0.763937,0,0,0,0,0,0,0.836711,0.530488,0.136003,-0.9439,0.235891,0.231101,-0.943301,0.0305659,-0.33053,0.841443,0.326978,-0.430185,0.131005,0.99096,-0.028925,-0.459306,0.888271,0.00354087,-0.462145,0.688997,-0.558306,0,0,0
000337,0.500138,0.707298,0.508967,337.274,12.7828,232.549,0.0005,0.462388,0.826453,0.321206,-0.670435,0.635469,0.383009,-0.677811,0.247278,-0.692406,0,0,0,0.98517,0.162418,-0.0553161,-0.183424,0.929824,-0.319034,0,0,0,0.570119,0.777096,-0.266621,-0.821403,0.539441,-0.185206,0.698252,0.355972,0.62107,0,0,0,-0.128744,0.893502,0.430208,0,0,0,0,0,0,0,0,0,0,0,0,0,0,0,0.836826,0.53056,0.135012,-0.943344,0.235237,0.234019,-0.944614,0.0306085,-0.326752,0.841644,0.327055,-0.429734,0.13102,0.991066,-0.024927,-0.459292,0.888244,0.00854046,-0.464659,0.690994,-0.553732,0,0,0
000338,0.502587,0.701327,0.508745,337.274,12.7828,232.549,0.0005,0.463612,0.827594,0.316468,-0.672975,0.6372,0.375607,0,0,0,0,0,0,0.985299,0.162946,-0.0513219,-0.182431,0.927221,-0.327078,0,0,0,0.569799,0.77583,-0.270956,-0.819785,0.538972,-0.193552,0.698479,0.355526,0.62107,0,0,0,-0.129147,0.896464,0.423878,0,0,0,0,0,0,-0.353908,0.542772,0.761674,0,0,0,0,0,0,0.836883,0.530596,0.134517,-0.945032,0.235142,0.227208,-0.943268,0.0315653,-0.330529,0.841863,0.327676,-0.42883,0.130987,0.990837,-0.0329228,-0.459308,0.888276,-0.00145898,-0.462099,0.688019,-0.559548,0,0,0
000339,0.505525,0.708905,0.505663,337.274,12.7828,232.549,0.0005,0.461538,0.823949,0.328772,-0.671264,0.636259,0.380236,0,0,0,0,0,0,0.985711,0.162508,-0.0443308,-0.183797,0.929099,-0.320926,0,0,0,0.571065,0.778364,-0.260834,-0.819785,0.538972,-0.193552,0.693188,0.352837,0.628488,0,0,0,-0.12851,0.89179,0.433815,0,0,0,0.240408,0.634409,0.734663,-0.351201,0.539524,0.765226,0,0,0,0,0,0,0.835519,0.529737,0.145902,-0.945131,0.235682,0.226234,-0.940949,0.0309899,-0.337128,0.84405,0.328522,-0.423856,0.131034,0.991157,-0.0209288,-0.459744,0.888031,0.0060407,-0.462561,0.688719,-0.558304,0,0,0
000340,0.506195,0.704171,0.501811,69.3645,117.708,20.9003,0.0005,0.554272,0.742861,0.375419,-0.595915,0.712115,0.371183,0,0,0,0,0,0,0.99967,0.0254101,0.00381192,-0.0375258,0.952488,-0.302257,0,0,0,0.684129,0.697402,-0.213537,-0.727307,0.651704,-0.21519,0.702299,0.235555,0.671781,-0.710401,0.201232,0.674415,-0.0258736,0.889248,0.456694,0,0,0,0,0,0,-0.311614,0.559258,0.768197,0,0,0,0,0,0,0.892352,0.40466,0.199896,-0.913995,0.357421,0.191997,-0.909386,0.170795,-0.379271,0.899299,0.220205,-0.377851,0.267127,0.963567,0.0134871,-0.333102,0.942814,0.012028,0,0,0,0,0,0
000341,0.500324,0.702064,0.507923,69.3645,117.708,20.9003,0.0005,0.557061,0.746545,0.363805,-0.596298,0.711795,0.371183,0,0,0,0,0,0,0.999635,0.0259093,-0.00768727,-0.0375345,0.952789,-0.301303,0,0,0,0.68298,0.696248,-0.220857,-0.72864,0.652904,-0.206881,0.710209,0.238196,0.66247,-0.710862,0.200842,0.674046,-0.0259456,0.892647,0.450009,0,0,0,0,0,0,0,0,0,0,0,0,0,0,0,0.894816,0.405769,0.186161,-0.912903,0.356457,0.198862,-0.914339,0.170703,-0.367211,0.897266,0.219712,-0.382937,0.267144,0.963628,0.00748792,-0.332628,0.942975,0.012528,0,0,0,0,0,0
000342,0.50054,0.70011,0.502283,69.3645,117.708,20.9003,0.0005,0.55611,0.746116,0.366131,-0.595055,0.711864,0.37304,0,0,0,0,0,0,0.999638,0.0259094,-0.00718728,-0.037482,0.950965,-0.307019,0,0,0,0.682351,0.695616,-0.224757,-0.728275,0.651902,-0.211281,0.707217,0.23667,0.666207,-0.70761,0.199923,0.677731,-0.0259218,0.891519,0.45224,0,0,0,0,0,0,0,0,0,0,0,0,0,0,0,0.894646,0.405693,0.187143,-0.91281,0.356421,0.199352,-0.912614,0.170889,-0.371393,0.895582,0.219303,-0.38709,0.267149,0.963645,0.00448813,-0.332639,0.943006,0.00952829,0,0,0,0,0,0
000343,0.504005,0.707845,0.501971,69.3645,117.708,20.9003,0.0005,0.553932,0.742411,0.376809,-0.59448,0.710391,0.376748,0,0,0,0,0,0,0.999664,0.0259101,-0.000187585,-0.0375687,0.953986,-0.297487,0,0,0,0.684279,0.697553,-0.21256,-0.728075,0.653068,-0.208349,0.702777,0.236241,0.67104,-0.707853,0.201551,0.676994,-0.0258346,0.887414,0.460249,0,0,0,0,0,0,-0.309808,0.558061,0.769796,0,0,0,0,0,0,0.892921,0.404368,0.197937,-0.912998,0.357031,0.197392,-0.911146,0.170615,-0.375104,0.898563,0.220026,-0.379702,0.267107,0.963499,0.0179858,-0.333072,0.942729,0.0180271,0,0,0,0,0,0
000344,0.509238,0.70381,0.509378,69.3645,117.708,20.9003,0.0005,0.554837,0.743607,0.373101,-0.598027,0.714654,0.362812,0,0,0,0,0,0,0.999611,0.0259087,0.01031,-0.0375559,0.953539,-0.298919,0,0,0,0.685094,0.69837,-0.207184,-0.727067,0.651487,-0.216654,0.705318,0.236035,0.668442,-0.717632,0.202755,0.666254,-0.0259361,0.892197,0.450902,0,0,0,0.292888,0.575865,0.76328,-0.314515,0.565525,0.762405,0,0,0,0,0,0,0.892077,0.404537,0.201366,-0.915214,0.358433,0.184142,-0.909383,0.169777,-0.379734,0.903043,0.220599,-0.368577,0.267123,0.963554,0.0144869,-0.333114,0.942848,0.00852832,0,0,0,0,0,0
000345,0.504335,0.704989,0.500355,69.3645,117.708,20.9003,0.0005,0.554272,0.742861,0.375419,-0.59496,0.710969,0.374894,0,0,0,0,0,0,0.999651,0.0264098,0.000812324,-0.0375258,0.952488,-0.302257,0,0,0,0.683469,0.697448,-0.21549,-0.72745,0.652505,-0.212259,0.702299,0.235555,0.671781,-0.708262,0.200108,0.676995,-0.0258541,0.888333,0.458472,0,0,0,0,0,0,0,0,0,0,0,0,0,0,0,0.893011,0.404409,0.197447,-0.913181,0.357103,0.196411,-0.910222,0.170443,-0.37742,0.89806,0.218876,-0.381552,0.267125,0.96356,0.013987,-0.333093,0.942789,0.0140278,0,0,0,0,0,0
000346,0.501449,0.700301,0.506153,69.3645,117.708,20.9003,0.0005,0.556441,0.746553,0.364735,-0.596772,0.712364,0.369325,0,0,0,0,0,0,0.999648,0.0259096,-0.00568733,-0.0374997,0.951577,-0.305115,0,0,0,0.682824,0.696091,-0.221833,-0.727764,0.652788,-0.210304,0.709268,0.236827,0.663967,-0.710998,0.200361,0.674046,-0.0259504,0.892872,0.449563,0,0,0,0,0,0,0,0,0,0,0,0,0,0,0,0.894767,0.405199,0.187635,-0.91309,0.357067,0.196902,-0.913068,0.171483,-0.369999,0.897266,0.219712,-0.382937,0.267147,0.96364,0.00548807,-0.332641,0.94301,0.00902832,0,0,0,0,0,0
000347,0.502303,0.709778,0.504625,69.3645,117.708,20.9003,0.0005,0.554272,0.742861,0.375419,-0.593996,0.70981,0.3786,0,0,0,0,0,0,0.999657,0.0259099,-0.00368739,-0.0376023,0.955168,-0.293667,0,0,0,0.684072,0.698053,-0.211582,-0.729174,0.653385,-0.203456,0.705476,0.236615,0.668069,-0.708777,0.200773,0.676259,-0.0258297,0.887184,0.460692,0,0,0,0,0,0,-0.311306,0.55767,0.769476,0,0,0,0,0,0,0.893458,0.40461,0.194996,-0.912349,0.356778,0.200822,-0.912979,0.170957,-0.370464,0.898378,0.219982,-0.380165,0.267097,0.963462,0.019985,-0.333046,0.942653,0.0220258,0,0,0,0,0,0
000348,0.500846,0.705803,0.502645,69.3645,117.708,20.9003,0.0005,0.555174,0.744052,0.371709,-0.594238,0.710101,0.377674,0,0,0,0,0,0,0.999632,0.0264094,-0.00618731,-0.0375517,0.95339,-0.299396,0,0,0,0.68301,0.696987,-0.218418,-0.728536,0.653483,-0.205414,0.706268,0.236353,0.667325,-0.706549,0.201182,0.678465,-0.025859,0.888562,0.458028,0,0,0,0,0,0,0,0,0,0,0,0,0,0,0,0.893956,0.405382,0.191071,-0.912343,0.356239,0.201801,-0.912979,0.170957,-0.370464,0.89652,0.219531,-0.384784,0.267128,0.963573,0.0129872,-0.332607,0.942912,0.0170274,0,0,0,0,0,0
000349,0.508629,0.701984,0.505554,69.3645,117.708,20.9003,0.0005,0.554837,0.743607,0.373101,-0.597179,0.714416,0.364675,0,0,0,0,0,0,0.999625,0.025909,0.0088106,-0.0375171,0.952185,-0.30321,0,0,0,0.684147,0.698128,-0.211094,-0.726662,0.651122,-0.219094,0.703889,0.235031,0.670299,-0.715063,0.202029,0.669231,-0.0264311,0.891957,0.451347,0,0,0,0,0,0,0,0,0,0,0,0,0,0,0,0.892169,0.404578,0.200876,-0.915138,0.357867,0.185615,-0.908635,0.169638,-0.381583,0.901485,0.220735,-0.37229,0.267132,0.963585,0.0119874,-0.333117,0.942859,0.00702843,0,0,0,0,0,0
000350,0.5034,0.708622,0.505318,354.09,129.555,52.8318,0.0005,0.496635,0.789448,0.360729,-0.644144,0.653391,0.397692,-0.652821,0.300956,-0.695162,0,0,0,0.992677,0.116428,-0.0321927,-0.133998,0.948005,-0.288672,0,0,0,0.61059,0.757977,-0.229457,-0.791122,0.584519,-0.180179,0.702216,0.297933,0.646629,-0.702964,0.13513,0.69827,-0.0911314,0.881229,0.463823,0,0,0,0,0,0,0,0,0,0,0,0,0,0,0,0.858753,0.483467,0.169714,-0.934758,0.272523,0.227946,-0.935278,0.0877177,-0.34287,0.862838,0.30125,-0.405905,0.178871,0.98376,0.014857,-0.416406,0.908524,0.0344918,-0.421227,0.730671,-0.537297,0,0,0
000351,0.504434,0.701668,0.500542,354.09,129.555,52.8318,0.0005,0.497311,0.790507,0.357463,-0.645609,0.65417,0.394018,0,0,0,0,0,0,0.992693,0.11643,-0.031693,-0.133502,0.944204,-0.301093,0,0,0,0.609646,0.756035,-0.238207,-0.789491,0.58393,-0.189025,0.700621,0.296716,0.648915,0,0,0,-0.0913289,0.883297,0.459831,0,0,0,0,0,0,0,0,0,0,0,0,0,0,0,0.858974,0.483591,0.168236,-0.935302,0.272681,0.225511,-0.93334,0.0880381,-0.348032,0.861075,0.300108,-0.41047,0.178889,0.98386,0.00435888,-0.416532,0.908804,0.0239968,-0.418589,0.724997,-0.546958,0,0,0
000352,0.506833,0.703007,0.506125,354.09,129.555,52.8318,0.0005,0.497311,0.790507,0.357463,-0.647252,0.655846,0.388497,0,0,0,0,0,0,0.992896,0.115951,-0.0266959,-0.133677,0.945537,-0.296799,0,0,0,0.610371,0.75771,-0.230916,-0.789415,0.583873,-0.189516,0.702308,0.296886,0.647011,0,0,0,-0.0914812,0.884894,0.456721,0,0,0,0,0,0,0,0,0,0,0,0,0,0,0,0.85853,0.483342,0.171192,-0.936689,0.273085,0.219175,-0.933213,0.0875241,-0.3485,0.8642,0.302252,-0.402247,0.178886,0.983842,0.00735861,-0.416537,0.908815,0.0234969,-0.419364,0.72738,-0.543187,0,0,0
000353,0.500125,0.704663,0.502236,354.09,129.555,52.8318,0.0005,0.497695,0.791108,0.355594,-0.643306,0.652536,0.400443,-0.650925,0.303381,-0.695886,0,0,0,0.99241,0.116397,-0.0396875,-0.133734,0.945978,-0.295366,0,0,0,0.609181,0.756257,-0.238692,-0.790969,0.585028,-0.179196,0.703405,0.298436,0.645102,-0.699369,0.133426,0.702197,-0.0912194,0.88215,0.46205,0,0,0,0,0,0,0,0,0,0,0,0,0,0,0,0.859523,0.484471,0.162812,-0.933428,0.272136,0.233784,-0.936421,0.0883271,-0.33958,0.859352,0.300039,-0.414113,0.178886,0.983842,0.00735861,-0.415992,0.908823,0.0314937,-0.420165,0.728795,-0.540666,0,0,0
000354,0.504082,0.70659,0.500947,354.09,129.555,52.8318,0.0005,0.496343,0.788991,0.362128,-0.644005,0.653249,0.39815,-0.647551,0.30401,-0.698753,0,0,0,0.992693,0.11643,-0.031693,-0.133772,0.94627,-0.294411,0,0,0,0.609762,0.757755,-0.232374,-0.79024,0.584486,-0.184113,0.700023,0.296463,0.649675,0,0,0,-0.0911093,0.880998,0.464265,0,0,0,0,0,0,0,0,0,0,0,0,0,0,0,0.858604,0.483384,0.1707,-0.934758,0.272523,0.227946,-0.933905,0.087589,-0.346625,0.861519,0.301321,-0.408644,0.178878,0.9838,0.0118579,-0.416447,0.908614,0.0314936,-0.419931,0.727368,-0.542765,0,0,0
000355,0.507339,0.706033,0.508389,354.09,129.555,52.8318,0.0005,0.496925,0.789903,0.35933,-0.646624,0.65592,0.389419,-0.650925,0.303381,-0.695886,0,0,0,0.992877,0.116452,-0.0251968,-0.133886,0.947142,-0.291543,0,0,0,0.611095,0.758594,-0.22605,-0.79009,0.583752,-0.18706,0.702411,0.297472,0.646629,0,0,0,-0.0919135,0.88416,0.458053,0,0,0,0,0,0,0,0,0,0,0,0,0,0,0,0.858475,0.482738,0.173162,-0.936934,0.272635,0.218687,-0.933639,0.0885683,-0.347094,0.865689,0.30224,-0.399041,0.178878,0.9838,0.0118579,-0.416501,0.908734,0.0269957,-0.420564,0.7295,-0.539404,0,0,0
000356,0.506793,0.706671,0.507285,354.09,129.555,52.8318,0.0005,0.496732,0.7896,0.360263,-0.646078,0.655362,0.39126,0,0,0,0,0,0,0.992851,0.116449,-0.0261962,-0.133886,0.947142,-0.291543,0,0,0,0.611341,0.758105,-0.227024,-0.79024,0.583863,-0.186078,0.702308,0.296886,0.647011,-0.70682,0.135357,0.694323,-0.0913507,0.883526,0.459387,0,0,0,0.261372,0.598258,0.757478,0,0,0,0,0,0,0,0,0,0.858475,0.482738,0.173162,-0.936233,0.273473,0.220638,-0.933686,0.0880706,-0.347094,0.864958,0.302515,-0.400415,0.178876,0.983788,0.0128576,-0.416484,0.908696,0.0284951,-0.420564,0.7295,-0.539404,0,0,0
000357,0.504659,0.700183,0.505077,354.09,129.555,52.8318,0.0005,0.497749,0.792122,0.353256,-0.64698,0.655569,0.389418,0,0,0,0,0,0,0.992709,0.116432,-0.0311933,-0.133541,0.944502,-0.300139,0,0,0,0.609407,0.756533,-0.237235,-0.789788,0.583528,-0.189025,0.7036,0.297975,0.645102,0,0,0,-0.0915894,0.886028,0.454495,0,0,0,0,0,0,0,0,0,0,0,0,0,0,0,0.859266,0.483754,0.166264,-0.935947,0.272869,0.222588,-0.934203,0.0881191,-0.345687,0.862262,0.30105,-0.407275,0.17889,0.983866,0.002359,-0.416556,0.908856,0.0214975,-0.418828,0.726433,-0.544865,0,0,0
000358,0.509202,0.706448,0.507396,354.09,129.555,52.8318,0.0005,0.496343,0.788991,0.362128,-0.646896,0.656197,0.388497,0,0,0,0,0,0,0.992969,0.116462,-0.0211992,-0.133867,0.946997,-0.292021,0,0,0,0.61138,0.758942,-0.224102,-0.789415,0.583873,-0.189516,0.700621,0.296716,0.648915,-0.708428,0.136172,0.692522,-0.0918699,0.883704,0.458941,0,0,0,0,0,0,0,0,0,0,0,0,0,0,0,0.857373,0.483267,0.177099,-0.937316,0.273267,0.216248,-0.932249,0.088438,-0.350842,0.866464,0.303038,-0.396748,0.178384,0.983877,0.0128575,-0.416506,0.908747,0.0264959,-0.420899,0.728062,-0.541083,0,0,0
000359,0.504989,0.707213,0.505763,354.09,129.555,52.8318,0.0005,0.496732,0.7896,0.360263,-0.644977,0.65424,0.394937,-0.650501,0.304287,-0.695886,0,0,0,0.992769,0.116439,-0.0291944,-0.133924,0.94743,-0.290586,0,0,0,0.610663,0.758066,-0.22897,-0.790908,0.583737,-0.183621,0.702605,0.297012,0.646629,0,0,0,-0.0912633,0.88261,0.461163,0,0,0,0,0,0,0,0,0,0,0,0,0,0,0,0.85853,0.483342,0.171192,-0.935518,0.272744,0.224537,-0.934547,0.0881513,-0.344748,0.863603,0.301515,-0.404077,0.178876,0.983788,0.0128576,-0.416453,0.908629,0.0309939,-0.421864,0.728753,-0.539398,0,0,0
000360,0.504953,0.708571,0.503827,234.936,258.052,57.9507,0.0005,0.518954,0.756993,0.397049,-0.625806,0.659179,0.416953,-0.633117,0.352072,-0.689353,0,0,0,0.996261,0.0846712,-0.0171567,-0.0991419,0.962304,-0.253261,0,0,0,0.637814,0.745514,-0.193395,-0.768658,0.617911,-0.165382,0.704662,0.247821,0.664858,0,0,0,-0.0657081,0.865097,0.497282,0,0,0,0,0,0,0,0,0,0,0,0,0,0,0,0.872228,0.447122,0.198241,-0.927669,0.294962,0.22897,-0.927542,0.132427,-0.349469,0.876503,0.288882,-0.385085,0.211708,0.975797,0.0547711,-0.385789,0.920269,0.0653557,-0.390639,0.764219,-0.513196,0,0,0
000361,0.507028,0.709457,0.506605,234.936,258.052,57.9507,0.0005,0.519253,0.756547,0.397509,-0.626662,0.660086,0.414224,-0.634205,0.351534,-0.688628,0,0,0,0.996406,0.0836799,-0.013158,-0.0991881,0.962807,-0.251326,0,0,0,0.638379,0.746163,-0.188979,-0.768464,0.617754,-0.166861,0.704496,0.248293,0.664858,-0.708127,0.131502,0.693732,-0.0657418,0.865593,0.496415,0,0,0,0,0,0,0,0,0,0,0,0,0,0,0,0.871784,0.446896,0.200691,-0.928793,0.294794,0.224588,-0.927125,0.132872,-0.350406,0.878478,0.289001,-0.380467,0.211683,0.975688,0.0567675,-0.385801,0.920299,0.0648568,-0.391429,0.764679,-0.511907,0,0,0
000362,0.500984,0.706177,0.508151,234.936,258.052,57.9507,0.0005,0.521497,0.759772,0.388314,-0.625586,0.659675,0.416499,-0.637072,0.354851,-0.684266,0,0,0,0.996122,0.0841577,-0.0256542,-0.0991186,0.962052,-0.254228,0,0,0,0.637042,0.744625,-0.199277,-0.769855,0.617593,-0.160942,0.710445,0.249321,0.658108,0,0,0,-0.0659091,0.868058,0.492068,0,0,0,0,0,0,0,0,0,0,0,0,0,0,0,0.873951,0.448,0.188431,-0.926678,0.294647,0.233348,-0.930814,0.133904,-0.340082,0.875003,0.287867,-0.389234,0.21177,0.976076,0.0492795,-0.385352,0.920522,0.0643581,-0.392333,0.765366,-0.510186,0,0,0
000363,0.507512,0.702676,0.50576,234.936,258.052,57.9507,0.0005,0.520193,0.758774,0.391996,-0.628497,0.662029,0.4083,0,0,0,0,0,0,0.996406,0.0836799,-0.013158,-0.098953,0.960256,-0.260991,0,0,0,0.637431,0.745073,-0.196337,-0.767782,0.616561,-0.174251,0.705455,0.247569,0.664111,0,0,0,-0.0664907,0.869246,0.489888,0,0,0,0,0,0,0,0,0,0,0,0,0,0,0,0.872316,0.447167,0.197751,-0.929385,0.295506,0.221177,-0.92608,0.132723,-0.353214,0.877753,0.288764,-0.382316,0.211797,0.976193,0.0467826,-0.386028,0.920853,0.0548751,-0.389252,0.761453,-0.518336,0,0,0
000364,0.501299,0.70128,0.505705,234.936,258.052,57.9507,0.0005,0.521748,0.761008,0.385547,-0.627309,0.660042,0.413313,-0.635292,0.350995,-0.6879,0,0,0,0.996122,0.0841577,-0.0256542,-0.0989289,0.959996,-0.261956,0,0,0,0.636246,0.74371,-0.205153,-0.768842,0.617417,-0.166368,0.709347,0.249465,0.659237,0,0,0,-0.0660252,0.869771,0.489018,0,0,0,0,0,0,0,0,0,0,0,0,0,0,0,0.874057,0.448615,0.186466,-0.927272,0.294311,0.231403,-0.929701,0.13324,-0.343371,0.873858,0.286967,-0.392456,0.211837,0.976368,0.0427869,-0.385503,0.92089,0.0578705,-0.390277,0.762382,-0.516195,0,0,0
000365,0.506471,0.703612,0.500099,234.936,258.052,57.9507,0.0005,0.518768,0.757602,0.39613,-0.626662,0.660086,0.414224,-0.628888,0.349712,-0.694407,0,0,0,0.996336,0.0841757,-0.0151573,-0.0989169,0.959865,-0.262439,0,0,0,0.637487,0.744375,-0.198788,-0.767604,0.61706,-0.173266,0.702147,0.246938,0.66784,-0.703678,0.130679,0.698398,-0.0657921,0.866335,0.495112,0,0,0,0,0,0,0,0,0,0,0,0,0,0,0,0.87214,0.447077,0.198731,-0.92832,0.295168,0.226049,-0.925555,0.132648,-0.354616,0.875741,0.288108,-0.387391,0.211781,0.976124,0.0482808,-0.385964,0.920697,0.0578703,-0.388882,0.7596,-0.521324,0,0,0
000366,0.507595,0.708579,0.50831,234.936,258.052,57.9507,0.0005,0.518655,0.757439,0.396589,-0.627512,0.660986,0.411492,-0.63432,0.352743,-0.687903,0,0,0,0.996382,0.0841797,-0.0116585,-0.0991651,0.962556,-0.252294,0,0,0,0.638441,0.746234,-0.188489,-0.768334,0.617649,-0.167847,0.705602,0.248151,0.663737,0,0,0,-0.0658423,0.867075,0.493808,0,0,0,0,0,0,0,0,0,0,0,0,0,0,0,0.871556,0.447341,0.20069,-0.929068,0.295406,0.222639,-0.927022,0.132352,-0.350874,0.879199,0.289237,-0.378618,0.211702,0.97577,0.0552702,-0.38585,0.920418,0.062861,-0.391875,0.764452,-0.511905,0,0,0
000367,0.50284,0.704822,0.506716,234.936,258.052,57.9507,0.0005,0.520751,0.759576,0.389695,-0.626662,0.660086,0.414224,-0.635649,0.351767,-0.687175,0,0,0,0.996216,0.0841657,-0.0216554,-0.0990483,0.961288,-0.257128,0,0,0,0.637421,0.7443,-0.199278,-0.768722,0.617963,-0.164889,0.708579,0.248666,0.660364,0,0,0,-0.0659257,0.868304,0.491633,0,0,0,0,0,0,0,0,0,0,0,0,0,0,0,0.873528,0.447785,0.190886,-0.927451,0.294892,0.229943,-0.92926,0.132672,-0.34478,0.875528,0.287512,-0.388313,0.211786,0.976147,0.0477814,-0.385424,0.920697,0.0613642,-0.391861,0.763309,-0.51362,0,0,0
000368,0.507529,0.700084,0.501281,234.936,258.052,57.9507,0.0005,0.519969,0.758452,0.392915,-0.628216,0.661732,0.409212,-0.627794,0.350247,-0.695127,0,0,0,0.996364,0.0841781,-0.013158,-0.0988071,0.95868,-0.266778,0,0,0,0.637224,0.744074,-0.200747,-0.767233,0.616119,-0.178188,0.702611,0.247631,0.667095,0,0,0,-0.0659589,0.868794,0.490762,0,0,0,0,0,0,0,0,0,0,0,0,0,0,0,0.872,0.447567,0.198241,-0.929174,0.295439,0.222151,-0.924956,0.133067,-0.356018,0.876109,0.288228,-0.386469,0.211343,0.976453,0.0432862,-0.386089,0.921001,0.0518796,-0.387733,0.758425,-0.523884,0,0,0
000369,0.506103,0.702403,0.505275,234.936,258.052,57.9507,0.0005,0.520417,0.759096,0.391076,-0.628076,0.661583,0.409668,-0.631912,0.351399,-0.690801,0,0,0,0.996328,0.0841751,-0.0156572,-0.098941,0.960126,-0.261474,0,0,0,0.637172,0.744775,-0.198297,-0.768051,0.616779,-0.172281,0.706081,0.247789,0.663363,-0.707103,0.131313,0.694811,-0.0659921,0.869283,0.48989,0,0,0,0,0,0,0,0,0,0,0,0,0,0,0,0.872754,0.44739,0.195301,-0.928749,0.295304,0.224101,-0.926849,0.132328,-0.351342,0.876659,0.288407,-0.385085,0.211807,0.976238,0.0457838,-0.386007,0.920802,0.0558736,-0.389368,0.761684,-0.517909,0,0,0
000370,0.500214,0.701172,0.502885,115.113,114.946,300.298,0.0005,0.494994,0.795489,0.349541,-0.647486,0.653124,0.392671,-0.651561,0.294231,-0.699211,0,0,0,0.992065,0.119641,-0.0386413,-0.136209,0.943063,-0.303446,0,0,0,0.606552,0.756674,-0.244007,-0.792165,0.581193,-0.186251,0.70242,0.30363,0.643751,0,0,0,-0.0954101,0.885814,0.454125,0,0,0,0,0,0,0,0,0,0,0,0,0,0,0,0.858188,0.487903,0.159576,-0.935282,0.270027,0.228765,-0.936016,0.0836527,-0.341873,0.858815,0.301643,-0.414063,0.1755,0.984478,-0.00141576,-0.419232,0.907617,0.0217891,-0.421174,0.723371,-0.547126,0,0,0
000371,0.50226,0.703305,0.509409,115.113,114.946,300.298,0.0005,0.494994,0.795489,0.349541,-0.649348,0.6543,0.387607,0,0,0,0,0,0,0.992244,0.119663,-0.0336447,-0.136447,0.944851,-0.297724,0,0,0,0.60808,0.757759,-0.236728,-0.792831,0.580441,-0.18576,0.703991,0.304853,0.641452,-0.707248,0.136146,0.693733,-0.0955673,0.887391,0.451004,0,0,0,0.260618,0.605195,0.752208,0,0,0,0,0,0,0,0,0,0.857449,0.48806,0.16303,-0.936338,0.270851,0.223408,-0.93623,0.0831697,-0.341403,0.862299,0.302858,-0.405854,0.175499,0.984476,0.00258399,-0.419219,0.907587,0.0232886,-0.422929,0.726444,-0.541674,0,0,0
000372,0.507654,0.709698,0.504025,115.113,114.946,300.298,0.0005,0.49204,0.790814,0.364019,-0.648036,0.653682,0.390831,0,0,0,0,0,0,0.992503,0.120197,-0.0221511,-0.136604,0.946023,-0.293904,0,0,0,0.608979,0.760444,-0.22554,-0.791855,0.580343,-0.19018,0.696276,0.301524,0.65137,-0.707001,0.13559,0.694093,-0.0955666,0.882348,0.460792,0,0,0,0,0,0,0,0,0,0,0,0,0,0,0,0.855224,0.486802,0.177808,-0.937643,0.270707,0.218044,-0.932038,0.0832993,-0.352657,0.865102,0.302777,-0.399907,0.175483,0.984382,0.0140815,-0.419625,0.907272,0.0277869,-0.422121,0.725029,-0.544193,0,0,0
000373,0.50017,0.70731,0.508204,115.113,114.946,300.298,0.0005,0.494855,0.794334,0.352351,-0.647427,0.652352,0.39405,0,0,0,0,0,0,0.992121,0.119648,-0.0371424,-0.136643,0.946314,-0.292948,0,0,0,0.607598,0.75875,-0.234783,-0.793491,0.581549,-0.179369,0.704388,0.303935,0.641452,0,0,0,-0.0952972,0.884682,0.456351,0,0,0,0.26063,0.602726,0.754184,0,0,0,0,0,0,0,0,0,0.857767,0.487665,0.162537,-0.935282,0.270027,0.228765,-0.937494,0.0842859,-0.33764,0.861311,0.301984,-0.408595,0.175495,0.984451,0.00758338,-0.419141,0.907416,0.0302857,-0.423567,0.728569,-0.53831,0,0,0
000374,0.505129,0.708031,0.501671,115.113,114.946,300.298,0.0005,0.492525,0.791581,0.36169,-0.64721,0.652844,0.393591,0,0,0,0,0,0,0.992427,0.119685,-0.0276481,-0.136506,0.945292,-0.296292,0,0,0,0.608113,0.759382,-0.23138,-0.791864,0.58097,-0.188216,0.697072,0.301323,0.650612,0,0,0,-0.0950465,0.882171,0.461238,0,0,0,0,0,0,0,0,0,0,0,0,0,0,0,0.855912,0.48719,0.173379,-0.936584,0.270402,0.222921,-0.933087,0.0833925,-0.349848,0.86249,0.302925,-0.405397,0.17549,0.984424,0.0105827,-0.419625,0.907272,0.0277869,-0.422013,0.723832,-0.545868,0,0,0
000375,0.503236,0.705238,0.507463,115.113,114.946,300.298,0.0005,0.494667,0.794036,0.353287,-0.648802,0.653747,0.38945,0,0,0,0,0,0,0.992309,0.119671,-0.0316459,-0.136487,0.945145,-0.296769,0,0,0,0.607746,0.758932,-0.233811,-0.79224,0.581248,-0.18576,0.702618,0.303171,0.643751,0,0,0,-0.0953876,0.885588,0.45457,0,0,0,0,0,0,0,0,0,0,0,0,0,0,0,0.857194,0.487341,0.166482,-0.936584,0.270402,0.222921,-0.935459,0.0841052,-0.343282,0.862656,0.302453,-0.405398,0.175497,0.984464,0.00558369,-0.419657,0.907344,0.0247881,-0.421929,0.726709,-0.542098,0,0,0
000376,0.505889,0.704789,0.506699,115.113,114.946,300.298,0.0005,0.49325,0.793665,0.356089,-0.649129,0.65479,0.387146,0,0,0,0,0,0,0.992454,0.119688,-0.0266486,-0.136428,0.944703,-0.298201,0,0,0,0.60843,0.75898,-0.231867,-0.791778,0.580286,-0.19067,0.699653,0.303526,0.646806,0,0,0,-0.0954101,0.885814,0.454125,0,0,0,0.25926,0.602088,0.755166,0,0,0,0,0,0,0,0,0,0.856286,0.487402,0.170917,-0.937538,0.270677,0.218532,-0.933609,0.0834389,-0.348443,0.86399,0.302918,-0.402196,0.175497,0.984461,0.00608362,-0.419682,0.907398,0.0222888,-0.422284,0.724306,-0.54503,0,0,0
000377,0.508903,0.70952,0.506932,115.113,114.946,300.298,0.0005,0.492234,0.791121,0.363088,-0.649129,0.65479,0.387146,0,0,0,0,0,0,0.992615,0.119707,-0.0196525,-0.137137,0.946243,-0.292946,0,0,0,0.610043,0.760167,-0.223594,-0.791701,0.58023,-0.191161,0.697172,0.301911,0.650232,0,0,0,-0.0957035,0.883719,0.458128,0,0,0,0.257741,0.599861,0.757454,0,0,0,0,0,0,0,0,0,0.855069,0.486714,0.178791,-0.938267,0.270887,0.215116,-0.932038,0.0832993,-0.352657,0.866605,0.303301,-0.396239,0.175483,0.984382,0.0140815,-0.419642,0.907309,0.0262875,-0.422227,0.726223,-0.542516,0,0,0
000378,0.505442,0.702447,0.502808,115.113,114.946,300.298,0.0005,0.493864,0.793702,0.355156,-0.648856,0.654514,0.388068,0,0,0,0,0,0,0.992413,0.119683,-0.0281478,-0.136209,0.943063,-0.303446,0,0,0,0.60769,0.758072,-0.236727,-0.791096,0.580405,-0.193124,0.698861,0.302095,0.648331,-0.705294,0.135264,0.69589,-0.0953876,0.885588,0.45457,0,0,0,0.258503,0.600356,0.756802,0,0,0,0,0,0,0,0,0,0.856509,0.487528,0.169439,-0.937222,0.270586,0.219995,-0.932913,0.083377,-0.350316,0.862107,0.302791,-0.406311,0.175499,0.984477,0.00208403,-0.419703,0.907446,0.0197895,-0.420495,0.722181,-0.549217,0,0,0
000379,0.504596,0.700049,0.502764,115.113,114.946,300.298,0.0005,0.494949,0.794483,0.351883,-0.648773,0.655142,0.387147,-0.647351,0.296697,-0.702074,0,0,0,0.992355,0.119676,-0.0301467,-0.136088,0.942156,-0.306303,0,0,0,0.607087,0.757332,-0.240611,-0.791236,0.579887,-0.194105,0.699554,0.302939,0.647188,-0.704953,0.135199,0.696249,-0.0955001,0.886716,0.452342,0,0,0,0,0,0,0,0,0,0,0,0,0,0,0,0.856947,0.487776,0.166482,-0.937116,0.270555,0.220483,-0.933261,0.083408,-0.34938,0.861338,0.302523,-0.408138,0.1755,0.984478,-0.00141576,-0.419726,0.907496,0.0167901,-0.420382,0.720975,-0.550885,0,0,0
000380,0.509913,0.705876,0.507153,346.416,334.433,80.759,0.0005,0.496086,0.767317,0.406353,-0.647024,0.62847,0.431723,-0.655152,0.342125,-0.673591,0,0,0,0.992226,0.122752,-0.0205,-0.1394,0.962415,-0.233076,0,0,0,0.606205,0.774311,-0.181545,-0.79301,0.590524,-0.14972,0.704213,0.259014,0.661056,0,0,0,-0.0913793,0.853921,0.512317,0,0,0,0,0,0,0,0,0,0,0,0,0,0,0,0.856369,0.475628,0.201023,-0.937277,0.254712,0.237977,-0.934781,0.104582,-0.339481,0.86207,0.331936,-0.382954,0.175356,0.981916,0.0713587,-0.419516,0.90388,0.0837107,-0.426747,0.758366,-0.492714,0,0,0
000381,0.504902,0.700964,0.504979,346.416,334.433,80.759,0.0005,0.498382,0.769905,0.398574,-0.646095,0.627562,0.434427,-0.655285,0.343324,-0.672853,0.512173,0.49413,-0.702506,0.991957,0.122718,-0.0309936,-0.13918,0.960775,-0.239877,0,0,0,0.604804,0.772551,-0.19333,-0.793366,0.59079,-0.146753,0.706999,0.260036,0.657673,0,0,0,-0.0910069,0.855245,0.51017,0,0,0,0,0,0,0,0,0,0,0,0,0,0,0,0.858821,0.475838,0.189748,-0.935541,0.253723,0.245738,-0.936954,0.104825,-0.33336,0.857717,0.330272,-0.394008,0.175467,0.982507,0.0623797,-0.419601,0.904068,0.0812194,-0.425594,0.757313,-0.495324,0,0,0
000382,0.50931,0.709561,0.506436,346.416,334.433,80.759,0.0005,0.495302,0.766124,0.409548,-0.645784,0.627258,0.435327,-0.656443,0.341109,-0.67285,0,0,0,0.992226,0.122752,-0.0205,-0.139553,0.963558,-0.228211,0,0,0,0.606541,0.774733,-0.178595,-0.793484,0.590878,-0.145764,0.703765,0.258316,0.661806,0,0,0,-0.091128,0.851361,0.516604,0,0,0,0,0,0,0,0,0,0,0,0,0,0,0,0.856016,0.475432,0.202981,-0.936584,0.254524,0.240889,-0.93523,0.105135,-0.338069,0.86207,0.331936,-0.382954,0.174796,0.98164,0.0763435,-0.419319,0.903447,0.08919,-0.427142,0.760116,-0.489668,0,0,0
000383,0.504983,0.702699,0.505409,346.416,334.433,80.759,0.0005,0.497634,0.769676,0.399948,-0.645784,0.627258,0.435327,-0.65588,0.343637,-0.672113,0.511975,0.495338,-0.7018,0.991973,0.12272,-0.0304939,-0.139275,0.961484,-0.236963,0,0,0,0.605044,0.772852,-0.191367,-0.793542,0.590922,-0.145269,0.707171,0.259567,0.657673,0,0,0,-0.0909321,0.854482,0.51146,0,0,0,0,0,0,0,0,0,0,0,0,0,0,0,0.858329,0.476138,0.19122,-0.935292,0.254173,0.246222,-0.937173,0.105856,-0.332417,0.858088,0.330949,-0.392629,0.175432,0.982319,0.0653734,-0.419516,0.90388,0.0837107,-0.426072,0.758179,-0.493586,0,0,0
000384,0.50293,0.705315,0.508092,346.416,334.433,80.759,0.0005,0.498273,0.769738,0.399033,-0.644498,0.626701,0.438026,-0.660237,0.342536,-0.668398,0,0,0,0.991922,0.12221,-0.0339917,-0.139431,0.962646,-0.232103,0,0,0,0.605556,0.772693,-0.190386,-0.793982,0.591876,-0.138835,0.709635,0.260471,0.654655,0,0,0,-0.0908821,0.853973,0.512319,0,0,0,0,0,0,0,0,0,0,0,0,0,0,0,0.858744,0.476367,0.188766,-0.934706,0.253496,0.249129,-0.939032,0.10556,-0.327225,0.858268,0.330482,-0.392629,0.175395,0.982122,0.0683664,-0.418884,0.903698,0.0886923,-0.427614,0.760971,-0.487923,0,0,0
000385,0.507042,0.707945,0.503465,346.416,334.433,80.759,0.0005,0.495639,0.766637,0.40818,-0.644533,0.626037,0.438925,-0.655152,0.342125,-0.673591,0,0,0,0.992112,0.122737,-0.0254968,-0.139462,0.962875,-0.231131,0,0,0,0.606314,0.773645,-0.184003,-0.793658,0.591008,-0.14428,0.703109,0.259141,0.662181,0,0,0,-0.0905802,0.850898,0.517462,0,0,0,0,0,0,0,0,0,0,0,0,0,0,0,0.856719,0.475821,0.199064,-0.93541,0.254205,0.245738,-0.9359,0.10521,-0.336187,0.859907,0.330574,-0.388949,0.175316,0.981701,0.0743501,-0.419319,0.903447,0.08919,-0.426985,0.758797,-0.491844,0,0,0
000386,0.507972,0.70557,0.508122,346.416,334.433,80.759,0.0005,0.496752,0.768333,0.403611,-0.646715,0.628168,0.432625,-0.656243,0.344392,-0.671372,0,0,0,0.992087,0.123238,-0.0239977,-0.1394,0.962415,-0.233076,0,0,0,0.605584,0.774333,-0.18351,-0.793665,0.590389,-0.146753,0.706072,0.259696,0.658802,0,0,0,-0.0914293,0.85443,0.511458,0,0,0,0,0,0,0,0,0,0,0,0,0,0,0,0.857066,0.476012,0.197105,-0.936584,0.254524,0.240889,-0.936123,0.104732,-0.335716,0.860993,0.331525,-0.385722,0.175369,0.981985,0.0703614,-0.419481,0.903803,0.0847072,-0.426786,0.759472,-0.490975,0,0,0
000387,0.50738,0.70421,0.503454,346.416,334.433,80.759,0.0005,0.49653,0.767995,0.404525,-0.645784,0.627258,0.435327,-0.654422,0.340613,-0.675067,0,0,0,0.992112,0.122737,-0.0254968,-0.139275,0.961484,-0.236963,0,0,0,0.605851,0.773063,-0.187932,-0.793189,0.590658,-0.148237,0.703903,0.2589,0.661431,0,0,0,-0.0913042,0.853155,0.513605,0,0,0,0,0,0,0,0,0,0,0,0,0,0,0,0.857395,0.475623,0.196615,-0.935752,0.254816,0.243799,-0.93551,0.105669,-0.337128,0.859364,0.330902,-0.389869,0.175395,0.982122,0.0683664,-0.419499,0.903842,0.084209,-0.425594,0.757313,-0.495324,0,0,0
000388,0.507213,0.708298,0.509327,346.416,334.433,80.759,0.0005,0.49695,0.767723,0.404527,-0.645591,0.627769,0.434878,-0.657791,0.345769,-0.669146,0,0,0,0.992124,0.122739,-0.0249971,-0.139553,0.963558,-0.228211,0,0,0,0.606598,0.774002,-0.181546,-0.79383,0.591137,-0.142795,0.706999,0.260036,0.657673,0,0,0,-0.0913293,0.853411,0.513176,0,0,0,0,0,0,0,0,0,0,0,0,0,0,0,0.857309,0.475575,0.197105,-0.936366,0.253946,0.242344,-0.937008,0.105837,-0.332888,0.861353,0.331662,-0.3848,0.175323,0.981737,0.0738516,-0.419338,0.903488,0.088692,-0.428604,0.760696,-0.487483,0,0,0
000389,0.509148,0.709605,0.500943,346.416,334.433,80.759,0.0005,0.4944,0.764749,0.413193,-0.644219,0.62573,0.439823,-0.652993,0.340428,-0.676542,0,0,0,0.992154,0.123246,-0.0209996,-0.139477,0.96299,-0.230644,0,0,0,0.60598,0.774831,-0.18007,-0.793308,0.590746,-0.147248,0.699993,0.257997,0.665919,0,0,0,-0.0903771,0.848832,0.520881,0,0,0,0,0,0,0,0,0,0,0,0,0,0,0,0.855991,0.474848,0.204449,-0.936131,0.253883,0.243314,-0.934218,0.105022,-0.340891,0.860633,0.331387,-0.386644,0.174782,0.981565,0.0773403,-0.419282,0.903365,0.0901859,-0.426509,0.757935,-0.493584,0,0,0
000390,0.506683,0.706751,0.503166,96.624,152.911,121.02,0.0005,0.530631,0.758146,0.379006,-0.616682,0.685463,0.387097,0,0,0,0,0,0,0.997975,0.0633153,-0.00603503,-0.0763921,0.9547,-0.287597,0,0,0,0.655765,0.725066,-0.210361,-0.753677,0.626956,-0.197222,0.701677,0.253848,0.665741,-0.709371,0.168405,0.684421,-0.0527588,0.882179,0.467949,0,0,0,0,0,0,0,0,0,0,0,0,0,0,0,0.878895,0.435157,0.1954,-0.924138,0.32145,0.206494,-0.919806,0.140595,-0.366319,0.88686,0.257613,-0.383555,0.231597,0.972499,0.0246712,-0.367289,0.929675,0.0283563,-0.369118,0.753239,-0.544411,0,0,0
000391,0.502002,0.707834,0.505142,96.624,152.911,121.02,0.0005,0.531722,0.759681,0.374375,-0.615886,0.683824,0.391242,0,0,0,0,0,0,0.997905,0.06281,-0.0155334,-0.0764512,0.955557,-0.284723,0,0,0,0.65482,0.724775,-0.214269,-0.755183,0.627564,-0.189372,0.705732,0.255312,0.660877,-0.707934,0.167038,0.686242,-0.0527588,0.882179,0.467949,0,0,0,0,0,0,0,0,0,0,0,0,0,0,0,0.88027,0.435833,0.187549,-0.922548,0.320898,0.214314,-0.923205,0.141113,-0.357463,0.884772,0.256492,-0.389089,0.2316,0.972511,0.0241715,-0.366768,0.929714,0.0333537,-0.370074,0.756389,-0.539371,0,0,0
000392,0.507044,0.709859,0.502926,96.624,152.911,121.02,0.0005,0.52934,0.757191,0.382702,-0.616164,0.684885,0.38894,0,0,0,0,0,0,0.997981,0.0633157,-0.00503529,-0.0764708,0.95584,-0.283764,0,0,0,0.655587,0.72635,-0.206449,-0.753978,0.627208,-0.195261,0.700737,0.253508,0.66686,-0.709486,0.167918,0.684422,-0.0526613,0.880303,0.47148,0,0,0,0,0,0,0,0,0,0,0,0,0,0,0,0.878454,0.43494,0.19785,-0.923942,0.321382,0.207472,-0.919806,0.140595,-0.366319,0.887412,0.257772,-0.382169,0.231568,0.972381,0.0291684,-0.367245,0.929561,0.0323542,-0.369705,0.754464,-0.542312,0,0,0
000393,0.500348,0.703797,0.505503,96.624,152.911,121.02,0.0005,0.532604,0.761786,0.368803,-0.616536,0.68455,0.38894,0,0,0,0,0,0,0.997844,0.0628062,-0.0190328,-0.0763522,0.954125,-0.289511,0,0,0,0.654235,0.723399,-0.220613,-0.754718,0.627826,-0.190355,0.707253,0.256924,0.658622,-0.707035,0.167853,0.686969,-0.0528794,0.884505,0.463525,0,0,0,0,0,0,0,0,0,0,0,0,0,0,0,0.881486,0.435873,0.181653,-0.922345,0.320827,0.215291,-0.92391,0.14122,-0.355595,0.883319,0.256593,-0.39231,0.231634,0.972651,0.0171738,-0.366819,0.929845,0.0288562,-0.370272,0.754489,-0.54189,0,0,0
000394,0.509358,0.70768,0.505159,96.624,152.911,121.02,0.0005,0.530192,0.757526,0.380855,-0.617709,0.686611,0.383406,0,0,0,0,0,0,0.998056,0.0623186,-0.00103661,-0.0764316,0.955272,-0.285681,0,0,0,0.656468,0.725831,-0.205472,-0.752977,0.627022,-0.199672,0.70105,0.253621,0.666487,-0.712808,0.168702,0.680768,-0.0532821,0.882617,0.467064,0,0,0,0,0,0,0,0,0,0,0,0,0,0,0,0.878409,0.434361,0.19932,-0.925101,0.321785,0.2016,-0.918716,0.140429,-0.369109,0.889055,0.258246,-0.378008,0.231582,0.972436,0.0271698,-0.367294,0.929688,0.0278565,-0.369353,0.753729,-0.543572,0,0,0
000395,0.503945,0.702238,0.508144,96.624,152.911,121.02,0.0005,0.533013,0.761499,0.368804,-0.617964,0.686897,0.382482,0,0,0,0,0,0,0.997953,0.062813,-0.0120339,-0.0763221,0.95369,-0.290946,0,0,0,0.654827,0.724043,-0.21671,-0.753584,0.627529,-0.195751,0.707284,0.255872,0.658999,-0.711366,0.168875,0.682231,-0.052975,0.886349,0.459977,0,0,0,0,0,0,0,0,0,0,0,0,0,0,0,0.880521,0.435956,0.186076,-0.924204,0.320944,0.206983,-0.922319,0.140978,-0.359797,0.885936,0.257347,-0.385862,0.231638,0.972668,0.016174,-0.367331,0.929784,0.023858,-0.369139,0.754438,-0.542734,0,0,0
000396,0.508354,0.70328,0.504924,96.624,152.911,121.02,0.0005,0.531396,0.759223,0.375765,-0.618473,0.687465,0.380634,0,0,0,0,0,0,0.998019,0.0628172,-0.00353572,-0.0763121,0.953545,-0.291425,0,0,0,0.655623,0.72491,-0.211339,-0.753154,0.625866,-0.20261,0.702303,0.254074,0.664995,-0.711914,0.169518,0.681499,-0.0529034,0.884967,0.462639,0,0,0,0,0,0,0,0,0,0,0,0,0,0,0,0.879205,0.434752,0.19491,-0.925101,0.321785,0.2016,-0.918898,0.140457,-0.368644,0.887918,0.257398,-0.381246,0.231621,0.972597,0.020173,-0.367344,0.929817,0.0223584,-0.368079,0.752228,-0.546508,0,0,0
000397,0.505043,0.702205,0.502884,96.624,152.911,121.02,0.0005,0.532046,0.760138,0.372983,-0.617825,0.685991,0.384329,0,0,0,0,0,0,0.997975,0.0628144,-0.0100342,-0.0762513,0.952669,-0.294293,0,0,0,0.654382,0.724299,-0.217198,-0.753053,0.627086,-0.199182,0.703722,0.254054,0.6635,-0.708705,0.168247,0.68515,-0.0528794,0.884505,0.463525,0,0,0,0,0,0,0,0,0,0,0,0,0,0,0,0.879932,0.435666,0.189513,-0.923942,0.321382,0.207472,-0.920453,0.141199,-0.364457,0.885285,0.256119,-0.388168,0.231634,0.972651,0.0171738,-0.367335,0.929795,0.0233581,-0.368292,0.751516,-0.547343,0,0,0
000398,0.500491,0.709238,0.507385,96.624,152.911,121.02,0.0005,0.532046,0.760138,0.372983,-0.615122,0.68372,0.392622,0,0,0,0,0,0,0.997885,0.0623077,-0.0185329,-0.0765097,0.956404,-0.281846,0,0,0,0.655263,0.724519,-0.213781,-0.75551,0.628488,-0.184953,0.708073,0.255625,0.658246,-0.707819,0.167525,0.686242,-0.0527588,0.882179,0.467949,0,0,0,0,0,0,0,0,0,0,0,0,0,0,0,0.880993,0.435631,0.184602,-0.922038,0.320721,0.216755,-0.92471,0.141848,-0.353257,0.884585,0.256438,-0.389549,0.231594,0.972487,0.025171,-0.36673,0.929617,0.0363516,-0.371453,0.758109,-0.535997,0,0,0
000399,0.506206,0.705497,0.508967,96.624,152.911,121.02,0.0005,0.531938,0.759986,0.373447,-0.617964,0.686897,0.382482,0,0,0,0,0,0,0.997997,0.0628158,-0.00753469,-0.0764119,0.954987,-0.286639,0,0,0,0.655466,0.725478,-0.209872,-0.753903,0.627145,-0.195751,0.705732,0.255312,0.660877,-0.71347,0.168858,0.680035,-0.0529034,0.884967,0.462639,0,0,0,0,0,0,0,0,0,0,0,0,0,0,0,0.880119,0.434644,0.190986,-0.924786,0.321146,0.204047,-0.921351,0.141336,-0.362128,0.887918,0.257398,-0.381246,0.231611,0.972556,0.0221723,-0.367304,0.929713,0.0268569,-0.369724,0.755659,-0.540633,0,0,0
000400,0.50537,0.705926,0.50529,241.166,341.043,256.023,0.0005,0.480949,0.7779,0.404425,-0.657542,0.611494,0.440128,-0.665772,0.328827,-0.669791,0.505735,0.498049,-0.7044,0.989065,0.144215,-0.0308765,-0.160678,0.959748,-0.230361,0,0,0,0.588221,0.786818,-0.186853,-0.806666,0.574176,-0.140046,0.701118,0.274075,0.658267,0,0,0,-0.108002,0.849529,0.516368,0,0,0,0,0,0,0,0,0,0,0,0,0,0,0,0.84752,0.494251,0.193458,-0.939884,0.233267,0.24941,-0.939751,0.0853856,-0.331025,0.850756,0.350231,-0.391858,0.154273,0.98537,0.0724205,-0.438595,0.894127,0.0903922,-0.444497,0.750823,-0.488556,0,0,0
000401,0.506061,0.708893,0.500018,241.166,341.043,256.023,0.0005,0.479323,0.77531,0.411272,-0.655602,0.60968,0.445508,-0.662033,0.330315,-0.672759,0.49921,0.50496,-0.704134,0.989051,0.144718,-0.0288778,-0.160731,0.960088,-0.228902,0,0,0,0.588101,0.787487,-0.184397,-0.806666,0.574176,-0.140046,0.697479,0.271588,0.663147,0,0,0,-0.107511,0.8454,0.523202,0,0,0,0,0,0,0,0,0,0,0,0,0,0,0,0.846587,0.493711,0.19885,-0.939398,0.233147,0.251346,-0.938425,0.0852651,-0.334796,0.850202,0.350545,-0.392777,0.154212,0.985001,0.0774054,-0.438394,0.893709,0.0953703,-0.444005,0.749977,-0.4903,0,0,0
000402,0.500764,0.709399,0.502834,241.166,341.043,256.023,0.0005,0.480626,0.777385,0.405797,-0.654472,0.607938,0.449531,-0.666828,0.332707,-0.666819,0.500072,0.506574,-0.702361,0.988769,0.144172,-0.0393706,-0.160854,0.960874,-0.225494,0,0,0,0.587593,0.786818,-0.188816,-0.807474,0.575369,-0.130138,0.702888,0.273153,0.656761,0,0,0,-0.107573,0.845919,0.522349,0,0,0,0,0,0,0,0,0,0,0,0,0,0,0,0.848516,0.494251,0.189042,-0.93729,0.232625,0.259564,-0.942152,0.0861058,-0.323938,0.848202,0.348647,-0.398747,0.154225,0.985077,0.0764086,-0.438225,0.893358,0.099351,-0.445288,0.753179,-0.484189,0,0,0
000403,0.507926,0.706215,0.504456,241.166,341.043,256.023,0.0005,0.480302,0.776869,0.407167,-0.658184,0.612094,0.438332,-0.663749,0.328377,-0.672017,0.504354,0.502376,-0.702315,0.989205,0.144236,-0.0258798,-0.160642,0.95952,-0.231334,0,0,0,0.588557,0.787261,-0.183906,-0.806204,0.573845,-0.144005,0.699637,0.272427,0.660523,0,0,0,-0.107941,0.849016,0.517224,0,0,0,0,0,0,0,0,0,0,0,0,0,0,0,0.84701,0.493378,0.19787,-0.940844,0.233505,0.245535,-0.938213,0.0857478,-0.335267,0.85202,0.350748,-0.388636,0.154262,0.985299,0.0734176,-0.438653,0.894248,0.0888982,-0.443574,0.750231,-0.490302,0,0,0
000404,0.506625,0.704013,0.509574,241.166,341.043,256.023,0.0005,0.481805,0.779263,0.400764,-0.659459,0.613287,0.434733,-0.666823,0.33047,-0.667934,0.506264,0.501477,-0.701582,0.989138,0.144226,-0.0283781,-0.160624,0.959406,-0.23182,0,0,0,0.587933,0.787266,-0.18587,-0.806378,0.57397,-0.142521,0.704111,0.273629,0.655252,0,0,0,-0.108366,0.852591,0.51122,0,0,0,0,0,0,0,0,0,0,0,0,0,0,0,0.847687,0.494348,0.192477,-0.941082,0.233564,0.244566,-0.93987,0.0858985,-0.330553,0.852199,0.350822,-0.388175,0.154314,0.985614,0.0689296,-0.438767,0.894485,0.0859098,-0.44505,0.75078,-0.488118,0,0,0
000405,0.509508,0.702078,0.505764,241.166,341.043,256.023,0.0005,0.481164,0.778242,0.403511,-0.660092,0.61388,0.432932,-0.662178,0.329269,-0.673128,0.504466,0.501772,-0.702665,0.989194,0.144739,-0.0233814,-0.160443,0.958249,-0.236681,0,0,0,0.587877,0.787192,-0.186361,-0.805257,0.573783,-0.149445,0.700434,0.2722,0.659772,0,0,0,-0.108832,0.852274,0.511648,0,0,0,0,0,0,0,0,0,0,0,0,0,0,0,0.847095,0.493428,0.19738,-0.942024,0.233797,0.240687,-0.937375,0.0856717,-0.337621,0.852569,0.350433,-0.387715,0.154331,0.985715,0.0674332,-0.438913,0.894787,0.0819242,-0.442892,0.748062,-0.494217,0,0,0
000406,0.506462,0.708983,0.509194,241.166,341.043,256.023,0.0005,0.481159,0.777293,0.405341,-0.658364,0.611579,0.43878,-0.668164,0.330021,-0.666816,0,0,0,0.989152,0.144228,-0.0278785,-0.160871,0.960985,-0.225007,0,0,0,0.589289,0.787396,-0.180958,-0.807125,0.57389,-0.13856,0.702707,0.273619,0.656761,0,0,0,-0.108002,0.849529,0.516368,0,0,0,0,0,0,0,0,0,0,0,0,0,0,0,0.84735,0.493575,0.19591,-0.940606,0.233446,0.246504,-0.940153,0.0864262,-0.329609,0.852916,0.351115,-0.386332,0.154225,0.985077,0.0764086,-0.438496,0.893921,0.0928816,-0.445409,0.753389,-0.483752,0,0,0
000407,0.503276,0.704322,0.502757,241.166,341.043,256.023,0.0005,0.481378,0.778583,0.402596,-0.656413,0.610438,0.443268,-0.665394,0.32808,-0.670532,0.498397,0.507717,-0.702726,0.988917,0.144194,-0.0353735,-0.16057,0.959061,-0.233279,0,0,0,0.58799,0.785689,-0.192253,-0.806779,0.574257,-0.139056,0.701607,0.273728,0.657891,0,0,0,-0.107941,0.849016,0.517224,0,0,0,0,0,0,0,0,0,0,0,0,0,0,0,0.8481,0.494588,0.190023,-0.939028,0.23254,0.253281,-0.940408,0.0854453,-0.329137,0.848558,0.349873,-0.396911,0.154308,0.98558,0.0694284,-0.438595,0.894127,0.0903922,-0.444005,0.749977,-0.4903,0,0,0
000408,0.503769,0.703368,0.500343,241.166,341.043,256.023,0.0005,0.481057,0.778071,0.403968,-0.656251,0.610287,0.443716,-0.663147,0.328076,-0.672757,0.500673,0.506477,-0.702002,0.988934,0.144196,-0.0348739,-0.160479,0.958482,-0.235709,0,0,0,0.587073,0.786134,-0.193233,-0.806261,0.574501,-0.141036,0.700434,0.2722,0.659772,0,0,0,-0.10788,0.848502,0.518079,0,0,0,0,0,0,0,0,0,0,0,0,0,0,0,0.847936,0.494492,0.191005,-0.939028,0.23254,0.253281,-0.93966,0.0863814,-0.331025,0.848012,0.349109,-0.398746,0.15432,0.985648,0.0684308,-0.438634,0.894208,0.0893962,-0.44314,0.748489,-0.493347,0,0,0
000409,0.501835,0.70116,0.509364,241.166,341.043,256.023,0.0005,0.483286,0.78162,0.394341,-0.658003,0.61261,0.437883,-0.668911,0.331511,-0.665326,0.50124,0.503466,-0.703762,0.988808,0.144178,-0.0383713,-0.160534,0.95883,-0.234251,0,0,0,0.587297,0.785603,-0.194705,-0.806948,0.574378,-0.13757,0.707278,0.275396,0.651087,0,0,0,-0.108486,0.853604,0.509501,0,0,0,0,0,0,0,0,0,0,0,0,0,0,0,0.849561,0.494856,0.182655,-0.939396,0.232631,0.25183,-0.942474,0.086135,-0.322992,0.848932,0.349485,-0.396452,0.154374,0.985974,0.063442,-0.438281,0.894627,0.0869064,-0.444434,0.75171,-0.487248,0,0,0
000410,0.507524,0.703964,0.50518,36.6685,142.275,331.421,0.0005,0.502273,0.783371,0.36613,-0.642838,0.660753,0.387512,0,0,0,0,0,0,0.994146,0.106594,-0.0176408,-0.122014,0.948202,-0.293302,0,0,0,0.619769,0.752598,-0.222448,-0.782382,0.592071,-0.193212,0.699197,0.28715,0.654727,-0.710161,0.139024,0.690177,-0.0863198,0.883155,0.461071,0,0,0,0,0,0,0,0,0,0,0,0,0,0,0,0.861777,0.473799,0.181258,-0.935472,0.281536,0.21361,-0.929363,0.0987476,-0.355715,0.870419,0.295298,-0.393916,0.188738,0.981924,0.0142382,-0.407554,0.91283,0.0253228,-0.408843,0.73309,-0.543531,0,0,0
000411,0.50466,0.703908,0.506752,36.6685,142.275,331.421,0.0005,0.502969,0.784441,0.362871,-0.642298,0.660195,0.389354,0,0,0,0,0,0,0.993981,0.107079,-0.0231386,-0.122083,0.948782,-0.291389,0,0,0,0.619724,0.751764,-0.225372,-0.783141,0.592648,-0.188304,0.701727,0.288727,0.651319,0,0,0,-0.085863,0.883661,0.460186,0,0,0,0,0,0,0,0,0,0,0,0,0,0,0,0.862321,0.474666,0.176339,-0.934398,0.281736,0.218003,-0.931416,0.0994674,-0.350101,0.869079,0.294319,-0.397589,0.188741,0.981938,0.0132384,-0.407533,0.912782,0.027322,-0.409315,0.734998,-0.540592,0,0,0
000412,0.505702,0.701735,0.506211,36.6685,142.275,331.421,0.0005,0.503265,0.784896,0.361473,-0.643107,0.661031,0.38659,0,0,0,0,0,0,0.994068,0.106586,-0.0216392,-0.121945,0.947617,-0.295213,0,0,0,0.619193,0.751909,-0.226345,-0.782535,0.592187,-0.192231,0.701124,0.28848,0.652078,0,0,0,-0.0859446,0.884576,0.458409,0,0,0,0,0,0,0,0,0,0,0,0,0,0,0,0.862562,0.474228,0.176339,-0.935061,0.281413,0.215563,-0.930473,0.0983621,-0.35291,0.869268,0.294383,-0.39713,0.188748,0.981972,0.0102388,-0.407568,0.912864,0.0238233,-0.408099,0.733813,-0.543115,0,0,0
000413,0.504389,0.700807,0.507904,36.6685,142.275,331.421,0.0005,0.503854,0.785801,0.358674,-0.643107,0.661031,0.38659,0,0,0,0,0,0,0.994011,0.106579,-0.0241382,-0.121945,0.947617,-0.295213,0,0,0,0.619287,0.751243,-0.228294,-0.78284,0.592419,-0.190268,0.703231,0.289344,0.64942,-0.709726,0.139448,0.690539,-0.0860461,0.885715,0.456186,0,0,0,0,0,0,0,0,0,0,0,0,0,0,0,0.862781,0.474917,0.173386,-0.934854,0.281351,0.21654,-0.931643,0.0989886,-0.349633,0.868731,0.29473,-0.398047,0.188751,0.98199,0.00823902,-0.407573,0.912875,0.0233235,-0.408488,0.734527,-0.541855,0,0,0
000414,0.509222,0.706507,0.509571,36.6685,142.275,331.421,0.0005,0.501973,0.78291,0.367525,-0.643643,0.661585,0.384745,-0.642724,0.312183,-0.699605,0,0,0,0.994208,0.106601,-0.0136427,-0.122218,0.949932,-0.287561,0,0,0,0.620753,0.753773,-0.21562,-0.78231,0.592644,-0.19174,0.700408,0.287646,0.653214,-0.713249,0.141157,0.68655,-0.0863403,0.883384,0.460628,0,0,0,0,0,0,0,0,0,0,0,0,0,0,0,0.861297,0.473536,0.184207,-0.936283,0.28178,0.209702,-0.929487,0.0992634,-0.355248,0.872963,0.2951,-0.388397,0.188233,0.981946,0.0187368,-0.407538,0.912794,0.0268222,-0.409395,0.736187,-0.53891,0,0,0
000415,0.500135,0.701955,0.509166,36.6685,142.275,331.421,0.0005,0.504536,0.786848,0.355405,-0.642113,0.659285,0.391195,0,0,0,0,0,0,0.993771,0.106554,-0.0326344,-0.122066,0.948638,-0.291868,0,0,0,0.618459,0.751032,-0.231212,-0.784255,0.592868,-0.182899,0.706715,0.290232,0.645228,-0.70769,0.13905,0.692705,-0.0860056,0.88526,0.457076,0,0,0,0,0,0,0,0,0,0,0,0,0,0,0,0.863825,0.475488,0.166488,-0.933417,0.280397,0.223855,-0.934511,0.0997946,-0.341657,0.866803,0.293553,-0.403087,0.18875,0.981986,0.00873897,-0.407065,0.91296,0.0283217,-0.410219,0.736654,-0.537645,0,0,0
000416,0.501517,0.708649,0.502932,36.6685,142.275,331.421,0.0005,0.502493,0.782794,0.367062,-0.639281,0.657077,0.399462,0,0,0,0,0,0,0.993893,0.106567,-0.0286364,-0.122252,0.950217,-0.286604,0,0,0,0.61941,0.752169,-0.224884,-0.784472,0.593033,-0.181424,0.70052,0.288232,0.652835,-0.703502,0.138739,0.69702,-0.0854709,0.879267,0.468599,0,0,0,0,0,0,0,0,0,0,0,0,0,0,0,0.862398,0.474708,0.175847,-0.932769,0.280202,0.226778,-0.932682,0.0990984,-0.346821,0.866834,0.294091,-0.402629,0.188722,0.981842,0.0192367,-0.406954,0.912707,0.0368167,-0.410527,0.736175,-0.538064,0,0,0
000417,0.504527,0.702281,0.503755,36.6685,142.275,331.421,0.0005,0.502969,0.784441,0.362871,-0.642027,0.659914,0.390275,-0.640054,0.313661,-0.70139,0,0,0,0.994064,0.106082,-0.0241382,-0.121945,0.947617,-0.295213,0,0,0,0.618901,0.751561,-0.228293,-0.782764,0.592361,-0.190759,0.70071,0.28777,0.652836,-0.70701,0.138917,0.693426,-0.0858221,0.883202,0.461073,0,0,0,0,0,0,0,0,0,0,0,0,0,0,0,0.862398,0.474708,0.175847,-0.934582,0.280747,0.218491,-0.930718,0.0993936,-0.351974,0.867945,0.293937,-0.400339,0.188747,0.981967,0.0107388,-0.407554,0.91283,0.0253228,-0.408582,0.732613,-0.54437,0,0,0
000418,0.503985,0.709715,0.508126,36.6685,142.275,331.421,0.0005,0.502493,0.782794,0.367062,-0.64044,0.658994,0.394415,0,0,0,0,0,0,0.994023,0.106581,-0.0236384,-0.122385,0.951348,-0.28277,0,0,0,0.61995,0.753591,-0.218547,-0.783797,0.593775,-0.181916,0.701916,0.288265,0.651319,-0.708612,0.13974,0.691622,-0.0856163,0.880895,0.465504,0,0,0,0,0,0,0,0,0,0,0,0,0,0,0,0.862251,0.474057,0.178308,-0.933912,0.281068,0.22093,-0.932336,0.0990619,-0.347758,0.869858,0.295109,-0.395294,0.188714,0.981802,0.0212359,-0.407425,0.912536,0.0358173,-0.411118,0.738301,-0.534691,0,0,0
000419,0.50259,0.707908,0.507914,36.6685,142.275,331.421,0.0005,0.503092,0.783713,0.36427,-0.640799,0.658646,0.394414,0,0,0,0,0,0,0.993948,0.106573,-0.0266372,-0.122285,0.950501,-0.285646,0,0,0,0.619383,0.752915,-0.222447,-0.784171,0.593432,-0.181425,0.70312,0.288758,0.6498,-0.707593,0.13954,0.692705,-0.0856782,0.881589,0.464176,0,0,0,0,0,0,0,0,0,0,0,0,0,0,0,0.862475,0.47475,0.175355,-0.933487,0.28094,0.22288,-0.933145,0.0996502,-0.345413,0.868731,0.29473,-0.398047,0.188726,0.981861,0.0182371,-0.407439,0.912568,0.034818,-0.410115,0.73855,-0.535117,0,0,0
000420,0.50445,0.705771,0.507961,288.793,46.6324,267.956,0.0005,0.465638,0.820432,0.331772,-0.669755,0.635793,0.383662,-0.671896,0.259322,-0.693764,0,0,0,0.986232,0.159086,-0.0451518,-0.17923,0.932576,-0.313333,0,0,0,0.573728,0.778024,-0.255959,-0.81777,0.543835,-0.188404,0.696557,0.345322,0.628937,0,0,0,-0.125482,0.890413,0.437515,0,0,0,0.245509,0.627892,0.738564,0,0,0,0,0,0,0,0,0,0.838137,0.525336,0.146795,-0.944323,0.237063,0.228156,-0.941657,0.0377296,-0.334452,0.845133,0.328888,-0.421406,0.135027,0.990718,-0.0156854,-0.456148,0.88983,0.0114687,-0.459413,0.696352,-0.551392,0,0,0
000421,0.507946,0.701257,0.505379,288.793,46.6324,267.956,0.0005,0.465803,0.820719,0.330828,-0.671408,0.63737,0.378115,0,0,0,0,0,0,0.986462,0.159124,-0.0396579,-0.179212,0.92967,-0.321865,0,0,0,0.57294,0.777806,-0.258373,-0.815886,0.543176,-0.198216,0.694296,0.344205,0.632041,-0.704745,0.121487,0.698982,-0.125712,0.89214,0.433915,0,0,0,0,0,0,0,0,0,0,0,0,0,0,0,0.838025,0.524677,0.149762,-0.945619,0.237904,0.221824,-0.938954,0.0376213,-0.34198,0.84554,0.329582,-0.420045,0.13501,0.990607,-0.0216838,-0.456176,0.889886,0.00246926,-0.456013,0.692942,-0.558466,0,0,0
000422,0.501351,0.702018,0.503189,288.793,46.6324,267.956,0.0005,0.466297,0.821575,0.327996,-0.668984,0.634365,0.387352,0,0,0,0,0,0,0.98587,0.159028,-0.0526423,-0.178835,0.930395,-0.319972,0,0,0,0.572164,0.775937,-0.265612,-0.817571,0.544303,-0.187913,0.696838,0.345462,0.628548,0,0,0,-0.125482,0.890413,0.437515,0,0,0,0.244307,0.62757,0.739236,0,0,0,0,0,0,0,0,0,0.838929,0.525829,0.140363,-0.942864,0.236698,0.234479,-0.94247,0.0382626,-0.332094,0.841161,0.32735,-0.430453,0.135007,0.990585,-0.0226835,-0.45571,0.890073,0.00996883,-0.457491,0.694304,-0.555558,0,0,0
000423,0.502471,0.702952,0.504196,288.793,46.6324,267.956,0.0005,0.465616,0.821395,0.329412,-0.668919,0.634995,0.38643,0,0,0,0,0,0,0.985941,0.159546,-0.0496464,-0.178949,0.931023,-0.318077,0,0,0,0.572963,0.776169,-0.263202,-0.817692,0.543782,-0.188895,0.696778,0.344874,0.628937,-0.699389,0.121578,0.704325,-0.125482,0.890413,0.437515,0,0,0,0.244307,0.62757,0.739236,0,0,0,0,0,0,0,0,0,0.838955,0.525256,0.142343,-0.943552,0.236355,0.232049,-0.941991,0.037743,-0.333509,0.842361,0.327815,-0.427743,0.135013,0.990628,-0.0206841,-0.45571,0.890073,0.00996883,-0.457374,0.695044,-0.554728,0,0,0
000424,0.501539,0.706281,0.500521,288.793,46.6324,267.956,0.0005,0.465222,0.819711,0.334129,-0.667574,0.63302,0.391957,-0.669901,0.254808,-0.697356,0,0,0,0.986001,0.158543,-0.0516437,-0.179062,0.931647,-0.31618,0,0,0,0.57312,0.776379,-0.262237,-0.817882,0.544511,-0.185949,0.694296,0.344205,0.632041,0,0,0,-0.125046,0.887135,0.444247,0,0,0,0,0,0,0,0,0,0,0,0,0,0,0,0.838711,0.525104,0.144323,-0.942408,0.236584,0.236423,-0.941804,0.0382359,-0.33398,0.84118,0.327894,-0.430001,0.135026,0.99071,-0.0161853,-0.455682,0.890017,0.0149682,-0.457793,0.69477,-0.554726,0,0,0
000425,0.502617,0.708098,0.509977,288.793,46.6324,267.956,0.0005,0.465203,0.820679,0.331771,-0.668919,0.634995,0.38643,-0.675377,0.257979,-0.690878,0,0,0,0.986093,0.159064,-0.0481482,-0.179507,0.934106,-0.308582,0,0,0,0.573958,0.77833,-0.254509,-0.818619,0.544402,-0.183,0.698245,0.346157,0.626601,-0.703196,0.122235,0.70041,-0.125366,0.889544,0.439313,0,0,0,0.246246,0.628395,0.737891,0,0,0,0,0,0,0,0,0,0.83865,0.525066,0.144817,-0.943655,0.236896,0.231076,-0.943296,0.0382957,-0.329735,0.844951,0.329354,-0.421406,0.135033,0.99076,-0.0126862,-0.456116,0.889768,0.0164679,-0.460636,0.699161,-0.546798,0,0,0
000426,0.502772,0.702546,0.504018,288.793,46.6324,267.956,0.0005,0.466133,0.821291,0.328941,-0.669543,0.634899,0.385507,0,0,0,0,0,0,0.986101,0.158559,-0.0496464,-0.178892,0.93071,-0.319025,0,0,0,0.572561,0.776466,-0.263201,-0.817534,0.543677,-0.189877,0.696053,0.345631,0.629325,0,0,0,-0.125511,0.890629,0.437065,0,0,0,0.244307,0.62757,0.739236,-0.351149,0.531927,0.770551,0,0,0,0,0,0,0.83922,0.524832,0.142343,-0.943543,0.236868,0.231562,-0.941804,0.0382359,-0.33398,0.842379,0.328358,-0.427291,0.135012,0.990618,-0.0211839,-0.455714,0.890081,0.0089689,-0.457909,0.69403,-0.555556,0,0,0
000427,0.504427,0.704922,0.501712,288.793,46.6324,267.956,0.0005,0.465139,0.819566,0.3346,-0.668639,0.634728,0.387352,0,0,0,0,0,0,0.986209,0.159083,-0.0456512,-0.178949,0.931023,-0.318077,0,0,0,0.573434,0.776797,-0.260307,-0.817099,0.543987,-0.190859,0.694172,0.343029,0.632816,0,0,0,-0.12525,0.888671,0.441108,0,0,0,0,0,0,-0.351553,0.528891,0.772454,0,0,0,0,0,0,0.837949,0.525219,0.148279,-0.943767,0.236924,0.230589,-0.940462,0.0381821,-0.337748,0.843157,0.328123,-0.425935,0.135023,0.990693,-0.017185,-0.455705,0.890063,0.0109687,-0.45677,0.694111,-0.55639,0,0,0
000428,0.507588,0.701086,0.503683,288.793,46.6324,267.956,0.0005,0.465638,0.820432,0.331772,-0.671134,0.637109,0.37904,0,0,0,0,0,0,0.986422,0.159117,-0.0406568,-0.178663,0.929447,-0.322813,0,0,0,0.57311,0.777198,-0.259823,-0.81608,0.542705,-0.198705,0.69395,0.343477,0.632816,-0.703366,0.121249,0.700411,-0.125626,0.891494,0.435266,0,0,0,0.244035,0.626882,0.739909,0,0,0,0,0,0,0,0,0,0.838088,0.524716,0.149268,-0.945526,0.237365,0.222799,-0.938913,0.0386204,-0.341979,0.844936,0.328812,-0.42186,0.134513,0.990663,-0.0221835,-0.456175,0.889885,0.00296923,-0.456659,0.69118,-0.560118,0,0,0
000429,0.502765,0.702097,0.506508,288.793,46.6324,267.956,0.0005,0.466461,0.821859,0.327051,-0.670099,0.63543,0.383661,-0.671786,0.257673,-0.694485,0,0,0,0.986045,0.159056,-0.049147,-0.178949,0.931023,-0.318077,0,0,0,0.573042,0.776274,-0.262719,-0.817415,0.544198,-0.188896,0.697683,0.345879,0.62738,0,0,0,-0.125654,0.89171,0.434816,0,0,0,0,0,0,0,0,0,0,0,0,0,0,0,0.838749,0.525717,0.141848,-0.944,0.236467,0.230103,-0.942324,0.0377564,-0.332566,0.842976,0.328589,-0.425934,0.13501,0.990607,-0.0216838,-0.455716,0.890085,0.00846893,-0.458094,0.695235,-0.553894,0,0,0
000430,0.500125,0.701189,0.501858,5.15044,149.375,283.011,0.0005,0.518968,0.773045,0.364792,-0.627699,0.672342,0.392366,0,0,0,0,0,0,0.996176,0.0836374,-0.0252732,-0.0976722,0.950231,-0.295841,0,0,0,0.636819,0.736333,-0.228637,-0.767919,0.611716,-0.190011,0.703949,0.270858,0.656575,-0.705011,0.152378,0.692633,-0.0689677,0.883732,0.462883,0,0,0,0,0,0,0,0,0,0,0,0,0,0,0,0.873179,0.454456,0.176149,-0.927623,0.301674,0.220247,-0.927616,0.121357,-0.353273,0.874194,0.274109,-0.400811,0.211311,0.977352,0.0114638,-0.386091,0.922086,0.0263069,-0.386249,0.744207,-0.544948,0,0,0
000431,0.505316,0.706451,0.507148,5.15044,149.375,283.011,0.0005,0.517517,0.770916,0.3713,-0.629392,0.673429,0.387762,0,0,0,0,0,0,0.996399,0.0836562,-0.0137761,-0.0979256,0.952986,-0.286754,0,0,0,0.638869,0.738666,-0.214987,-0.768318,0.610755,-0.191483,0.702542,0.270854,0.658082,-0.711305,0.154249,0.685749,-0.0689353,0.88327,0.463769,0,0,0,0,0,0,0,0,0,0,0,0,0,0,0,0.871488,0.453581,0.186475,-0.92947,0.302274,0.21146,-0.92603,0.121151,-0.357479,0.879465,0.275749,-0.387947,0.211277,0.977201,0.0209616,-0.386515,0.921801,0.0298053,-0.388615,0.746647,-0.539904,0,0,0
000432,0.50281,0.709788,0.507615,5.15044,149.375,283.011,0.0005,0.517827,0.770484,0.371766,-0.627931,0.671857,0.392825,0,0,0,0,0,0,0.996318,0.0836494,-0.0187749,-0.0980683,0.954542,-0.281482,0,0,0,0.638632,0.739154,-0.21401,-0.769035,0.611968,-0.184608,0.70377,0.271325,0.656575,-0.709733,0.153398,0.687567,-0.068805,0.881412,0.467309,0,0,0,0,0,0,0,0,0,0,0,0,0,0,0,0.871899,0.453794,0.184018,-0.928247,0.301876,0.21732,-0.927901,0.121899,-0.352337,0.878686,0.274983,-0.39025,0.211257,0.977112,0.0249598,-0.386433,0.921603,0.0363013,-0.39028,0.748812,-0.535688,0,0,0
000433,0.505101,0.704797,0.504871,5.15044,149.375,283.011,0.0005,0.517622,0.77107,0.370836,-0.629392,0.673429,0.387762,0,0,0,0,0,0,0.996385,0.083655,-0.0147758,-0.0978333,0.951981,-0.290105,0,0,0,0.63844,0.738178,-0.217915,-0.767706,0.610906,-0.193446,0.702287,0.269684,0.658835,-0.709521,0.154375,0.687567,-0.0689353,0.88327,0.463769,0,0,0,0,0,0,0,0,0,0,0,0,0,0,0,0.871653,0.453667,0.185492,-0.92937,0.302241,0.211949,-0.925497,0.121081,-0.358879,0.878537,0.275461,-0.39025,0.211286,0.97724,0.0189623,-0.386537,0.921855,0.0278062,-0.386989,0.74566,-0.54243,0,0,0
000434,0.506951,0.707827,0.509661,5.15044,149.375,283.011,0.0005,0.516788,0.770734,0.372691,-0.63005,0.674137,0.385456,0,0,0,0,0,0,0.996436,0.0836593,-0.0107769,-0.0980038,0.953838,-0.28388,0,0,0,0.639192,0.739791,-0.210102,-0.767695,0.611537,-0.191484,0.703029,0.270505,0.657706,-0.71398,0.154828,0.682833,-0.0689353,0.88327,0.463769,0,0,0,0,0,0,0,0,0,0,0,0,0,0,0,0.871071,0.453366,0.18893,-0.930169,0.3025,0.208038,-0.92574,0.120609,-0.358413,0.881306,0.276322,-0.383335,0.211265,0.977147,0.0234606,-0.386515,0.921801,0.0298053,-0.388783,0.748077,-0.537801,0,0,0
000435,0.500458,0.708428,0.505354,5.15044,149.375,283.011,0.0005,0.518245,0.771097,0.369908,-0.627125,0.67099,0.395582,0,0,0,0,0,0,0.996182,0.0841397,-0.0232738,-0.0979909,0.953697,-0.284359,0,0,0,0.638224,0.737932,-0.219379,-0.76925,0.612141,-0.183134,0.704741,0.270627,0.655821,-0.706046,0.154136,0.691188,-0.0687723,0.880946,0.468193,0,0,0,0,0,0,0,0,0,0,0,0,0,0,0,0.872315,0.454572,0.180085,-0.927567,0.30113,0.221223,-0.928727,0.120998,-0.350465,0.876474,0.274819,-0.395307,0.211273,0.97718,0.0219612,-0.385972,0.921796,0.0363014,-0.389027,0.748555,-0.536957,0,0,0
000436,0.500803,0.702158,0.505979,5.15044,149.375,283.011,0.0005,0.519173,0.773346,0.363861,-0.628863,0.67286,0.389604,0,0,0,0,0,0,0.996182,0.0841397,-0.0232738,-0.09778,0.951401,-0.292018,0,0,0,0.637647,0.736518,-0.225716,-0.768378,0.611443,-0.189029,0.705785,0.271563,0.65431,-0.707396,0.154428,0.689741,-0.0690484,0.884884,0.460666,0,0,0,0,0,0,0,0,0,0,0,0,0,0,0,0.872869,0.454859,0.176641,-0.928144,0.301843,0.217808,-0.928249,0.121944,-0.351401,0.875867,0.274106,-0.397144,0.211307,0.977334,0.0129636,-0.386081,0.922061,0.0273065,-0.38768,0.745913,-0.541588,0,0,0
000437,0.505893,0.704382,0.508874,5.15044,149.375,283.011,0.0005,0.517623,0.77196,0.368977,-0.630443,0.67456,0.384072,0,0,0,0,0,0,0.996413,0.0836573,-0.0127763,-0.097873,0.952413,-0.288669,0,0,0,0.639104,0.738177,-0.215964,-0.767706,0.610906,-0.193446,0.703949,0.270858,0.656575,-0.712978,0.154611,0.683928,-0.0690484,0.884884,0.460666,0,0,0,0,0,0,0,0,0,0,0,0,0,0,0,0.871735,0.453709,0.185001,-0.930224,0.301993,0.208527,-0.925965,0.121646,-0.357479,0.88002,0.275922,-0.386564,0.21129,0.977258,0.0179626,-0.386552,0.921892,0.0263068,-0.388814,0.745936,-0.540744,0,0,0
000438,0.507456,0.701654,0.503446,5.15044,149.375,283.011,0.0005,0.517622,0.77107,0.370836,-0.630573,0.6747,0.38361,0,0,0,0,0,0,0.996441,0.0836597,-0.0102771,-0.0976722,0.950231,-0.295841,0,0,0,0.638296,0.738014,-0.218891,-0.766397,0.610498,-0.199819,0.700438,0.268975,0.661089,-0.710422,0.155082,0.686476,-0.0690162,0.884424,0.461553,0,0,0,0,0,0,0,0,0,0,0,0,0,0,0,0.871239,0.453452,0.187948,-0.930366,0.302564,0.20706,-0.923641,0.121344,-0.363541,0.879207,0.274622,-0.389329,0.211301,0.977307,0.0149633,-0.386597,0.922002,0.0213084,-0.385948,0.742518,-0.547459,0,0,0
000439,0.505618,0.708907,0.503615,5.15044,149.375,283.011,0.0005,0.515945,0.769496,0.376399,-0.628331,0.672287,0.391446,0,0,0,0,0,0,0.996448,0.0831586,-0.0132762,-0.0979648,0.953413,-0.285317,0,0,0,0.639459,0.73858,-0.213523,-0.768082,0.611206,-0.190993,0.700438,0.268975,0.661089,-0.709061,0.153253,0.688293,-0.0687395,0.880478,0.469076,0,0,0,0,0,0,0,0,0,0,0,0,0,0,0,0.870672,0.453722,0.189911,-0.929322,0.3017,0.212926,-0.925141,0.121035,-0.359813,0.879058,0.275099,-0.389329,0.211257,0.977112,0.0249598,-0.386473,0.921699,0.0333034,-0.38837,0.746166,-0.540746,0,0,0
000440,0.504848,0.703024,0.500725,2.90541,353.335,28.5885,0.0005,0.564508,0.705262,0.428878,-0.586073,0.693262,0.419412,0,0,0,0,0,0,0.999915,0.00978712,0.00861461,-0.0195961,0.971753,-0.235186,0,0,0,0.696302,0.69903,-0.162852,-0.71543,0.677357,-0.171313,0.702806,0.174556,0.689633,-0.709572,0.163601,0.685377,-0.0137081,0.855039,0.518383,0,0,0,0,0,0,0,0,0,0,0,0,0,0,0,0.898097,0.375028,0.229729,-0.908802,0.357548,0.215031,-0.904738,0.211637,-0.369674,0.903895,0.231717,-0.359556,0.283141,0.955586,0.0817654,-0.317261,0.945189,0.0772241,-0.317178,0.802011,-0.506139,0.283685,0.814646,-0.50584
000441,0.506315,0.705641,0.50705,2.90541,353.335,28.5885,0.0005,0.564778,0.705595,0.427974,-0.587148,0.69454,0.415778,0,0,0,0,0,0,0.999895,0.00928694,0.0111141,-0.0196095,0.973146,-0.22935,0,0,0,0.697039,0.69976,-0.156436,-0.715455,0.678071,-0.168356,0.705236,0.17619,0.686731,-0.714562,0.164748,0.679897,-0.0137183,0.856332,0.516244,0,0,0,0,0,0,0,0,0,0,0,0,0,0,0,0.897778,0.374896,0.231188,-0.909595,0.357859,0.211124,-0.9057,0.212375,-0.366885,0.906483,0.232375,-0.352548,0.283056,0.955307,0.0852528,-0.317224,0.945078,0.0787195,-0.318536,0.805529,-0.499657,0.286081,0.818327,-0.498496
000442,0.50038,0.70535,0.50513,2.90541,353.335,28.5885,0.0005,0.56651,0.706934,0.423452,-0.585125,0.692134,0.422587,0,0,0,0,0,0,0.999956,0.00928751,-0.000884837,-0.0196073,0.972917,-0.230324,0,0,0,0.695418,0.699563,-0.164331,-0.716349,0.678923,-0.160959,0.708349,0.176448,0.683453,-0.709238,0.163525,0.685741,-0.0137122,0.855557,0.517528,0,0,0,0,0,0,0,0,0,0,0,0,0,0,0,0.900061,0.3753,0.221449,-0.907379,0.356989,0.221862,-0.908703,0.213078,-0.358965,0.90267,0.231406,-0.362819,0.283129,0.955547,0.0822637,-0.316663,0.944969,0.0822083,-0.319181,0.805812,-0.498789,0.2857,0.815808,-0.502825
000443,0.505179,0.704219,0.508605,2.90541,353.335,28.5885,0.0005,0.565853,0.706918,0.424356,-0.587415,0.694858,0.414868,0,0,0,0,0,0,0.999924,0.00878722,0.00861461,-0.0196073,0.972917,-0.230324,0,0,0,0.696461,0.699891,-0.158411,-0.71586,0.677766,-0.167863,0.707232,0.176686,0.684547,-0.714893,0.164824,0.67953,-0.0137303,0.857877,0.513672,0,0,0,0,0,0,0,0,0,0,0,0,0,0,0,0.89901,0.374324,0.227296,-0.90968,0.357355,0.211612,-0.906412,0.212542,-0.365024,0.906141,0.232288,-0.353484,0.283129,0.955547,0.0822637,-0.317261,0.945189,0.0772241,-0.319002,0.805346,-0.499656,0.285525,0.818259,-0.498926
000444,0.507832,0.700325,0.507334,2.90541,353.335,28.5885,0.0005,0.565853,0.706918,0.424356,-0.589388,0.696428,0.409402,0,0,0,0,0,0,0.999857,0.00928659,0.0141132,-0.0195938,0.971517,-0.236158,0,0,0,0.696348,0.69978,-0.159398,-0.714864,0.676818,-0.175744,0.705478,0.17522,0.686731,-0.716658,0.164717,0.677694,-0.0137442,0.859669,0.510666,0,0,0,0,0,0,0,0,0,0,0,0,0,0,0,0.898184,0.374523,0.230216,-0.910662,0.358278,0.205746,-0.904264,0.212039,-0.370603,0.906948,0.231977,-0.351613,0.282744,0.955996,0.0782764,-0.317421,0.945679,0.0702435,-0.316611,0.803319,-0.504417,0.284457,0.816778,-0.501954
000445,0.50449,0.700529,0.502608,2.90541,353.335,28.5885,0.0005,0.566109,0.70644,0.42481,-0.587014,0.694381,0.416232,0,0,0,0,0,0,0.999928,0.00928724,0.00761476,-0.0195892,0.971043,-0.2381,0,0,0,0.695656,0.699095,-0.165317,-0.714961,0.677601,-0.172298,0.704931,0.174569,0.687457,-0.710907,0.163908,0.683919,-0.0137243,0.857105,0.514959,0,0,0,0,0,0,0,0,0,0,0,0,0,0,0,0.89873,0.37529,0.226808,-0.909383,0.357239,0.213078,-0.905097,0.211721,-0.368745,0.903895,0.231717,-0.359556,0.283235,0.955891,0.0777784,-0.31688,0.945634,0.0732359,-0.316622,0.801957,-0.506572,0,0,0
000446,0.507061,0.703792,0.504327,2.90541,353.335,28.5885,0.0005,0.564508,0.705262,0.428878,-0.586766,0.694863,0.415778,0,0,0,0,0,0,0.999877,0.00928677,0.0126137,-0.0196018,0.972338,-0.232755,0,0,0,0.696574,0.700002,-0.157423,-0.714961,0.677601,-0.172298,0.703354,0.175208,0.688909,-0.713011,0.165418,0.681361,-0.0137183,0.856332,0.516244,0,0,0,0,0,0,0,0,0,0,0,0,0,0,0,0.897756,0.374346,0.232161,-0.909791,0.357936,0.210146,-0.904264,0.212039,-0.370603,0.906217,0.231276,-0.353952,0.283105,0.955468,0.0832601,-0.317285,0.945262,0.0762271,-0.318098,0.803005,-0.50398,0.285014,0.816848,-0.501524
000447,0.509826,0.70567,0.50091,2.90541,353.335,28.5885,0.0005,0.562602,0.702915,0.43519,-0.58688,0.694222,0.416687,0,0,0,0,0,0,0.999806,0.00878619,0.0176116,-0.019604,0.97257,-0.231783,0,0,0,0.69707,0.700493,-0.152979,-0.714584,0.677242,-0.175252,0.698994,0.174125,0.693605,-0.712791,0.164854,0.681727,-0.0141958,0.853473,0.520944,0,0,0,0,0,0,0,0,0,0,0,0,0,0,0,0.896123,0.373669,0.239447,-0.910277,0.358127,0.207702,-0.902082,0.211529,-0.376169,0.907164,0.232548,-0.350677,0.28298,0.955058,0.0882409,-0.317261,0.945189,0.0772241,-0.316804,0.802429,-0.50571,0,0,0
000448,0.504386,0.709328,0.507564,2.90541,353.335,28.5885,0.0005,0.564898,0.704949,0.428879,-0.585286,0.693102,0.420774,0,0,0,0,0,0,0.999932,0.00928728,0.00711482,-0.0196221,0.974505,-0.223508,0,0,0,0.696552,0.700684,-0.15446,-0.716576,0.678449,-0.161946,0.706809,0.175551,0.685276,-0.712791,0.164854,0.681727,-0.013704,0.85452,0.519238,0,0,0,0,0,0,0,0,0,0,0,0,0,0,0,0.898396,0.37461,0.229242,-0.908318,0.357895,0.216496,-0.907298,0.212749,-0.362695,0.90597,0.232244,-0.353951,0.282954,0.954973,0.0892368,-0.317058,0.944572,0.0851973,-0.319521,0.80808,-0.494887,0,0,0
000449,0.509059,0.709223,0.509256,2.90541,353.335,28.5885,0.0005,0.563558,0.704093,0.432037,-0.587415,0.694858,0.414868,0,0,0,0,0,0,0.999827,0.00928631,0.0161124,-0.0196221,0.974505,-0.223508,0,0,0,0.697605,0.701022,-0.148038,-0.715516,0.678129,-0.167864,0.70469,0.175539,0.687457,-0.717094,0.165843,0.676958,-0.0142101,0.855291,0.517954,0,0,0,0,0,0,0,0,0,0,0,0,0,0,0,0.89659,0.374404,0.236534,-0.910277,0.358127,0.207702,-0.904918,0.211679,-0.36921,0.908895,0.233503,-0.345522,0.282888,0.954757,0.0917259,-0.317149,0.944849,0.0817097,-0.318877,0.807801,-0.495757,0,0,0
000450,0.500628,0.705252,0.503843,298.071,67.0245,349.163,0.0005,0.447653,0.830665,0.331063,-0.680155,0.614039,0.40043,-0.685196,0.243514,-0.686445,0,0,0,0.980877,0.184838,-0.06096,-0.206218,0.928873,-0.307682,0,0,0,0.550176,0.792459,-0.263278,-0.833907,0.524003,-0.173262,0.693935,0.35911,0.624095,0,0,0,-0.143965,0.882671,0.447399,0,0,0,0,0,0,0,0,0,0,0,0,0,0,0,0.826524,0.546048,0.136712,-0.946114,0.2102,0.246342,-0.946787,0.0153859,-0.321493,0.828627,0.35183,-0.435422,0.109143,0.993944,-0.0127757,-0.478381,0.877814,0.0243904,-0.481845,0.687369,-0.543461,0,0,0
000451,0.509807,0.708014,0.50183,298.071,67.0245,349.163,0.0005,0.44563,0.826971,0.34283,-0.68236,0.61604,0.393547,-0.678705,0.240136,-0.694042,0,0,0,0.981888,0.18452,-0.0429881,-0.206155,0.928572,-0.308633,0,0,0,0.551619,0.795371,-0.2512,-0.831854,0.522705,-0.186542,0.686439,0.3558,0.634199,0,0,0,-0.144287,0.881483,0.449632,0,0,0,0,0,0,0,0,0,0,0,0,0,0,0,0.824059,0.545025,0.154515,-0.949614,0.210977,0.231779,-0.941178,0.0157947,-0.337542,0.833965,0.354629,-0.422778,0.109151,0.994002,-0.00677697,-0.478872,0.877671,0.0193918,-0.479674,0.68422,-0.549323,0,0,0
000452,0.500215,0.708561,0.503872,298.071,67.0245,349.163,0.0005,0.447533,0.829406,0.334364,-0.679263,0.613229,0.403178,-0.686344,0.242332,-0.685716,0,0,0,0.980877,0.184838,-0.06096,-0.206533,0.930367,-0.302922,0,0,0,0.550293,0.793493,-0.259899,-0.834149,0.524747,-0.169815,0.69315,0.359267,0.624876,0,0,0,-0.14369,0.880895,0.450973,0,0,0,0,0,0,0,0,0,0,0,0,0,0,0,0.826294,0.545897,0.138693,-0.945523,0.21058,0.24828,-0.9471,0.015891,-0.320546,0.828837,0.353005,-0.43407,0.10915,0.993995,-0.00777672,-0.478763,0.877469,0.0288884,-0.483178,0.688422,-0.540938,0,0,0
000453,0.501691,0.704462,0.505738,298.071,67.0245,349.163,0.0005,0.447812,0.830955,0.330119,-0.681042,0.614844,0.39768,0,0,0,0,0,0,0.980994,0.18486,-0.0589636,-0.206218,0.928873,-0.307682,0,0,0,0.549992,0.793066,-0.261829,-0.833421,0.524286,-0.17474,0.694259,0.35984,0.623313,0,0,0,-0.144136,0.883773,0.445162,0,0,0,0,0,0,-0.358961,0.516849,0.777184,0,0,0,0,0,0,0.826134,0.54639,0.137702,-0.946831,0.210359,0.243434,-0.946618,0.0158832,-0.321967,0.829631,0.352797,-0.432719,0.109142,0.993931,-0.0137755,-0.478403,0.877855,0.0223911,-0.482255,0.687083,-0.543459,0,0,0
000454,0.50789,0.702119,0.506725,298.071,67.0245,349.163,0.0005,0.447573,0.83052,0.331534,-0.684239,0.617747,0.387564,-0.681787,0.242828,-0.690073,0,0,0,0.981596,0.184973,-0.0474817,-0.20541,0.927464,-0.312437,0,0,0,0.550666,0.794021,-0.257484,-0.831667,0.523178,-0.186051,0.69176,0.358549,0.626826,0,0,0,-0.145003,0.8861,0.440229,0,0,0,0.235074,0.630413,0.739811,0,0,0,0,0,0,0,0,0,0.825523,0.54539,0.145126,-0.949727,0.211002,0.231293,-0.943186,0.0158274,-0.331889,0.833184,0.353756,-0.425042,0.108641,0.993956,-0.015775,-0.478918,0.877757,0.0133928,-0.480396,0.684386,-0.548485,0,0,0
000455,0.502519,0.706718,0.505224,298.071,67.0245,349.163,0.0005,0.447694,0.829699,0.333422,-0.680747,0.614576,0.398597,-0.685196,0.243514,-0.686445,0,0,0,0.981201,0.18439,-0.0569671,-0.206345,0.929474,-0.305779,0,0,0,0.550442,0.793705,-0.258933,-0.833687,0.523863,-0.174739,0.692873,0.359124,0.625266,0,0,0,-0.143931,0.88245,0.447846,0,0,0,0,0,0,0,0,0,0,0,0,0,0,0,0.82606,0.545743,0.140673,-0.946841,0.210873,0.242949,-0.946125,0.0163752,-0.323386,0.830424,0.352589,-0.431367,0.109148,0.993977,-0.00977628,-0.478381,0.877814,0.0243904,-0.482153,0.687816,-0.542621,0,0,0
000456,0.506596,0.701201,0.508764,298.071,67.0245,349.163,0.0005,0.448049,0.831388,0.328703,-0.684239,0.617747,0.387564,-0.683902,0.243052,-0.687898,0,0,0,0.981544,0.184455,-0.0504773,-0.205931,0.927509,-0.31196,0,0,0,0.550778,0.793313,-0.259417,-0.83198,0.523376,-0.184085,0.694441,0.358809,0.623704,0,0,0,-0.144644,0.887048,0.438434,0,0,0,0.235861,0.632485,0.737789,-0.358118,0.524473,0.772451,0,0,0,0,0,0,0.825607,0.546044,0.142158,-0.949279,0.211415,0.232752,-0.944341,0.0158462,-0.328586,0.832793,0.354134,-0.425494,0.109135,0.993877,-0.0172748,-0.478479,0.877997,0.0133928,-0.481017,0.685288,-0.546812,0,0,0
000457,0.502623,0.708736,0.508296,298.071,67.0245,349.163,0.0005,0.446654,0.829881,0.334362,-0.681042,0.614844,0.39768,-0.687802,0.242321,-0.684258,0,0,0,0.981191,0.184897,-0.0554696,-0.206626,0.93081,-0.301492,0,0,0,0.551035,0.794544,-0.255068,-0.833787,0.524518,-0.172278,0.694212,0.359253,0.623704,0,0,0,-0.143931,0.88245,0.447846,0,0,0,0.236083,0.628846,0.740823,0,0,0,0,0,0,0,0,0,0.825607,0.546044,0.142158,-0.946851,0.211388,0.242464,-0.946465,0.0153806,-0.32244,0.831809,0.353175,-0.428207,0.109151,0.994002,-0.00677697,-0.478789,0.877518,0.0268894,-0.483791,0.689311,-0.539256,0,0,0
000458,0.506039,0.704584,0.507468,298.071,67.0245,349.163,0.0005,0.447414,0.830229,0.332478,-0.683086,0.6167,0.391248,-0.684237,0.24211,-0.687897,0,0,0,0.981451,0.184946,-0.0504773,-0.206643,0.928464,-0.308632,0,0,0,0.550814,0.794231,-0.256518,-0.832443,0.523669,-0.181136,0.692824,0.358536,0.625657,0,0,0,-0.1448,0.884791,0.44292,0,0,0,0.235878,0.629714,0.740149,0,0,0,0,0,0,0,0,0,0.825368,0.545886,0.144137,-0.948708,0.211288,0.235182,-0.944505,0.0158488,-0.328113,0.832792,0.35359,-0.425947,0.109143,0.993944,-0.0127757,-0.478442,0.877927,0.018392,-0.482047,0.6859,-0.545134,0,0,0
000459,0.502294,0.702609,0.505846,298.071,67.0245,349.163,0.0005,0.448049,0.831388,0.328703,-0.682257,0.615272,0.394925,-0.684524,0.245398,-0.686445,0,0,0,0.981023,0.184865,-0.0584645,-0.206027,0.927966,-0.310535,0,0,0,0.549765,0.792744,-0.263277,-0.833315,0.523628,-0.1772,0.694766,0.359539,0.622922,0,0,0,-0.144306,0.88487,0.442922,0,0,0,0.235205,0.630759,0.739474,0,0,0,0,0,0,0,0,0,0.826524,0.546048,0.136712,-0.947078,0.210926,0.241979,-0.946142,0.0153754,-0.323386,0.829827,0.352337,-0.43272,0.109136,0.993885,-0.0167749,-0.478433,0.87791,0.0193918,-0.481637,0.686187,-0.545136,0,0,0
000460,0.50932,0.708599,0.503557,217.689,36.9411,200.883,0.0005,0.491205,0.799487,0.345743,-0.649404,0.662825,0.372743,0,0,0,0,0,0,0.992557,0.119804,-0.0218574,-0.137535,0.937979,-0.318244,0,0,0,0.608844,0.755045,-0.243345,-0.791546,0.574806,-0.207492,0.694767,0.316884,0.645665,-0.707858,0.151723,0.689868,-0.0966499,0.893387,0.438769,0,0,0,0.256437,0.615323,0.745397,-0.341313,0.546643,0.764648,0,0,0,0,0,0,0.854505,0.49124,0.168831,-0.938486,0.275263,0.208504,-0.93099,0.0740654,-0.357452,0.86543,0.294938,-0.405022,0.174488,0.984606,-0.0102445,-0.420669,0.907209,0.00309413,-0.421476,0.710859,-0.563061,0,0,0
000461,0.509491,0.708822,0.503808,217.689,36.9411,200.883,0.0005,0.490596,0.799455,0.346679,-0.649534,0.662959,0.372279,0,0,0,0,0,0,0.992568,0.119805,-0.0213578,-0.138051,0.938065,-0.317768,0,0,0,0.608609,0.755546,-0.242374,-0.791546,0.574806,-0.207492,0.694767,0.316884,0.645665,-0.707648,0.152701,0.689867,-0.0961309,0.893222,0.43922,0,0,0,0.256898,0.615129,0.745399,-0.340664,0.547495,0.764328,0,0,0,0,0,0,0.854754,0.490806,0.168831,-0.938486,0.275263,0.208504,-0.93099,0.0740654,-0.357452,0.865783,0.29453,-0.404565,0.173996,0.984693,-0.0102444,-0.420669,0.907209,0.00309413,-0.421906,0.710605,-0.563059,0,0,0
000462,0.500524,0.700513,0.508916,217.689,36.9411,200.883,0.0005,0.494339,0.805456,0.326909,-0.649891,0.662609,0.372279,0,0,0,0,0,0,0.991986,0.119735,-0.0403452,-0.13732,0.936391,-0.322979,0,0,0,0.606604,0.751524,-0.259313,-0.793023,0.575883,-0.198679,0.704946,0.321511,0.632204,-0.706064,0.151851,0.691675,-0.0966688,0.898615,0.427956,0,0,0,0.258632,0.625647,0.735986,-0.34244,0.551328,0.760771,0,0,0,0,0,0,0.857836,0.492566,0.146617,-0.936474,0.274153,0.21876,-0.937213,0.0750587,-0.340584,0.860531,0.292753,-0.416871,0.174438,0.984345,-0.02524,-0.420217,0.907424,-0.000405761,-0.424046,0.711298,-0.560571,0,0,0
000463,0.502727,0.706766,0.501882,217.689,36.9411,200.883,0.0005,0.492384,0.801377,0.339638,-0.647435,0.660804,0.379692,0,0,0,0,0,0,0.992174,0.119757,-0.0353489,-0.13745,0.937347,-0.320139,0,0,0,0.60719,0.753028,-0.253513,-0.793368,0.574898,-0.200149,0.698281,0.318481,0.641072,-0.702333,0.151054,0.695637,-0.0961309,0.893222,0.43922,0,0,0,0.258255,0.615771,0.7444,-0.337982,0.546004,0.766582,0,0,0,0,0,0,0.856202,0.492209,0.156995,-0.936018,0.27454,0.220224,-0.934507,0.0743433,-0.348095,0.860765,0.29336,-0.415962,0.174474,0.984536,-0.0157428,-0.420663,0.907197,0.00609395,-0.42219,0.711091,-0.562232,0,0,0
000464,0.509717,0.705569,0.508341,217.689,36.9411,200.883,0.0005,0.492294,0.801233,0.340108,-0.651081,0.664546,0.366705,0,0,0,0,0,0,0.992568,0.119805,-0.0213578,-0.137493,0.937663,-0.319192,0,0,0,0.608766,0.754951,-0.24383,-0.791378,0.574684,-0.20847,0.698196,0.317894,0.641456,-0.711996,0.152096,0.685513,-0.0969526,0.896421,0.432468,0,0,0,0,0,0,0,0,0,0,0,0,0,0,0,0.855262,0.491096,0.165382,-0.939279,0.275495,0.204592,-0.931701,0.0741216,-0.355583,0.866577,0.295326,-0.402278,0.174477,0.984551,-0.0147431,-0.42067,0.907213,-0.00140573,-0.42262,0.710837,-0.56223,0,0,0
000465,0.506867,0.700793,0.500866,217.689,36.9411,200.883,0.0005,0.492831,0.802095,0.337285,-0.650409,0.663141,0.370422,0,0,0,0,0,0,0.992395,0.119784,-0.0283533,-0.137057,0.934454,-0.328651,0,0,0,0.607175,0.752222,-0.255931,-0.791163,0.573908,-0.211402,0.696734,0.317229,0.643372,0,0,0,-0.096434,0.896259,0.43292,0,0,0,0,0,0,0,0,0,0,0,0,0,0,0,0.85579,0.491973,0.159957,-0.937983,0.275116,0.210948,-0.931524,0.0741076,-0.35605,0.862104,0.293285,-0.413232,0.174449,0.984404,-0.0227408,-0.420665,0.9072,-0.00540554,-0.419624,0.706691,-0.569652,0,0,0
000466,0.505346,0.701161,0.506558,217.689,36.9411,200.883,0.0005,0.493718,0.803515,0.332574,-0.650925,0.66367,0.368564,0,0,0,0,0,0,0.992322,0.119775,-0.0308518,-0.137233,0.935749,-0.324871,0,0,0,0.607029,0.752832,-0.25448,-0.792007,0.574524,-0.206513,0.700817,0.319085,0.637997,0,0,0,-0.096605,0.897975,0.429311,0,0,0,0,0,0,0,0,0,0,0,0,0,0,0,0.856338,0.492287,0.156007,-0.937882,0.275086,0.211437,-0.933811,0.0742883,-0.349969,0.862724,0.294023,-0.41141,0.174447,0.984392,-0.0232407,-0.420215,0.907418,-0.00340567,-0.42148,0.709875,-0.564298,0,0,0
000467,0.50493,0.705115,0.502531,217.689,36.9411,200.883,0.0005,0.492473,0.801521,0.339167,-0.649109,0.661806,0.375062,0,0,0,0,0,0,0.992306,0.119773,-0.0313515,-0.137363,0.93671,-0.322033,0,0,0,0.607351,0.753224,-0.252546,-0.792421,0.574826,-0.204066,0.697697,0.318216,0.641839,-0.704371,0.151489,0.693479,-0.0962614,0.894529,0.436523,0,0,0,0.257623,0.616844,0.74373,-0.340487,0.546256,0.765293,0,0,0,0,0,0,0.856177,0.491619,0.15897,-0.937063,0.274846,0.215344,-0.933286,0.0742469,-0.351374,0.861943,0.293759,-0.413232,0.174469,0.984512,-0.0172424,-0.42067,0.907211,0.00209417,-0.421911,0.709621,-0.564296,0,0,0
000468,0.505347,0.705063,0.508008,217.689,36.9411,200.883,0.0005,0.49301,0.80238,0.336344,-0.649793,0.663225,0.371351,0,0,0,0,0,0,0.992337,0.119777,-0.0303521,-0.137493,0.937663,-0.319192,0,0,0,0.607828,0.753806,-0.249642,-0.792374,0.575411,-0.202598,0.70061,0.31954,0.637997,-0.708532,0.151867,0.689144,-0.0964555,0.896474,0.43247,0,0,0,0.257513,0.621717,0.7397,0,0,0,0,0,0,0,0,0,0.855997,0.492092,0.158476,-0.937678,0.275027,0.212414,-0.934159,0.0743159,-0.349033,0.863856,0.293878,-0.409131,0.174469,0.984512,-0.0172424,-0.42067,0.907212,0.00159418,-0.423616,0.711553,-0.560573,0,0,0
000469,0.503395,0.708162,0.501058,217.689,36.9411,200.883,0.0005,0.491933,0.800654,0.341987,-0.647169,0.660532,0.380617,0,0,0,0,0,0,0.992225,0.119764,-0.0338499,-0.138009,0.937749,-0.318716,0,0,0,0.607819,0.753007,-0.252063,-0.793368,0.574898,-0.200149,0.697319,0.317495,0.642606,-0.701993,0.150982,0.695996,-0.0960216,0.892126,0.441464,0,0,0,0.256437,0.615323,0.745397,-0.337803,0.544762,0.767544,0,0,0,0,0,0,0.856177,0.491619,0.15897,-0.936018,0.27454,0.220224,-0.933985,0.0743021,-0.349501,0.861158,0.293493,-0.415052,0.174481,0.984571,-0.0132435,-0.420659,0.907187,0.0075938,-0.42219,0.711091,-0.562232,0,0,0
000470,0.5024,0.709607,0.504247,225.2,238.514,60.3992,0.0005,0.519902,0.759061,0.391827,-0.623894,0.661645,0.41591,-0.633677,0.349729,-0.690031,0,0,0,0.996354,0.0825728,-0.0214485,-0.0970188,0.96149,-0.257146,0,0,0,0.639285,0.742784,-0.198966,-0.76792,0.618915,-0.165053,0.706396,0.250559,0.661986,-0.703472,0.136571,0.697478,-0.0645977,0.867663,0.492938,0,0,0,0,0,0,0,0,0,0,0,0,0,0,0,0.873582,0.446888,0.192733,-0.92627,0.29779,0.230964,-0.928588,0.132413,-0.346685,0.876384,0.283402,-0.389403,0.213551,0.975664,0.0497622,-0.384016,0.92118,0.0629133,-0.389257,0.763282,-0.515636,0,0,0
000471,0.508964,0.707818,0.505156,225.2,238.514,60.3992,0.0005,0.519002,0.757769,0.395503,-0.626708,0.664646,0.406796,0,0,0,0,0,0,0.996585,0.0820901,-0.00895242,-0.0969493,0.960717,-0.260044,0,0,0,0.640123,0.743741,-0.192593,-0.766708,0.617291,-0.176383,0.702305,0.250169,0.666471,-0.708493,0.138048,0.692084,-0.0646955,0.869135,0.490326,0,0,0,0,0,0,0,0,0,0,0,0,0,0,0,0.871683,0.446483,0.202043,-0.929051,0.298683,0.218297,-0.924792,0.132881,-0.356514,0.880227,0.284637,-0.379713,0.213063,0.97577,0.0497619,-0.384184,0.921591,0.055427,-0.388428,0.760508,-0.520338,0,0,0
000472,0.502348,0.708905,0.508548,225.2,238.514,60.3992,0.0005,0.521205,0.760058,0.388146,-0.625027,0.662853,0.41227,-0.636085,0.351065,-0.687131,0,0,0,0.996425,0.0815753,-0.0219484,-0.0970417,0.961746,-0.25618,0,0,0,0.639037,0.743259,-0.197985,-0.767984,0.618967,-0.16456,0.708719,0.251913,0.658983,-0.706642,0.136673,0.694247,-0.0647279,0.869624,0.489454,0,0,0,0,0,0,0,0,0,0,0,0,0,0,0,0.874008,0.447105,0.190279,-0.92697,0.29749,0.228531,-0.929543,0.133054,-0.343869,0.877308,0.283699,-0.3871,0.213568,0.975735,0.0482643,-0.384052,0.921267,0.0614163,-0.390393,0.764435,-0.513062,0,0,0
000473,0.506539,0.706632,0.505571,225.2,238.514,60.3992,0.0005,0.519902,0.759061,0.391827,-0.626793,0.664006,0.407709,-0.632707,0.345761,-0.692914,0,0,0,0.996528,0.0820854,-0.0139506,-0.0969142,0.960328,-0.261492,0,0,0,0.639924,0.742755,-0.197006,-0.767048,0.617566,-0.173922,0.704667,0.250476,0.663858,-0.707663,0.13687,0.693166,-0.0647603,0.870112,0.488582,0,0,0,0,0,0,0,0,0,0,0,0,0,0,0,0.872572,0.446936,0.197146,-0.928212,0.298413,0.222198,-0.926267,0.132587,-0.352774,0.878746,0.283636,-0.383871,0.213578,0.975782,0.0472656,-0.384184,0.921591,0.055427,-0.388215,0.761199,-0.519485,0,0,0
000474,0.501133,0.705073,0.507872,225.2,238.514,60.3992,0.0005,0.522719,0.761358,0.383534,-0.625086,0.663647,0.410903,-0.635484,0.350732,-0.687857,0,0,0,0.996327,0.0820688,-0.0244477,-0.0969142,0.960328,-0.261492,0,0,0,0.638243,0.742352,-0.203862,-0.768041,0.618369,-0.166532,0.710126,0.251882,0.657477,-0.705523,0.136966,0.695325,-0.0648571,0.87157,0.485962,0,0,0,0,0,0,0,0,0,0,0,0,0,0,0,0.874452,0.447892,0.186351,-0.926752,0.29742,0.229504,-0.929812,0.133597,-0.34293,0.87598,0.282747,-0.390785,0.213628,0.976,0.0422713,-0.38368,0.921679,0.0574239,-0.389587,0.762825,-0.516062,0,0,0
000475,0.509251,0.708715,0.507428,225.2,238.514,60.3992,0.0005,0.51964,0.75781,0.394586,-0.626986,0.664942,0.405882,-0.631561,0.348556,-0.69256,0,0,0,0.996593,0.0820908,-0.00795286,-0.0969957,0.961233,-0.258112,0,0,0,0.640754,0.743703,-0.190632,-0.766845,0.617401,-0.175399,0.703727,0.250143,0.664979,0,0,0,-0.0652266,0.869587,0.489452,0,0,0,0,0,0,0,0,0,0,0,0,0,0,0,0.871911,0.446038,0.202044,-0.929258,0.298749,0.217322,-0.925215,0.132437,-0.35558,0.880974,0.285402,-0.3774,0.213535,0.97559,0.0512598,-0.384174,0.921565,0.0559262,-0.388679,0.762127,-0.517776,0,0,0
000476,0.507877,0.707939,0.503745,225.2,238.514,60.3992,0.0005,0.519002,0.757769,0.395503,-0.62601,0.663902,0.409078,-0.629803,0.348152,-0.694362,0,0,0,0.996565,0.0820885,-0.0109516,-0.0969259,0.960458,-0.261009,0,0,0,0.640247,0.743123,-0.194555,-0.766913,0.617457,-0.174907,0.702473,0.249697,0.666471,-0.707323,0.136804,0.693527,-0.0646629,0.868645,0.491197,0,0,0,0,0,0,0,0,0,0,0,0,0,0,0,0.871862,0.446575,0.201064,-0.928423,0.298481,0.221223,-0.925039,0.132412,-0.356047,0.879167,0.284822,-0.382023,0.213551,0.975664,0.0497622,-0.384163,0.921539,0.0564254,-0.387536,0.76096,-0.520341,0,0,0
000477,0.501301,0.707752,0.509596,225.2,238.514,60.3992,0.0005,0.521867,0.761011,0.385379,-0.625168,0.663004,0.411814,-0.637469,0.350689,-0.686039,0,0,0,0.996339,0.0820698,-0.0239478,-0.0970188,0.96149,-0.257146,0,0,0,0.639088,0.742558,-0.200435,-0.768112,0.61907,-0.163573,0.710102,0.252934,0.6571,-0.707077,0.136247,0.693887,-0.0647926,0.870599,0.487709,0,0,0,0,0,0,0,0,0,0,0,0,0,0,0,0.87443,0.447319,0.187825,-0.926752,0.29742,0.229504,-0.930222,0.133151,-0.341991,0.876785,0.284056,-0.388021,0.213589,0.975827,0.0462669,-0.383613,0.921515,0.0604185,-0.390507,0.764664,-0.512633,0,0,0
000478,0.501743,0.709532,0.509239,225.2,238.514,60.3992,0.0005,0.520793,0.760341,0.388144,-0.624745,0.662552,0.41318,-0.637228,0.351127,-0.68604,0,0,0,0.996403,0.0815734,-0.0229481,-0.0970646,0.962,-0.255214,0,0,0,0.639416,0.742933,-0.197986,-0.768239,0.619173,-0.162587,0.709172,0.252604,0.65823,-0.706111,0.137589,0.694606,-0.0647279,0.869624,0.489454,0,0,0,0,0,0,0,0,0,0,0,0,0,0,0,0.874093,0.447148,0.189789,-0.926643,0.297385,0.229991,-0.930053,0.133127,-0.342461,0.877154,0.284174,-0.387099,0.213562,0.975712,0.0487636,-0.384028,0.921209,0.0624143,-0.390736,0.765122,-0.511774,0,0,0
000479,0.502188,0.706578,0.502699,225.2,238.514,60.3992,0.0005,0.520871,0.75958,0.389527,-0.62432,0.6621,0.414546,-0.632408,0.348454,-0.691838,0,0,0,0.996373,0.0820727,-0.0224483,-0.0969025,0.960198,-0.261974,0,0,0,0.638689,0.742102,-0.203373,-0.767532,0.618601,-0.168011,0.705437,0.251279,0.662735,0,0,0,-0.0646629,0.868645,0.491197,0,0,0,0,0,0,0,0,0,0,0,0,0,0,0,0.873923,0.447062,0.19077,-0.92627,0.29779,0.230964,-0.928245,0.132364,-0.347623,0.875301,0.283578,-0.391704,0.213599,0.975872,0.0452681,-0.383647,0.921598,0.0589213,-0.389106,0.760746,-0.519482,0,0,0
000480,0.50662,0.70847,0.502301,283.315,210.518,184.743,0.0005,0.484777,0.787276,0.381035,-0.653185,0.632606,0.416124,-0.658307,0.306418,-0.687561,0,0,0,0.990385,0.135227,-0.0291858,-0.152244,0.951558,-0.26713,0,0,0,0.5959,0.774508,-0.212226,-0.80119,0.574806,-0.166412,0.697953,0.292217,0.653813,0,0,0,-0.103108,0.86732,0.486954,0,0,0,0,0,0,0,0,0,0,0,0,0,0,0,0.850282,0.493692,0.182455,-0.938923,0.250663,0.235777,-0.936548,0.0805789,-0.341151,0.85553,0.327342,-0.401144,0.161815,0.98607,0.038486,-0.431819,0.900175,0.0567273,-0.436374,0.733615,-0.520948,0,0,0
000481,0.509886,0.701945,0.508213,283.315,210.518,184.743,0.0005,0.485951,0.790098,0.373626,-0.657294,0.636608,0.403355,-0.658618,0.306564,-0.687198,0,0,0,0.990529,0.135246,-0.0236897,-0.151965,0.949686,-0.273868,0,0,0,0.595769,0.774341,-0.213203,-0.800454,0.573043,-0.175771,0.70066,0.293349,0.650401,0,0,0,-0.104293,0.87348,0.475558,0,0,0,0,0,0,0,0,0,0,0,0,0,0,0,0.850188,0.494215,0.181472,-0.941372,0.251315,0.225077,-0.935567,0.0799937,-0.34397,0.857954,0.328798,-0.394723,0.161867,0.986372,0.0294925,-0.432087,0.900746,0.0442439,-0.435883,0.731781,-0.52393,0,0,0
000482,0.509491,0.707899,0.502163,283.315,210.518,184.743,0.0005,0.483947,0.78689,0.382882,-0.654372,0.633762,0.412483,-0.656437,0.30554,-0.689736,0,0,0,0.990652,0.134254,-0.0241893,-0.152165,0.951028,-0.269057,0,0,0,0.596621,0.774619,-0.209784,-0.800505,0.574312,-0.17134,0.695947,0.291921,0.656079,0,0,0,-0.103658,0.867745,0.486079,0,0,0,0,0,0,0,0,0,0,0,0,0,0,0,0.849311,0.493708,0.186875,-0.940051,0.250963,0.230916,-0.934708,0.0799207,-0.346316,0.857208,0.32798,-0.397019,0.161322,0.986151,0.0384858,-0.431912,0.900373,0.0527335,-0.436015,0.732007,-0.523504,0,0,0
000483,0.505896,0.702893,0.505457,283.315,210.518,184.743,0.0005,0.486148,0.790415,0.372699,-0.655109,0.634479,0.410205,-0.659339,0.307455,-0.686108,0,0,0,0.990377,0.134721,-0.0316841,-0.152005,0.949956,-0.272907,0,0,0,0.595105,0.773492,-0.218084,-0.801073,0.574105,-0.16937,0.701752,0.293263,0.649261,0,0,0,-0.103586,0.871641,0.479074,0,0,0,0,0,0,0,0,0,0,0,0,0,0,0,0.85129,0.494274,0.176062,-0.939377,0.250784,0.233834,-0.937311,0.0796402,-0.339271,0.855154,0.3272,-0.402059,0.161865,0.986357,0.0299923,-0.431988,0.900534,0.0492382,-0.436279,0.732459,-0.522652,0,0,0
000484,0.505262,0.704011,0.509664,283.315,210.518,184.743,0.0005,0.486542,0.791045,0.370842,-0.655549,0.634908,0.408837,-0.662859,0.308003,-0.68246,0,0,0,0.990345,0.134717,-0.0326834,-0.152165,0.951028,-0.269057,0,0,0,0.595768,0.773529,-0.216133,-0.801257,0.574854,-0.165919,0.703757,0.295185,0.646214,0,0,0,-0.103691,0.872591,0.477318,0,0,0,0,0,0,0,0,0,0,0,0,0,0,0,0.851267,0.494838,0.174585,-0.939619,0.250331,0.233348,-0.938614,0.0802526,-0.335506,0.856091,0.327556,-0.399769,0.161859,0.986327,0.0309917,-0.431956,0.900466,0.0507362,-0.436861,0.73544,-0.517959,0,0,0
000485,0.508992,0.703622,0.501782,283.315,210.518,184.743,0.0005,0.484955,0.788504,0.378259,-0.655256,0.634622,0.409749,-0.654964,0.307057,-0.690462,0,0,0,0.990602,0.134247,-0.0261879,-0.151924,0.949414,-0.27483,0,0,0,0.595505,0.774004,-0.215156,-0.800305,0.573552,-0.174787,0.697542,0.291504,0.654569,0,0,0,-0.103898,0.869911,0.482142,0,0,0,0,0,0,0,0,0,0,0,0,0,0,0,0.849951,0.494078,0.182946,-0.940402,0.25054,0.229944,-0.934837,0.0804334,-0.345847,0.856091,0.327556,-0.399769,0.161361,0.986377,0.031991,-0.432019,0.9006,0.04774,-0.434956,0.730193,-0.526908,0,0,0
000486,0.509849,0.708918,0.507417,283.315,210.518,184.743,0.0005,0.484352,0.787538,0.381034,-0.655256,0.634622,0.409749,0,0,0,0,0,0,0.990619,0.134754,-0.0226904,-0.152322,0.952085,-0.265203,0,0,0,0.596341,0.775883,-0.205871,-0.801004,0.574056,-0.169862,0.698857,0.292595,0.652677,0,0,0,-0.102825,0.869307,0.483459,0,0,0,0,0,0,0,0,0,0,0,0,0,0,0,0.849392,0.493755,0.186384,-0.940716,0.25114,0.227997,-0.935696,0.0805064,-0.3435,0.858869,0.328611,-0.392886,0.161806,0.986012,0.0399844,-0.431889,0.900325,0.053732,-0.43703,0.734737,-0.518812,0,0,0
000487,0.50978,0.707235,0.506729,283.315,210.518,184.743,0.0005,0.484128,0.788123,0.380108,-0.655549,0.634908,0.408837,-0.658929,0.30671,-0.686834,0,0,0,0.99054,0.135248,-0.0231901,-0.152224,0.951426,-0.267612,0,0,0,0.596418,0.77517,-0.208317,-0.800796,0.573906,-0.17134,0.698857,0.292595,0.652677,0,0,0,-0.103924,0.87015,0.481704,0,0,0,0,0,0,0,0,0,0,0,0,0,0,0,0.849553,0.493848,0.185402,-0.940716,0.25114,0.227997,-0.935438,0.079481,-0.344439,0.858501,0.328471,-0.393805,0.161825,0.986126,0.0369874,-0.431934,0.90042,0.0517349,-0.436075,0.734094,-0.520523,0,0,0
000488,0.502495,0.708262,0.500373,283.315,210.518,184.743,0.0005,0.484855,0.788344,0.378722,-0.651385,0.630852,0.421572,-0.659339,0.307455,-0.686108,0,0,0,0.990219,0.134195,-0.0381794,-0.152244,0.951558,-0.26713,0,0,0,0.594776,0.773883,-0.217595,-0.802437,0.574472,-0.16148,0.699265,0.293308,0.651919,0,0,0,-0.103,0.86635,0.4887,0,0,0,0,0,0,0,0,0,0,0,0,0,0,0,0.85129,0.494274,0.176062,-0.9372,0.249686,0.243544,-0.938446,0.0802384,-0.335977,0.852681,0.325725,-0.408458,0.161825,0.986126,0.0369874,-0.431744,0.900017,0.059722,-0.436338,0.734543,-0.519669,0,0,0
000489,0.503077,0.706758,0.501878,283.315,210.518,184.743,0.0005,0.485255,0.788984,0.37687,-0.652288,0.631732,0.41885,-0.658472,0.310914,-0.685381,0,0,0,0.990257,0.1342,-0.0371802,-0.152165,0.951028,-0.269057,0,0,0,0.595434,0.773101,-0.218573,-0.801723,0.57519,-0.162467,0.70036,0.293223,0.650781,0,0,0,-0.103161,0.867804,0.486081,0,0,0,0,0,0,0,0,0,0,0,0,0,0,0,0.851039,0.494706,0.176061,-0.93754,0.250294,0.241604,-0.938446,0.0802384,-0.335977,0.853086,0.326948,-0.406631,0.16184,0.986214,0.0344894,-0.431819,0.900175,0.0567273,-0.436936,0.733585,-0.520519,0,0,0
000490,0.50858,0.708538,0.500366,66.8113,207.727,256.445,0.0005,0.509302,0.766163,0.391925,-0.633618,0.659408,0.40461,-0.631498,0.332293,-0.700566,0,0,0,0.995527,0.0939575,-0.00993979,-0.108494,0.956498,-0.270815,0,0,0,0.631318,0.748981,-0.201159,-0.774007,0.606228,-0.18276,0.696355,0.263192,0.667697,-0.706943,0.135254,0.694218,-0.0757877,0.870535,0.486236,0,0,0,0,0,0,0,0,0,0,0,0,0,0,0,0.86615,0.458171,0.199661,-0.932037,0.28928,0.218229,-0.925306,0.118322,-0.36029,0.875447,0.29118,-0.385755,0.20117,0.978661,0.0418762,-0.395378,0.917246,0.0483306,-0.395872,0.749936,-0.529982,0,0,0
000491,0.509388,0.70044,0.505841,66.8113,207.727,256.445,0.0005,0.511788,0.769849,0.381322,-0.637423,0.662666,0.393149,-0.633125,0.331457,-0.699492,0,0,0,0.995531,0.0939579,-0.00944,-0.108255,0.954174,-0.278987,0,0,0,0.630207,0.748452,-0.206542,-0.772749,0.605874,-0.189146,0.700711,0.264835,0.66247,-0.712656,0.134808,0.688439,-0.0763132,0.877235,0.473956,0,0,0,0,0,0,0,0,0,0,0,0,0,0,0,0.86696,0.459162,0.19378,-0.933473,0.289725,0.211394,-0.925548,0.117849,-0.359824,0.876202,0.291956,-0.383448,0.201746,0.978966,0.0303856,-0.395583,0.917731,0.0358423,-0.395016,0.748285,-0.532947,0,0,0
000492,0.505887,0.705107,0.500092,66.8113,207.727,256.445,0.0005,0.510607,0.768099,0.3864,-0.633478,0.659261,0.405067,-0.631883,0.333062,-0.699852,0,0,0,0.995449,0.0939502,-0.0159377,-0.108368,0.955276,-0.275143,0,0,0,0.630387,0.747893,-0.208009,-0.773842,0.606734,-0.181777,0.698537,0.264015,0.665088,-0.705764,0.134013,0.695657,-0.0754034,0.872027,0.483615,0,0,0,0,0,0,0,0,0,0,0,0,0,0,0,0.867279,0.458765,0.19329,-0.931302,0.289053,0.221643,-0.926614,0.117984,-0.357023,0.873262,0.290984,-0.390823,0.201708,0.978788,0.0358821,-0.395424,0.917354,0.0458334,-0.396268,0.748528,-0.531673,0,0,0
000493,0.501934,0.702376,0.507143,66.8113,207.727,256.445,0.0005,0.513059,0.771731,0.375768,-0.634315,0.660137,0.402323,-0.639288,0.332454,-0.693387,0,0,0,0.995302,0.0939363,-0.0234356,-0.108382,0.955413,-0.274663,0,0,0,0.629007,0.747819,-0.212407,-0.774924,0.60695,-0.176366,0.705954,0.266813,0.656079,-0.708245,0.133974,0.693138,-0.0757409,0.876331,0.475718,0,0,0,0,0,0,0,0,0,0,0,0,0,0,0,0.868875,0.460169,0.182487,-0.930663,0.288855,0.224567,-0.930563,0.118989,-0.346258,0.872331,0.290676,-0.393122,0.20175,0.978981,0.0298859,-0.394991,0.917614,0.0443352,-0.396966,0.752045,-0.526161,0,0,0
000494,0.5023,0.706663,0.503128,66.8113,207.727,256.445,0.0005,0.511468,0.769374,0.382708,-0.632636,0.65838,0.407808,0,0,0,0,0,0,0.995325,0.0939385,-0.0224359,-0.108494,0.956498,-0.270815,0,0,0,0.629801,0.747978,-0.209475,-0.774959,0.607614,-0.173904,0.702567,0.265535,0.66022,-0.704987,0.134375,0.696374,-0.0754223,0.872268,0.483177,0,0,0,0,0,0,0,0,0,0,0,0,0,0,0,0.868373,0.45934,0.186909,-0.929866,0.289132,0.227489,-0.929591,0.118361,-0.349071,0.872303,0.29014,-0.393582,0.201704,0.97877,0.0363817,-0.394881,0.917353,0.0503282,-0.397409,0.751813,-0.526159,0,0,0
000495,0.504036,0.703729,0.507309,66.8113,207.727,256.445,0.0005,0.512426,0.770793,0.378547,-0.63487,0.660717,0.400491,0,0,0,0,0,0,0.995388,0.0939444,-0.0194367,-0.108438,0.955957,-0.272739,0,0,0,0.629554,0.748459,-0.208497,-0.774953,0.606337,-0.178334,0.70424,0.266701,0.657964,0,0,0,-0.075685,0.875618,0.477037,0,0,0,0,0,0,0,0,0,0,0,0,0,0,0,0.868455,0.459384,0.186418,-0.931153,0.28953,0.221643,-0.929307,0.117821,-0.350008,0.873817,0.291167,-0.389442,0.201733,0.978905,0.0323845,-0.395442,0.917396,0.0448345,-0.398173,0.751113,-0.526581,0,0,0
000496,0.504937,0.707409,0.504574,66.8113,207.727,256.445,0.0005,0.510515,0.768855,0.385015,-0.633478,0.659261,0.405067,-0.63605,0.334135,-0.695553,0,0,0,0.995386,0.0944464,-0.0169374,-0.108521,0.956767,-0.269852,0,0,0,0.63079,0.748364,-0.205075,-0.774854,0.606895,-0.176858,0.701816,0.264718,0.661346,-0.707811,0.1344,0.693498,-0.0754601,0.872749,0.482301,0,0,0,0,0,0,0,0,0,0,0,0,0,0,0,0.867301,0.459342,0.191818,-0.931196,0.28902,0.22213,-0.928485,0.118725,-0.351881,0.874213,0.291825,-0.388059,0.201689,0.978697,0.03838,-0.395359,0.917201,0.0493293,-0.397087,0.752279,-0.525736,0,0,0
000497,0.504316,0.70727,0.506481,66.8113,207.727,256.445,0.0005,0.510944,0.769492,0.383168,-0.633758,0.659554,0.404153,-0.638675,0.332129,-0.694107,0,0,0,0.995407,0.0939461,-0.018437,-0.108549,0.957035,-0.268889,0,0,0,0.630407,0.748686,-0.205074,-0.774754,0.607452,-0.175381,0.702522,0.266587,0.659844,0,0,0,-0.0754977,0.87323,0.481425,0,0,0,0,0,0,0,0,0,0,0,0,0,0,0,0.867873,0.459077,0.189855,-0.93109,0.288987,0.222618,-0.929244,0.118317,-0.350008,0.874371,0.291351,-0.38806,0.201689,0.978697,0.03838,-0.395359,0.917201,0.0493293,-0.397571,0.753211,-0.524034,0,0,0
000498,0.501194,0.704554,0.504658,66.8113,207.727,256.445,0.0005,0.512426,0.770793,0.378547,-0.633198,0.658968,0.405981,-0.637819,0.334505,-0.693754,0,0,0,0.995266,0.0939329,-0.0249351,-0.108438,0.955957,-0.272739,0,0,0,0.629772,0.747175,-0.212408,-0.775268,0.607221,-0.173904,0.70424,0.266701,0.657964,-0.705329,0.13444,0.696015,-0.0755541,0.873949,0.48011,0,0,0,0,0,0,0,0,0,0,0,0,0,0,0,0.868947,0.459642,0.18347,-0.929906,0.28862,0.227976,-0.930454,0.118471,-0.346727,0.871583,0.290429,-0.394961,0.20173,0.978889,0.0328842,-0.394919,0.917444,0.0483307,-0.397851,0.75158,-0.526158,0,0,0
000499,0.50847,0.701214,0.506907,66.8113,207.727,256.445,0.0005,0.512001,0.770164,0.380397,-0.636791,0.662728,0.394068,-0.634203,0.333158,-0.697705,0,0,0,0.995516,0.0939565,-0.0109394,-0.108298,0.954589,-0.277546,0,0,0,0.630207,0.748452,-0.206542,-0.773661,0.605319,-0.187182,0.701463,0.265653,0.661346,-0.712656,0.134808,0.688439,-0.0763132,0.877235,0.473956,0,0,0,0,0,0,0,0,0,0,0,0,0,0,0,0.86745,0.458855,0.192309,-0.933169,0.289631,0.212859,-0.926437,0.117961,-0.35749,0.875995,0.291361,-0.384371,0.201257,0.979067,0.0303855,-0.395554,0.917663,0.0378408,-0.396391,0.748764,-0.53125,0,0,0
000500,0.506306,0.707111,0.503988,175.95,40.198,266.685,0.0005,0.486708,0.803993,0.341629,-0.652715,0.657531,0.376319,0,0,0,0,0,0,0.991419,0.127221,-0.0300525,-0.144772,0.936992,-0.317941,0,0,0,0.602587,0.758257,-0.248866,-0.79687,0.569511,-0.201632,0.696386,0.322163,0.641294,-0.70592,0.145828,0.693117,-0.101385,0.892756,0.438985,0,0,0,0,0,0,-0.34288,0.543772,0.765993,0,0,0,0,0,0,0.852618,0.49714,0.160915,-0.938859,0.268231,0.21586,-0.934078,0.0680668,-0.350521,0.860464,0.300711,-0.41131,0.167575,0.985771,-0.0131792,-0.426955,0.904256,0.00548336,-0.428016,0.708945,-0.560535,0,0,0
000501,0.509788,0.709772,0.503321,175.95,40.198,266.685,0.0005,0.486053,0.801974,0.347262,-0.652979,0.657798,0.375393,0,0,0,0,0,0,0.99173,0.126252,-0.0230574,-0.145356,0.937544,-0.316043,0,0,0,0.602884,0.760216,-0.242081,-0.796001,0.569502,-0.20506,0.693675,0.320363,0.645122,-0.707175,0.146596,0.691674,-0.101743,0.891387,0.441676,0,0,0,0.2536,0.615677,0.746076,0,0,0,0,0,0,0,0,0,0.851226,0.496911,0.168802,-0.939885,0.268523,0.210976,-0.931964,0.0679139,-0.356134,0.862944,0.301042,-0.405835,0.167585,0.985824,-0.00818077,-0.426953,0.904254,0.00598333,-0.428158,0.708205,-0.561361,0,0,0
000502,0.507576,0.703762,0.507922,175.95,40.198,266.685,0.0005,0.488628,0.805205,0.335987,-0.65455,0.659389,0.369825,0,0,0,0,0,0,0.991477,0.127228,-0.0280538,-0.144658,0.936203,-0.32031,0,0,0,0.602118,0.758471,-0.24935,-0.796292,0.569095,-0.205059,0.69871,0.323234,0.63822,-0.709103,0.147504,0.689504,-0.102225,0.895949,0.432232,0,0,0,0.256179,0.621847,0.740053,-0.344237,0.54878,0.761801,0,0,0,0,0,0,0.852826,0.497261,0.159435,-0.940124,0.268071,0.210487,-0.934078,0.0680668,-0.350521,0.861983,0.300709,-0.408118,0.167562,0.985703,-0.017678,-0.426961,0.90427,-0.000516426,-0.428302,0.708446,-0.560947,0,0,0
000503,0.507165,0.708452,0.500476,175.95,40.198,266.685,0.0005,0.486415,0.802564,0.345386,-0.651919,0.656724,0.379097,0,0,0,0,0,0,0.991477,0.127228,-0.0280538,-0.145243,0.936759,-0.318414,0,0,0,0.602352,0.758762,-0.247897,-0.796541,0.569274,-0.203591,0.693968,0.320498,0.64474,-0.70388,0.145408,0.695276,-0.101199,0.891003,0.442575,0,0,0,0.25285,0.61518,0.74674,-0.339763,0.542555,0.768241,0,0,0,0,0,0,0.852126,0.496855,0.164367,-0.938859,0.268231,0.21586,-0.932849,0.0679779,-0.353797,0.860269,0.300643,-0.411765,0.16758,0.985795,-0.0111798,-0.426952,0.904251,0.0064833,-0.428013,0.706981,-0.563013,0,0,0
000504,0.505435,0.703045,0.508632,175.95,40.198,266.685,0.0005,0.488727,0.80632,0.333159,-0.654644,0.658773,0.370754,0,0,0,0,0,0,0.991405,0.126715,-0.0325508,-0.144658,0.936203,-0.32031,0,0,0,0.602037,0.757575,-0.252254,-0.797079,0.569045,-0.202122,0.700445,0.324034,0.635907,-0.70863,0.146385,0.690228,-0.101796,0.896649,0.430881,0,0,0,0.256288,0.623403,0.738705,0,0,0,0,0,0,0,0,0,0.853438,0.497616,0.154991,-0.939512,0.267897,0.213419,-0.935469,0.0681674,-0.346773,0.860822,0.300306,-0.410854,0.167556,0.985666,-0.0196774,-0.426961,0.90427,0.000483541,-0.428731,0.709169,-0.559705,0,0,0
000505,0.500677,0.705113,0.504325,175.95,40.198,266.685,0.0005,0.488552,0.806036,0.334102,-0.65174,0.655831,0.380946,0,0,0,0,0,0,0.991074,0.126673,-0.0415439,-0.144726,0.936677,-0.318889,0,0,0,0.600846,0.756895,-0.257088,-0.797997,0.57032,-0.194771,0.700943,0.323714,0.635522,-0.702075,0.145546,0.697071,-0.101477,0.893628,0.437187,0,0,0,0,0,0,0,0,0,0,0,0,0,0,0,0.853781,0.498392,0.150544,-0.936953,0.267687,0.224639,-0.937527,0.0683163,-0.341139,0.856898,0.298944,-0.41995,0.167561,0.985694,-0.0181778,-0.426497,0.904458,0.00748325,-0.429873,0.709134,-0.558872,0,0,0
000506,0.504925,0.703951,0.507402,175.95,40.198,266.685,0.0005,0.487949,0.80601,0.335043,-0.653505,0.658331,0.373538,0,0,0,0,0,0,0.991372,0.126711,-0.0335501,-0.145175,0.936285,-0.319835,0,0,0,0.601645,0.757886,-0.252253,-0.797243,0.569162,-0.201142,0.699867,0.323768,0.636679,0,0,0,-0.101683,0.895575,0.433135,0,0,0,0,0,0,0,0,0,0,0,0,0,0,0,0.853119,0.498009,0.155485,-0.9391,0.267779,0.215372,-0.935642,0.0681799,-0.346303,0.860239,0.300104,-0.412221,0.167559,0.985685,-0.0186777,-0.426508,0.904481,0.00248349,-0.428731,0.709169,-0.559705,0,0,0
000507,0.506063,0.703264,0.502737,175.95,40.198,266.685,0.0005,0.487847,0.804891,0.337869,-0.653243,0.658065,0.374466,0,0,0,0,0,0,0.991437,0.126719,-0.0315515,-0.144498,0.935087,-0.323624,0,0,0,0.601798,0.75728,-0.253705,-0.796292,0.569095,-0.205059,0.697177,0.321977,0.640527,-0.705241,0.145688,0.693837,-0.101569,0.894495,0.435387,0,0,0,0.255354,0.618576,0.743073,0,0,0,0,0,0,0,0,0,0.852712,0.497772,0.158447,-0.939204,0.267809,0.214884,-0.933764,0.0675428,-0.351458,0.859294,0.300305,-0.414042,0.167557,0.985676,-0.0191776,-0.426961,0.90427,-1.64429e-05,-0.427865,0.705753,-0.564662,0,0,0
000508,0.500618,0.702878,0.508515,175.95,40.198,266.685,0.0005,0.488994,0.807707,0.329384,-0.65307,0.657179,0.376319,0,0,0,0,0,0,0.991074,0.126673,-0.0415439,-0.144704,0.936519,-0.319363,0,0,0,0.600765,0.756795,-0.257571,-0.798208,0.569856,-0.195262,0.70382,0.32504,0.631653,-0.705681,0.145268,0.693477,-0.101751,0.89622,0.431783,0,0,0,0.257177,0.624233,0.737695,-0.345346,0.545836,0.763413,0,0,0,0,0,0,0.854231,0.498654,0.147083,-0.93749,0.26784,0.222202,-0.938242,0.0678667,-0.339258,0.857854,0.298747,-0.418134,0.16755,0.985636,-0.021177,-0.426505,0.904474,0.00448342,-0.430014,0.710352,-0.557215,0,0,0
000509,0.501486,0.70334,0.503451,175.95,40.198,266.685,0.0005,0.488727,0.80632,0.333159,-0.652274,0.656372,0.379097,0,0,0,0,0,0,0.991115,0.126678,-0.0405448,-0.14459,0.935726,-0.321731,0,0,0,0.600603,0.756594,-0.258537,-0.797228,0.570383,-0.197713,0.700366,0.323447,0.636293,-0.701973,0.146036,0.69707,-0.101546,0.894279,0.435837,0,0,0,0,0,0,-0.339912,0.545628,0.765996,0,0,0,0,0,0,0.853781,0.498392,0.150544,-0.937383,0.26781,0.222689,-0.936808,0.0687656,-0.343018,0.856898,0.298944,-0.41995,0.167552,0.985646,-0.0206772,-0.426505,0.904476,0.00398344,-0.429015,0.70769,-0.561357,0,0,0
000510,0.501685,0.7074,0.509379,0.618933,304.735,152.313,0.0005,0.543386,0.73328,0.408696,-0.606575,0.677797,0.415521,-0.612558,0.388305,-0.688471,0,0,0,0.998958,0.0450451,-0.00731949,-0.0567187,0.969216,-0.239588,0,0,0,0.669731,0.721431,-0.176062,-0.742188,0.650002,-0.163264,0.708793,0.212313,0.672708,-0.712398,0.148628,0.685856,-0.039939,0.862957,0.503696,0,0,0,0,0,0,0,0,0,0,0,0,0,0,0,0.88753,0.410348,0.209534,-0.918369,0.327833,0.221639,-0.919076,0.174981,-0.353103,0.892725,0.258684,-0.368952,0.24924,0.96601,0.0685814,-0.34971,0.934032,0.0727142,-0.353446,0.788503,-0.503329,0,0,0
000511,0.509708,0.700524,0.508136,0.618933,304.735,152.313,0.0005,0.543016,0.732789,0.410065,-0.61001,0.682409,0.402749,0,0,0,0,0,0,0.998951,0.0450448,0.00817772,-0.0565899,0.966526,-0.250252,0,0,0,0.669724,0.722152,-0.173108,-0.739204,0.648705,-0.180995,0.703614,0.210766,0.678606,-0.717644,0.150233,0.680013,-0.0405719,0.866437,0.497635,0,0,0,0,0,0,0,0,0,0,0,0,0,0,0,0.885582,0.409453,0.2193,-0.921953,0.328579,0.205034,-0.913408,0.173905,-0.368026,0.896052,0.25964,-0.360108,0.249342,0.96639,0.0625949,-0.350515,0.934775,0.0577468,-0.350439,0.782881,-0.514091,0,0,0
000512,0.505072,0.704925,0.501479,0.618933,304.735,152.313,0.0005,0.542178,0.730844,0.414621,-0.606575,0.677797,0.415521,0,0,0,0,0,0,0.999007,0.0445468,-0.000819971,-0.0566375,0.967518,-0.246377,0,0,0,0.668938,0.722046,-0.176553,-0.740661,0.649323,-0.172629,0.702129,0.2098,0.68044,-0.709707,0.148066,0.688761,-0.0398619,0.860937,0.507147,0,0,0,0,0,0,0,0,0,0,0,0,0,0,0,0.886077,0.409681,0.216861,-0.919094,0.328091,0.218225,-0.915026,0.174212,-0.363838,0.892547,0.258633,-0.369416,0.249258,0.966076,0.0675839,-0.350287,0.934154,0.0682254,-0.350748,0.783587,-0.512804,0,0,0
000513,0.50141,0.704781,0.500576,0.618933,304.735,152.313,0.0005,0.542923,0.731834,0.411889,-0.605838,0.676217,0.419155,0,0,0,0,0,0,0.998954,0.0450449,-0.00781947,-0.0566257,0.967271,-0.247346,0,0,0,0.668629,0.720989,-0.181964,-0.74097,0.650261,-0.167702,0.70347,0.211245,0.678605,-0.706123,0.14834,0.692377,-0.0398425,0.86043,0.508009,0,0,0,0,0,0,0,0,0,0,0,0,0,0,0,0.887244,0.410217,0.211001,-0.917465,0.328041,0.225051,-0.916978,0.174583,-0.35871,0.89004,0.257912,-0.375912,0.249284,0.966173,0.0660874,-0.349759,0.934167,0.0707195,-0.35141,0.783853,-0.511943,0,0,0
000514,0.501919,0.709034,0.509994,0.618933,304.735,152.313,0.0005,0.543541,0.732655,0.40961,-0.60681,0.677308,0.415975,-0.613406,0.388254,-0.687745,0,0,0,0.998965,0.0450454,-0.00631954,-0.0567526,0.96993,-0.236676,0,0,0,0.669972,0.721685,-0.174093,-0.741772,0.650968,-0.161291,0.708793,0.212313,0.672708,-0.712091,0.150096,0.685855,-0.0399101,0.862201,0.504991,0,0,0,0,0,0,0,0,0,0,0,0,0,0,0,0.887339,0.410261,0.210512,-0.918369,0.327833,0.221639,-0.919249,0.175014,-0.352635,0.893218,0.258305,-0.368023,0.249195,0.965842,0.0710749,-0.349659,0.933894,0.0747086,-0.353848,0.789423,-0.5016,0,0,0
000515,0.506305,0.701543,0.502724,0.618933,304.735,152.313,0.0005,0.543047,0.731999,0.411434,-0.608594,0.679314,0.410056,0,0,0,0,0,0,0.998983,0.0450462,0.00167965,-0.0565779,0.966275,-0.25122,0,0,0,0.669428,0.721108,-0.178522,-0.740004,0.648744,-0.177552,0.702924,0.209516,0.679707,-0.711084,0.149886,0.686946,-0.0399582,0.86346,0.502832,0,0,0,0,0,0,0,0,0,0,0,0,0,0,0,0.885867,0.410135,0.216861,-0.920278,0.327982,0.213343,-0.914223,0.173551,-0.366165,0.892902,0.258734,-0.368487,0.249334,0.96636,0.0630939,-0.350422,0.934522,0.0622384,-0.349673,0.782377,-0.515379,0,0,0
000516,0.507286,0.70125,0.509349,0.618933,304.735,152.313,0.0005,0.544032,0.733308,0.407785,-0.609846,0.681472,0.404578,-0.607138,0.38781,-0.693533,0,0,0,0.998978,0.045046,0.00367922,-0.0566138,0.967024,-0.248315,0,0,0,0.669485,0.721898,-0.175077,-0.7404,0.648427,-0.177059,0.705742,0.211923,0.676031,-0.716645,0.150025,0.681112,-0.0400724,0.866459,0.497637,0,0,0,0,0,0,0,0,0,0,0,0,0,0,0,0.886372,0.409816,0.215397,-0.921173,0.328301,0.208946,-0.915204,0.174246,-0.363372,0.895045,0.259871,-0.362438,0.249342,0.96639,0.0625949,-0.350454,0.934608,0.0607413,-0.351056,0.78429,-0.511515,0,0,0
000517,0.503898,0.704888,0.500375,0.618933,304.735,152.313,0.0005,0.542302,0.731009,0.414166,-0.606022,0.677175,0.417339,0,0,0,0,0,0,0.998981,0.0450461,-0.00281977,-0.0566257,0.967271,-0.247346,0,0,0,0.668695,0.721788,-0.178521,-0.74112,0.649061,-0.171644,0.702129,0.2098,0.68044,-0.707815,0.148693,0.690571,-0.0398425,0.86043,0.508009,0,0,0,0,0,0,0,0,0,0,0,0,0,0,0,0.886064,0.410225,0.215885,-0.918849,0.327473,0.220176,-0.915383,0.17428,-0.362906,0.891478,0.258325,-0.372202,0.249267,0.966109,0.0670851,-0.350264,0.93409,0.069223,-0.350645,0.783352,-0.513233,0,0,0
000518,0.503612,0.709755,0.505371,0.618933,304.735,152.313,0.0005,0.541652,0.730977,0.415074,-0.605744,0.676863,0.418248,-0.609941,0.386634,-0.691727,0,0,0,0.998979,0.0450461,-0.00331973,-0.05673,0.969455,-0.238618,0,0,0,0.669476,0.722617,-0.172122,-0.741674,0.650215,-0.164744,0.704588,0.211057,0.677503,-0.710616,0.148767,0.687673,-0.0398231,0.859922,0.50887,0,0,0,0,0,0,0,0,0,0,0,0,0,0,0,0.886274,0.409771,0.215885,-0.918473,0.32787,0.221152,-0.917236,0.175141,-0.357776,0.893079,0.258785,-0.368022,0.249149,0.965667,0.0735678,-0.350114,0.933683,0.0752069,-0.352585,0.787782,-0.505057,0,0,0
000519,0.500121,0.709189,0.504224,0.618933,304.735,152.313,0.0005,0.542398,0.731968,0.412344,-0.604627,0.675608,0.421878,-0.610814,0.387192,-0.690643,0,0,0,0.998932,0.0450439,-0.0103193,-0.0567243,0.969336,-0.239103,0,0,0,0.669489,0.721173,-0.17803,-0.742162,0.650646,-0.160797,0.706065,0.21202,0.675662,-0.707579,0.148133,0.690933,-0.0398036,0.859413,0.50973,0,0,0,0,0,0,0,0,0,0,0,0,0,0,0,0.887435,0.410305,0.210023,-0.9171,0.32738,0.227486,-0.918902,0.174948,-0.35357,0.890761,0.258119,-0.374058,0.249195,0.965842,0.0710749,-0.349594,0.933715,0.0772011,-0.352686,0.788014,-0.504626,0,0,0
000520,0.506131,0.701275,0.508826,46.3358,241.502,53.9037,0.0005,0.554031,0.732782,0.395071,-0.5996,0.698212,0.391126,0,0,0,0,0,0,0.999587,0.0285611,0.00320657,-0.0405315,0.962963,-0.266568,0,0,0,0.681617,0.707008,-0.188513,-0.729722,0.656787,-0.190095,0.707834,0.213003,0.673499,-0.714635,0.175444,0.677138,-0.0279113,0.875935,0.481622,0,0,0,0,0,0,0,0,0,0,0,0,0,0,0,0.892534,0.399851,0.20857,-0.91548,0.347755,0.202394,-0.911907,0.18187,-0.367897,0.899519,0.237626,-0.366607,0.264432,0.963358,0.0449097,-0.335778,0.940981,0.0425223,-0.337608,0.779719,-0.527312,0,0,0
000521,0.506085,0.705037,0.502673,46.3358,241.502,53.9037,0.0005,0.552364,0.72979,0.402866,-0.59755,0.69581,0.398476,0,0,0,0,0,0,0.999571,0.0290608,0.00370648,-0.040544,0.963362,-0.265122,0,0,0,0.68152,0.707623,-0.186548,-0.729598,0.657349,-0.188623,0.703302,0.21164,0.678657,-0.710581,0.173428,0.681907,-0.0278014,0.871321,0.489925,0,0,0,0,0,0,0,0,0,0,0,0,0,0,0,0.891571,0.399422,0.213457,-0.914796,0.346962,0.206798,-0.910723,0.182144,-0.370685,0.898451,0.237346,-0.369396,0.264354,0.963082,0.0509023,-0.33568,0.9407,0.0490153,-0.336841,0.779187,-0.528588,0,0,0
000522,0.505175,0.706813,0.503492,46.3358,241.502,53.9037,0.0005,0.552364,0.72979,0.402866,-0.597031,0.695203,0.400309,0,0,0,0,0,0,0.999575,0.029061,0.00220671,-0.0405688,0.964153,-0.262229,0,0,0,0.68165,0.707756,-0.185565,-0.730083,0.657788,-0.185184,0.703663,0.212793,0.677922,-0.71025,0.173348,0.682273,-0.0277896,0.870831,0.490796,0,0,0,0,0,0,0,0,0,0,0,0,0,0,0,0.891463,0.399922,0.212968,-0.914408,0.346814,0.208755,-0.911644,0.181308,-0.368827,0.898451,0.237346,-0.369396,0.264325,0.962982,0.0528993,-0.335631,0.940557,0.0520113,-0.33664,0.781281,-0.525617,0,0,0
000523,0.502784,0.700599,0.501234,46.3358,241.502,53.9037,0.0005,0.554068,0.732009,0.39645,-0.59742,0.695659,0.398934,0,0,0,0,0,0,0.999587,0.0285611,-0.00329284,-0.0404933,0.961755,-0.270902,0,0,0,0.680249,0.706325,-0.195871,-0.729598,0.657349,-0.188623,0.705104,0.212704,0.67645,-0.707925,0.172782,0.684827,-0.027848,0.873273,0.486434,0,0,0,0,0,0,0,0,0,0,0,0,0,0,0,0.892803,0.400518,0.206124,-0.914015,0.346666,0.21071,-0.911907,0.18187,-0.367897,0.895563,0.23659,-0.376817,0.264462,0.963463,0.0424123,-0.335279,0.941066,0.0445205,-0.336015,0.777233,-0.531979,0,0,0
000524,0.504769,0.700886,0.50729,46.3358,241.502,53.9037,0.0005,0.55455,0.732636,0.394613,-0.599091,0.697616,0.392966,0,0,0,0,0,0,0.999577,0.029061,0.00120684,-0.0405189,0.962563,-0.268014,0,0,0,0.680632,0.707431,-0.190475,-0.729863,0.656914,-0.189113,0.707834,0.213003,0.673499,-0.713225,0.174072,0.678976,-0.0279056,0.875694,0.48206,0,0,0,0,0,0,0,0,0,0,0,0,0,0,0,0.892615,0.400434,0.207103,-0.915181,0.347107,0.204841,-0.912268,0.181942,-0.366967,0.898399,0.236816,-0.369861,0.264444,0.963401,0.0439108,-0.335771,0.940961,0.0430218,-0.336587,0.779871,-0.527741,0,0,0
000525,0.501519,0.706207,0.503174,46.3358,241.502,53.9037,0.0005,0.552942,0.731364,0.3992,-0.595986,0.69398,0.403971,0,0,0,0,0,0,0.999564,0.0290606,-0.00529277,-0.0405688,0.964153,-0.262229,0,0,0,0.680926,0.707016,-0.190966,-0.730693,0.658341,-0.18076,0.706542,0.212615,0.674976,-0.708043,0.172296,0.684827,-0.0277896,0.870831,0.490796,0,0,0,0,0,0,0,0,0,0,0,0,0,0,0,0.893008,0.400062,0.206124,-0.91322,0.346365,0.214618,-0.9137,0.182227,-0.363243,0.896055,0.236202,-0.375891,0.264367,0.96313,0.0499037,-0.335142,0.940675,0.0530101,-0.33812,0.780931,-0.525187,0,0,0
000526,0.502477,0.701885,0.506544,46.3358,241.502,53.9037,0.0005,0.55479,0.732949,0.393694,-0.598066,0.696415,0.39664,0,0,0,0,0,0,0.99957,0.0290608,-0.00379282,-0.0405273,0.96283,-0.26705,0,0,0,0.68095,0.706326,-0.19342,-0.730083,0.657788,-0.185184,0.708334,0.213676,0.672759,-0.711362,0.173104,0.681175,-0.0278826,0.874728,0.483811,0,0,0,0,0,0,0,0,0,0,0,0,0,0,0,0.893178,0.400685,0.204167,-0.914212,0.34674,0.209732,-0.913602,0.182717,-0.363243,0.896961,0.236439,-0.373574,0.264444,0.963401,0.0439108,-0.335256,0.941002,0.0460189,-0.337354,0.780402,-0.526464,0,0,0
000527,0.504592,0.708844,0.509502,46.3358,241.502,53.9037,0.0005,0.553097,0.730745,0.400118,-0.59742,0.695659,0.398934,0,0,0,0,0,0,0.999577,0.029061,0.00120684,-0.0406174,0.965708,-0.256435,0,0,0,0.682396,0.707804,-0.182618,-0.73076,0.658402,-0.180269,0.707545,0.213961,0.673499,-0.713555,0.174152,0.678609,-0.0278189,0.872055,0.488617,0,0,0,0,0,0,0,0,0,0,0,0,0,0,0,0.891947,0.400137,0.210525,-0.914505,0.346851,0.208266,-0.9137,0.182227,-0.363243,0.899696,0.237672,-0.366142,0.264296,0.962878,0.0548959,-0.335587,0.940431,0.0545076,-0.339441,0.784059,-0.519645,0,0,0
000528,0.508926,0.707309,0.509827,46.3358,241.502,53.9037,0.0005,0.552486,0.72995,0.402408,-0.599091,0.697616,0.392966,0,0,0,0,0,0,0.999535,0.0290598,0.00920498,-0.0406013,0.965193,-0.258368,0,0,0,0.682306,0.709141,-0.1777,-0.729738,0.657475,-0.18764,0.705428,0.212802,0.676082,-0.716842,0.174952,0.674929,-0.0278422,0.87303,0.486871,0,0,0,0,0,0,0,0,0,0,0,0,0,0,0,0.890982,0.39916,0.216386,-0.916127,0.347466,0.199946,-0.911002,0.18169,-0.370221,0.902106,0.237786,-0.360088,0.264303,0.962904,0.0543968,-0.335672,0.940677,0.0495146,-0.338272,0.782576,-0.522634,0,0,0
000529,0.507801,0.704025,0.500591,46.3358,241.502,53.9037,0.0005,0.551872,0.72915,0.404695,-0.597808,0.696113,0.397558,0,0,0,0,0,0,0.999552,0.0290603,0.00720566,-0.0405273,0.96283,-0.26705,0,0,0,0.681585,0.70769,-0.186057,-0.729033,0.656838,-0.192549,0.700264,0.212292,0.681588,-0.710013,0.174319,0.682272,-0.0283011,0.871306,0.489923,0,0,0,0,0,0,0,0,0,0,0,0,0,0,0,0.890678,0.399572,0.216874,-0.915372,0.34718,0.203863,-0.909089,0.1808,-0.375324,0.898808,0.237439,-0.368466,0.26436,0.963106,0.050403,-0.335727,0.940834,0.0460187,-0.335659,0.777676,-0.531558,0,0,0
000530,0.501879,0.704146,0.502893,184.452,231.523,358.141,0.0005,0.470222,0.798627,0.375614,-0.664754,0.614841,0.42435,-0.669593,0.300043,-0.679426,0,0,0,0.986581,0.157517,-0.0429774,-0.174512,0.948354,-0.264897,0,0,0,0.576067,0.787326,-0.219693,-0.81555,0.557322,-0.155791,0.698599,0.305308,0.647107,0,0,0,-0.120319,0.863788,0.489279,0,0,0,0,0,0,0,0,0,0,0,0,0,0,0,0.84188,0.512064,0.170375,-0.941451,0.227652,0.248686,-0.942293,0.0615219,-0.329089,0.842804,0.347764,-0.410782,0.139977,0.989491,0.0362592,-0.451086,0.890269,0.0627878,-0.454722,0.727374,-0.51396,0,0,0
000531,0.501192,0.703517,0.506878,184.452,231.523,358.141,0.0005,0.470559,0.800164,0.371903,-0.665683,0.615705,0.421632,-0.673088,0.298867,-0.676484,0,0,0,0.986595,0.157012,-0.0444759,-0.174602,0.948874,-0.262968,0,0,0,0.576471,0.78703,-0.219693,-0.815522,0.55791,-0.153816,0.701555,0.306598,0.643287,0,0,0,-0.120573,0.865721,0.485787,0,0,0,0,0,0,0,0,0,0,0,0,0,0,0,0.841722,0.513137,0.16791,-0.94193,0.227253,0.247233,-0.943469,0.061097,-0.325782,0.843563,0.347535,-0.409415,0.139985,0.989543,0.0347602,-0.451114,0.890325,0.0617898,-0.4568,0.727891,-0.511379,0,0,0
000532,0.508901,0.708044,0.50284,184.452,231.523,358.141,0.0005,0.468271,0.795364,0.384861,-0.666299,0.616278,0.419817,-0.667083,0.295633,-0.683814,0,0,0,0.987171,0.157104,-0.0284896,-0.17516,0.949171,-0.26152,0,0,0,0.577258,0.789762,-0.207483,-0.814214,0.557011,-0.163689,0.693732,0.302639,0.653563,0,0,0,-0.120655,0.862504,0.491456,0,0,0,0,0,0,0,0,0,0,0,0,0,0,0,0.83908,0.511537,0.185132,-0.944284,0.228335,0.237047,-0.938454,0.0612733,-0.339925,0.847488,0.349684,-0.399356,0.139438,0.989264,0.0437518,-0.45156,0.890099,0.0617896,-0.454607,0.726233,-0.515673,0,0,0
000533,0.505517,0.704238,0.50858,184.452,231.523,358.141,0.0005,0.470415,0.798949,0.374687,-0.667711,0.616908,0.416638,-0.67124,0.299684,-0.677957,0,0,0,0.98695,0.157069,-0.0354839,-0.174602,0.948874,-0.262968,0,0,0,0.577247,0.788074,-0.213837,-0.814531,0.557835,-0.159248,0.699983,0.305367,0.645581,0,0,0,-0.120667,0.866443,0.484475,0,0,0,0,0,0,0,0,0,0,0,0,0,0,0,0.840696,0.512516,0.174806,-0.943822,0.22771,0.239474,-0.941469,0.0614686,-0.331448,0.846566,0.348766,-0.402104,0.139975,0.989473,0.0367588,-0.451653,0.890287,0.058296,-0.456108,0.72772,-0.51224,0,0,0
000534,0.509649,0.701649,0.505957,184.452,231.523,358.141,0.0005,0.469835,0.797981,0.377467,-0.669038,0.618826,0.411633,-0.66658,0.2976,-0.683451,0,0,0,0.987171,0.157104,-0.0284896,-0.174329,0.947302,-0.268752,0,0,0,0.576971,0.78854,-0.212859,-0.813743,0.55608,-0.169111,0.696421,0.303812,0.650151,0,0,0,-0.121257,0.867094,0.483161,0,0,0,0,0,0,0,0,0,0,0,0,0,0,0,0.839784,0.511964,0.18071,-0.945541,0.228124,0.232188,-0.938317,0.0607634,-0.340396,0.847678,0.349222,-0.399356,0.139985,0.989543,0.0347602,-0.451813,0.890607,0.0518062,-0.45281,0.725219,-0.518672,0,0,0
000535,0.502326,0.708911,0.505046,184.452,231.523,358.141,0.0005,0.469878,0.797077,0.379319,-0.664131,0.614262,0.42616,-0.672063,0.299504,-0.677221,0,0,0,0.986664,0.15753,-0.0409792,-0.174867,0.950412,-0.257176,0,0,0,0.576971,0.78854,-0.212859,-0.815774,0.558084,-0.151839,0.698599,0.305308,0.647107,0,0,0,-0.120096,0.862084,0.492329,0,0,0,0,0,0,0,0,0,0,0,0,0,0,0,0.841031,0.512134,0.174314,-0.941572,0.227681,0.248202,-0.942752,0.0620527,-0.327672,0.844696,0.347999,-0.406676,0.139939,0.989237,0.0427532,-0.451386,0.889751,0.0677766,-0.456328,0.729988,-0.508805,0,0,0
000536,0.502155,0.702385,0.507285,184.452,231.523,358.141,0.0005,0.47118,0.800229,0.370976,-0.666299,0.616278,0.419817,-0.672673,0.298134,-0.67722,0,0,0,0.986681,0.157026,-0.0424779,-0.174512,0.948354,-0.264897,0,0,0,0.576471,0.78703,-0.219693,-0.815203,0.557691,-0.156285,0.701955,0.305681,0.643287,0,0,0,-0.120699,0.866683,0.484038,0,0,0,0,0,0,0,0,0,0,0,0,0,0,0,0.84191,0.512667,0.168404,-0.942291,0.227855,0.245295,-0.943078,0.0620738,-0.326727,0.84394,0.34823,-0.408045,0.139993,0.989594,0.0332612,-0.451181,0.89046,0.0592944,-0.455259,0.728248,-0.512244,0,0,0
000537,0.504885,0.704767,0.501355,184.452,231.523,358.141,0.0005,0.469447,0.797331,0.379318,-0.665374,0.615418,0.422538,-0.667204,0.297878,-0.682721,0,0,0,0.986818,0.157554,-0.0369827,-0.174489,0.948223,-0.265379,0,0,0,0.576119,0.788233,-0.216276,-0.814465,0.55779,-0.159742,0.695424,0.304469,0.65091,0,0,0,-0.120256,0.863302,0.490151,0,0,0,0,0,0,0,0,0,0,0,0,0,0,0,0.840991,0.511526,0.176283,-0.942765,0.227455,0.24384,-0.940305,0.0613932,-0.334748,0.844129,0.348307,-0.407589,0.139966,0.989417,0.0382576,-0.451587,0.890154,0.0607915,-0.453488,0.726321,-0.516533,0,0,0
000538,0.503417,0.701204,0.50726,184.452,231.523,358.141,0.0005,0.47118,0.800229,0.370976,-0.667558,0.616766,0.417092,-0.671135,0.299089,-0.678324,0,0,0,0.986762,0.157039,-0.0404797,-0.174421,0.94783,-0.266825,0,0,0,0.576471,0.78703,-0.219693,-0.815095,0.55701,-0.159248,0.700965,0.306341,0.644052,0,0,0,-0.120793,0.867402,0.482725,0,0,0,0,0,0,0,0,0,0,0,0,0,0,0,0.841433,0.512962,0.169882,-0.942884,0.227998,0.24287,-0.942161,0.0610123,-0.329561,0.844508,0.347922,-0.407133,0.14,0.989642,0.0317621,-0.451258,0.890616,0.0562995,-0.454722,0.727374,-0.51396,0,0,0
000539,0.505836,0.705588,0.504426,184.452,231.523,358.141,0.0005,0.469447,0.797331,0.379318,-0.666299,0.616278,0.419817,-0.66876,0.298574,-0.680892,0,0,0,0.986889,0.157565,-0.0349843,-0.174602,0.948874,-0.262968,0,0,0,0.577311,0.788159,-0.213348,-0.814747,0.557377,-0.159741,0.696816,0.30453,0.649391,0,0,0,-0.120351,0.86403,0.488843,0,0,0,0,0,0,0,0,0,0,0,0,0,0,0,0.840244,0.512242,0.177759,-0.943355,0.228111,0.24093,-0.94044,0.0619029,-0.334277,0.845821,0.348461,-0.403934,0.139961,0.989379,0.0392567,-0.451587,0.890154,0.0607915,-0.454297,0.727638,-0.513962,0,0,0
000540,0.507386,0.705295,0.508175,230.405,287.039,211.784,0.0005,0.491227,0.777083,0.393495,-0.651396,0.630164,0.422582,-0.657205,0.328774,-0.678225,0,0,0,0.991488,0.127956,-0.0240665,-0.144234,0.958219,-0.24701,0,0,0,0.601707,0.774963,-0.193342,-0.796405,0.584136,-0.156598,0.702362,0.274037,0.656956,0,0,0,-0.0975815,0.861021,0.499119,0,0,0,0,0,0,0,0,0,0,0,0,0,0,0,0.853903,0.483651,0.192177,-0.938545,0.252532,0.235288,-0.935943,0.094674,-0.339187,0.860055,0.330717,-0.388498,0.169478,0.983932,0.0561669,-0.42501,0.902428,0.0706396,-0.430063,0.749705,-0.502979,0,0,0
000541,0.50738,0.70281,0.503403,230.405,287.039,211.784,0.0005,0.491014,0.776751,0.394414,-0.651093,0.62987,0.423488,-0.65282,0.329922,-0.681893,0,0,0,0.991476,0.127954,-0.0245662,-0.144026,0.956734,-0.252819,0,0,0,0.601495,0.773888,-0.198245,-0.795959,0.583808,-0.160054,0.700757,0.271806,0.659592,0,0,0,-0.0975032,0.860276,0.500419,0,0,0,0,0,0,0,0,0,0,0,0,0,0,0,0.854232,0.483263,0.191687,-0.938447,0.251988,0.23626,-0.934876,0.0950686,-0.342007,0.858597,0.33016,-0.39218,0.169507,0.984094,0.0531717,-0.425083,0.902586,0.0681457,-0.428451,0.74684,-0.508586,0,0,0
000542,0.500129,0.703636,0.500021,230.405,287.039,211.784,0.0005,0.491757,0.777908,0.391196,-0.647056,0.62664,0.434328,-0.656296,0.328316,-0.679327,0.511186,0.487487,-0.707845,0.990973,0.128393,-0.0385577,-0.144096,0.957232,-0.250884,0,0,0,0.600364,0.772457,-0.207057,-0.797328,0.584817,-0.149187,0.70303,0.273224,0.65658,0,0,0,-0.0972404,0.857777,0.504741,0,0,0,0,0,0,0,0,0,0,0,0,0,0,0,0.855614,0.484614,0.181864,-0.93492,0.25104,0.250807,-0.938511,0.0959389,-0.331651,0.853564,0.327702,-0.405019,0.169512,0.98412,0.0526725,-0.424389,0.902274,0.0761248,-0.428887,0.748634,-0.505571,0,0,0
000543,0.507932,0.706469,0.509602,230.405,287.039,211.784,0.0005,0.491014,0.776751,0.394414,-0.651699,0.630459,0.421676,-0.657663,0.330126,-0.677123,0,0,0,0.991534,0.127962,-0.0220676,-0.144302,0.958706,-0.245072,0,0,0,0.60234,0.774958,-0.19138,-0.796235,0.584632,-0.155611,0.703336,0.273343,0.656203,0,0,0,-0.0975815,0.861021,0.499119,0,0,0,0,0,0,0,0,0,0,0,0,0,0,0,0.853735,0.483556,0.193158,-0.939015,0.25214,0.23383,-0.935943,0.094674,-0.339187,0.861139,0.330596,-0.386195,0.169457,0.98382,0.0581634,-0.424981,0.902363,0.071637,-0.430555,0.75058,-0.50125,0,0,0
000544,0.504059,0.707409,0.504267,230.405,287.039,211.784,0.0005,0.491223,0.776151,0.395334,-0.648952,0.627787,0.429819,-0.657653,0.32788,-0.678223,0,0,0,0.991327,0.127935,-0.0300631,-0.144302,0.958706,-0.245072,0,0,0,0.602073,0.773814,-0.196775,-0.797087,0.584639,-0.151164,0.70193,0.273334,0.65771,0,0,0,-0.0972667,0.858028,0.504309,0,0,0,0,0,0,0,0,0,0,0,0,0,0,0,0.854319,0.483885,0.189724,-0.93671,0.251521,0.24354,-0.937118,0.0947929,-0.335893,0.857674,0.329272,-0.394938,0.169447,0.983762,0.0591615,-0.424809,0.901992,0.0771216,-0.429998,0.750609,-0.501684,0,0,0
000545,0.506025,0.70533,0.500626,230.405,287.039,211.784,0.0005,0.490266,0.775585,0.397628,-0.64926,0.628086,0.428916,-0.653336,0.327382,-0.682623,0.511993,0.484091,-0.709591,0.991425,0.127948,-0.0265651,-0.144131,0.95748,-0.249915,0,0,0,0.601161,0.774273,-0.197754,-0.796638,0.583687,-0.157092,0.698855,0.272141,0.661468,0,0,0,-0.0977372,0.857721,0.504739,0,0,0,0,0,0,0,0,0,0,0,0,0,0,0,0.853819,0.483604,0.192668,-0.937165,0.252161,0.241114,-0.935216,0.095103,-0.341068,0.857494,0.329739,-0.394937,0.169473,0.983904,0.0566661,-0.424935,0.902265,0.073133,-0.4287,0.747283,-0.507725,0,0,0
000546,0.502869,0.705136,0.505735,230.405,287.039,211.784,0.0005,0.491757,0.777908,0.391196,-0.648912,0.628446,0.428916,-0.65819,0.329831,-0.676755,0,0,0,0.991233,0.127923,-0.0330614,-0.144234,0.958219,-0.24701,0,0,0,0.601642,0.773269,-0.200205,-0.797147,0.584683,-0.15067,0.704739,0.273351,0.654692,0,0,0,-0.0974508,0.859778,0.501284,0,0,0,0,0,0,0,0,0,0,0,0,0,0,0,0.855054,0.484299,0.185304,-0.936462,0.251972,0.244025,-0.938117,0.0948939,-0.333065,0.85694,0.329527,-0.396315,0.169488,0.983987,0.0551686,-0.424889,0.902164,0.0746289,-0.429564,0.750857,-0.501686,0,0,0
000547,0.505278,0.709663,0.502453,230.405,287.039,211.784,0.0005,0.490149,0.774478,0.399921,-0.648335,0.627186,0.431624,-0.655993,0.328163,-0.679693,0,0,0,0.991462,0.127448,-0.0275645,-0.144369,0.959189,-0.243133,0,0,0,0.602102,0.774656,-0.193342,-0.797087,0.584639,-0.151164,0.699961,0.272034,0.660343,0,0,0,-0.0970549,0.856015,0.507759,0,0,0,0,0,0,0,0,0,0,0,0,0,0,0,0.853897,0.483074,0.193649,-0.936698,0.252035,0.243055,-0.936229,0.0952055,-0.338246,0.858231,0.33002,-0.3931,0.169409,0.983552,0.0626542,-0.424743,0.90185,0.0791153,-0.430309,0.750143,-0.502115,0,0,0
000548,0.504801,0.704179,0.501276,230.405,287.039,211.784,0.0005,0.490908,0.776585,0.394874,-0.64926,0.628086,0.428916,-0.655065,0.325455,-0.681886,0.514115,0.485457,-0.707119,0.991342,0.127937,-0.0295634,-0.144096,0.957232,-0.250884,0,0,0,0.60158,0.77319,-0.200695,-0.796531,0.584229,-0.155611,0.701245,0.271459,0.659216,0,0,0,-0.0973195,0.858529,0.503446,0,0,0,0,0,0,0,0,0,0,0,0,0,0,0,0.854319,0.483885,0.189724,-0.937062,0.251615,0.242085,-0.93601,0.0956859,-0.338716,0.856755,0.329456,-0.396774,0.169492,0.984014,0.0546694,-0.424965,0.902331,0.0721357,-0.428824,0.747504,-0.507294,0,0,0
000549,0.508701,0.704321,0.504197,230.405,287.039,211.784,0.0005,0.490587,0.776086,0.396251,-0.651396,0.630164,0.422582,-0.653045,0.329476,-0.681893,0,0,0,0.991544,0.127963,-0.0215679,-0.144096,0.957232,-0.250884,0,0,0,0.602316,0.774121,-0.194814,-0.795599,0.584163,-0.160548,0.700142,0.271568,0.660343,0,0,0,-0.097477,0.860027,0.500851,0,0,0,0,0,0,0,0,0,0,0,0,0,0,0,0.853396,0.483366,0.19512,-0.938772,0.252592,0.234316,-0.934365,0.0950168,-0.343416,0.859692,0.330578,-0.389419,0.168985,0.984017,0.0561666,-0.425054,0.902523,0.0691433,-0.429134,0.747035,-0.507723,0,0,0
000550,0.507428,0.70517,0.504048,157.704,326.996,203.187,0.0005,0.505651,0.759449,0.409334,-0.638835,0.639196,0.428157,-0.64212,0.35027,-0.681904,0.517639,0.492802,-0.699426,0.994362,0.104953,-0.0151452,-0.119596,0.963826,-0.238193,0,0,0,0.621388,0.762223,-0.181367,-0.780819,0.60489,-0.156302,0.701666,0.247753,0.668045,0,0,0,-0.0810057,0.855193,0.51194,0,0,0,0,0,0,0,0,0,0,0,0,0,0,0,0.863553,0.460546,0.205361,-0.933744,0.271442,0.233326,-0.930078,0.121143,-0.346814,0.869604,0.314259,-0.380829,0.192183,0.978824,0.0704943,-0.404179,0.911254,0.0790987,-0.407957,0.763985,-0.499898,0,0,0
000551,0.50836,0.709098,0.509208,157.704,326.996,203.187,0.0005,0.505422,0.75911,0.410246,-0.639437,0.639802,0.426349,-0.644969,0.353554,-0.677506,0,0,0,0.994396,0.104956,-0.0126462,-0.119806,0.965689,-0.230417,0,0,0,0.622238,0.763248,-0.173989,-0.781306,0.605269,-0.15235,0.703719,0.247946,0.665809,0,0,0,-0.0815256,0.855402,0.511508,0,0,0,0,0,0,0,0,0,0,0,0,0,0,0,0.863189,0.460352,0.207318,-0.934301,0.271604,0.230895,-0.930828,0.120736,-0.344937,0.87192,0.315623,-0.374349,0.19211,0.978466,0.07548,-0.404033,0.910918,0.0835836,-0.408914,0.767973,-0.492957,0,0,0
000552,0.508986,0.70993,0.501813,157.704,326.996,203.187,0.0005,0.503802,0.756712,0.416618,-0.637623,0.637976,0.431768,-0.640261,0.351528,-0.683004,0.520117,0.491697,-0.698364,0.994461,0.10446,-0.0116467,-0.119741,0.965113,-0.232849,0,0,0,0.622514,0.762798,-0.174974,-0.781309,0.604638,-0.15482,0.698673,0.246168,0.671757,0,0,0,-0.0806949,0.851602,0.51794,0,0,0,0,0,0,0,0,0,0,0,0,0,0,0,0.862027,0.460302,0.212204,-0.933744,0.271442,0.233326,-0.928868,0.120986,-0.350094,0.870682,0.315178,-0.377591,0.191581,0.978375,0.0779715,-0.403982,0.910802,0.0850782,-0.407978,0.765104,-0.498166,0,0,0
000553,0.504128,0.703017,0.505761,157.704,326.996,203.187,0.0005,0.507659,0.761526,0.402939,-0.639189,0.638842,0.428157,-0.644263,0.352023,-0.678974,0.51961,0.489173,-0.700511,0.994232,0.104939,-0.0221427,-0.119569,0.963589,-0.239164,0,0,0,0.621069,0.761055,-0.187264,-0.781552,0.604827,-0.152844,0.704954,0.249442,0.663942,0,0,0,-0.0811596,0.856973,0.50893,0,0,0,0,0,0,0,0,0,0,0,0,0,0,0,0.864654,0.461695,0.198016,-0.93284,0.27118,0.237213,-0.932229,0.121926,-0.34071,0.867812,0.314146,-0.384985,0.192252,0.979157,0.0655064,-0.404179,0.911254,0.0790987,-0.407536,0.765338,-0.498168,0,0,0
000554,0.500841,0.700025,0.504174,157.704,326.996,203.187,0.0005,0.507838,0.763576,0.398814,-0.637573,0.638635,0.430867,-0.643169,0.355417,-0.678242,0.522082,0.490112,-0.698012,0.994054,0.10492,-0.0291401,-0.119446,0.96251,-0.243531,0,0,0,0.619768,0.760268,-0.194625,-0.781486,0.605409,-0.150867,0.707162,0.249159,0.661696,0,0,0,-0.0812253,0.857733,0.507638,0,0,0,0,0,0,0,0,0,0,0,0,0,0,0,0.865858,0.462333,0.19115,-0.931573,0.270812,0.242553,-0.933638,0.121605,-0.336947,0.865057,0.312624,-0.392356,0.192322,0.979495,0.0600175,-0.403768,0.911564,0.0776036,-0.406632,0.764688,-0.499903,0,0,0
000555,0.503475,0.703032,0.505346,157.704,326.996,203.187,0.0005,0.507243,0.761804,0.402938,-0.638382,0.63874,0.429512,-0.643596,0.353939,-0.678609,0.522851,0.488779,-0.698371,0.99421,0.104936,-0.0231424,-0.119569,0.963589,-0.239164,0,0,0,0.620622,0.761299,-0.187755,-0.781672,0.60492,-0.151855,0.705434,0.24908,0.663568,0,0,0,-0.0811377,0.85672,0.509361,0,0,0,0,0,0,0,0,0,0,0,0,0,0,0,0.865064,0.461347,0.197036,-0.932498,0.271081,0.23867,-0.932566,0.12197,-0.33977,0.867268,0.313951,-0.386369,0.192252,0.979157,0.0655064,-0.403706,0.91142,0.0795974,-0.407978,0.765104,-0.498166,0,0,0
000556,0.502421,0.701264,0.50393,157.704,326.996,203.187,0.0005,0.507165,0.762581,0.401563,-0.63823,0.638587,0.429964,-0.643908,0.351256,-0.679707,0.521311,0.491444,-0.697652,0.994149,0.10493,-0.0256415,-0.119487,0.962872,-0.242076,0,0,0,0.619812,0.761104,-0.19119,-0.781612,0.604874,-0.152349,0.705267,0.249552,0.663568,0,0,0,-0.0811815,0.857227,0.5085,0,0,0,0,0,0,0,0,0,0,0,0,0,0,0,0.865175,0.461971,0.195075,-0.932037,0.270947,0.240612,-0.932799,0.121496,-0.3393,0.86616,0.313021,-0.389595,0.192291,0.979345,0.0625127,-0.403753,0.911528,0.0781021,-0.406632,0.764688,-0.499903,0,0,0
000557,0.500311,0.705835,0.5006,157.704,326.996,203.187,0.0005,0.50645,0.760631,0.406138,-0.635477,0.635817,0.438071,-0.643058,0.354213,-0.678977,0.520372,0.491934,-0.698007,0.994091,0.104421,-0.0296399,-0.119622,0.964062,-0.237222,0,0,0,0.620321,0.760935,-0.190209,-0.782071,0.605864,-0.145922,0.70418,0.248639,0.665063,0,0,0,-0.0808063,0.85289,0.5158,0,0,0,0,0,0,0,0,0,0,0,0,0,0,0,0.865324,0.461485,0.195566,-0.930138,0.270917,0.247885,-0.933535,0.121087,-0.337418,0.864702,0.313028,-0.392816,0.192204,0.978926,0.0689981,-0.403474,0.910886,0.0865729,-0.408535,0.76509,-0.497731,0,0,0
000558,0.500643,0.705774,0.508453,157.704,326.996,203.187,0.0005,0.508109,0.762193,0.401108,-0.637824,0.637469,0.432219,-0.648408,0.35431,-0.673819,0.518753,0.491108,-0.699792,0.994082,0.104923,-0.0281406,-0.119715,0.964881,-0.233821,0,0,0,0.621069,0.761055,-0.187264,-0.782549,0.605603,-0.144438,0.708388,0.250651,0.659819,0,0,0,-0.0811157,0.856466,0.509791,0,0,0,0,0,0,0,0,0,0,0,0,0,0,0,0.865754,0.461712,0.193113,-0.93134,0.270745,0.243523,-0.934967,0.121777,-0.333178,0.866904,0.31382,-0.387291,0.192218,0.978993,0.0680006,-0.403542,0.911043,0.0845803,-0.410025,0.767941,-0.492084,0,0,0
000559,0.505811,0.704192,0.509714,157.704,326.996,203.187,0.0005,0.507243,0.761804,0.402938,-0.639887,0.640255,0.424992,-0.645562,0.353882,-0.67677,0.521995,0.490714,-0.697654,0.994312,0.104947,-0.0181441,-0.119636,0.96418,-0.236736,0,0,0,0.621659,0.761767,-0.182351,-0.781797,0.604384,-0.153337,0.706372,0.249411,0.662445,0,0,0,-0.0812471,0.857986,0.507208,0,0,0,0,0,0,0,0,0,0,0,0,0,0,0,0.864214,0.461462,0.200466,-0.933995,0.270995,0.23284,-0.932189,0.120913,-0.34118,0.86997,0.314922,-0.379442,0.192225,0.979027,0.0675018,-0.404194,0.91129,0.0786002,-0.40911,0.766191,-0.495561,0,0,0
000560,0.504731,0.70055,0.507417,227.834,46.2251,134.027,0.0005,0.505248,0.794808,0.336162,-0.641678,0.673518,0.36691,0,0,0,0,0,0,0.994264,0.103599,-0.0265886,-0.120076,0.938788,-0.322891,0,0,0,0.620911,0.742958,-0.249966,-0.781225,0.588504,-0.208208,0.703601,0.306305,0.641189,-0.709417,0.161423,0.686055,-0.0843228,0.898657,0.430471,0,0,0,0.265071,0.616317,0.741546,-0.337395,0.555289,0.760144,0,0,0,0,0,0,0.863697,0.477904,0.160112,-0.934468,0.289276,0.20758,-0.931057,0.0905829,-0.353451,0.869632,0.280449,-0.406311,0.19068,0.98145,-0.0199344,-0.405749,0.913978,-0.00357301,-0.407669,0.718043,-0.56411,0,0,0
000561,0.500145,0.708029,0.506238,227.834,46.2251,134.027,0.0005,0.50433,0.793386,0.340867,-0.638343,0.669999,0.378971,0,0,0,0,0,0,0.99402,0.103574,-0.0345845,-0.120446,0.941948,-0.313412,0,0,0,0.621233,0.743338,-0.248029,-0.783841,0.589229,-0.195965,0.704388,0.306102,0.640421,-0.704716,0.160356,0.69113,-0.0839314,0.894104,0.439924,0,0,0,0,0,0,0,0,0,0,0,0,0,0,0,0.864217,0.47762,0.158138,-0.931873,0.288997,0.219302,-0.933965,0.0913666,-0.345487,0.867533,0.280301,-0.410874,0.19071,0.981591,-0.0104365,-0.405272,0.914137,0.0104261,-0.409248,0.722942,-0.556661,0,0,0
000562,0.503419,0.701384,0.502757,227.834,46.2251,134.027,0.0005,0.504791,0.794099,0.338515,-0.64077,0.671834,0.371556,0,0,0,0,0,0,0.994194,0.103592,-0.0290874,-0.12002,0.938306,-0.32431,0,0,0,0.620121,0.7428,-0.252384,-0.78191,0.587767,-0.207718,0.701043,0.305739,0.644253,-0.70539,0.160509,0.690407,-0.0841376,0.896501,0.434979,0,0,0,0.26419,0.613054,0.744559,0,0,0,0,0,0,0,0,0,0.863697,0.477904,0.160112,-0.933566,0.288997,0.211979,-0.930881,0.0905658,-0.353919,0.867491,0.279763,-0.41133,0.190682,0.981459,-0.0194345,-0.405294,0.914185,-0.0015731,-0.406548,0.717053,-0.566175,0,0,0
000563,0.508265,0.701066,0.502993,227.834,46.2251,134.027,0.0005,0.504053,0.792955,0.342276,-0.642292,0.67344,0.365979,0,0,0,0,0,0,0.994424,0.103616,-0.0195919,-0.119963,0.937822,-0.325729,0,0,0,0.62101,0.743847,-0.247059,-0.780345,0.587211,-0.215048,0.698577,0.304122,0.647688,-0.709193,0.160859,0.686418,-0.0847098,0.89732,0.433175,0,0,0,0.263743,0.61203,0.745559,-0.335786,0.553594,0.762091,0,0,0,0,0,0,0.862547,0.477272,0.168002,-0.93535,0.28955,0.203177,-0.927985,0.0907879,-0.361389,0.870596,0.280758,-0.404026,0.190197,0.981582,-0.0179348,-0.405745,0.913969,-0.00557288,-0.405285,0.715811,-0.568647,0,0,0
000564,0.500763,0.705233,0.505894,227.834,46.2251,134.027,0.0005,0.504791,0.794099,0.338515,-0.639122,0.670821,0.376193,0,0,0,0,0,0,0.994054,0.103577,-0.033585,-0.120299,0.940695,-0.317207,0,0,0,0.620527,0.743279,-0.249965,-0.782768,0.58967,-0.198907,0.704188,0.30656,0.640421,-0.7055,0.160022,0.690407,-0.0840442,0.895415,0.437228,0,0,0,0.264179,0.614276,0.743555,-0.333944,0.552479,0.763707,0,0,0,0,0,0,0.864356,0.477696,0.15715,-0.93229,0.289126,0.217351,-0.933324,0.0908022,-0.347363,0.867491,0.279763,-0.41133,0.190699,0.981542,-0.0144356,-0.405287,0.91417,0.00592663,-0.40917,0.720744,-0.559561,0,0,0
000565,0.50831,0.706096,0.505473,227.834,46.2251,134.027,0.0005,0.503306,0.791798,0.346032,-0.641172,0.672984,0.368769,0,0,0,0,0,0,0.994443,0.103618,-0.0185924,-0.120758,0.940317,-0.318154,0,0,0,0.622419,0.744735,-0.240758,-0.781276,0.587915,-0.209674,0.698674,0.304709,0.647307,-0.709529,0.162473,0.68569,-0.084542,0.895369,0.437227,0,0,0,0.263135,0.611888,0.745891,0,0,0,0,0,0,0,0,0,0.862176,0.477068,0.170465,-0.935008,0.289967,0.204155,-0.928751,0.0903597,-0.359524,0.871974,0.281725,-0.400364,0.19071,0.981591,-0.0104365,-0.405751,0.913983,0.00142682,-0.407072,0.719026,-0.563288,0,0,0
000566,0.502577,0.705686,0.507926,227.834,46.2251,134.027,0.0005,0.504607,0.793814,0.339456,-0.639896,0.671638,0.373412,0,0,0,0,0,0,0.99418,0.103591,-0.0295872,-0.120354,0.941167,-0.315785,0,0,0,0.621393,0.743527,-0.24706,-0.782529,0.58949,-0.200376,0.704388,0.306102,0.640421,-0.707631,0.16153,0.687871,-0.0840816,0.89585,0.436329,0,0,0,0.264935,0.614758,0.742888,0,0,0,0,0,0,0,0,0,0.863939,0.477467,0.160112,-0.933113,0.28938,0.213445,-0.932679,0.0902375,-0.349238,0.869091,0.280801,-0.407224,0.190702,0.981556,-0.0134358,-0.405746,0.913972,0.00492667,-0.40827,0.722212,-0.558323,0,0,0
000567,0.502877,0.708241,0.503042,227.834,46.2251,134.027,0.0005,0.503915,0.79182,0.345094,-0.638603,0.670274,0.378046,0,0,0,0,0,0,0.994194,0.103592,-0.0290874,-0.120373,0.941323,-0.31531,0,0,0,0.621249,0.744129,-0.245606,-0.782749,0.58903,-0.200866,0.700851,0.304565,0.645018,-0.704268,0.160768,0.691491,-0.0838368,0.893006,0.442168,0,0,0,0.261769,0.61126,0.746886,0,0,0,0,0,0,0,0,0,0.863128,0.477592,0.164058,-0.932601,0.289222,0.215886,-0.931535,0.0911315,-0.352047,0.868272,0.280013,-0.409506,0.190712,0.981601,-0.00943673,-0.405737,0.913951,0.00842635,-0.408027,0.720745,-0.560393,0,0,0
000568,0.507147,0.701851,0.50488,227.834,46.2251,134.027,0.0005,0.504238,0.793242,0.341337,-0.641678,0.673518,0.36691,0,0,0,0,0,0,0.994383,0.103612,-0.0215909,-0.120076,0.938788,-0.322891,0,0,0,0.620706,0.744262,-0.246574,-0.78094,0.587661,-0.211629,0.69986,0.305225,0.645781,-0.70886,0.162322,0.686418,-0.0847098,0.89732,0.433175,0,0,0,0,0,0,-0.335752,0.554504,0.761443,0,0,0,0,0,0,0.862839,0.477433,0.166031,-0.934812,0.289906,0.205134,-0.929108,0.0903943,-0.35859,0.870443,0.281234,-0.404026,0.190689,0.981496,-0.017435,-0.405749,0.913978,-0.00357301,-0.406112,0.717299,-0.566177,0,0,0
000569,0.50058,0.701993,0.501768,227.834,46.2251,134.027,0.0005,0.504974,0.794383,0.337574,-0.639484,0.670477,0.376193,0,0,0,0,0,0,0.994055,0.103075,-0.0350841,-0.120039,0.938467,-0.323837,0,0,0,0.619546,0.742122,-0.255769,-0.782127,0.589186,-0.202825,0.702917,0.305463,0.642339,-0.70258,0.160385,0.693295,-0.0840629,0.895633,0.436779,0,0,0,0.264041,0.612713,0.744893,-0.33575,0.548702,0.765636,0,0,0,0,0,0,0.864251,0.478209,0.156162,-0.932334,0.288616,0.217839,-0.932408,0.0912159,-0.349706,0.865566,0.279671,-0.415427,0.19068,0.98145,-0.0199344,-0.405294,0.914185,0.00142683,-0.40696,0.717795,-0.564938,0,0,0
000570,0.509944,0.705712,0.504598,116.569,0.103292,290.627,0.0005,0.493612,0.802605,0.33492,-0.64906,0.669986,0.360332,0,0,0,0,0,0,0.992991,0.11634,-0.0208269,-0.13398,0.933783,-0.331811,0,0,0,0.611784,0.749641,-0.252506,-0.789162,0.574062,-0.218348,0.69567,0.32181,0.642248,-0.709859,0.162503,0.685341,-0.0949249,0.900228,0.424945,0,0,0,0.258129,0.62433,0.73728,-0.341384,0.558685,0.755863,0,0,0,0,0,0,0.856,0.490445,0.163485,-0.93871,0.280248,0.200709,-0.92973,0.0729779,-0.360939,0.867498,0.287157,-0.406187,0.17752,0.983802,-0.0248965,-0.417925,0.908404,-0.011876,-0.41773,0.704747,-0.57344,0,0,0
000571,0.502696,0.700863,0.503687,116.569,0.103292,290.627,0.0005,0.495193,0.806081,0.324062,-0.648288,0.668464,0.364525,0,0,0,0,0,0,0.992569,0.11629,-0.0358176,-0.133761,0.932127,-0.336523,0,0,0,0.609081,0.747163,-0.266024,-0.790585,0.574484,-0.212,0.70039,0.324541,0.635709,-0.704828,0.161358,0.690783,-0.0945911,0.901964,0.421323,0,0,0,0.258626,0.628106,0.73389,0,0,0,0,0,0,0,0,0,0.858099,0.49164,0.148177,-0.936192,0.280018,0.212448,-0.933806,0.0732957,-0.350191,0.862013,0.285351,-0.418938,0.177464,0.983509,-0.034891,-0.417465,0.908602,-0.012876,-0.419163,0.703234,-0.57425,0,0,0
000572,0.503007,0.707321,0.503682,116.569,0.103292,290.627,0.0005,0.494318,0.803735,0.331149,-0.6464,0.667225,0.370106,0,0,0,0,0,0,0.99268,0.1158,-0.0343185,-0.13411,0.934766,-0.328979,0,0,0,0.610641,0.748262,-0.259271,-0.791137,0.575506,-0.207112,0.698656,0.32374,0.638022,-0.704491,0.161282,0.691145,-0.0942626,0.898581,0.428564,0,0,0,0.257029,0.625585,0.7366,0,0,0,0,0,0,0,0,0,0.857693,0.490834,0.15312,-0.935783,0.279896,0.214402,-0.933941,0.0738078,-0.349723,0.863202,0.285743,-0.416212,0.17752,0.983802,-0.0248965,-0.417951,0.908461,-0.00387664,-0.419599,0.706961,-0.569335,0,0,0
000573,0.501581,0.701322,0.504857,116.569,0.103292,290.627,0.0005,0.495876,0.806231,0.322644,-0.648035,0.668201,0.365456,0,0,0,0,0,0,0.992496,0.116282,-0.0378161,-0.133805,0.93246,-0.335581,0,0,0,0.609383,0.746744,-0.266507,-0.790506,0.575665,-0.209068,0.702041,0.324752,0.633778,-0.704828,0.161358,0.690783,-0.0945911,0.901964,0.421323,0,0,0,0.258589,0.629313,0.732869,-0.340992,0.558038,0.756517,0,0,0,0,0,0,0.858355,0.491786,0.146199,-0.936029,0.279447,0.213913,-0.934849,0.0733771,-0.34738,0.861813,0.285286,-0.419392,0.177467,0.983526,-0.0343914,-0.417475,0.908623,-0.0108762,-0.418307,0.705737,-0.5718,0,0,0
000574,0.501285,0.700405,0.50959,116.569,0.103292,290.627,0.0005,0.496555,0.807319,0.318856,-0.648918,0.669118,0.362196,0,0,0,0,0,0,0.992438,0.116778,-0.0378161,-0.133893,0.933123,-0.333696,0,0,0,0.609553,0.746949,-0.265543,-0.791053,0.575445,-0.207601,0.704699,0.326531,0.629902,-0.708298,0.161635,0.68716,-0.0947934,0.90405,0.416783,0,0,0,0.260463,0.632493,0.72946,-0.34252,0.561525,0.753239,0,0,0,0,0,0,0.858918,0.491531,0.143726,-0.936437,0.279569,0.211959,-0.936016,0.0739696,-0.344096,0.862807,0.285613,-0.417121,0.177457,0.983474,-0.0358903,-0.417468,0.908607,-0.012376,-0.420173,0.706953,-0.568922,0,0,0
000575,0.508867,0.707298,0.506702,116.569,0.103292,290.627,0.0005,0.493187,0.802868,0.334919,-0.648685,0.669596,0.36173,0,0,0,0,0,0,0.992901,0.116832,-0.0223259,-0.134132,0.934929,-0.328507,0,0,0,0.611637,0.750248,-0.251054,-0.789861,0.574573,-0.214443,0.696915,0.322936,0.640329,-0.710638,0.162167,0.684613,-0.0943865,0.899856,0.425852,0,0,0,0.257313,0.626264,0.735923,0,0,0,0,0,0,0,0,0,0.856142,0.490526,0.162498,-0.938181,0.280612,0.202667,-0.931022,0.0725772,-0.357673,0.867534,0.287695,-0.40573,0.177529,0.983849,-0.0228975,-0.417938,0.908432,-0.00887628,-0.419312,0.706469,-0.570156,0,0,0
000576,0.508373,0.706802,0.501242,116.569,0.103292,290.627,0.0005,0.493257,0.802036,0.336804,-0.647676,0.668549,0.365456,0,0,0,0,0,0,0.992878,0.11683,-0.0233253,-0.134453,0.933548,-0.33228,0,0,0,0.611073,0.749567,-0.254439,-0.789306,0.574787,-0.215908,0.694502,0.321271,0.643779,-0.706621,0.161253,0.688974,-0.0947392,0.898316,0.429014,0,0,0,0.255889,0.622862,0.739299,-0.33725,0.55765,0.758478,0,0,0,0,0,0,0.856071,0.490486,0.162991,-0.937594,0.280436,0.205603,-0.930089,0.0730059,-0.360006,0.865754,0.286583,-0.410294,0.177031,0.983903,-0.0243967,-0.417936,0.908428,-0.00937624,-0.417441,0.704251,-0.574258,0,0,0
000577,0.506679,0.702761,0.504108,116.569,0.103292,290.627,0.0005,0.494667,0.804295,0.329261,-0.648685,0.669596,0.36173,0,0,0,0,0,0,0.992822,0.11632,-0.0278225,-0.1343,0.932389,-0.335579,0,0,0,0.609866,0.748894,-0.259269,-0.7896,0.574383,-0.215908,0.698496,0.322565,0.638792,-0.707963,0.161559,0.687523,-0.09453,0.901334,0.422683,0,0,0,0,0,0,0,0,0,0,0,0,0,0,0,0.857041,0.491038,0.156083,-0.937737,0.279957,0.205603,-0.931556,0.0726188,-0.356272,0.864815,0.2868,-0.412116,0.177488,0.983638,-0.0308934,-0.417917,0.908387,-0.0133759,-0.417872,0.703997,-0.574257,0,0,0
000578,0.500553,0.707198,0.50743,116.569,0.103292,290.627,0.0005,0.495614,0.804867,0.326428,-0.6464,0.667225,0.370106,0,0,0,0,0,0,0.992458,0.116277,-0.0388154,-0.134239,0.93574,-0.326146,0,0,0,0.609783,0.748794,-0.259752,-0.792044,0.57617,-0.201728,0.702406,0.325472,0.633004,-0.705723,0.160536,0.69006,-0.0943865,0.899856,0.425852,0,0,0,0.260011,0.62753,0.733894,-0.339746,0.55791,0.757172,0,0,0,0,0,0,0.858347,0.491206,0.148177,-0.93541,0.279263,0.216843,-0.936095,0.0729726,-0.344096,0.86265,0.286087,-0.417121,0.177515,0.983777,-0.025896,-0.417498,0.908675,-0.00237679,-0.421027,0.709412,-0.565218,0,0,0
000579,0.501376,0.704524,0.505401,116.569,0.103292,290.627,0.0005,0.495275,0.805268,0.325955,-0.646912,0.667757,0.368247,0,0,0,0,0,0,0.992496,0.116282,-0.0378161,-0.134024,0.934112,-0.330867,0,0,0,0.609283,0.748191,-0.262648,-0.791303,0.575628,-0.206133,0.701753,0.324619,0.634165,-0.704828,0.161358,0.690783,-0.0944482,0.900491,0.424494,0,0,0,0,0,0,-0.339318,0.558169,0.757173,0,0,0,0,0,0,0.858099,0.49164,0.148177,-0.935577,0.279834,0.215378,-0.935195,0.073404,-0.346442,0.862253,0.285957,-0.418029,0.177494,0.983668,-0.029894,-0.41749,0.908656,-0.00687644,-0.42046,0.706453,-0.569331,0,0,0
000580,0.504337,0.700237,0.500819,153.886,57.7845,108.939,0.0005,0.523553,0.777949,0.347402,-0.624417,0.689165,0.367634,0,0,0,0,0,0,0.997006,0.075363,-0.0173053,-0.0899279,0.941662,-0.324325,0,0,0,0.643365,0.725496,-0.244413,-0.762269,0.610066,-0.216252,0.701913,0.282531,0.653831,-0.707131,0.178083,0.68429,-0.0630023,0.897028,0.43746,0,0,0,0,0,0,0,0,0,0,0,0,0,0,0,0.875365,0.452044,0.17144,-0.927265,0.314761,0.202744,-0.923239,0.118064,-0.365636,0.879049,0.256815,-0.401645,0.218718,0.975667,-0.015361,-0.379114,0.92534,-0.00419885,0,0,0,0,0,0
000581,0.50229,0.706945,0.500115,153.886,57.7845,108.939,0.0005,0.522368,0.776213,0.353022,-0.622546,0.686344,0.375989,0,0,0,0,0,0,0.996939,0.075358,-0.0208045,-0.090171,0.944532,-0.315799,0,0,0,0.644388,0.725885,-0.240533,-0.763442,0.611652,-0.207457,0.701119,0.282751,0.654587,-0.704015,0.177816,0.687564,-0.0627546,0.893062,0.445535,0,0,0,0,0,0,-0.323957,0.554936,0.766223,0,0,0,0,0,0,0.875136,0.451926,0.172918,-0.925737,0.314771,0.209593,-0.924862,0.118271,-0.361445,0.878523,0.257183,-0.40256,0.21874,0.975762,-0.00636231,-0.379109,0.925327,0.00680068,-0.380715,0.732299,-0.564618,0,0,0
000582,0.505486,0.706041,0.508262,153.886,57.7845,108.939,0.0005,0.522548,0.777364,0.350213,-0.625034,0.689102,0.366704,0,0,0,0,0,0,0.997053,0.0753666,-0.0143061,-0.0902504,0.945471,-0.312952,0,0,0,0.645421,0.727031,-0.23422,-0.763348,0.610934,-0.209902,0.704147,0.283967,0.650799,-0.711637,0.17973,0.679169,-0.0629887,0.89681,0.43791,0,0,0,0.274925,0.603559,0.74842,-0.329334,0.560191,0.760082,0,0,0,0,0,0,0.874597,0.452211,0.174887,-0.927742,0.314923,0.200296,-0.924683,0.118248,-0.361911,0.882625,0.257331,-0.393388,0.218741,0.975765,-0.0058624,-0.379578,0.925154,0.0033009,0,0,0,0,0,0
000583,0.502477,0.708796,0.506228,153.886,57.7845,108.939,0.0005,0.523179,0.776515,0.351151,-0.623174,0.68704,0.373671,0,0,0,0,0,0,0.99696,0.0753595,-0.0198047,-0.090329,0.946403,-0.310102,0,0,0,0.644516,0.72752,-0.23519,-0.764082,0.612168,-0.203542,0.704147,0.283967,0.650799,-0.708125,0.178333,0.683195,-0.0628239,0.894171,0.443296,0,0,0,0.272934,0.602823,0.749741,-0.325882,0.558239,0.763001,0,0,0,0,0,0,0.875212,0.451965,0.172425,-0.925873,0.315345,0.208126,-0.926175,0.117934,-0.358179,0.880725,0.25678,-0.39798,0.218745,0.975778,-0.00286301,-0.379564,0.925119,0.00930033,0,0,0,0,0,0
000584,0.502509,0.700742,0.50094,153.886,57.7845,108.939,0.0005,0.524261,0.778098,0.345997,-0.624664,0.687946,0.369493,0,0,0,0,0,0,0.996939,0.075358,-0.0208045,-0.0899552,0.941984,-0.323379,0,0,0,0.64341,0.724799,-0.246352,-0.762771,0.61047,-0.213322,0,0,0,-0.705802,0.177749,0.685747,-0.062975,0.896591,0.438359,0,0,0,0.273232,0.602274,0.750073,0,0,0,0,0,0,0,0,0,0.875744,0.452238,0.168977,-0.926426,0.315005,0.20617,-0.924503,0.118225,-0.362377,0.878028,0.255999,-0.404391,0.218718,0.975667,-0.015361,-0.379117,0.925346,-0.00219893,0,0,0,0,0,0
000585,0.507933,0.709428,0.508563,153.886,57.7845,108.939,0.0005,0.521354,0.775615,0.355826,-0.625034,0.689102,0.366704,0,0,0,0,0,0,0.997112,0.075371,-0.00930754,-0.090355,0.946711,-0.309151,0,0,0,0.646128,0.728562,-0.22741,-0.762723,0.611715,-0.209902,0.702029,0.283117,0.653452,-0.712953,0.18006,0.6777,-0.0633779,0.89502,0.441501,0,0,0,0.274141,0.601858,0.750076,0,0,0,0,0,0,0,0,0,0.873877,0.45128,0.18079,-0.928307,0.315115,0.197356,-0.923421,0.118087,-0.365171,0.884689,0.257929,-0.388328,0.218746,0.975782,0.000136154,-0.379574,0.925143,0.00580075,-0.382057,0.736032,-0.558829,0,0,0
000586,0.5011,0.705609,0.501314,153.886,57.7845,108.939,0.0005,0.523061,0.777229,0.349746,-0.623168,0.686287,0.375061,0,0,0,0,0,0,0.996858,0.0758533,-0.0228039,-0.0901443,0.944217,-0.316748,0,0,0,0.643691,0.725858,-0.242473,-0.763916,0.611392,-0.206478,0.703124,0.283018,0.652317,-0.703893,0.178301,0.687564,-0.0628239,0.894171,0.443296,0,0,0,0.273809,0.599944,0.751728,0,0,0,0,0,0,0,0,0,0.875669,0.4522,0.16947,-0.925539,0.314703,0.210571,-0.925577,0.118362,-0.359579,0.878028,0.255999,-0.404391,0.218737,0.975748,-0.008362,-0.379111,0.925333,0.00580077,0,0,0,0,0,0
000587,0.503544,0.70508,0.507597,153.886,57.7845,108.939,0.0005,0.523553,0.777949,0.347402,-0.624541,0.688556,0.368564,0,0,0,0,0,0,0.996988,0.0753617,-0.0183051,-0.0902108,0.945003,-0.314376,0,0,0,0.644199,0.727169,-0.237133,-0.763361,0.611587,-0.207946,0.705727,0.283524,0.64928,-0.709988,0.179316,0.681002,-0.0629887,0.89681,0.43791,0,0,0,0,0,0,-0.326984,0.561123,0.760409,0,0,0,0,0,0,0.875365,0.452044,0.17144,-0.926912,0.315169,0.203723,-0.925692,0.11888,-0.359112,0.881157,0.257426,-0.396603,0.218738,0.975752,-0.00786207,-0.379578,0.925154,0.0033009,0,0,0,0,0,0
000588,0.509096,0.700701,0.509561,153.886,57.7845,108.939,0.0005,0.523553,0.777949,0.347402,-0.627458,0.69179,0.357384,0,0,0,0,0,0,0.997091,0.0758708,-0.0073083,-0.0900638,0.943266,-0.319591,0,0,0,0.645047,0.727362,-0.234219,-0.761221,0.610505,-0.218693,0,0,0,-0.715575,0.180719,0.674754,-0.0636902,0.900028,0.431154,0,0,0,0.275111,0.60635,0.746092,0,0,0,0,0,0,0,0,0,0.874513,0.451607,0.176855,-0.929089,0.316436,0.191472,-0.922393,0.117452,-0.367962,0.884363,0.258354,-0.388788,0.218727,0.975708,-0.0123614,-0.379572,0.925138,-0.00669866,0,0,0,0,0,0
000589,0.503943,0.70212,0.507172,153.886,57.7845,108.939,0.0005,0.523529,0.7788,0.345525,-0.625279,0.689374,0.365773,0,0,0,0,0,0,0.997035,0.0748638,-0.0178052,-0.0900908,0.943584,-0.318644,0,0,0,0.644094,0.726306,-0.240047,-0.76279,0.611127,-0.211368,0.70554,0.283988,0.64928,-0.71077,0.178997,0.680269,-0.0630837,0.898334,0.434761,0,0,0,0.275551,0.604917,0.747092,0,0,0,0,0,0,0,0,0,0.875593,0.452161,0.169962,-0.927296,0.3153,0.201765,-0.925105,0.117797,-0.360978,0.880916,0.256835,-0.397521,0.218727,0.975708,-0.0123614,-0.37958,0.925158,-0.00119895,0,0,0,0,0,0
000590,0.504431,0.709703,0.505482,131.282,207.293,48.4151,0.0005,0.538116,0.746347,0.39166,-0.608973,0.685054,0.399816,0,0,0,0,0,0,0.998635,0.0517095,-0.00732915,-0.0648455,0.961485,-0.267099,0,0,0,0.664215,0.721518,-0.195524,-0.747005,0.639548,-0.181555,0.705459,0.235762,0.668389,-0.708734,0.164968,0.685917,-0.0437483,0.874392,0.483244,0,0,0,0,0,0,0,0,0,0,0,0,0,0,0,0.884109,0.42184,0.201003,-0.920055,0.328077,0.214161,-0.919444,0.157368,-0.360359,0.890208,0.253843,-0.378276,0.242584,0.969145,0.0437185,-0.356591,0.932976,0.0489715,-0.359792,0.77016,-0.526691,0,0,0
000591,0.508062,0.70312,0.507832,131.282,207.293,48.4151,0.0005,0.539671,0.747624,0.387057,-0.612107,0.688599,0.388789,0,0,0,0,0,0,0.998636,0.0522101,-0.000330614,-0.064723,0.959321,-0.274798,0,0,0,0.664314,0.720893,-0.197485,-0.745193,0.638649,-0.19187,0.705301,0.236236,0.668389,-0.713838,0.165635,0.680441,-0.0444388,0.878915,0.474904,0,0,0,0,0,0,0,0,0,0,0,0,0,0,0,0.883927,0.421753,0.201983,-0.922122,0.328813,0.203894,-0.917296,0.157002,-0.365949,0.892017,0.254355,-0.373644,0.242659,0.969435,0.0362258,-0.356772,0.933459,0.0369833,-0.358701,0.766579,-0.532626,0,0,0
000592,0.508122,0.706112,0.501567,131.282,207.293,48.4151,0.0005,0.537824,0.745103,0.39442,-0.610159,0.686395,0.395687,0,0,0,0,0,0,0.998662,0.0517109,-0.000330614,-0.0647385,0.959595,-0.273837,0,0,0,0.663781,0.721785,-0.196013,-0.745266,0.638712,-0.191379,0.700845,0.23475,0.673579,-0.708955,0.165532,0.685552,-0.0437585,0.874633,0.482807,0,0,0,0,0,0,0,0,0,0,0,0,0,0,0,0.883097,0.42136,0.206387,-0.921347,0.328537,0.207808,-0.91593,0.156262,-0.369668,0.890934,0.254049,-0.376424,0.24261,0.969248,0.0412213,-0.35671,0.933294,0.0414797,-0.358144,0.765366,-0.534741,0,0,0
000593,0.506954,0.702088,0.505397,131.282,207.293,48.4151,0.0005,0.54019,0.747487,0.386597,-0.611591,0.688015,0.390631,0,0,0,0,0,0,0.998632,0.0522099,-0.00282995,-0.0646838,0.958632,-0.277201,0,0,0,0.663539,0.720796,-0.200424,-0.745446,0.638207,-0.19236,0.704666,0.236024,0.669132,-0.711514,0.165097,0.683001,-0.0439195,0.878464,0.475786,0,0,0,0,0,0,0,0,0,0,0,0,0,0,0,0.883894,0.422291,0.201003,-0.921639,0.328641,0.20634,-0.917296,0.157002,-0.365949,0.890572,0.253946,-0.37735,0.242672,0.969487,0.0347268,-0.356778,0.933476,0.0364836,-0.358144,0.765366,-0.534741,0,0,0
000594,0.507975,0.703143,0.50565,131.282,207.293,48.4151,0.0005,0.539327,0.747155,0.388439,-0.611591,0.688015,0.390631,0,0,0,0,0,0,0.998662,0.0517108,-0.000830466,-0.0647073,0.959046,-0.27576,0,0,0,0.663879,0.721159,-0.197974,-0.745048,0.638524,-0.192851,0.704031,0.235813,0.669875,-0.712624,0.164841,0.681905,-0.0443989,0.877964,0.476663,0,0,0,0,0,0,0,0,0,0,0,0,0,0,0,0.883744,0.421667,0.202962,-0.92193,0.328744,0.204873,-0.916935,0.15694,-0.366879,0.89157,0.253189,-0.375498,0.242654,0.969417,0.0367254,-0.356772,0.933459,0.0369833,-0.358367,0.765852,-0.533895,0,0,0
000595,0.501329,0.70932,0.508149,131.282,207.293,48.4151,0.0005,0.539266,0.747917,0.387055,-0.608201,0.684936,0.401191,0,0,0,0,0,0,0.998573,0.0517063,-0.0133285,-0.0648754,0.962016,-0.265172,0,0,0,0.664043,0.720603,-0.199445,-0.747683,0.640132,-0.176636,0.709409,0.236552,0.663914,-0.70896,0.163993,0.685917,-0.0437889,0.875356,0.481493,0,0,0,0,0,0,0,0,0,0,0,0,0,0,0,0.885271,0.42239,0.194632,-0.91924,0.327787,0.218066,-0.921908,0.157789,-0.35382,0.888929,0.253482,-0.381513,0.242605,0.969228,0.0417208,-0.356098,0.933085,0.0504697,-0.361808,0.770959,-0.524134,0,0,0
000596,0.508963,0.705104,0.505622,131.282,207.293,48.4151,0.0005,0.538636,0.746212,0.391202,-0.611332,0.687722,0.391551,0,0,0,0,0,0,0.998661,0.0517108,0.00116889,-0.0647462,0.959731,-0.273356,0,0,0,0.664348,0.721661,-0.194543,-0.745446,0.638207,-0.19236,0.703236,0.23502,0.670988,-0.712285,0.166302,0.681904,-0.0443588,0.87701,0.47842,0,0,0,0,0,0,0,0,0,0,0,0,0,0,0,0.882975,0.421855,0.205897,-0.922122,0.328813,0.203894,-0.916391,0.156848,-0.368274,0.892376,0.254456,-0.372716,0.242626,0.969306,0.0397228,-0.356745,0.933388,0.0389818,-0.359385,0.765672,-0.533469,0,0,0
000597,0.505336,0.700867,0.506887,131.282,207.293,48.4151,0.0005,0.540582,0.748867,0.383366,-0.611591,0.688015,0.390631,0,0,0,0,0,0,0.998642,0.0517098,-0.00632929,-0.0646759,0.958494,-0.277682,0,0,0,0.663125,0.720353,-0.203362,-0.745664,0.638394,-0.190888,0.707517,0.235921,0.666154,-0.711514,0.165097,0.683001,-0.0439692,0.87965,0.473586,0,0,0,0,0,0,0,0,0,0,0,0,0,0,0,0.884613,0.422632,0.197084,-0.921347,0.328537,0.207808,-0.918553,0.157216,-0.36269,0.889981,0.253259,-0.379202,0.242697,0.969583,0.0317287,-0.356791,0.93351,0.0354843,-0.359274,0.76543,-0.533892,0,0,0
000598,0.50724,0.706718,0.508257,131.282,207.293,48.4151,0.0005,0.538577,0.746977,0.38982,-0.611072,0.687428,0.392471,0,0,0,0,0,0,0.998659,0.0517107,-0.00233007,-0.0648,0.960681,-0.269988,0,0,0,0.664716,0.721322,-0.194544,-0.74642,0.638385,-0.187942,0.705776,0.235867,0.668017,-0.713175,0.165482,0.681173,-0.0443588,0.87701,0.47842,0,0,0,0,0,0,0,0,0,0,0,0,0,0,0,0.883529,0.422118,0.202961,-0.921542,0.328606,0.206829,-0.918279,0.156662,-0.363622,0.892154,0.253874,-0.373644,0.242615,0.969267,0.0407218,-0.356695,0.933255,0.0424788,-0.359696,0.76875,-0.528813,0,0,0
000599,0.50397,0.705017,0.505771,131.282,207.293,48.4151,0.0005,0.539785,0.74778,0.386596,-0.610028,0.686247,0.396146,0,0,0,0,0,0,0.998649,0.0512095,-0.00882896,-0.064754,0.959868,-0.272875,0,0,0,0.663769,0.72031,-0.201404,-0.746448,0.639069,-0.185487,0.706884,0.23571,0.6669,-0.709628,0.164148,0.685189,-0.0438494,0.876795,0.478861,0,0,0,0,0,0,0,0,0,0,0,0,0,0,0,0.884524,0.42259,0.197574,-0.920356,0.328184,0.212695,-0.919444,0.157368,-0.360359,0.889433,0.253104,-0.380589,0.242654,0.969417,0.0367254,-0.356695,0.933255,0.0424788,-0.359708,0.767576,-0.530507,0,0,0
000600,0.50124,0.700837,0.50784,233.448,82.5036,254.937,0.0005,0.481214,0.809825,0.335584,-0.659133,0.645094,0.38652,0,0,0,0,0,0,0.989141,0.139953,-0.0448591,-0.158313,0.93752,-0.309827,0,0,0,0.588884,0.767718,-0.252636,-0.805753,0.562143,-0.186431,0.702232,0.326483,0.632676,0,0,0,-0.110816,0.890127,0.442033,0,0,0,0,0,0,0,0,0,0,0,0,0,0,0,0.848608,0.507676,0.148757,-0.940146,0.252504,0.228838,-0.940539,0.0611871,-0.33413,0.851201,0.316098,-0.418973,0.154799,0.987867,-0.0124656,-0.438005,0.898848,0.0149941,-0.441323,0.710481,-0.548134,0,0,0
000601,0.504407,0.703128,0.507013,233.448,82.5036,254.937,0.0005,0.480253,0.808233,0.340759,-0.659758,0.645007,0.385597,0,0,0,0,0,0,0.989409,0.139991,-0.0383651,-0.158409,0.938131,-0.307925,0,0,0,0.590446,0.768095,-0.247797,-0.805006,0.562229,-0.189377,0.700271,0.323923,0.636156,0,0,0,-0.110687,0.889027,0.444274,0,0,0,0.25306,0.615723,0.746222,0,0,0,0,0,0,0,0,0,0.847949,0.506703,0.155675,-0.941001,0.253251,0.224456,-0.938521,0.061058,-0.339779,0.85333,0.31635,-0.414429,0.154807,0.987913,-0.00796608,-0.438001,0.898841,0.015494,-0.441037,0.710013,-0.54897,0,0,0
000602,0.507387,0.707487,0.506084,233.448,82.5036,254.937,0.0005,0.47822,0.80583,0.349205,-0.659483,0.644736,0.38652,-0.659952,0.278271,-0.697874,0,0,0,0.989651,0.140025,-0.0313707,-0.159093,0.939257,-0.304115,0,0,0,0.591251,0.769937,-0.24004,-0.805058,0.561656,-0.19085,0.696585,0.322768,0.640773,0,0,0,-0.110403,0.886586,0.449195,0,0,0,0.250062,0.613726,0.748872,0,0,0,0,0,0,0,0,0,0.846781,0.506009,0.164064,-0.941647,0.253425,0.221532,-0.936642,0.0609377,-0.344947,0.855647,0.317205,-0.408962,0.154812,0.987943,-0.000967113,-0.438429,0.898576,0.0184935,-0.440897,0.710744,-0.548136,0,0,0
000603,0.502393,0.701232,0.502413,233.448,82.5036,254.937,0.0005,0.479912,0.808634,0.340288,-0.658792,0.644057,0.388824,-0.65989,0.276617,-0.69859,0,0,0,0.989228,0.139966,-0.042861,-0.158167,0.936598,-0.312677,0,0,0,0.589124,0.767214,-0.253605,-0.8055,0.561355,-0.189868,0.698905,0.323842,0.637697,0,0,0,-0.110584,0.888143,0.446065,0,0,0,0,0,0,0,0,0,0,0,0,0,0,0,0.848156,0.507407,0.152217,-0.940036,0.252474,0.229325,-0.938723,0.0605699,-0.339309,0.85039,0.315266,-0.421242,0.154801,0.987879,-0.0114657,-0.438005,0.898848,0.0149941,-0.43904,0.708657,-0.552312,0,0,0
000604,0.501972,0.705948,0.503404,233.448,82.5036,254.937,0.0005,0.479115,0.807315,0.344516,-0.657537,0.642824,0.392966,0,0,0,0,0,0,0.989298,0.139471,-0.042861,-0.158505,0.938737,-0.306021,0,0,0,0.589897,0.768204,-0.248765,-0.805981,0.562303,-0.184957,0.699115,0.323388,0.637697,-0.70028,0.127592,0.702373,-0.110325,0.885916,0.450534,0,0,0,0,0,0,-0.343563,0.529286,0.775771,0,0,0,0,0,0,0.847759,0.507172,0.155181,-0.939461,0.252838,0.231271,-0.93923,0.0606023,-0.337898,0.851201,0.316098,-0.418973,0.15481,0.987932,-0.00496645,-0.438407,0.898531,0.0209929,-0.441323,0.710481,-0.548134,0,0,0
000605,0.505749,0.709471,0.509618,233.448,82.5036,254.937,0.0005,0.479439,0.805915,0.347333,-0.659207,0.644465,0.387442,0,0,0,0,0,0,0.989553,0.140012,-0.0343683,-0.158858,0.940977,-0.298874,0,0,0,0.591941,0.770009,-0.2381,-0.805906,0.56225,-0.185448,0.699194,0.323976,0.637312,0,0,0,-0.110403,0.886586,0.449195,0,0,0,0,0,0,0,0,0,0,0,0,0,0,0,0.847131,0.506217,0.161598,-0.941455,0.252855,0.222994,-0.938416,0.0600492,-0.34025,0.855856,0.317815,-0.408049,0.154813,0.987943,0.00153229,-0.438393,0.898502,0.0224924,-0.443026,0.713276,-0.543107,0,0,0
000606,0.505461,0.705052,0.500501,233.448,82.5036,254.937,0.0005,0.479349,0.805766,0.347801,-0.658375,0.643647,0.390206,0,0,0,0,0,0,0.989431,0.140499,-0.0358671,-0.158313,0.93752,-0.309827,0,0,0,0.590522,0.768192,-0.247313,-0.804616,0.561956,-0.191832,0.694416,0.322867,0.643073,-0.70106,0.127225,0.701661,-0.110299,0.885692,0.450981,0,0,0,0.250757,0.610192,0.751523,0,0,0,0,0,0,0,0,0,0.846944,0.506687,0.161105,-0.940436,0.253617,0.226404,-0.93647,0.0609267,-0.345416,0.852355,0.315991,-0.416703,0.15481,0.987932,-0.00496645,-0.43844,0.8986,0.0169937,-0.439603,0.70766,-0.553142,0,0,0
000607,0.506082,0.701412,0.504732,233.448,82.5036,254.937,0.0005,0.479559,0.80805,0.342168,-0.660307,0.645546,0.383751,-0.658858,0.277268,-0.699305,0,0,0,0.989519,0.140007,-0.0353675,-0.158216,0.936906,-0.311727,0,0,0,0.589897,0.768204,-0.248765,-0.804507,0.561269,-0.194284,0.697536,0.32376,0.639236,0,0,0,-0.110713,0.889247,0.443826,0,0,0,0.251705,0.615071,0.747217,0,0,0,0,0,0,0,0,0,0.847355,0.506932,0.158144,-0.941777,0.252942,0.221532,-0.936878,0.0599508,-0.344478,0.85335,0.316891,-0.413973,0.154804,0.987895,-0.00996586,-0.438474,0.89867,0.0114945,-0.440029,0.707397,-0.55314,0,0,0
000608,0.503138,0.709841,0.501726,233.448,82.5036,254.937,0.0005,0.478898,0.805019,0.350144,-0.656694,0.641995,0.395723,-0.660921,0.275966,-0.697873,0,0,0,0.989421,0.139488,-0.0398638,-0.158694,0.939938,-0.302211,0,0,0,0.590655,0.769175,-0.24392,-0.806132,0.562409,-0.183974,0.695792,0.322953,0.641541,-0.699588,0.127467,0.703085,-0.110036,0.883442,0.455437,0,0,0,0,0,0,0,0,0,0,0,0,0,0,0,0.847338,0.50634,0.160118,-0.939461,0.252838,0.231271,-0.938246,0.0600383,-0.34072,0.852181,0.31646,-0.416702,0.154813,0.987943,0.00153229,-0.438356,0.898425,0.025991,-0.441325,0.711445,-0.546881,0,0,0
000609,0.506919,0.705915,0.508935,233.448,82.5036,254.937,0.0005,0.478937,0.807019,0.345454,-0.660307,0.645546,0.383751,0,0,0,0,0,0,0.989619,0.140021,-0.0323699,-0.1586,0.93934,-0.304117,0,0,0,0.591499,0.769443,-0.241011,-0.805137,0.56171,-0.190359,0.698905,0.323842,0.637697,0,0,0,-0.11061,0.888364,0.445617,0,0,0,0.252454,0.615569,0.746553,0,0,0,0,0,0,0,0,0,0.846874,0.506646,0.161598,-0.942097,0.253028,0.220069,-0.937532,0.0604937,-0.342599,0.855838,0.317275,-0.408506,0.154812,0.98794,-0.00296674,-0.438444,0.898607,0.0164938,-0.441325,0.711445,-0.546881,0,0,0
000610,0.508352,0.70266,0.503331,298.143,66.1384,152.769,0.0005,0.486688,0.802935,0.344135,-0.65491,0.654852,0.377176,-0.651165,0.280461,-0.705213,0,0,0,0.991242,0.129064,-0.0279615,-0.146932,0.936989,-0.31696,0,0,0,0.600057,0.760863,-0.247021,-0.797178,0.568605,-0.202968,0.696374,0.318321,0.643222,0,0,0,-0.103064,0.891457,0.441227,0,0,0,0.255239,0.613801,0.747062,0,0,0,0,0,0,0,0,0,0.851559,0.498064,0.163646,-0.940379,0.264452,0.213898,-0.933457,0.0692759,-0.351935,0.859408,0.305892,-0.409693,0.165056,0.986214,-0.011802,-0.428758,0.9034,0.00590516,-0.429495,0.708854,-0.559517,0,0,0
000611,0.504722,0.707372,0.504274,298.143,66.1384,152.769,0.0005,0.486508,0.802642,0.345074,-0.652761,0.652692,0.384572,0,0,0,0,0,0,0.990993,0.129536,-0.0339573,-0.147293,0.939467,-0.309363,0,0,0,0.599895,0.761461,-0.245566,-0.798788,0.569759,-0.193166,0.698127,0.31912,0.640922,-0.703862,0.138697,0.696665,-0.102307,0.889088,0.446158,0,0,0,0.254633,0.61365,0.747393,0,0,0,0,0,0,0,0,0,0.852232,0.497877,0.160687,-0.938595,0.263951,0.222192,-0.935928,0.0689554,-0.345375,0.858245,0.305481,-0.412427,0.165558,0.98618,-0.00630302,-0.428718,0.903315,0.0149043,-0.431627,0.712442,-0.553286,0,0,0
000612,0.502532,0.70531,0.503707,298.143,66.1384,152.769,0.0005,0.487227,0.803811,0.341317,-0.65249,0.652419,0.385495,0,0,0,0,0,0,0.990877,0.129017,-0.0389535,-0.147675,0.938622,-0.311738,0,0,0,0.59912,0.760493,-0.250409,-0.799022,0.569927,-0.191694,0.700289,0.319006,0.638617,-0.702054,0.138851,0.698456,-0.102378,0.889752,0.444815,0,0,0,0.255845,0.613952,0.746731,0,0,0,0,0,0,0,0,0,0.852663,0.498706,0.15575,-0.937705,0.26422,0.225603,-0.936994,0.068532,-0.342558,0.856458,0.304319,-0.416977,0.165553,0.986152,-0.0098024,-0.428273,0.903543,0.0139045,-0.431485,0.712204,-0.553702,0,0,0
000613,0.50188,0.705357,0.505537,298.143,66.1384,152.769,0.0005,0.487495,0.804246,0.339907,-0.65249,0.652419,0.385495,0,0,0,0,0,0,0.990838,0.129012,-0.0399527,-0.147248,0.939161,-0.310314,0,0,0,0.599513,0.760184,-0.25041,-0.799042,0.570556,-0.189731,0.701035,0.320444,0.637076,-0.703274,0.138072,0.697382,-0.102449,0.890414,0.443471,0,0,0,0.255965,0.61552,0.745398,0,0,0,0,0,0,0,0,0,0.852864,0.498822,0.154269,-0.937461,0.26467,0.22609,-0.937808,0.0690929,-0.340208,0.856654,0.304389,-0.416522,0.165552,0.986147,-0.0103023,-0.42827,0.903536,0.0144045,-0.43205,0.713154,-0.552036,0,0,0
000614,0.50121,0.708494,0.507077,298.143,66.1384,152.769,0.0005,0.487138,0.803666,0.341787,-0.651808,0.651734,0.387801,0,0,0,0,0,0,0.990818,0.129009,-0.0404522,-0.14747,0.940684,-0.305558,0,0,0,0.599349,0.761578,-0.246534,-0.799942,0.570587,-0.185802,0.701614,0.320708,0.636305,-0.703178,0.138562,0.697382,-0.102307,0.889088,0.446158,0,0,0,0,0,0,0,0,0,0,0,0,0,0,0,0.85305,0.498352,0.154763,-0.937269,0.264097,0.227551,-0.938654,0.0691547,-0.337856,0.857242,0.304596,-0.415158,0.165559,0.986186,-0.00530323,-0.428234,0.90346,0.0194034,-0.433026,0.715776,-0.547863,0,0,0
000615,0.504731,0.706255,0.502031,298.143,66.1384,152.769,0.0005,0.486417,0.802495,0.345543,-0.65249,0.652419,0.385495,0,0,0,0,0,0,0.991041,0.129038,-0.0344569,-0.147159,0.938545,-0.312214,0,0,0,0.599902,0.76067,-0.247989,-0.798261,0.569996,-0.194638,0.696959,0.318588,0.642456,-0.702493,0.138428,0.698098,-0.102283,0.888866,0.446605,0,0,0,0.254973,0.611885,0.748723,0,0,0,0,0,0,0,0,0,0.851979,0.498308,0.160687,-0.938353,0.264402,0.222679,-0.93541,0.0689175,-0.346782,0.857466,0.305206,-0.414248,0.165556,0.986169,-0.00780274,-0.428273,0.903543,0.0139045,-0.430777,0.711012,-0.555782,0,0,0
000616,0.506072,0.703006,0.50568,298.143,66.1384,152.769,0.0005,0.4868,0.80407,0.341316,-0.654377,0.654316,0.379027,0,0,0,0,0,0,0.991107,0.129047,-0.0324583,-0.147046,0.93777,-0.314588,0,0,0,0.599902,0.76067,-0.247989,-0.797702,0.569596,-0.19807,0.699707,0.318741,0.639386,-0.70625,0.139166,0.69415,-0.102614,0.891952,0.440331,0,0,0,0.255648,0.616056,0.745063,0,0,0,0,0,0,0,0,0,0.852439,0.497997,0.159207,-0.939413,0.2647,0.217802,-0.935237,0.0689048,-0.347251,0.858801,0.305147,-0.411516,0.165548,0.986125,-0.012302,-0.428752,0.903388,0.00790504,-0.431063,0.710515,-0.556196,0,0,0
000617,0.509367,0.700532,0.50617,298.143,66.1384,152.769,0.0005,0.486889,0.804216,0.340846,-0.656231,0.656181,0.372542,0,0,0,0,0,0,0.991282,0.12907,-0.0264626,-0.146863,0.936517,-0.318382,0,0,0,0.599742,0.761269,-0.246535,-0.796556,0.568774,-0.204926,0.698043,0.318532,0.641306,0,0,0,-0.103298,0.89364,0.436735,0,0,0,0.255477,0.616936,0.744394,0,0,0,0,0,0,0,0,0,0.8517,0.498146,0.16266,-0.940721,0.265587,0.210967,-0.933319,0.0687645,-0.352403,0.860563,0.3063,-0.406955,0.165543,0.986099,-0.0143017,-0.428764,0.903414,0.00190546,-0.429495,0.708854,-0.559517,0,0,0
000618,0.501436,0.704851,0.508503,298.143,66.1384,152.769,0.0005,0.487511,0.805227,0.337554,-0.653032,0.652964,0.383649,0,0,0,0,0,0,0.990818,0.129009,-0.0404522,-0.147293,0.939467,-0.309363,0,0,0,0.598884,0.760998,-0.24944,-0.799486,0.57026,-0.188749,0.703763,0.320588,0.633988,-0.704448,0.139321,0.695947,-0.102591,0.891733,0.44078,0,0,0,0,0,0,0,0,0,0,0,0,0,0,0,0.853129,0.498976,0.152292,-0.937949,0.263769,0.225115,-0.93869,0.0686561,-0.337856,0.857214,0.304056,-0.415613,0.165551,0.986142,-0.0108022,-0.42827,0.903536,0.0144045,-0.432754,0.714338,-0.54995,0,0,0
000619,0.50779,0.70989,0.502068,298.143,66.1384,152.769,0.0005,0.485657,0.800306,0.351635,-0.652761,0.652692,0.384572,0,0,0,0,0,0,0.991306,0.128569,-0.0279615,-0.147338,0.939773,-0.308412,0,0,0,0.600731,0.762503,-0.240232,-0.798233,0.569361,-0.196599,0.694823,0.317065,0.645516,-0.704203,0.138764,0.696306,-0.102613,0.88725,0.449732,0,0,0,0.253638,0.610006,0.750706,-0.3387,0.537616,0.772173,0,0,0,0,0,0,0.850841,0.497647,0.168575,-0.939203,0.264641,0.218778,-0.933808,0.0693016,-0.350999,0.859961,0.305557,-0.408781,0.165562,0.986198,-0.00130431,-0.428712,0.903301,0.0159042,-0.430346,0.712243,-0.554538,0,0,0
000620,0.500257,0.707944,0.504872,93.6192,9.12749,329.255,0.0005,0.491706,0.805748,0.330144,-0.647954,0.662507,0.375819,0,0,0,0,0,0,0.991901,0.120326,-0.0406765,-0.138944,0.935694,-0.3243,0,0,0,0.606187,0.751722,-0.259715,-0.795156,0.572724,-0.199286,0.700595,0.326194,0.634637,-0.70312,0.155511,0.693857,-0.0975464,0.896975,0.431185,0,0,0,0.25762,0.624635,0.7372,-0.340174,0.5521,0.761227,0,0,0,0,0,0,0.856012,0.495001,0.149054,-0.935854,0.274357,0.221146,-0.936788,0.070231,-0.342777,0.859847,0.290838,-0.419616,0.173062,0.984654,-0.0225118,-0.421553,0.906801,0.00232811,-0.424724,0.708344,-0.563789,0,0,0
000621,0.500245,0.702004,0.504865,93.6192,9.12749,329.255,0.0005,0.492911,0.807693,0.323529,-0.649872,0.663762,0.370251,0,0,0,0,0,0,0.9918,0.120817,-0.0416757,-0.138114,0.933331,-0.331386,0,0,0,0.605409,0.749983,-0.266469,-0.794129,0.572597,-0.203694,0.702032,0.326861,0.632703,-0.703905,0.155172,0.693137,-0.0978473,0.899956,0.424858,0,0,0,0.256583,0.628646,0.734145,-0.34179,0.553784,0.759278,0,0,0,0,0,0,0.856585,0.49533,0.144603,-0.936136,0.274961,0.219195,-0.93658,0.0707168,-0.343246,0.859049,0.29057,-0.42143,0.173017,0.984415,-0.0315075,-0.421548,0.906788,-0.00567134,-0.424004,0.705149,-0.568318,0,0,0
000622,0.501924,0.702195,0.501715,93.6192,9.12749,329.255,0.0005,0.491799,0.806847,0.32731,-0.648899,0.664195,0.371181,0,0,0,0,0,0,0.991919,0.120832,-0.0386781,-0.138496,0.932435,-0.333742,0,0,0,0.605188,0.750503,-0.265504,-0.793255,0.572581,-0.207119,0.699154,0.325525,0.636567,-0.702335,0.15585,0.694577,-0.0977404,0.898897,0.42712,0,0,0,0.256838,0.625357,0.73686,0,0,0,0,0,0,0,0,0,0.856391,0.494642,0.148066,-0.936309,0.275533,0.217731,-0.934757,0.0695784,-0.348407,0.859209,0.290097,-0.42143,0.17302,0.98443,-0.0310078,-0.421546,0.906783,-0.00667129,-0.422133,0.703943,-0.571199,0,0,0
000623,0.501805,0.705499,0.504819,93.6192,9.12749,329.255,0.0005,0.491967,0.806168,0.328728,-0.648997,0.663579,0.372109,0,0,0,0,0,0,0.991938,0.120834,-0.0381785,-0.138811,0.934726,-0.327136,0,0,0,0.606022,0.75152,-0.26068,-0.794212,0.572657,-0.203204,0.700518,0.325607,0.635023,-0.704582,0.155321,0.692416,-0.0976759,0.898258,0.428476,0,0,0,0.256659,0.626229,0.736182,0,0,0,0,0,0,0,0,0,0.855882,0.494927,0.150043,-0.93645,0.275053,0.217731,-0.935623,0.0696429,-0.346063,0.860602,0.290564,-0.418254,0.173048,0.984583,-0.0255105,-0.422007,0.906589,-0.00267147,-0.424579,0.706127,-0.566672,0,0,0
000624,0.500137,0.701873,0.501517,93.6192,9.12749,329.255,0.0005,0.49257,0.807141,0.325421,-0.64838,0.663662,0.373037,0,0,0,0,0,0,0.991779,0.120815,-0.0421752,-0.138496,0.932435,-0.333742,0,0,0,0.604766,0.749987,-0.267913,-0.793881,0.572417,-0.205162,0.700307,0.32606,0.635023,-0.700869,0.156038,0.696014,-0.0977404,0.898897,0.42712,0,0,0,0.256517,0.625889,0.73652,0,0,0,0,0,0,0,0,0,0.856522,0.495294,0.145098,-0.935819,0.274868,0.220658,-0.935796,0.0696557,-0.345593,0.857847,0.290166,-0.424149,0.173014,0.984399,-0.0320072,-0.421548,0.906788,-0.00567134,-0.423421,0.703174,-0.571192,0,0,0
000625,0.500781,0.700285,0.503805,93.6192,9.12749,329.255,0.0005,0.492997,0.80783,0.323056,-0.649415,0.664726,0.369323,0,0,0,0,0,0,0.99182,0.12082,-0.0411761,-0.13845,0.932104,-0.334685,0,0,0,0.604766,0.749987,-0.267913,-0.793422,0.572702,-0.206141,0.701458,0.326594,0.633477,-0.703905,0.155172,0.693137,-0.0979111,0.900589,0.4235,0,0,0,0.256583,0.628646,0.734145,-0.342642,0.55326,0.759275,0,0,0,0,0,0,0.857148,0.4945,0.144109,-0.936591,0.274573,0.217731,-0.935931,0.0701671,-0.345124,0.858809,0.289962,-0.422337,0.173002,0.984334,-0.034006,-0.421539,0.906769,-0.00867118,-0.422423,0.704435,-0.570378,0,0,0
000626,0.500125,0.703242,0.506098,93.6192,9.12749,329.255,0.0005,0.492826,0.807555,0.324002,-0.649256,0.663846,0.371181,0,0,0,0,0,0,0.99186,0.120321,-0.0416757,-0.138721,0.934076,-0.329025,0,0,0,0.605745,0.750394,-0.264541,-0.794376,0.572776,-0.202225,0.702817,0.326673,0.631928,-0.704582,0.155321,0.692416,-0.0978259,0.899745,0.425311,0,0,0,0,0,0,-0.340055,0.555738,0.758629,0,0,0,0,0,0,0.856522,0.495294,0.145098,-0.936277,0.274481,0.219195,-0.936921,0.0707423,-0.342307,0.859448,0.290704,-0.420523,0.173028,0.984475,-0.0295086,-0.421551,0.906795,-0.0041714,-0.424294,0.706627,-0.566262,0,0,0
000627,0.506159,0.70943,0.504731,93.6192,9.12749,329.255,0.0005,0.489962,0.803881,0.337212,-0.649515,0.664112,0.370252,0,0,0,0,0,0,0.992193,0.121369,-0.0286849,-0.138988,0.936015,-0.323355,0,0,0,0.607175,0.753715,-0.251498,-0.793338,0.572641,-0.20663,0.696549,0.324316,0.640031,-0.706836,0.15633,0.689886,-0.097503,0.896546,0.432087,0,0,0,0,0,0,-0.338836,0.554704,0.75993,0,0,0,0,0,0,0.854539,0.494155,0.159921,-0.937687,0.275415,0.211872,-0.933147,0.06996,-0.352621,0.863746,0.29162,-0.410975,0.173077,0.984734,-0.0185136,-0.422008,0.906592,-0.000671598,-0.424294,0.706627,-0.566262,0,0,0
000628,0.505031,0.703952,0.501738,93.6192,9.12749,329.255,0.0005,0.490931,0.805446,0.33203,-0.649415,0.664726,0.369323,0,0,0,0,0,0,0.992148,0.12086,-0.0321827,-0.138586,0.933094,-0.331857,0,0,0,0.606494,0.751307,-0.260199,-0.793163,0.571279,-0.21103,0.69755,0.323678,0.639262,-0.704366,0.156297,0.692416,-0.0976759,0.898258,0.428476,0,0,0,0.25659,0.623464,0.738549,-0.340997,0.552488,0.760578,0,0,0,0,0,0,0.855221,0.494547,0.154984,-0.937483,0.275356,0.212849,-0.932971,0.0699469,-0.353089,0.861233,0.291304,-0.416436,0.173041,0.984544,-0.0270098,-0.421996,0.906565,-0.00767121,-0.421559,0.703953,-0.571611,0,0,0
000629,0.502481,0.708198,0.509597,93.6192,9.12749,329.255,0.0005,0.491367,0.806149,0.329671,-0.649515,0.664112,0.370252,0,0,0,0,0,0,0.992072,0.120347,-0.03618,-0.139075,0.936654,-0.321462,0,0,0,0.607392,0.752402,-0.254885,-0.794702,0.573012,-0.200266,0.701745,0.326727,0.63309,-0.707954,0.156064,0.6888,-0.0976974,0.898471,0.428024,0,0,0,0.25829,0.627543,0.73449,0,0,0,0,0,0,0,0,0,0.855686,0.494814,0.151526,-0.93711,0.274725,0.215291,-0.936446,0.0702055,-0.343716,0.86261,0.291766,-0.413252,0.173066,0.984675,-0.0215122,-0.421554,0.906803,0.000828272,-0.42601,0.709542,-0.561308,0,0,0
000630,0.506037,0.700699,0.509658,86.5982,274.344,161.657,0.0005,0.527988,0.752361,0.39393,-0.623667,0.668517,0.405122,-0.624729,0.364787,-0.690394,0,0,0,0.997314,0.072752,-0.00842263,-0.0855152,0.962581,-0.257148,0,0,0,0.647102,0.738321,-0.19011,-0.75963,0.626415,-0.174831,0.707594,0.236953,0.665706,-0.713302,0.136852,0.687366,-0.0590663,0.870206,0.489135,0,0,0,0,0,0,0,0,0,0,0,0,0,0,0,0.876946,0.436496,0.201092,-0.927188,0.305469,0.216821,-0.923726,0.145913,-0.354176,0.883439,0.280512,-0.375298,0.223302,0.973477,0.0497878,-0.375321,0.925231,0.0555189,-0.37744,0.769702,-0.514877,0,0,0
000631,0.500671,0.709213,0.50039,86.5982,274.344,161.657,0.0005,0.525559,0.748951,0.403558,-0.618395,0.662106,0.423324,0,0,0,0,0,0,0.997208,0.072243,-0.0189208,-0.0856729,0.964601,-0.24941,0,0,0,0.647663,0.737447,-0.191584,-0.760741,0.628636,-0.161524,0.703793,0.235681,0.670171,-0.702846,0.134344,0.69854,-0.0585322,0.861276,0.504754,0,0,0,0,0,0,0,0,0,0,0,0,0,0,0,0.877258,0.436092,0.200603,-0.923442,0.304237,0.233869,-0.925368,0.145665,-0.349964,0.879197,0.27813,-0.386854,0.223161,0.972886,0.0607697,-0.374469,0.924441,0.0719844,-0.379116,0.770883,-0.51187,0,0,0
000632,0.500317,0.708595,0.501455,86.5982,274.344,161.657,0.0005,0.526027,0.749607,0.401728,-0.618683,0.662416,0.422418,-0.624729,0.364787,-0.690394,0,0,0,0.997224,0.0717429,-0.0199206,-0.0856729,0.964601,-0.24941,0,0,0,0.647223,0.737706,-0.192074,-0.761059,0.628251,-0.161524,0.704587,0.236474,0.669057,-0.703095,0.134901,0.698182,-0.0585774,0.862031,0.503459,0,0,0,0,0,0,0,0,0,0,0,0,0,0,0,0.877215,0.436629,0.199623,-0.923442,0.304237,0.233869,-0.925808,0.14624,-0.348558,0.879197,0.27813,-0.386854,0.223175,0.972944,0.0597717,-0.374496,0.924507,0.0709871,-0.378439,0.771783,-0.511014,0,0,0
000633,0.505704,0.704479,0.508378,86.5982,274.344,161.657,0.0005,0.526954,0.75091,0.398062,-0.622925,0.666984,0.408775,0,0,0,0,0,0,0.997342,0.0722527,-0.00942242,-0.0856046,0.963725,-0.252798,0,0,0,0.647854,0.738413,-0.187165,-0.759526,0.627628,-0.170891,0.70633,0.23653,0.667197,-0.71195,0.136593,0.688817,-0.0589051,0.867507,0.493925,0,0,0,0,0,0,0,0,0,0,0,0,0,0,0,0.876583,0.436317,0.203051,-0.926409,0.305739,0.219748,-0.9239,0.14594,-0.353708,0.883562,0.279502,-0.375762,0.223235,0.973196,0.0552798,-0.375214,0.924961,0.0605103,-0.377657,0.77131,-0.512304,0,0,0
000634,0.508126,0.700738,0.503959,86.5982,274.344,161.657,0.0005,0.526607,0.750423,0.399437,-0.623618,0.66773,0.406492,0,0,0,0,0,0,0.997374,0.072255,-0.00492353,-0.0854445,0.961678,-0.260529,0,0,0,0.647478,0.737991,-0.190111,-0.758699,0.626292,-0.17926,0.702203,0.236203,0.671654,-0.710841,0.13689,0.689903,-0.0594334,0.867967,0.493053,0,0,0,0,0,0,0,0,0,0,0,0,0,0,0,0.875941,0.435999,0.206476,-0.927652,0.305095,0.215357,-0.921176,0.146017,-0.360713,0.883411,0.279979,-0.375761,0.222797,0.973515,0.0512856,-0.375351,0.925307,0.0540212,-0.376433,0.76645,-0.520436,0,0,0
000635,0.502998,0.70648,0.508404,86.5982,274.344,161.657,0.0005,0.52707,0.751072,0.397603,-0.621527,0.665478,0.413333,-0.627819,0.364275,-0.687857,0,0,0,0.997282,0.0722484,-0.0144216,-0.0856632,0.964476,-0.249894,0,0,0,0.647354,0.738603,-0.188146,-0.760301,0.628271,-0.164977,0.707276,0.237901,0.665706,-0.709484,0.136631,0.69135,-0.0588313,0.866272,0.496097,0,0,0,0,0,0,0,0,0,0,0,0,0,0,0,0.877125,0.436585,0.200113,-0.925667,0.304442,0.224622,-0.925636,0.146213,-0.349027,0.882151,0.279583,-0.379002,0.223215,0.973114,0.0567773,-0.375098,0.924668,0.0655002,-0.378092,0.77337,-0.508867,0,0,0
000636,0.503127,0.703337,0.507641,86.5982,274.344,161.657,0.0005,0.527645,0.751879,0.395308,-0.622088,0.666082,0.411511,-0.627086,0.36211,-0.689666,0,0,0,0.997282,0.0722484,-0.0144216,-0.085575,0.963346,-0.254248,0,0,0,0.647599,0.737376,-0.192074,-0.760171,0.627513,-0.168428,0.707435,0.237427,0.665706,-0.709484,0.136631,0.69135,-0.0589198,0.867753,0.49349,0,0,0,0,0,0,0,0,0,0,0,0,0,0,0,0.877705,0.436313,0.198153,-0.92588,0.304512,0.223648,-0.925196,0.145638,-0.350432,0.881759,0.278935,-0.38039,0.223272,0.973353,0.0522844,-0.374728,0.925092,0.0615086,-0.377657,0.77131,-0.512304,0,0,0
000637,0.504048,0.709866,0.504631,86.5982,274.344,161.657,0.0005,0.525851,0.748499,0.404017,-0.620112,0.663955,0.41788,-0.625987,0.362627,-0.690392,0,0,0,0.997315,0.0722508,-0.011922,-0.0857211,0.965219,-0.246989,0,0,0,0.648164,0.73876,-0.184709,-0.760683,0.627938,-0.164483,0.703316,0.237103,0.670171,-0.707444,0.136241,0.693514,-0.0586225,0.862784,0.502162,0,0,0,0,0,0,0,0,0,0,0,0,0,0,0,0.876217,0.436136,0.205008,-0.92519,0.304812,0.226084,-0.924423,0.146022,-0.352305,0.882483,0.279163,-0.37854,0.223139,0.972796,0.0622665,-0.374985,0.924385,0.0699895,-0.37877,0.772473,-0.509724,0,0,0
000638,0.501963,0.709056,0.509304,86.5982,274.344,161.657,0.0005,0.526839,0.750748,0.398521,-0.62068,0.664566,0.416062,-0.629804,0.364277,-0.686039,0,0,0,0.997288,0.0717475,-0.0164212,-0.0857497,0.965587,-0.245536,0,0,0,0.647916,0.738483,-0.186674,-0.761121,0.628302,-0.16103,0.707907,0.238113,0.664959,0,0,0,-0.0587719,0.86528,0.497832,0,0,0,0,0,0,0,0,0,0,0,0,0,0,0,0.877527,0.436225,0.199133,-0.924867,0.304705,0.227545,-0.926573,0.145855,-0.346683,0.882151,0.279583,-0.379002,0.223168,0.972915,0.0602707,-0.374998,0.924417,0.0694908,-0.379759,0.774532,-0.505849,0,0,0
000639,0.505168,0.709553,0.508843,86.5982,274.344,161.657,0.0005,0.525501,0.749731,0.402184,-0.621527,0.665478,0.413333,-0.627773,0.36367,-0.688219,0,0,0,0.997342,0.0722527,-0.00942242,-0.0857497,0.965587,-0.245536,0,0,0,0.648469,0.739102,-0.182253,-0.760556,0.627833,-0.16547,0.705854,0.236898,0.667569,0,0,0,-0.0587422,0.864782,0.498699,0,0,0,0,0,0,0,0,0,0,0,0,0,0,0,0.87644,0.435688,0.205009,-0.925936,0.305057,0.222673,-0.924771,0.146077,-0.351369,0.883948,0.280148,-0.374371,0.223139,0.972796,0.0622665,-0.375023,0.924482,0.0684932,-0.378531,0.774285,-0.507145,0,0,0
000640,0.507256,0.700136,0.500353,257.518,98.6934,32.5387,0.0005,0.518651,0.776587,0.357649,-0.629205,0.680539,0.375455,0,0,0,0,0,0,0.996434,0.0830455,-0.0149039,-0.098129,0.944597,-0.313221,0,0,0,0.637818,0.733409,-0.235158,-0.766819,0.606384,-0.210443,0.699872,0.279161,0.657456,-0.706827,0.16511,0.687848,-0.0677488,0.891064,0.448793,0,0,0,0,0,0,0,0,0,0,0,0,0,0,0,0.871908,0.45602,0.178386,-0.929558,0.306092,0.205497,-0.923731,0.115954,-0.365068,0.877118,0.268308,-0.39834,0.211011,0.977479,-0.00319858,-0.386362,0.922325,0.00633119,-0.38608,0.731969,-0.561394,0,0,0
000641,0.508394,0.70062,0.501522,257.518,98.6934,32.5387,0.0005,0.51845,0.776291,0.358583,-0.629586,0.680953,0.374065,0,0,0,0,0,0,0.996468,0.0830484,-0.0124048,-0.098158,0.944908,-0.312271,0,0,0,0.637528,0.73459,-0.23224,-0.766199,0.607168,-0.210444,0.699872,0.279161,0.657456,-0.708499,0.165498,0.686031,-0.0682778,0.891474,0.447897,0,0,0,0,0,0,-0.32889,0.546871,0.769911,0,0,0,0,0,0,0.87159,0.455855,0.180353,-0.930043,0.306251,0.20305,-0.923249,0.11539,-0.366464,0.878257,0.268654,-0.395587,0.211011,0.977482,-0.00169868,-0.386363,0.922328,0.00583124,0,0,0,0,0,0
000642,0.508266,0.704371,0.506501,257.518,98.6934,32.5387,0.0005,0.518249,0.775994,0.359516,-0.629586,0.680953,0.374065,0,0,0,0,0,0,0.996433,0.083547,-0.011905,-0.0983868,0.947365,-0.304662,0,0,0,0.638741,0.735209,-0.226889,-0.767093,0.607879,-0.205064,0.70231,0.28013,0.654437,-0.711725,0.16522,0.682751,-0.0682626,0.891251,0.448344,0,0,0,0,0,0,0,0,0,0,0,0,0,0,0,0.87151,0.455813,0.180844,-0.9302,0.305776,0.20305,-0.924758,0.115074,-0.36274,0.879992,0.269704,-0.390991,0.211011,0.977478,0.00330085,-0.386346,0.922284,0.0113308,-0.389145,0.735716,-0.554336,0,0,0
000643,0.504669,0.700473,0.505354,257.518,98.6934,32.5387,0.0005,0.519648,0.778058,0.352976,-0.629699,0.680338,0.374992,0,0,0,0,0,0,0.996357,0.0830391,-0.0194025,-0.0982302,0.945683,-0.309895,0,0,0,0.637363,0.733649,-0.235643,-0.767563,0.607615,-0.204085,0.704922,0.28063,0.651407,-0.708613,0.165011,0.686032,-0.0678551,0.892626,0.445662,0,0,0,0.27349,0.597166,0.754053,0,0,0,0,0,0,0,0,0,0.872765,0.456466,0.172972,-0.929068,0.30593,0.207943,-0.926368,0.115275,-0.358543,0.876972,0.268786,-0.39834,0.211499,0.977371,-0.00369856,-0.386355,0.922308,0.00883098,-0.387749,0.735195,-0.556003,0,0,0
000644,0.503859,0.708086,0.503689,257.518,98.6934,32.5387,0.0005,0.517946,0.775547,0.360915,-0.626763,0.677883,0.384243,0,0,0,0,0,0,0.996338,0.0830375,-0.0204022,-0.0984988,0.948571,-0.30085,0,0,0,0.63874,0.734453,-0.229323,-0.768739,0.608551,-0.196737,0.703288,0.279443,0.65368,-0.705821,0.164876,0.688936,-0.0675336,0.887908,0.455037,0,0,0,0,0,0,0,0,0,0,0,0,0,0,0,0.871834,0.456545,0.177401,-0.927967,0.305569,0.213319,-0.927016,0.115859,-0.356676,0.877118,0.268308,-0.39834,0.211495,0.977352,0.00730016,-0.386295,0.922162,0.0198294,-0.389275,0.738144,-0.551007,0,0,0
000645,0.505435,0.706678,0.508978,257.518,98.6934,32.5387,0.0005,0.518235,0.776865,0.357648,-0.628568,0.679846,0.377771,0,0,0,0,0,0,0.996394,0.0830422,-0.0174031,-0.0985266,0.94887,-0.299897,0,0,0,0.639118,0.734881,-0.22689,-0.768197,0.608758,-0.198208,0.705712,0.280406,0.650648,-0.710501,0.165963,0.683846,-0.0677335,0.89084,0.449239,0,0,0,0,0,0,0,0,0,0,0,0,0,0,0,0.872145,0.456143,0.17691,-0.929068,0.30593,0.207943,-0.927193,0.115881,-0.356208,0.879388,0.268998,-0.392831,0.211497,0.977361,0.00580048,-0.386319,0.922221,0.0163301,-0.389907,0.739365,-0.548919,0,0,0
000646,0.50955,0.705981,0.500307,257.518,98.6934,32.5387,0.0005,0.516824,0.773892,0.366038,-0.62844,0.679707,0.378234,0,0,0,0,0,0,0.996501,0.0830511,-0.00940607,-0.0983302,0.946757,-0.306566,0,0,0,0.639193,0.734966,-0.226403,-0.766837,0.607037,-0.208488,0.697608,0.277724,0.660464,-0.707831,0.165343,0.686759,-0.0680477,0.888098,0.45459,0,0,0,0,0,0,0,0,0,0,0,0,0,0,0,0.870846,0.454905,0.186249,-0.92985,0.306188,0.204029,-0.922641,0.115819,-0.367859,0.879388,0.268998,-0.392831,0.211007,0.977461,0.00680024,-0.386339,0.922268,0.0128306,-0.386667,0.73419,-0.558081,0,0,0
000647,0.506917,0.706657,0.50284,257.518,98.6934,32.5387,0.0005,0.517641,0.775098,0.362313,-0.628055,0.679289,0.379622,0,0,0,0,0,0,0.996442,0.0830461,-0.0144041,-0.098415,0.947668,-0.303709,0,0,0,0.639043,0.734796,-0.227376,-0.767802,0.607805,-0.202616,0.700668,0.27894,0.656702,-0.707496,0.165265,0.687122,-0.06758,0.888588,0.453701,0,0,0,0,0,0,0,0,0,0,0,0,0,0,0,0.87143,0.455771,0.181336,-0.929322,0.305488,0.207454,-0.924876,0.115593,-0.362274,0.878489,0.269247,-0.394668,0.211496,0.977355,0.00680028,-0.386322,0.922228,0.0158302,-0.387817,0.736413,-0.554341,0,0,0
000648,0.505973,0.701896,0.506943,257.518,98.6934,32.5387,0.0005,0.51935,0.777619,0.354379,-0.629586,0.680953,0.374065,0,0,0,0,0,0,0.996444,0.0825446,-0.0169033,-0.0983017,0.946451,-0.307518,0,0,0,0.637982,0.734349,-0.231755,-0.767563,0.607615,-0.204085,0.705107,0.280165,0.651407,-0.710168,0.165885,0.68421,-0.0678551,0.892626,0.445662,0,0,0,0.273195,0.597717,0.753724,0,0,0,0,0,0,0,0,0,0.872379,0.456265,0.175433,-0.929461,0.30606,0.205986,-0.926129,0.115749,-0.35901,0.878446,0.268712,-0.395128,0.2115,0.977378,-0.000698752,-0.386352,0.922299,0.0098309,-0.38826,0.736181,-0.55434,0,0,0
000649,0.508692,0.707083,0.507081,257.518,98.6934,32.5387,0.0005,0.517226,0.775376,0.362312,-0.629078,0.680401,0.375919,0,0,0,0,0,0,0.996527,0.0825516,-0.0109054,-0.0984988,0.948571,-0.30085,0,0,0,0.639336,0.735883,-0.222993,-0.767412,0.608134,-0.203106,0.702376,0.27908,0.654815,-0.711612,0.165707,0.682751,-0.0681709,0.889905,0.451024,0,0,0,0,0,0,0,0,0,0,0,0,0,0,0,0.870793,0.456004,0.183793,-0.9302,0.305776,0.20305,-0.924758,0.115074,-0.36274,0.880738,0.269931,-0.38915,0.211494,0.977344,0.00829991,-0.386328,0.922242,0.0148304,-0.389022,0.737654,-0.551841,0,0,0
000650,0.50262,0.705548,0.502524,275.508,275.699,312.803,0.0005,0.462805,0.798519,0.384939,-0.669453,0.600776,0.436921,-0.677993,0.298632,-0.671673,0,0,0,0.98438,0.169981,-0.0458614,-0.18815,0.950019,-0.249127,0,0,0,0.564995,0.797772,-0.210571,-0.823147,0.549546,-0.142925,0.698205,0.305026,0.647664,0,0,0,-0.127616,0.854904,0.502846,0,0,0,0,0,0,0,0,0,0,0,0,0,0,0,0.835582,0.520882,0.174599,-0.942765,0.212564,0.256927,-0.944725,0.0535745,-0.323456,0.836157,0.364015,-0.410286,0.12788,0.990503,0.0504956,-0.461615,0.883585,0.0786657,-0.467993,0.727888,-0.50116,0,0,0
000651,0.50269,0.700152,0.505588,275.508,275.699,312.803,0.0005,0.463919,0.801399,0.377542,-0.671053,0.602894,0.431517,-0.67901,0.297989,-0.670931,0,0,0,0.984334,0.169973,-0.0468602,-0.187872,0.948532,-0.254933,0,0,0,0.564717,0.796531,-0.215945,-0.822727,0.549264,-0.146389,0.70067,0.306646,0.644228,0,0,0,-0.128209,0.859105,0.495481,0,0,0,0,0,0,0,0,0,0,0,0,0,0,0,0.836313,0.521335,0.169674,-0.943636,0.21276,0.253543,-0.94518,0.0541011,-0.322037,0.836168,0.363475,-0.410742,0.127934,0.990893,0.0420053,-0.461888,0.884117,0.0706883,-0.466615,0.727577,-0.502893,0,0,0
000652,0.509909,0.700077,0.502548,275.508,275.699,312.803,0.0005,0.462373,0.79877,0.384938,-0.673613,0.60453,0.425192,-0.672438,0.296172,-0.678314,0,0,0,0.984799,0.170561,-0.0328743,-0.187683,0.947522,-0.258799,0,0,0,0.565179,0.798028,-0.209105,-0.821144,0.548201,-0.158741,0.69513,0.303139,0.651845,0,0,0,-0.128139,0.858614,0.496349,0,0,0,0,0,0,0,0,0,0,0,0,0,0,0,0.834709,0.519754,0.181978,-0.946418,0.213385,0.242405,-0.940391,0.0543301,-0.335728,0.839327,0.365387,-0.40252,0.127919,0.990786,0.0445029,-0.462517,0.884247,0.0647023,-0.463897,0.724204,-0.510223,0,0,0
000653,0.502091,0.704222,0.50016,275.508,275.699,312.803,0.0005,0.462373,0.79877,0.384938,-0.668803,0.60019,0.438719,-0.676156,0.299459,-0.673154,0,0,0,0.984311,0.169969,-0.0473597,-0.188012,0.94928,-0.252031,0,0,0,0.564215,0.797545,-0.213502,-0.823306,0.54905,-0.143915,0.697314,0.304637,0.648806,0,0,0,-0.127581,0.854655,0.503278,0,0,0,0,0,0,0,0,0,0,0,0,0,0,0,0.83573,0.520974,0.173615,-0.942388,0.212479,0.258376,-0.944535,0.0540645,-0.32393,0.835024,0.363525,-0.41302,0.127894,0.990601,0.0484983,-0.461651,0.883655,0.0776688,-0.466481,0.727365,-0.503325,0,0,0
000654,0.507505,0.702093,0.505499,275.508,275.699,312.803,0.0005,0.462665,0.799267,0.383553,-0.672822,0.603817,0.427453,-0.675945,0.298272,-0.673893,0,0,0,0.984746,0.170044,-0.0368704,-0.187919,0.948782,-0.253966,0,0,0,0.5653,0.798197,-0.208127,-0.82192,0.548722,-0.152815,0.697811,0.304309,0.648426,0,0,0,-0.128139,0.858614,0.496349,0,0,0,0,0,0,0,0,0,0,0,0,0,0,0,0.835246,0.520086,0.178536,-0.945814,0.212737,0.245313,-0.942413,0.0539441,-0.330072,0.839142,0.365307,-0.402978,0.127414,0.990782,0.046001,-0.462395,0.884009,0.068693,-0.466364,0.726242,-0.505051,0,0,0
000655,0.50926,0.708251,0.506393,275.508,275.699,312.803,0.0005,0.461194,0.796765,0.390468,-0.672027,0.603099,0.429712,-0.677166,0.297172,-0.673152,0,0,0,0.984916,0.170074,-0.0318752,-0.188286,0.950749,-0.246221,0,0,0,0.566022,0.800054,-0.198828,-0.822234,0.548933,-0.150344,0.696025,0.30353,0.650706,0,0,0,-0.128251,0.855825,0.501114,0,0,0,0,0,0,0,0,0,0,0,0,0,0,0,0.83382,0.519791,0.185908,-0.945943,0.213278,0.244344,-0.941752,0.0539066,-0.331959,0.841545,0.365801,-0.397482,0.127345,0.990277,0.0559866,-0.462182,0.883593,0.0751759,-0.467418,0.72885,-0.500298,0,0,0
000656,0.501782,0.703372,0.506447,275.508,275.699,312.803,0.0005,0.463439,0.800583,0.379856,-0.670423,0.601652,0.434221,-0.680241,0.300175,-0.668705,0,0,0,0.984287,0.169965,-0.0478591,-0.188104,0.949773,-0.250096,0,0,0,0.565093,0.797054,-0.213015,-0.823207,0.549586,-0.142431,0.70166,0.305987,0.643464,0,0,0,-0.128001,0.857629,0.498084,0,0,0,0,0,0,0,0,0,0,0,0,0,0,0,0.836241,0.521291,0.170167,-0.943249,0.21216,0.255477,-0.945952,0.0546456,-0.319669,0.836345,0.364096,-0.40983,0.127904,0.990672,0.0470001,-0.461721,0.883791,0.0756748,-0.468106,0.729004,-0.49943,0,0,0
000657,0.502849,0.705865,0.509685,275.508,275.699,312.803,0.0005,0.462717,0.800342,0.381242,-0.671067,0.602232,0.432418,-0.682073,0.300986,-0.666472,0,0,0,0.984424,0.169989,-0.0448625,-0.188309,0.95087,-0.245737,0,0,0,0.565014,0.798654,-0.207148,-0.823602,0.549249,-0.141441,0.702049,0.306702,0.642698,0,0,0,-0.128035,0.857876,0.497651,0,0,0,0,0,0,0,0,0,0,0,0,0,0,0,0.835803,0.52102,0.173122,-0.943993,0.212327,0.252576,-0.945981,0.0541465,-0.319669,0.838415,0.364447,-0.405265,0.12788,0.990503,0.0504956,-0.462112,0.883458,0.07717,-0.4693,0.730897,-0.495527,0,0,0
000658,0.500968,0.705228,0.500527,275.508,275.699,312.803,0.0005,0.462373,0.79877,0.384938,-0.668151,0.599601,0.440516,-0.676981,0.300918,-0.671674,0,0,0,0.984215,0.169953,-0.0493573,-0.188104,0.949773,-0.250096,0,0,0,0.564623,0.797256,-0.213503,-0.823105,0.55012,-0.140946,0.698205,0.305026,0.647664,0,0,0,-0.127511,0.854156,0.504142,0,0,0,0,0,0,0,0,0,0,0,0,0,0,0,0.836214,0.520686,0.172138,-0.941754,0.212336,0.260791,-0.945209,0.0536019,-0.322037,0.834644,0.36336,-0.41393,0.127884,0.990528,0.0499963,-0.461579,0.883515,0.0796625,-0.46786,0.727676,-0.501593,0,0,0
000659,0.50272,0.706894,0.505145,275.508,275.699,312.803,0.0005,0.462373,0.79877,0.384938,-0.669777,0.601069,0.436021,-0.67963,0.299904,-0.669448,0,0,0,0.984424,0.169989,-0.0448625,-0.188286,0.950749,-0.246221,0,0,0,0.5653,0.798197,-0.208127,-0.823105,0.55012,-0.140946,0.698895,0.305872,0.64652,0,0,0,-0.127686,0.855401,0.501981,0,0,0,0,0,0,0,0,0,0,0,0,0,0,0,0.835846,0.520458,0.1746,-0.943015,0.21262,0.255961,-0.945312,0.0546093,-0.321563,0.837283,0.364502,-0.407548,0.12787,0.990427,0.0519935,-0.462022,0.883283,0.0796622,-0.467795,0.730385,-0.4977,0,0,0
000660,0.504838,0.706141,0.500312,82.9431,308.256,102.112,0.0005,0.537708,0.734386,0.414182,-0.609951,0.67141,0.420914,-0.611385,0.380496,-0.693852,0,0,0,0.998536,0.0538184,-0.00548396,-0.0663246,0.967468,-0.244144,0,0,0,0.662444,0.72742,-0.178965,-0.746927,0.643474,-0.167455,0.702201,0.215923,0.678448,-0.706159,0.141835,0.693702,-0.0449653,0.858777,0.510373,0,0,0,0,0,0,0,0,0,0,0,0,0,0,0,0.88326,0.417154,0.214088,-0.920679,0.319726,0.223886,-0.918227,0.166557,-0.35933,0.888123,0.266747,-0.374277,0.241026,0.968035,0.0693925,-0.358091,0.930841,0.0728454,-0.360035,0.780987,-0.510328,0,0,0
000661,0.508106,0.701658,0.505352,82.9431,308.256,102.112,0.0005,0.538533,0.736335,0.409625,-0.613155,0.674957,0.410456,0,0,0,0,0,0,0.998551,0.0538192,0.000514822,-0.0662532,0.966237,-0.24899,0,0,0,0.662256,0.727953,-0.177488,-0.745956,0.642634,-0.174844,0.70382,0.216419,0.676609,-0.712786,0.142137,0.686829,-0.0456881,0.863807,0.501747,0,0,0,0,0,0,0,0,0,0,0,0,0,0,0,0.882853,0.417515,0.215065,-0.922748,0.320443,0.21413,-0.916984,0.166332,-0.362594,0.890612,0.267488,-0.367777,0.240641,0.968541,0.0634061,-0.358319,0.931446,0.0633679,-0.359615,0.780055,-0.512047,0,0,0
000662,0.504316,0.708422,0.502531,82.9431,308.256,102.112,0.0005,0.537182,0.734515,0.414636,-0.609668,0.671098,0.421821,-0.61397,0.380931,-0.691327,0,0,0,0.998556,0.0533188,-0.00648383,-0.0663805,0.968435,-0.240264,0,0,0,0.662436,0.728147,-0.176012,-0.747428,0.643907,-0.16351,0.704113,0.215463,0.676609,-0.707179,0.142039,0.69262,-0.044954,0.858522,0.510803,0,0,0,0,0,0,0,0,0,0,0,0,0,0,0,0.883047,0.417606,0.214088,-0.920467,0.319652,0.22486,-0.919197,0.166225,-0.356996,0.888625,0.266375,-0.373349,0.240982,0.967864,0.0718858,-0.358013,0.930632,0.0758369,-0.360625,0.783511,-0.506024,0,0,0
000663,0.504183,0.703281,0.508723,82.9431,308.256,102.112,0.0005,0.539626,0.737808,0.405516,-0.612188,0.673887,0.413644,-0.615015,0.385119,-0.688069,0,0,0,0.998526,0.0538179,-0.00698377,-0.0663246,0.967468,-0.244144,0,0,0,0.661644,0.728027,-0.179455,-0.747643,0.642771,-0.166962,0.708332,0.2178,0.671438,-0.712014,0.142493,0.687555,-0.0451998,0.864083,0.501316,0,0,0,0,0,0,0,0,0,0,0,0,0,0,0,0.884715,0.417284,0.207736,-0.921414,0.31998,0.220473,-0.920247,0.166414,-0.354192,0.889373,0.267119,-0.371029,0.241126,0.96842,0.0634064,-0.358203,0.931138,0.0683568,-0.360625,0.783511,-0.506024,0,0,0
000664,0.5076,0.704519,0.506869,82.9431,308.256,102.112,0.0005,0.538691,0.73571,0.410539,-0.612095,0.67453,0.412734,0,0,0,0,0,0,0.998551,0.0538192,1.49625e-05,-0.0663246,0.967468,-0.244144,0,0,0,0.662614,0.72834,-0.174536,-0.746479,0.643086,-0.170905,0.704937,0.216238,0.675504,-0.712492,0.143608,0.686828,-0.0456438,0.862803,0.503476,0,0,0,0,0,0,0,0,0,0,0,0,0,0,0,0.882755,0.417469,0.215553,-0.922608,0.319865,0.215595,-0.917873,0.166493,-0.360263,0.891108,0.267114,-0.366848,0.24106,0.968167,0.0673975,-0.358227,0.931202,0.0673591,-0.360104,0.782355,-0.508178,0,0,0
000665,0.505239,0.709642,0.500331,82.9431,308.256,102.112,0.0005,0.536717,0.73305,0.417819,-0.609101,0.67047,0.423633,-0.612238,0.380439,-0.693131,0,0,0,0.998541,0.0538187,-0.0044841,-0.0663943,0.968675,-0.239293,0,0,0,0.662304,0.728741,-0.174043,-0.747304,0.643799,-0.164497,0.701227,0.215625,0.679549,-0.706159,0.141835,0.693702,-0.044886,0.856987,0.51338,0,0,0,0,0,0,0,0,0,0,0,0,0,0,0,0.882675,0.416879,0.217017,-0.920467,0.319652,0.22486,-0.918227,0.166557,-0.35933,0.888839,0.26696,-0.372421,0.240927,0.967651,0.0748769,-0.357972,0.930524,0.0773324,-0.360313,0.782818,-0.507317,0,0,0
000666,0.500678,0.70856,0.506168,82.9431,308.256,102.112,0.0005,0.53918,0.736368,0.408714,-0.608873,0.670963,0.423181,-0.617531,0.384333,-0.686253,0,0,0,0.99846,0.0538143,-0.0134831,-0.066408,0.968913,-0.238323,0,0,0,0.662383,0.727354,-0.179456,-0.748483,0.644158,-0.157588,0.708625,0.216844,0.671439,-0.707277,0.141548,0.692621,-0.0450216,0.860049,0.508222,0,0,0,0,0,0,0,0,0,0,0,0,0,0,0,0.884782,0.417868,0.206268,-0.919121,0.319715,0.230216,-0.922143,0.167773,-0.348575,0.887404,0.266533,-0.37613,0.241009,0.967967,0.0703899,-0.357478,0.930631,0.0783296,-0.36257,0.78539,-0.501702,0,0,0
000667,0.507109,0.703802,0.501507,82.9431,308.256,102.112,0.0005,0.537552,0.735014,0.413271,-0.611493,0.673118,0.415919,-0.610735,0.378911,-0.69529,0,0,0,0.998576,0.0533199,-0.00148466,-0.066282,0.966733,-0.247052,0,0,0,0.662565,0.727551,-0.177981,-0.746285,0.642918,-0.172382,0.702023,0.215346,0.678815,-0.709409,0.141464,0.690454,-0.0450552,0.860809,0.50693,0,0,0,0,0,0,0,0,0,0,0,0,0,0,0,0.882658,0.417423,0.216041,-0.921829,0.320124,0.218522,-0.916894,0.166824,-0.362594,0.889517,0.26664,-0.371029,0.241069,0.9682,0.0668987,-0.358215,0.93117,0.067858,-0.359858,0.779379,-0.512904,0,0,0
000668,0.507967,0.703324,0.503999,82.9431,308.256,102.112,0.0005,0.537798,0.735345,0.41236,-0.612465,0.674194,0.412734,-0.611355,0.379888,-0.694212,0,0,0,0.998551,0.0538192,0.000514822,-0.066282,0.966733,-0.247052,0,0,0,0.662376,0.728083,-0.176504,-0.74648,0.642426,-0.173367,0.702996,0.215644,0.677713,-0.711339,0.142358,0.688281,-0.0456216,0.862299,0.50434,0,0,0,0,0,0,0,0,0,0,0,0,0,0,0,0.88256,0.417377,0.216529,-0.922342,0.320302,0.216083,-0.916894,0.166824,-0.362594,0.890579,0.266957,-0.368242,0.241077,0.968232,0.0663998,-0.358262,0.931295,0.0658625,-0.360174,0.78008,-0.511616,0,0,0
000669,0.503221,0.705807,0.504678,82.9431,308.256,102.112,0.0005,0.538533,0.736335,0.409625,-0.610514,0.672033,0.419099,-0.615142,0.381662,-0.68988,0,0,0,0.99851,0.0538171,-0.00898356,-0.0663527,0.967954,-0.242205,0,0,0,0.662013,0.727691,-0.179456,-0.747956,0.643042,-0.164496,0.70608,0.217111,0.674028,-0.708393,0.141261,0.691538,-0.0450552,0.860809,0.50693,0,0,0,0,0,0,0,0,0,0,0,0,0,0,0,0.88391,0.418011,0.209691,-0.920467,0.319652,0.22486,-0.920068,0.167398,-0.354192,0.888267,0.266268,-0.374277,0.24106,0.968167,0.0673975,-0.358091,0.930841,0.0728454,-0.360171,0.783719,-0.506025,0,0,0
000670,0.500548,0.709474,0.502298,95.4957,69.2011,250.335,0.0005,0.505935,0.78766,0.351598,-0.635,0.669075,0.386152,0,0,0,0,0,0,0.994571,0.0993546,-0.030951,-0.115564,0.94467,-0.306991,0,0,0,0.624717,0.742682,-0.241146,-0.780389,0.594505,-0.193794,0.701147,0.298076,0.647722,-0.702425,0.159008,0.693769,-0.080576,0.889123,0.450519,0,0,0,0,0,0,-0.33187,0.543863,0.770763,0,0,0,0,0,0,0.865359,0.47283,0.166091,-0.930678,0.291544,0.221,-0.931704,0.0974057,-0.349914,0.868786,0.279058,-0.409069,0.195143,0.980774,-0.00117145,-0.401126,0.915844,0.0181015,-0.404616,0.727274,-0.5544,0,0,0
000671,0.502956,0.700277,0.506672,95.4957,69.2011,250.335,0.0005,0.508438,0.790581,0.341281,-0.639267,0.672868,0.372273,0,0,0,0,0,0,0.994672,0.0993647,-0.0274526,-0.115201,0.941415,-0.316965,0,0,0,0.624228,0.741341,-0.24648,-0.778812,0.593297,-0.203594,0.704316,0.298875,0.643905,-0.708263,0.159805,0.687623,-0.0811249,0.895758,0.437078,0,0,0,0.265636,0.610645,0.746023,0,0,0,0,0,0,0,0,0,0.865936,0.473143,0.162145,-0.93274,0.292189,0.211236,-0.930883,0.0968176,-0.352255,0.870298,0.279015,-0.405873,0.195122,0.980677,-0.0141695,-0.401189,0.91599,0.0031034,-0.402579,0.724582,-0.559384,0,0,0
000672,0.509697,0.700877,0.506617,95.4957,69.2011,250.335,0.0005,0.50712,0.788561,0.347852,-0.640677,0.67509,0.365768,0,0,0,0,0,0,0.99495,0.0993925,-0.0139583,-0.115183,0.941257,-0.31744,0,0,0,0.625262,0.743319,-0.237748,-0.777459,0.591632,-0.213374,0.699849,0.296983,0.649625,-0.713051,0.160366,0.682525,-0.0816409,0.895931,0.436627,0,0,0,0.265184,0.608395,0.748019,0,0,0,0,0,0,0,0,0,0.864479,0.471784,0.173481,-0.935092,0.292925,0.199495,-0.926792,0.0963921,-0.362994,0.874345,0.280829,-0.395797,0.195132,0.980724,-0.01017,-0.401649,0.915793,-0.00139635,-0.401942,0.72237,-0.562693,0,0,0
000673,0.50001,0.706627,0.500152,95.4957,69.2011,250.335,0.0005,0.506834,0.788123,0.349258,-0.635265,0.669356,0.385229,0,0,0,0,0,0,0.994473,0.0998473,-0.0324502,-0.115393,0.943133,-0.311745,0,0,0,0.624308,0.741435,-0.245995,-0.780002,0.594209,-0.196246,0.701044,0.297489,0.648103,-0.701289,0.157729,0.695209,-0.0806502,0.890019,0.448733,0,0,0,0,0,0,0,0,0,0,0,0,0,0,0,0.86596,0.472588,0.163625,-0.930466,0.291478,0.221975,-0.931407,0.0968721,-0.350851,0.867569,0.278145,-0.412261,0.195139,0.980759,-0.00567061,-0.401152,0.915903,0.0141025,-0.402676,0.725804,-0.557727,0,0,0
000674,0.505691,0.709588,0.506026,95.4957,69.2011,250.335,0.0005,0.50639,0.786528,0.353471,-0.63736,0.671575,0.377835,0,0,0,0,0,0,0.994829,0.0993803,-0.0209552,-0.115598,0.944975,-0.306039,0,0,0,0.625951,0.744125,-0.233376,-0.779373,0.593727,-0.200166,0.699757,0.29803,0.649244,-0.708598,0.15988,0.68726,-0.0807242,0.890912,0.446945,0,0,0,0.264731,0.604909,0.751001,-0.332982,0.548585,0.766927,0,0,0,0,0,0,0.86424,0.472223,0.17348,-0.932841,0.292221,0.210748,-0.929422,0.0971683,-0.355996,0.873135,0.279394,-0.399467,0.195143,0.980774,0.000828033,-0.401612,0.915709,0.0136025,-0.404616,0.727274,-0.5544,0,0,0
000675,0.507793,0.702495,0.503564,95.4957,69.2011,250.335,0.0005,0.506739,0.787977,0.349726,-0.639159,0.673482,0.371345,0,0,0,0,0,0,0.994846,0.0998845,-0.0174567,-0.115201,0.941415,-0.316965,0,0,0,0.624647,0.743369,-0.239203,-0.777745,0.59248,-0.209954,0.698756,0.297063,0.650764,-0.709823,0.15913,0.68617,-0.0809622,0.893788,0.441121,0,0,0,0,0,0,0,0,0,0,0,0,0,0,0,0.864316,0.472264,0.172988,-0.934031,0.292593,0.20488,-0.927281,0.0969456,-0.361596,0.872602,0.279749,-0.400383,0.195135,0.980738,-0.00867021,-0.401648,0.915792,0.00210343,-0.401505,0.722612,-0.562695,0,0,0
000676,0.509869,0.707473,0.501618,95.4957,69.2011,250.335,0.0005,0.504998,0.78531,0.358142,-0.638755,0.672325,0.374128,0,0,0,0,0,0,0.994964,0.0993938,-0.0129589,-0.115393,0.943133,-0.311745,0,0,0,0.626102,0.744302,-0.232404,-0.777745,0.59248,-0.209954,0.695645,0.295202,0.65493,-0.709043,0.159467,0.686897,-0.0812037,0.890645,0.44739,0,0,0,0,0,0,-0.334748,0.545714,0.768206,0,0,0,0,0,0,0.863152,0.471632,0.180367,-0.934375,0.292177,0.203901,-0.925835,0.0967952,-0.365322,0.87412,0.280233,-0.396715,0.195143,0.980775,-0.000671565,-0.401638,0.915767,0.00760318,-0.401908,0.723352,-0.561455,0,0,0
000677,0.509129,0.709916,0.502844,95.4957,69.2011,250.335,0.0005,0.504802,0.785009,0.359075,-0.637619,0.67185,0.376909,0,0,0,0,0,0,0.99495,0.0993925,-0.0139583,-0.11553,0.944365,-0.307942,0,0,0,0.626785,0.744331,-0.23046,-0.778405,0.592986,-0.206041,0.696248,0.295457,0.654174,-0.709043,0.159467,0.686897,-0.0806132,0.889572,0.449626,0,0,0,0,0,0,0,0,0,0,0,0,0,0,0,0.863152,0.471632,0.180367,-0.933737,0.292501,0.206347,-0.92656,0.0968706,-0.36346,0.874309,0.280293,-0.396257,0.195143,0.980771,0.00282738,-0.401625,0.915737,0.0111029,-0.403284,0.724831,-0.558553,0,0,0
000678,0.5086,0.708141,0.504461,95.4957,69.2011,250.335,0.0005,0.505486,0.786057,0.355807,-0.638264,0.672533,0.374592,0,0,0,0,0,0,0.994978,0.0988929,-0.0154576,-0.115975,0.943844,-0.309367,0,0,0,0.626484,0.74398,-0.232404,-0.778405,0.592986,-0.206041,0.698247,0.295761,0.651903,-0.709494,0.160593,0.686169,-0.081259,0.891313,0.446048,0,0,0,0,0,0,0,0,0,0,0,0,0,0,0,0.863545,0.471846,0.177909,-0.933933,0.292562,0.205369,-0.927281,0.0969456,-0.361596,0.874273,0.279757,-0.396716,0.195143,0.980775,-0.000171692,-0.401633,0.915756,0.00910308,-0.40298,0.725318,-0.55814,0,0,0
000679,0.509446,0.709163,0.508221,95.4957,69.2011,250.335,0.0005,0.505583,0.786206,0.35534,-0.638904,0.673212,0.372273,0,0,0,0,0,0,0.994964,0.0993938,-0.0129589,-0.115598,0.944975,-0.306039,0,0,0,0.627083,0.74468,-0.228514,-0.778347,0.593571,-0.204574,0.699055,0.29719,0.650384,-0.713161,0.159878,0.682525,-0.0813324,0.8922,0.444257,0,0,0,0,0,0,0,0,0,0,0,0,0,0,0,0.863467,0.471803,0.178401,-0.93442,0.292715,0.202922,-0.927767,0.0974989,-0.360197,0.875846,0.281308,-0.392122,0.194653,0.98087,0.00182772,-0.401629,0.915747,0.010103,-0.40553,0.725816,-0.555641,0,0,0
000680,0.501773,0.704153,0.503123,172.51,27.7955,51.6047,0.0005,0.530557,0.77512,0.343072,-0.617488,0.697649,0.363311,0,0,0,0,0,0,0.997742,0.0646528,-0.0182072,-0.078351,0.941899,-0.326632,0,0,0,0.652717,0.716468,-0.246239,-0.755468,0.618449,-0.21631,0.704194,0.282023,0.651593,-0.706858,0.192359,0.680698,-0.0548862,0.900332,0.431728,0,0,0,0,0,0,0,0,0,0,0,0,0,0,0,0.879681,0.444474,0.169128,-0.92353,0.326468,0.201273,-0.922701,0.125231,-0.364611,0.883142,0.243291,-0.401085,0.229551,0.973126,-0.018249,-0.368904,0.929446,-0.00625468,0,0,0,0,0,0
000681,0.509668,0.705723,0.50527,172.51,27.7955,51.6047,0.0005,0.528462,0.77298,0.351042,-0.619623,0.700075,0.354912,0,0,0,0,0,0,0.997936,0.0641642,-0.00271099,-0.078398,0.942548,-0.324741,0,0,0,0.654756,0.718671,-0.234107,-0.754163,0.616729,-0.225575,0.700431,0.279984,0.65651,-0.713979,0.19325,0.67297,-0.0553967,0.900518,0.431276,0,0,0,0.276682,0.60482,0.746752,-0.325511,0.57031,0.754181,0,0,0,0,0,0,0.87756,0.44341,0.182415,-0.926017,0.327878,0.187051,-0.918485,0.124661,-0.375294,0.888791,0.244315,-0.387763,0.229573,0.973214,-0.0122505,-0.369357,0.929231,-0.0102544,0,0,0,0,0,0
000682,0.508175,0.707507,0.503462,172.51,27.7955,51.6047,0.0005,0.528674,0.772408,0.351979,-0.618443,0.698734,0.359581,0,0,0,0,0,0,0.997894,0.0646625,-0.00521004,-0.0784446,0.943194,-0.322849,0,0,0,0.654307,0.718922,-0.234592,-0.754366,0.617543,-0.222651,0.699821,0.27974,0.657264,-0.711245,0.193028,0.675923,-0.0548056,0.898818,0.434882,0,0,0,0.275145,0.603883,0.748078,0,0,0,0,0,0,0,0,0,0.877642,0.443451,0.181923,-0.925124,0.327562,0.191959,-0.919041,0.124736,-0.373904,0.887665,0.244008,-0.390526,0.229579,0.973236,-0.010251,-0.369369,0.929262,-0.00625465,0,0,0,0,0,0
000683,0.509755,0.706464,0.50146,172.51,27.7955,51.6047,0.0005,0.528272,0.771829,0.35385,-0.618917,0.699272,0.357714,0,0,0,0,0,0,0.997937,0.0641643,-0.0022112,-0.0783745,0.942224,-0.325687,0,0,0,0.654307,0.718922,-0.234592,-0.753901,0.616513,-0.227036,0.697987,0.279008,0.659522,-0.711375,0.192545,0.675923,-0.0553046,0.898788,0.434881,0,0,0,0.274515,0.602524,0.749404,-0.325138,0.56661,0.757125,0,0,0,0,0,0,0.877458,0.442799,0.18438,-0.925663,0.327752,0.189015,-0.917432,0.124014,-0.378073,0.887909,0.244592,-0.389605,0.229576,0.973226,-0.0112507,-0.36936,0.92924,-0.00925446,0,0,0,0,0,0
000684,0.507209,0.703453,0.509764,172.51,27.7955,51.6047,0.0005,0.530459,0.774979,0.343542,-0.620091,0.700606,0.353041,0,0,0,0,0,0,0.99791,0.0641626,-0.00770928,-0.078398,0.942548,-0.324741,0,0,0,0.653907,0.718489,-0.237021,-0.754999,0.616769,-0.222651,0.704985,0.2818,0.650834,-0.715146,0.194084,0.671489,-0.0550341,0.903116,0.425856,0,0,0,0,0,0,-0.327181,0.573257,0.751218,0,0,0,0,0,0,0.87868,0.443972,0.17553,-0.925407,0.328192,0.189505,-0.920949,0.124489,-0.369262,0.888229,0.244162,-0.389145,0.229557,0.973151,-0.0167493,-0.369351,0.929216,-0.0117542,0,0,0,0,0,0
000685,0.505281,0.707504,0.507473,172.51,27.7955,51.6047,0.0005,0.529259,0.774127,0.347294,-0.618443,0.698734,0.359581,0,0,0,0,0,0,0.997882,0.0641608,-0.0107086,-0.0785025,0.943996,-0.320482,0,0,0,0.654646,0.717816,-0.237023,-0.755384,0.61838,-0.216798,0.703892,0.281902,0.651972,-0.71144,0.193599,0.675554,-0.0548747,0.900117,0.432179,0,0,0,0.276261,0.607477,0.744749,-0.324021,0.570723,0.75451,0,0,0,0,0,0,0.87868,0.443972,0.17553,-0.924485,0.327336,0.195392,-0.921794,0.125108,-0.366938,0.886967,0.244335,-0.391906,0.229575,0.97322,-0.0117506,-0.369372,0.92927,-0.00475475,0,0,0,0,0,0
000686,0.507216,0.703825,0.506892,172.51,27.7955,51.6047,0.0005,0.530066,0.774413,0.345419,-0.619623,0.700075,0.354912,0,0,0,0,0,0,0.99791,0.0641626,-0.00770928,-0.0783745,0.942224,-0.325687,0,0,0,0.654403,0.717554,-0.238479,-0.754596,0.617085,-0.223139,0.703657,0.280732,0.65273,-0.713198,0.193557,0.673709,-0.0549661,0.901836,0.428569,0,0,0,0,0,0,-0.326069,0.571294,0.753195,0,0,0,0,0,0,0.878523,0.443893,0.176514,-0.925228,0.328129,0.190487,-0.920332,0.12491,-0.370656,0.887477,0.243956,-0.390986,0.229561,0.973167,-0.0157496,-0.369353,0.929221,-0.0112543,0,0,0,0,0,0
000687,0.504458,0.70676,0.507118,172.51,27.7955,51.6047,0.0005,0.530479,0.77413,0.34542,-0.618205,0.698464,0.360514,0,0,0,0,0,0,0.997859,0.0641593,-0.0127082,-0.0784678,0.943516,-0.321903,0,0,0,0.654322,0.717466,-0.238965,-0.756017,0.617606,-0.216798,0.704868,0.281215,0.651214,-0.710787,0.193422,0.676291,-0.0548862,0.900332,0.431728,0,0,0,0.277624,0.60685,0.744754,-0.324705,0.569901,0.754837,0,0,0,0,0,0,0.878992,0.444128,0.173561,-0.924301,0.327271,0.196373,-0.922157,0.125157,-0.366007,0.886342,0.243646,-0.393745,0.229572,0.973208,-0.0127503,-0.369372,0.92927,-0.00475475,0,0,0,0,0,0
000688,0.509227,0.708404,0.501395,172.51,27.7955,51.6047,0.0005,0.527455,0.771528,0.355718,-0.618205,0.698464,0.360514,0,0,0,0,0,0,0.997934,0.0641641,-0.00321078,-0.078433,0.943033,-0.323322,0,0,0,0.654836,0.718757,-0.233621,-0.754423,0.616943,-0.224113,0.697495,0.27935,0.659897,-0.710722,0.192369,0.676659,-0.0552467,0.8977,0.437131,0,0,0,0.275404,0.600876,0.7504,0,0,0,0,0,0,0,0,0,0.87715,0.443204,0.184871,-0.925305,0.327626,0.190978,-0.917926,0.124585,-0.376684,0.887854,0.244059,-0.390066,0.229582,0.97325,-0.0087515,-0.369369,0.929262,-0.00625465,0,0,0,0,0,0
000689,0.508856,0.706615,0.509977,172.51,27.7955,51.6047,0.0005,0.52906,0.773841,0.348231,-0.619858,0.700341,0.353977,0,0,0,0,0,0,0.9979,0.0646629,-0.00371058,-0.0784909,0.943836,-0.320956,0,0,0,0.655073,0.719013,-0.232163,-0.754854,0.617297,-0.221676,0.703471,0.281196,0.65273,-0.715793,0.194259,0.670748,-0.0554424,0.901377,0.42947,0,0,0,0.278845,0.607106,0.744088,-0.327245,0.572356,0.751877,0,0,0,0,0,0,0.87819,0.443167,0.179957,-0.925929,0.327846,0.187542,-0.920216,0.12439,-0.37112,0.889591,0.245052,-0.385458,0.229576,0.973226,-0.0112507,-0.369362,0.929244,-0.00875449,0,0,0,0,0,0
000690,0.507268,0.703963,0.508203,271.031,254.579,203.117,0.0005,0.484824,0.786052,0.383494,-0.65631,0.628594,0.417285,-0.661496,0.317188,-0.67957,0,0,0,0.990198,0.136799,-0.0281756,-0.153838,0.953817,-0.258007,0,0,0,0.594095,0.777932,-0.204631,-0.802108,0.575046,-0.161074,0.702766,0.285877,0.651456,0,0,0,-0.104807,0.865656,0.489546,0,0,0,0,0,0,0,0,0,0,0,0,0,0,0,0.850083,0.493466,0.183983,-0.940405,0.245792,0.235001,-0.93772,0.0826677,-0.337414,0.855904,0.334181,-0.394653,0.160428,0.986068,0.0439651,-0.433267,0.899171,0.0614098,-0.437815,0.740401,-0.510024,0,0,0
000691,0.508456,0.701066,0.506501,271.031,254.579,203.117,0.0005,0.485452,0.786114,0.382571,-0.657208,0.629459,0.414558,-0.659258,0.315556,-0.682498,0,0,0,0.990239,0.136804,-0.0266766,-0.153644,0.952529,-0.262834,0,0,0,0.594113,0.77714,-0.207566,-0.801736,0.574162,-0.166006,0.701558,0.285385,0.652972,0,0,0,-0.104917,0.866627,0.487801,0,0,0,0,0,0,0,0,0,0,0,0,0,0,0,0.850334,0.493033,0.183983,-0.94097,0.24594,0.232571,-0.936619,0.0835745,-0.340236,0.855538,0.334575,-0.395112,0.159957,0.986274,0.0409678,-0.433381,0.899412,0.0569179,-0.436098,0.73844,-0.51432,0,0,0
000692,0.501749,0.70014,0.507171,271.031,254.579,203.117,0.0005,0.487063,0.788682,0.375168,-0.655102,0.627431,0.420917,-0.662897,0.318972,-0.677366,0,0,0,0.989792,0.136742,-0.040167,-0.153683,0.952789,-0.261869,0,0,0,0.592678,0.776107,-0.215384,-0.802751,0.57551,-0.156137,0.706374,0.287344,0.646892,0,0,0,-0.104447,0.866928,0.487366,0,0,0,0,0,0,0,0,0,0,0,0,0,0,0,0.852185,0.494101,0.172176,-0.938194,0.245731,0.243738,-0.940543,0.0829166,-0.3294,0.851625,0.333055,-0.404735,0.160476,0.986347,0.0369713,-0.432817,0.899388,0.06141,-0.437687,0.74018,-0.510454,0,0,0
000693,0.503533,0.706804,0.508283,271.031,254.579,203.117,0.0005,0.485878,0.785851,0.382573,-0.654495,0.626846,0.42273,-0.665236,0.315658,-0.676625,0,0,0,0.989979,0.136768,-0.0351708,-0.154028,0.95508,-0.253174,0,0,0,0.594366,0.777466,-0.20561,-0.803419,0.575375,-0.153173,0.704573,0.286612,0.649177,0,0,0,-0.104119,0.864007,0.492596,0,0,0,0,0,0,0,0,0,0,0,0,0,0,0,0.850714,0.493829,0.18005,-0.938303,0.246276,0.242768,-0.940005,0.0833711,-0.330816,0.85424,0.333535,-0.398783,0.160405,0.985933,0.0469616,-0.433073,0.89876,0.0683948,-0.439649,0.742561,-0.505284,0,0,0
000694,0.507798,0.702346,0.501407,271.031,254.579,203.117,0.0005,0.484636,0.784811,0.386264,-0.655405,0.627723,0.42001,-0.656792,0.31437,-0.685416,0,0,0,0.990212,0.136801,-0.0276759,-0.153605,0.952269,-0.263799,0,0,0,0.593588,0.777279,-0.208544,-0.801512,0.574616,-0.165513,0.698148,0.285077,0.65675,0,0,0,-0.104092,0.863762,0.493031,0,0,0,0,0,0,0,0,0,0,0,0,0,0,0,0.850345,0.492462,0.185457,-0.940063,0.245702,0.236458,-0.935857,0.0825035,-0.342585,0.854054,0.333462,-0.399242,0.159946,0.986212,0.0424664,-0.433319,0.89928,0.0594135,-0.435751,0.736849,-0.516888,0,0,0
000695,0.504795,0.704721,0.506101,271.031,254.579,203.117,0.0005,0.485249,0.785789,0.383495,-0.654799,0.627139,0.421824,-0.662576,0.314933,-0.679566,0,0,0,0.990046,0.136778,-0.0331722,-0.153876,0.954071,-0.257041,0,0,0,0.594113,0.77714,-0.207566,-0.802333,0.575824,-0.157125,0.702578,0.28634,0.651455,0,0,0,-0.104147,0.864252,0.492161,0,0,0,0,0,0,0,0,0,0,0,0,0,0,0,0.850558,0.493739,0.181034,-0.939014,0.245945,0.240342,-0.938802,0.083767,-0.334117,0.853873,0.333928,-0.399241,0.160421,0.986024,0.044964,-0.433173,0.898971,0.0649027,-0.438374,0.740368,-0.509592,0,0,0
000696,0.50869,0.705509,0.506033,271.031,254.579,203.117,0.0005,0.48443,0.784484,0.387186,-0.656009,0.628304,0.418194,-0.659656,0.316302,-0.681767,0,0,0,0.990277,0.13681,-0.0251776,-0.153876,0.954071,-0.257041,0,0,0,0.594804,0.77803,-0.202184,-0.801911,0.574904,-0.162554,0.699855,0.285232,0.654863,0,0,0,-0.104119,0.864007,0.492596,0,0,0,0,0,0,0,0,0,0,0,0,0,0,0,0.849439,0.493094,0.187912,-0.940505,0.246335,0.234029,-0.936494,0.0830615,-0.340706,0.856273,0.33486,-0.393275,0.159912,0.986014,0.0469614,-0.433241,0.899115,0.0624078,-0.43743,0.739739,-0.511313,0,0,0
000697,0.506911,0.704096,0.500438,271.031,254.579,203.117,0.0005,0.484224,0.784155,0.388108,-0.654495,0.626846,0.42273,-0.656885,0.314969,-0.685053,0,0,0,0.990155,0.136793,-0.0296746,-0.153722,0.953047,-0.260904,0,0,0,0.594049,0.777058,-0.208055,-0.80162,0.57531,-0.162554,0.698221,0.284028,0.657127,0,0,0,-0.103926,0.862288,0.495639,0,0,0,0,0,0,0,0,0,0,0,0,0,0,0,0.850014,0.492849,0.185948,-0.939119,0.246489,0.239371,-0.936324,0.0830465,-0.341176,0.8535,0.333783,-0.400158,0.160421,0.986024,0.044964,-0.433227,0.899087,0.0629068,-0.436571,0.737265,-0.515602,0,0,0
000698,0.505979,0.706295,0.504859,271.031,254.579,203.117,0.0005,0.485061,0.784548,0.386265,-0.654495,0.626846,0.42273,-0.660577,0.316746,-0.680669,0,0,0,0.990194,0.136293,-0.0306739,-0.153914,0.954325,-0.256074,0,0,0,0.594095,0.777932,-0.204631,-0.802205,0.575732,-0.158112,0.700764,0.285602,0.653729,0,0,0,-0.104009,0.863026,0.494336,0,0,0,0,0,0,0,0,0,0,0,0,0,0,0,0.850254,0.492987,0.184475,-0.939246,0.246006,0.239371,-0.937844,0.0831805,-0.336943,0.85443,0.334144,-0.397866,0.160397,0.985887,0.0479604,-0.433131,0.898882,0.0663994,-0.437512,0.740875,-0.509595,0,0,0
000699,0.504906,0.705952,0.509516,271.031,254.579,203.117,0.0005,0.485027,0.786377,0.38257,-0.655405,0.627723,0.42001,-0.664156,0.317913,-0.67663,0,0,0,0.990079,0.136782,-0.0321729,-0.154009,0.954955,-0.253657,0,0,0,0.594492,0.777628,-0.204631,-0.802586,0.576007,-0.155149,0.704573,0.286612,0.649177,0,0,0,-0.104229,0.864984,0.490855,0,0,0,0,0,0,0,0,0,0,0,0,0,0,0,0.850558,0.493739,0.181034,-0.939488,0.245552,0.238886,-0.93951,0.0833275,-0.332231,0.855167,0.333894,-0.39649,0.160409,0.985956,0.0464622,-0.433145,0.898912,0.0659005,-0.439825,0.74187,-0.506145,0,0,0
000700,0.504844,0.702768,0.50257,119.097,207.44,72.7743,0.0005,0.53727,0.74956,0.386655,-0.612822,0.683969,0.395773,0,0,0,0,0,0,0.998411,0.0558357,-0.00764978,-0.0683877,0.958267,-0.277575,0,0,0,0.660333,0.722772,-0.203867,-0.748277,0.635819,-0.189252,0.70404,0.238435,0.668937,-0.708203,0.161713,0.687239,-0.0466476,0.876843,0.478509,0,0,0,0,0,0,0,0,0,0,0,0,0,0,0,0.883184,0.425254,0.19785,-0.9214,0.325372,0.212499,-0.918797,0.154307,-0.363319,0.887503,0.256681,-0.382693,0.239179,0.970377,0.0340809,-0.360099,0.932085,0.0393302,-0.361252,0.763846,-0.534823,0,0,0
000701,0.508634,0.704313,0.503573,119.097,207.44,72.7743,0.0005,0.536126,0.747987,0.39126,-0.613235,0.685186,0.393017,0,0,0,0,0,0,0.998468,0.0553381,-0.00015152,-0.0684212,0.958819,-0.275653,0,0,0,0.661589,0.72339,-0.197501,-0.747768,0.635385,-0.192687,0.701977,0.237212,0.671535,-0.711211,0.162397,0.683963,-0.0471253,0.876339,0.479385,0,0,0,0,0,0,0,0,0,0,0,0,0,0,0,0.881604,0.425052,0.205194,-0.922946,0.325386,0.205654,-0.916895,0.153482,-0.368438,0.890375,0.256984,-0.375754,0.239139,0.970219,0.0385774,-0.360112,0.932121,0.038331,-0.361252,0.763846,-0.534823,0,0,0
000702,0.506116,0.703153,0.506197,119.097,207.44,72.7743,0.0005,0.537497,0.749872,0.385732,-0.613235,0.685186,0.393017,0,0,0,0,0,0,0.998454,0.0553374,-0.00515021,-0.0684296,0.958956,-0.275172,0,0,0,0.661115,0.722879,-0.200931,-0.747953,0.6362,-0.189252,0.705942,0.238021,0.667077,-0.710989,0.163372,0.683963,-0.0467015,0.878035,0.476312,0,0,0,0,0,0,0,0,0,0,0,0,0,0,0,0.882698,0.425576,0.19932,-0.92236,0.32518,0.208589,-0.918962,0.15332,-0.36332,0.889331,0.257205,-0.378069,0.239166,0.970326,0.0355798,-0.360105,0.932103,0.0388306,-0.362718,0.764631,-0.532705,0,0,0
000703,0.500079,0.704594,0.505132,119.097,207.44,72.7743,0.0005,0.538288,0.750959,0.382501,-0.610992,0.682666,0.400819,0,0,0,0,0,0,0.998321,0.05533,-0.0171486,-0.068471,0.95964,-0.272768,0,0,0,0.659545,0.722657,-0.206802,-0.74961,0.636958,-0.179915,0.70862,0.239452,0.663718,-0.705967,0.162229,0.689414,-0.0466368,0.876604,0.478948,0,0,0,0,0,0,0,0,0,0,0,0,0,0,0,0.884584,0.425924,0.190002,-0.919933,0.324325,0.220309,-0.922418,0.154404,-0.353985,0.885743,0.255136,-0.387768,0.239175,0.97036,0.0345805,-0.359542,0.932027,0.0453247,-0.362817,0.767224,-0.528896,0,0,0
000704,0.506726,0.704418,0.500864,119.097,207.44,72.7743,0.0005,0.536126,0.747987,0.39126,-0.612185,0.684006,0.396692,0,0,0,0,0,0,0.998459,0.0553376,-0.00415041,-0.0684045,0.958543,-0.276614,0,0,0,0.660445,0.723627,-0.200439,-0.747736,0.636015,-0.190724,0.70102,0.237945,0.672275,-0.708203,0.161713,0.687239,-0.0465717,0.875164,0.481579,0,0,0,0,0,0,0,0,0,0,0,0,0,0,0,0.882064,0.425272,0.202748,-0.921965,0.325041,0.210544,-0.917357,0.154066,-0.367043,0.888558,0.256463,-0.380382,0.239144,0.970237,0.0380779,-0.360084,0.932048,0.0403293,-0.361027,0.763361,-0.535668,0,0,0
000705,0.504449,0.703929,0.503812,119.097,207.44,72.7743,0.0005,0.53727,0.74956,0.386655,-0.612185,0.684006,0.396692,0,0,0,0,0,0,0.99843,0.0553361,-0.00864964,-0.0684212,0.958819,-0.275653,0,0,0,0.660471,0.722921,-0.202888,-0.748563,0.636064,-0.187287,0.70531,0.237808,0.667822,-0.708427,0.162277,0.686875,-0.0466368,0.876604,0.478948,0,0,0,0,0,0,0,0,0,0,0,0,0,0,0,0.882967,0.425705,0.19785,-0.921732,0.324429,0.212499,-0.919512,0.154426,-0.361455,0.88787,0.256786,-0.381769,0.239166,0.970326,0.0355798,-0.36007,0.932009,0.0413285,-0.362606,0.764389,-0.533128,0,0,0
000706,0.508713,0.707849,0.501563,119.097,207.44,72.7743,0.0005,0.534969,0.746396,0.395856,-0.612054,0.683858,0.397151,0,0,0,0,0,0,0.99844,0.0558373,0.000348304,-0.0684875,0.959912,-0.271806,0,0,0,0.661989,0.723821,-0.194561,-0.74806,0.635634,-0.190724,0.699905,0.237041,0.673754,-0.710098,0.161119,0.685421,-0.0470055,0.873692,0.484204,0,0,0,0,0,0,0,0,0,0,0,0,0,0,0,0.881045,0.424785,0.208129,-0.922459,0.325214,0.2081,-0.916713,0.153452,-0.368903,0.890375,0.256984,-0.375754,0.239088,0.97002,0.0435722,-0.360032,0.93191,0.0438261,-0.362041,0.764361,-0.533553,0,0,0
000707,0.5061,0.706958,0.508293,119.097,207.44,72.7743,0.0005,0.536408,0.749224,0.388497,-0.612712,0.684597,0.394855,0,0,0,0,0,0,0.998454,0.0553374,-0.00515021,-0.0685364,0.960721,-0.268919,0,0,0,0.66179,0.723606,-0.196031,-0.74917,0.635925,-0.185322,0.706574,0.238235,0.666332,-0.712099,0.163112,0.682868,-0.0466368,0.876604,0.478948,0,0,0,0,0,0,0,0,0,0,0,0,0,0,0,0.882735,0.425039,0.2003,-0.922163,0.32511,0.209566,-0.919773,0.153962,-0.360989,0.890375,0.256984,-0.375754,0.239119,0.970142,0.0405755,-0.360032,0.93191,0.0438261,-0.36315,0.767943,-0.527622,0,0,0
000708,0.502949,0.709243,0.504451,119.097,207.44,72.7743,0.0005,0.53595,0.748595,0.390339,-0.610592,0.682216,0.402192,0,0,0,0,0,0,0.998406,0.0553347,-0.0111493,-0.0685526,0.960989,-0.267956,0,0,0,0.661018,0.723509,-0.198971,-0.74961,0.636958,-0.179915,0.705306,0.238862,0.667449,-0.707644,0.161073,0.687965,-0.0465062,0.873717,0.484206,0,0,0,0,0,0,0,0,0,0,0,0,0,0,0,0.883184,0.425254,0.19785,-0.92045,0.324507,0.21787,-0.920931,0.154663,-0.357723,0.887731,0.257266,-0.381768,0.239099,0.970061,0.0425734,-0.359942,0.93167,0.0493198,-0.363261,0.768182,-0.527198,0,0,0
000709,0.506229,0.708648,0.507883,119.097,207.44,72.7743,0.0005,0.536356,0.748303,0.39034,-0.612317,0.684154,0.396233,0,0,0,0,0,0,0.998457,0.0553375,-0.00465031,-0.0685687,0.961256,-0.266992,0,0,0,0.661687,0.724229,-0.19407,-0.749057,0.636486,-0.183848,0.705942,0.238021,0.667077,-0.711766,0.163037,0.683233,-0.0465934,0.875645,0.480702,0,0,0,0,0,0,0,0,0,0,0,0,0,0,0,0.882155,0.425316,0.202258,-0.92223,0.324604,0.210055,-0.91969,0.154456,-0.360989,0.890556,0.257036,-0.375291,0.239094,0.970041,0.0430728,-0.360001,0.931826,0.045824,-0.364618,0.767543,-0.527192,0,0,0
000710,0.50213,0.700369,0.504846,99.5658,15.1557,225.656,0.0005,0.51163,0.793275,0.330074,-0.635113,0.68219,0.362283,0,0,0,0,0,0,0.995265,0.0930651,-0.0280324,-0.108951,0.936552,-0.333168,0,0,0,0.628624,0.733696,-0.257918,-0.775235,0.594007,-0.214863,0.703834,0.305158,0.641479,-0.707425,0.17445,0.684922,-0.0769797,0.902647,0.423441,0,0,0,0.268023,0.619342,0.737956,0,0,0,0,0,0,0,0,0,0.868658,0.470336,0.155619,-0.931021,0.300953,0.206463,-0.929557,0.0968907,-0.355718,0.871824,0.267336,-0.410431,0.200829,0.979175,-0.0297413,-0.395884,0.918222,-0.012023,0,0,0,0,0,0
000711,0.508826,0.704864,0.504084,99.5658,15.1557,225.656,0.0005,0.509422,0.789906,0.341377,-0.635848,0.682984,0.359485,0,0,0,0,0,0,0.995551,0.0930919,-0.0145378,-0.10909,0.937869,-0.329394,0,0,0,0.630312,0.736396,-0.245822,-0.773896,0.593606,-0.220719,0.69821,0.302724,0.648738,-0.711191,0.174861,0.680904,-0.0767988,0.900311,0.428417,0,0,0,0.265012,0.616215,0.741652,0,0,0,0,0,0,0,0,0,0.866267,0.469617,0.170415,-0.932845,0.301542,0.19716,-0.925427,0.0964624,-0.366441,0.876428,0.268214,-0.399919,0.20039,0.979507,-0.020245,-0.396347,0.918035,-0.011023,0,0,0,0,0,0
000712,0.507793,0.707866,0.506325,99.5658,15.1557,225.656,0.0005,0.510168,0.78922,0.341849,-0.635359,0.682455,0.361351,0,0,0,0,0,0,0.995529,0.0930897,-0.0160371,-0.109295,0.939818,-0.323724,0,0,0,0.630793,0.736948,-0.242914,-0.774761,0.594272,-0.21584,0.699696,0.303367,0.646833,-0.710832,0.176318,0.680904,-0.0767324,0.899455,0.430224,0,0,0,0,0,0,-0.33242,0.56437,0.755634,0,0,0,0,0,0,0.866342,0.469657,0.169923,-0.932468,0.30142,0.19912,-0.926749,0.0960968,-0.363183,0.87681,0.26833,-0.399003,0.200895,0.979478,-0.0162466,-0.396364,0.918074,-0.00602339,0,0,0,0,0,0
000713,0.502723,0.706953,0.502748,99.5658,15.1557,225.656,0.0005,0.509888,0.790617,0.339026,-0.633374,0.680312,0.368798,0,0,0,0,0,0,0.995352,0.0925711,-0.026533,-0.109193,0.938848,-0.32656,0,0,0,0.629711,0.734945,-0.251633,-0.77591,0.594527,-0.210954,0.700683,0.304339,0.645307,-0.705306,0.174444,0.687104,-0.0766657,0.898596,0.432028,0,0,0,0.266548,0.614737,0.742328,-0.331167,0.560273,0.759225,0,0,0,0,0,0,0.867439,0.470248,0.162529,-0.930527,0.300794,0.208908,-0.928974,0.0973328,-0.357119,0.872559,0.267037,-0.409063,0.200882,0.979417,-0.0197453,-0.39591,0.918284,-0.00302361,0,0,0,0,0,0
000714,0.500832,0.706945,0.507541,99.5658,15.1557,225.656,0.0005,0.51081,0.792025,0.334319,-0.634115,0.680377,0.367403,0,0,0,0,0,0,0.995208,0.0930597,-0.0300315,-0.109312,0.939979,-0.323251,0,0,0,0.629711,0.734945,-0.251633,-0.776431,0.59556,-0.206065,0.705209,0.305208,0.639944,-0.707425,0.17445,0.684922,-0.0767656,0.899884,0.429321,0,0,0,0.268184,0.618466,0.738632,0,0,0,0,0,0,0,0,0,0.868382,0.470188,0.157594,-0.930228,0.300697,0.210375,-0.931192,0.0965575,-0.351509,0.8729,0.266619,-0.408607,0.200877,0.979397,-0.020745,-0.395911,0.918287,-0.00202369,0,0,0,0,0,0
000715,0.501701,0.707608,0.504652,99.5658,15.1557,225.656,0.0005,0.510586,0.79077,0.337616,-0.633374,0.680312,0.368798,0,0,0,0,0,0,0.995265,0.0930651,-0.0280324,-0.109278,0.939657,-0.324197,0,0,0,0.629794,0.73504,-0.251149,-0.776103,0.595307,-0.208021,0.702854,0.304189,0.643012,-0.706093,0.174123,0.686378,-0.0766657,0.898596,0.432028,0,0,0,0.266685,0.616295,0.740985,-0.331983,0.560672,0.758573,0,0,0,0,0,0,0.867724,0.470401,0.160555,-0.930228,0.300697,0.210375,-0.930087,0.0969456,-0.354316,0.872559,0.267037,-0.409063,0.200886,0.979435,-0.0187457,-0.39637,0.918089,-0.00202368,0,0,0,0,0,0
000716,0.500735,0.706944,0.501108,99.5658,15.1557,225.656,0.0005,0.510493,0.790629,0.338087,-0.63262,0.679497,0.371585,0,0,0,0,0,0,0.995239,0.0925605,-0.0305313,-0.109176,0.938685,-0.327033,0,0,0,0.629213,0.734373,-0.254535,-0.776021,0.595244,-0.20851,0.700979,0.304467,0.644925,-0.703541,0.17298,0.689281,-0.0765988,0.897732,0.433831,0,0,0,0.266249,0.614057,0.742998,-0.331064,0.558127,0.760849,0,0,0,0,0,0,0.867865,0.470477,0.159568,-0.929878,0.300059,0.212818,-0.929911,0.0969273,-0.354783,0.870986,0.266559,-0.41271,0.200879,0.979407,-0.0202452,-0.395911,0.918287,-0.00202369,0,0,0,0,0,0
000717,0.506294,0.701689,0.506997,99.5658,15.1557,225.656,0.0005,0.51123,0.791754,0.33432,-0.636335,0.68351,0.357618,0,0,0,0,0,0,0.995457,0.093083,-0.0200355,-0.10902,0.937212,-0.331282,0,0,0,0.629794,0.73504,-0.251149,-0.774244,0.593874,-0.218768,0.701866,0.304851,0.643778,-0.711402,0.175428,0.680538,-0.076996,0.902858,0.422988,0,0,0,0.267564,0.619542,0.737955,-0.334861,0.565559,0.753665,0,0,0,0,0,0,0.867606,0.46977,0.163022,-0.932717,0.300975,0.19863,-0.927597,0.0966874,-0.360853,0.87513,0.268342,-0.402666,0.200852,0.979283,-0.0257431,-0.396335,0.918006,-0.0135228,0,0,0,0,0,0
000718,0.502431,0.700653,0.507031,99.5658,15.1557,225.656,0.0005,0.51214,0.793142,0.329604,-0.63597,0.682379,0.360417,0,0,0,0,0,0,0.995279,0.0930664,-0.0275326,-0.109003,0.937048,-0.331753,0,0,0,0.629173,0.733565,-0.256953,-0.775101,0.594534,-0.213886,0.70501,0.305667,0.639944,-0.708514,0.175748,0.683462,-0.0770124,0.903069,0.422535,0,0,0,0,0,0,-0.334048,0.565163,0.754323,0,0,0,0,0,0,0.868351,0.470739,0.156112,-0.931315,0.301048,0.204995,-0.929786,0.0964117,-0.355251,0.872754,0.267097,-0.408607,0.200835,0.979203,-0.0287418,-0.395886,0.918227,-0.011523,0,0,0,0,0,0
000719,0.500204,0.701268,0.501557,99.5658,15.1557,225.656,0.0005,0.511869,0.792727,0.331019,-0.63424,0.680512,0.366938,0,0,0,0,0,0,0.995146,0.0930539,-0.0320306,-0.108916,0.93622,-0.33411,0,0,0,0.628407,0.732685,-0.261299,-0.775354,0.59473,-0.212421,0.702752,0.305234,0.642629,-0.70421,0.173145,0.688556,-0.0768484,0.900951,0.427061,0,0,0,0,0,0,-0.333512,0.559328,0.758895,0,0,0,0,0,0,0.868556,0.470849,0.15463,-0.930027,0.300632,0.211352,-0.929962,0.09643,-0.354783,0.869798,0.266197,-0.41544,0.200832,0.979189,-0.0292416,-0.395896,0.918251,-0.00902323,0,0,0,0,0,0
000720,0.505354,0.70921,0.506992,69.7984,207.466,287.875,0.0005,0.504743,0.773449,0.383422,-0.639123,0.653201,0.406019,-0.641942,0.331283,-0.691493,0,0,0,0.994455,0.103445,-0.0189383,-0.119088,0.956658,-0.265751,0,0,0,0.623058,0.755212,-0.203602,-0.781341,0.599624,-0.173084,0.701541,0.272516,0.658465,-0.708743,0.127656,0.693821,-0.0827777,0.871998,0.48246,0,0,0,0,0,0,0,0,0,0,0,0,0,0,0,0.863281,0.46753,0.190161,-0.933591,0.279746,0.223943,-0.930916,0.108893,-0.348622,0.87133,0.300473,-0.387944,0.19191,0.980569,0.0406898,-0.404382,0.913114,0.0519483,-0.407843,0.749096,-0.522034,0,0,0
000721,0.506202,0.705776,0.502581,69.7984,207.466,287.875,0.0005,0.504637,0.773289,0.383883,-0.639406,0.653491,0.405104,0,0,0,0,0,0,0.994421,0.103944,-0.0179387,-0.118876,0.954786,-0.272491,0,0,0,0.622463,0.754502,-0.208005,-0.780575,0.599034,-0.178499,0.699079,0.271561,0.66147,-0.706691,0.127288,0.695978,-0.0827777,0.871998,0.48246,0,0,0,0,0,0,0,0,0,0,0,0,0,0,0,0.862875,0.467879,0.191142,-0.933805,0.27981,0.222968,-0.92929,0.109207,-0.352836,0.870203,0.299559,-0.391167,0.191944,0.980738,0.036194,-0.404471,0.913319,0.0474541,-0.406743,0.744911,-0.528836,0,0,0
000722,0.502277,0.700957,0.501851,69.7984,207.466,287.875,0.0005,0.505478,0.776372,0.376482,-0.63948,0.652851,0.406018,-0.640977,0.32404,-0.695806,0,0,0,0.994234,0.103925,-0.0264357,-0.118657,0.952868,-0.279219,0,0,0,0.620641,0.753105,-0.218262,-0.780716,0.599142,-0.177515,0.702154,0.272754,0.657712,0,0,0,-0.0829648,0.874152,0.478513,0,0,0,0,0,0,0,0,0,0,0,0,0,0,0,0.864515,0.468762,0.181318,-0.932616,0.279455,0.228326,-0.931204,0.10943,-0.347685,0.866863,0.298944,-0.398974,0.191999,0.981004,0.0276991,-0.404086,0.913688,0.0434585,-0.404925,0.744691,-0.530538,0,0,0
000723,0.509444,0.704086,0.508268,69.7984,207.466,287.875,0.0005,0.504746,0.77436,0.381573,-0.641922,0.656078,0.396861,0,0,0,0,0,0,0.994516,0.103954,-0.0114413,-0.11886,0.954651,-0.272972,0,0,0,0.622672,0.75553,-0.203601,-0.779931,0.598537,-0.182924,0.700619,0.272158,0.659593,-0.713255,0.127958,0.689126,-0.083068,0.875341,0.476317,0,0,0,0,0,0,0,0,0,0,0,0,0,0,0,0.86286,0.467303,0.192614,-0.935689,0.280374,0.214188,-0.928527,0.108112,-0.355174,0.873153,0.301098,-0.383332,0.191955,0.98079,0.0346952,-0.404569,0.913545,0.0419597,-0.406237,0.746087,-0.527566,0,0,0
000724,0.502122,0.70724,0.50653,69.7984,207.466,287.875,0.0005,0.504748,0.775268,0.379722,-0.638555,0.652617,0.407845,-0.645066,0.326705,-0.690764,0,0,0,0.99426,0.103927,-0.0254361,-0.119028,0.956128,-0.267678,0,0,0,0.621877,0.75458,-0.209471,-0.782053,0.599541,-0.170129,0.704172,0.272999,0.655449,-0.70678,0.126796,0.695978,-0.0828194,0.872478,0.481584,0,0,0,0,0,0,0,0,0,0,0,0,0,0,0,0.864113,0.468546,0.183776,-0.932397,0.279389,0.229299,-0.932636,0.109093,-0.343932,0.868926,0.29965,-0.393925,0.191941,0.98072,0.0366936,-0.403924,0.913316,0.0519485,-0.407843,0.749096,-0.522034,0,0,0
000725,0.505463,0.702282,0.508843,69.7984,207.466,287.875,0.0005,0.506,0.776255,0.37602,-0.641725,0.655158,0.398695,-0.642241,0.329188,-0.692215,0,0,0,0.994393,0.103941,-0.0194381,-0.118814,0.954243,-0.274415,0,0,0,0.622127,0.754101,-0.210449,-0.781112,0.598185,-0.17899,0.703991,0.273466,0.655449,0,0,0,-0.0831503,0.876288,0.474557,0,0,0,0,0,0,0,0,0,0,0,0,0,0,0,0.864189,0.468019,0.184759,-0.934192,0.280448,0.220531,-0.930916,0.108893,-0.348622,0.870778,0.300285,-0.389325,0.191984,0.980933,0.0301979,-0.40456,0.913525,0.0424593,-0.407049,0.746546,-0.52629,0,0,0
000726,0.503846,0.700837,0.5077,69.7984,207.466,287.875,0.0005,0.506518,0.777037,0.373703,-0.64081,0.654935,0.400528,-0.641784,0.330077,-0.692215,0,0,0,0.99436,0.103435,-0.0234368,-0.118752,0.953696,-0.276338,0,0,0,0.621582,0.75345,-0.214357,-0.78095,0.598691,-0.178006,0.704602,0.273702,0.654694,-0.709084,0.127718,0.693461,-0.0831708,0.876525,0.474117,0,0,0,0,0,0,0,0,0,0,0,0,0,0,0,0.864435,0.468719,0.18181,-0.933805,0.27981,0.222968,-0.931492,0.108457,-0.347216,0.869298,0.299778,-0.393006,0.191999,0.981004,0.0276991,-0.404111,0.913747,0.0419599,-0.405921,0.746557,-0.527143,0,0,0
000727,0.503689,0.703945,0.5099,69.7984,207.466,287.875,0.0005,0.506626,0.776295,0.375095,-0.64053,0.654647,0.401444,-0.644769,0.328801,-0.690045,0,0,0,0.994331,0.103935,-0.0224371,-0.118922,0.955191,-0.271048,0,0,0,0.621809,0.7545,-0.209959,-0.781203,0.599518,-0.174069,0.705031,0.274405,0.653937,0,0,0,-0.0831092,0.875815,0.475437,0,0,0,0,0,0,0,0,0,0,0,0,0,0,0,0.864274,0.468632,0.182793,-0.933841,0.279299,0.223455,-0.932294,0.109053,-0.34487,0.870388,0.299622,-0.390707,0.191971,0.980872,0.0321968,-0.404499,0.913383,0.0459557,-0.407157,0.748873,-0.522888,0,0,0
000728,0.508758,0.702306,0.502839,69.7984,207.466,287.875,0.0005,0.504535,0.774041,0.382497,-0.641089,0.655221,0.399612,-0.636904,0.32588,-0.698681,0,0,0,0.994492,0.103952,-0.0134404,-0.118689,0.953145,-0.278259,0,0,0,0.622011,0.754741,-0.208493,-0.77987,0.59786,-0.185381,0.698154,0.271202,0.662594,0,0,0,-0.0834626,0.874106,0.478512,0,0,0,0,0,0,0,0,0,0,0,0,0,0,0,0.86286,0.467303,0.192614,-0.93507,0.280188,0.217116,-0.927585,0.108505,-0.35751,0.871125,0.299875,-0.388865,0.191975,0.980888,0.0316971,-0.404593,0.913601,0.0404611,-0.404739,0.743281,-0.532654,0,0,0
000729,0.507432,0.70377,0.506457,69.7984,207.466,287.875,0.0005,0.504956,0.774678,0.380648,-0.641089,0.655221,0.399612,0,0,0,0,0,0,0.994463,0.103949,-0.0154396,-0.118829,0.954379,-0.273934,0,0,0,0.622211,0.754979,-0.207026,-0.780219,0.598759,-0.180958,0.700745,0.272744,0.659217,0,0,0,-0.0830268,0.874866,0.477196,0,0,0,0,0,0,0,0,0,0,0,0,0,0,0,0.863043,0.467969,0.190161,-0.934757,0.280095,0.21858,-0.929349,0.10871,-0.352836,0.871655,0.299528,-0.387944,0.191962,0.980824,0.0336959,-0.404552,0.913506,0.0429588,-0.406113,0.745854,-0.527991,0,0,0
000730,0.508057,0.70159,0.506211,93.0598,190.721,148.201,0.0005,0.527339,0.759727,0.380431,-0.622775,0.679334,0.388145,0,0,0,0,0,0,0.997542,0.0698395,-0.00562837,-0.0834318,0.955731,-0.282165,0,0,0,0.649499,0.73192,-0.20602,-0.757505,0.623308,-0.194097,0.703217,0.252181,0.664749,-0.713117,0.155479,0.683587,-0.0578593,0.880619,0.470278,0,0,0,0,0,0,0,0,0,0,0,0,0,0,0,0.876981,0.438788,0.19588,-0.927022,0.313055,0.206462,-0.921088,0.138369,-0.363939,0.885132,0.267467,-0.380793,0.224576,0.97406,0.0278014,-0.373611,0.927052,0.0314501,-0.374348,0.755729,-0.537342,0,0,0
000731,0.504381,0.701325,0.504846,93.0598,190.721,148.201,0.0005,0.528405,0.760371,0.377656,-0.62146,0.677891,0.392748,0,0,0,0,0,0,0.997507,0.0693358,-0.0131267,-0.0834102,0.955449,-0.283124,0,0,0,0.64873,0.731068,-0.211398,-0.75817,0.623858,-0.189681,0.70478,0.252739,0.662879,-0.709326,0.155164,0.68759,-0.0578187,0.879914,0.471602,0,0,0,0,0,0,0,0,0,0,0,0,0,0,0,0.878018,0.439303,0.189993,-0.92563,0.312586,0.213305,-0.922979,0.139157,-0.358811,0.882599,0.267227,-0.386793,0.225075,0.974,0.0258023,-0.373581,0.926976,0.0339486,-0.374583,0.756212,-0.536499,0,0,0
000732,0.503783,0.703804,0.509508,93.0598,190.721,148.201,0.0005,0.529141,0.760547,0.376268,-0.621223,0.678374,0.392289,0,0,0,0,0,0,0.997459,0.0698336,-0.0141265,-0.0835491,0.957264,-0.276884,0,0,0,0.649596,0.73128,-0.207977,-0.758574,0.624841,-0.18477,0.70775,0.253269,0.659503,-0.711566,0.156164,0.685045,-0.0578593,0.880619,0.470278,0,0,0,0,0,0,0,0,0,0,0,0,0,0,0,0.877964,0.439835,0.189011,-0.925369,0.313025,0.213793,-0.924641,0.138901,-0.354607,0.883561,0.268039,-0.384025,0.225053,0.973906,0.0293008,-0.373535,0.92686,0.0374463,-0.376547,0.759112,-0.531001,0,0,0
000733,0.50916,0.708745,0.501023,93.0598,190.721,148.201,0.0005,0.524968,0.755497,0.39196,-0.620397,0.676725,0.396423,0,0,0,0,0,0,0.997555,0.0698404,-0.00262942,-0.0835807,0.957677,-0.275443,0,0,0,0.650142,0.733378,-0.198677,-0.75795,0.623676,-0.191154,0.697871,0.250272,0.671074,-0.708777,0.156067,0.687953,-0.0580154,0.87465,0.481271,0,0,0,0,0,0,0,0,0,0,0,0,0,0,0,0.875459,0.438031,0.204205,-0.926431,0.312856,0.209396,-0.919748,0.138674,-0.367196,0.885388,0.268589,-0.379405,0.224486,0.973685,0.0392929,-0.373485,0.926732,0.0409435,-0.375149,0.756232,-0.536075,0,0,0
000734,0.509438,0.702868,0.506755,93.0598,190.721,148.201,0.0005,0.5272,0.758662,0.382743,-0.623036,0.67962,0.387224,0,0,0,0,0,0,0.997555,0.0698404,-0.00262942,-0.0834748,0.956292,-0.280245,0,0,0,0.64991,0.732375,-0.203084,-0.757112,0.623632,-0.194588,0.702445,0.251375,0.665869,-0.713571,0.156601,0.682857,-0.0583312,0.880117,0.471159,0,0,0,0,0,0,0,0,0,0,0,0,0,0,0,0.876451,0.438524,0.19882,-0.927411,0.313186,0.204506,-0.92044,0.137766,-0.365801,0.886221,0.267795,-0.378018,0.225042,0.973862,0.0307999,-0.373599,0.927023,0.0324495,-0.374914,0.75575,-0.536919,0,0,0
000735,0.505139,0.700784,0.506685,93.0598,190.721,148.201,0.0005,0.528212,0.760965,0.376729,-0.622251,0.678759,0.389988,0,0,0,0,0,0,0.997496,0.0698363,-0.011127,-0.083421,0.95559,-0.282644,0,0,0,0.648568,0.731634,-0.209931,-0.758023,0.623737,-0.190663,0.705884,0.252603,0.661756,0,0,0,-0.0578864,0.881088,0.469396,0,0,0,0,0,0,0,0,0,0,0,0,0,0,0,0.877709,0.439708,0.190484,-0.926133,0.312755,0.210862,-0.922979,0.139157,-0.358811,0.883338,0.26745,-0.384949,0.225075,0.974,0.0258023,-0.373599,0.927023,0.0324495,-0.3747,0.756453,-0.536077,0,0,0
000736,0.507707,0.707902,0.505516,93.0598,190.721,148.201,0.0005,0.526724,0.757119,0.386436,-0.620929,0.67731,0.394586,0,0,0,0,0,0,0.997577,0.0693408,-0.00562837,-0.0836016,0.957951,-0.274482,0,0,0,0.650315,0.732824,-0.200147,-0.758388,0.624039,-0.188208,0.702132,0.251263,0.666242,-0.711338,0.155602,0.685409,-0.0576409,0.876835,0.477323,0,0,0,0,0,0,0,0,0,0,0,0,0,0,0,0.876049,0.438883,0.1998,-0.926492,0.312348,0.209885,-0.921627,0.138449,-0.362541,0.88557,0.268643,-0.378942,0.224995,0.973665,0.0367955,-0.373485,0.926732,0.0409435,-0.375302,0.758836,-0.532275,0,0,0
000737,0.509474,0.704505,0.505178,93.0598,190.721,148.201,0.0005,0.526536,0.75772,0.385513,-0.622251,0.678759,0.389988,0,0,0,0,0,0,0.99759,0.0693417,-0.00262942,-0.0834961,0.956571,-0.279285,0,0,0,0.650487,0.732269,-0.201616,-0.757505,0.623308,-0.194097,0.70119,0.250926,0.66736,-0.712569,0.156383,0.683951,-0.0582495,0.878702,0.473803,0,0,0,0,0,0,0,0,0,0,0,0,0,0,0,0.87587,0.438794,0.200779,-0.927217,0.313121,0.205484,-0.920185,0.138234,-0.366266,0.885932,0.268752,-0.378017,0.225027,0.9738,0.0327987,-0.373568,0.926944,0.034948,-0.374583,0.756212,-0.536499,0,0,0
000738,0.502049,0.703338,0.504447,93.0598,190.721,148.201,0.0005,0.527886,0.760502,0.378118,-0.61976,0.676769,0.397342,0,0,0,0,0,0,0.997412,0.0698304,-0.017126,-0.0834748,0.956292,-0.280245,0,0,0,0.648588,0.73091,-0.212375,-0.758645,0.6249,-0.184278,0.705884,0.252603,0.661756,-0.707414,0.154235,0.689766,-0.0577506,0.878734,0.473804,0,0,0,0,0,0,0,0,0,0,0,0,0,0,0,0.87844,0.439514,0.187539,-0.924608,0.312241,0.218187,-0.924465,0.138874,-0.355074,0.881297,0.266835,-0.390018,0.225063,0.973948,0.0278015,-0.37305,0.926993,0.0389453,-0.374836,0.757877,-0.533967,0,0,0
000739,0.501794,0.705941,0.508539,93.0598,190.721,148.201,0.0005,0.528405,0.760371,0.377656,-0.619894,0.676916,0.396883,0,0,0,0,0,0,0.997412,0.0698304,-0.017126,-0.0836016,0.957951,-0.274482,0,0,0,0.648848,0.731944,-0.207975,-0.759524,0.624979,-0.180345,0.707892,0.253851,0.659127,-0.709219,0.155652,0.68759,-0.0577506,0.878734,0.473804,0,0,0,0,0,0,0,0,0,0,0,0,0,0,0,0.87844,0.439514,0.187539,-0.924871,0.311802,0.217699,-0.925788,0.139578,-0.351332,0.882454,0.267706,-0.386793,0.225039,0.973847,0.0312997,-0.372998,0.926861,0.0424422,-0.377126,0.760303,-0.528881,0,0,0
000740,0.503252,0.703431,0.502851,145.435,149.756,261.476,0.0005,0.496181,0.788888,0.362575,-0.646293,0.651245,0.397725,0,0,0,0,0,0,0.992608,0.117375,-0.0308528,-0.133688,0.947173,-0.291532,0,0,0,0.6095,0.758631,-0.23019,-0.790418,0.58458,-0.183047,0.700825,0.29388,0.649984,0,0,0,-0.0929271,0.880291,0.465245,0,0,0,0,0,0,0,0,0,0,0,0,0,0,0,0.858232,0.483717,0.171626,-0.9358,0.269963,0.226713,-0.934053,0.0896677,-0.345694,0.861763,0.304415,-0.405827,0.178176,0.983906,0.0134808,-0.41674,0.908448,0.0324067,-0.419886,0.729571,-0.539835,0,0,0
000741,0.502788,0.70196,0.506392,145.435,149.756,261.476,0.0005,0.496957,0.790104,0.358844,-0.647128,0.652091,0.394971,-0.649851,0.308586,-0.6946,0,0,0,0.992577,0.117371,-0.0318522,-0.133688,0.947173,-0.291532,0,0,0,0.609427,0.758542,-0.230677,-0.790491,0.584635,-0.182555,0.703516,0.295006,0.646558,0,0,0,-0.0931295,0.882366,0.461257,0,0,0,0,0,0,0,0,0,0,0,0,0,0,0,0.858678,0.483966,0.16867,-0.935878,0.270506,0.225739,-0.934958,0.0892519,-0.343347,0.862337,0.304616,-0.404456,0.178183,0.983942,0.0104813,-0.416766,0.908505,0.0304077,-0.419678,0.731241,-0.537733,0,0,0
000742,0.509685,0.705549,0.501183,145.435,149.756,261.476,0.0005,0.494727,0.785683,0.371412,-0.647405,0.652372,0.394052,0,0,0,0,0,0,0.992923,0.117412,-0.0178597,-0.134202,0.947248,-0.291052,0,0,0,0.611175,0.759892,-0.221425,-0.789064,0.583574,-0.191887,0.695401,0.291609,0.656796,-0.706786,0.129545,0.695465,-0.0927911,0.878898,0.467898,0,0,0,0,0,0,0,0,0,0,0,0,0,0,0,0.856213,0.482586,0.184415,-0.937931,0.270578,0.216964,-0.929857,0.0892671,-0.356927,0.865528,0.305205,-0.397128,0.17816,0.983818,0.0189794,-0.417226,0.90831,0.0299078,-0.418389,0.727932,-0.5432,0,0,0
000743,0.503248,0.701561,0.502202,145.435,149.756,261.476,0.0005,0.496473,0.789346,0.361176,-0.646572,0.651528,0.396807,0,0,0,0,0,0,0.992593,0.117373,-0.0313525,-0.133575,0.946302,-0.2944,0,0,0,0.609134,0.758183,-0.232622,-0.790419,0.583959,-0.185012,0.700825,0.29388,0.649984,-0.702833,0.129837,0.699406,-0.0930173,0.881215,0.463473,0,0,0,0,0,0,0,0,0,0,0,0,0,0,0,0.858382,0.4838,0.170641,-0.935661,0.270443,0.226713,-0.933833,0.090149,-0.346163,0.86138,0.30428,-0.406741,0.178183,0.983942,0.0104813,-0.416778,0.908532,0.0294082,-0.418487,0.729125,-0.541522,0,0,0
000744,0.506433,0.709911,0.503846,145.435,149.756,261.476,0.0005,0.493782,0.78606,0.371873,-0.645733,0.650678,0.399559,-0.647865,0.307089,-0.697113,0,0,0,0.99281,0.117399,-0.0233566,-0.134022,0.949736,-0.282912,0,0,0,0.611134,0.760631,-0.218987,-0.790564,0.584689,-0.182064,0.698313,0.292286,0.653397,-0.705669,0.129849,0.696541,-0.0926315,0.877263,0.470988,0,0,0,0,0,0,0,0,0,0,0,0,0,0,0,0.856771,0.482899,0.180975,-0.93631,0.270631,0.22379,-0.932543,0.0890213,-0.349913,0.864987,0.305545,-0.398045,0.17814,0.983713,0.0239771,-0.417107,0.908046,0.0384025,-0.420336,0.73241,-0.535624,0,0,0
000745,0.503232,0.705561,0.500914,145.435,149.756,261.476,0.0005,0.495396,0.78766,0.366299,-0.64517,0.650108,0.401392,-0.647776,0.304833,-0.698186,0,0,0,0.992608,0.117375,-0.0308528,-0.133763,0.947749,-0.289618,0,0,0,0.609718,0.758898,-0.228731,-0.790861,0.584287,-0.182063,0.69883,0.293587,0.65226,-0.701891,0.129156,0.700477,-0.0927456,0.878432,0.468781,0,0,0,0,0,0,0,0,0,0,0,0,0,0,0,0.858176,0.483113,0.173596,-0.935224,0.270317,0.22866,-0.933709,0.0896348,-0.346632,0.861572,0.304348,-0.406284,0.178168,0.983862,0.0164802,-0.417153,0.908147,0.0354047,-0.419584,0.730054,-0.539416,0,0,0
000746,0.507927,0.706693,0.506131,145.435,149.756,261.476,0.0005,0.495001,0.787041,0.368159,-0.647682,0.652652,0.393133,0,0,0,0,0,0,0.992806,0.117902,-0.0208579,-0.133875,0.948607,-0.286746,0,0,0,0.610995,0.760461,-0.219962,-0.789973,0.58425,-0.185995,0.699023,0.293126,0.652261,-0.708835,0.129921,0.693306,-0.0929045,0.880059,0.465687,0,0,0,0,0,0,0,0,0,0,0,0,0,0,0,0.857095,0.482507,0.180484,-0.937374,0.270937,0.218915,-0.932147,0.0894857,-0.350849,0.865923,0.305874,-0.395751,0.178158,0.983809,0.0194793,-0.417194,0.908239,0.0324065,-0.420244,0.731227,-0.53731,0,0,0
000747,0.502531,0.701006,0.5037,145.435,149.756,261.476,0.0005,0.496438,0.790219,0.35931,-0.647206,0.651458,0.395889,-0.648608,0.306335,-0.696754,0,0,0,0.992545,0.117367,-0.0328517,-0.133594,0.946447,-0.293922,0,0,0,0.609061,0.758093,-0.233109,-0.790568,0.584069,-0.18403,0.702322,0.294506,0.648082,0,0,0,-0.0930847,0.881906,0.462144,0,0,0,0,0,0,0,0,0,0,0,0,0,0,0,0.858678,0.483966,0.16867,-0.9358,0.269963,0.226713,-0.934568,0.0897169,-0.344286,0.861354,0.303741,-0.407198,0.178185,0.983951,0.00948136,-0.416778,0.908532,0.0294082,-0.419621,0.7291,-0.540677,0,0,0
000748,0.50697,0.704701,0.502617,145.435,149.756,261.476,0.0005,0.495199,0.78735,0.367229,-0.647128,0.652091,0.394971,0,0,0,0,0,0,0.99281,0.117399,-0.0233566,-0.133726,0.947462,-0.290575,0,0,0,0.609973,0.760001,-0.224347,-0.789673,0.584027,-0.18796,0.697432,0.293543,0.653775,-0.705669,0.129849,0.696541,-0.0933792,0.879776,0.466128,0,0,0,0,0,0,0,0,0,0,0,0,0,0,0,0.857408,0.482683,0.178517,-0.936951,0.270815,0.220866,-0.931797,0.0894523,-0.351785,0.864211,0.304744,-0.400337,0.178168,0.983862,0.0164802,-0.417214,0.908283,0.0309073,-0.418318,0.729844,-0.540683,0,0,0
000749,0.50861,0.706414,0.502322,145.435,149.756,261.476,0.0005,0.494404,0.786106,0.370946,-0.647128,0.652091,0.394971,-0.645025,0.305741,-0.700332,0,0,0,0.992885,0.117408,-0.0198585,-0.133801,0.948036,-0.288661,0,0,0,0.611175,0.759892,-0.221425,-0.789522,0.583914,-0.188942,0.696611,0.292116,0.655287,-0.706786,0.129545,0.695465,-0.0932884,0.878846,0.467896,0,0,0,0,0,0,0,0,0,0,0,0,0,0,0,0.856779,0.48233,0.18245,-0.937374,0.270937,0.218915,-0.930742,0.0893516,-0.354592,0.865362,0.305677,-0.397128,0.177666,0.983898,0.0194792,-0.417201,0.908254,0.0319068,-0.418318,0.729844,-0.540683,0,0,0
000750,0.502564,0.705952,0.509852,164.408,176.797,78.0812,0.0005,0.529316,0.761858,0.373358,-0.620735,0.678515,0.392817,0,0,0,0,0,0,0.99741,0.0697637,-0.0175276,-0.0839763,0.957035,-0.277545,0,0,0,0.649501,0.730546,-0.210835,-0.759371,0.624486,-0.182684,0.709252,0.255877,0.656878,-0.709791,0.158922,0.686251,-0.0572815,0.881229,0.469206,0,0,0,0,0,0,0,0,0,0,0,0,0,0,0,0.878556,0.44028,0.185182,-0.92478,0.313306,0.215919,-0.925911,0.137482,-0.351835,0.882774,0.266257,-0.387061,0.225036,0.973966,0.0273769,-0.37301,0.927054,0.0378653,-0.37711,0.758907,-0.530894,0,0,0
000751,0.501818,0.705879,0.506272,164.408,176.797,78.0812,0.0005,0.528474,0.761532,0.375212,-0.619437,0.677831,0.396033,0,0,0,0,0,0,0.997392,0.0697624,-0.0185274,-0.0839337,0.95648,-0.279466,0,0,0,0.648469,0.730896,-0.212788,-0.759618,0.624042,-0.183175,0.707056,0.256148,0.659136,-0.707106,0.158324,0.689155,-0.0572011,0.87982,0.471853,0,0,0,0,0,0,0,0,0,0,0,0,0,0,0,0.878556,0.44028,0.185182,-0.924426,0.312659,0.218359,-0.925562,0.137431,-0.352771,0.881615,0.265389,-0.390286,0.225036,0.973966,0.0273769,-0.372996,0.927019,0.0388645,-0.377306,0.757029,-0.533429,0,0,0
000752,0.502544,0.706171,0.507325,164.408,176.797,78.0812,0.0005,0.528885,0.761246,0.375213,-0.620205,0.677933,0.394655,0,0,0,0,0,0,0.99741,0.0697637,-0.0175276,-0.083955,0.956758,-0.278505,0,0,0,0.649359,0.730389,-0.211812,-0.759547,0.623983,-0.183667,0.707536,0.255789,0.658761,-0.708667,0.157647,0.687705,-0.057228,0.88029,0.470971,0,0,0,0,0,0,0,0,0,0,0,0,0,0,0,0.878614,0.43975,0.186165,-0.924472,0.313202,0.217383,-0.925388,0.137405,-0.353239,0.882361,0.265612,-0.388444,0.225036,0.973966,0.0273769,-0.373003,0.927037,0.0383649,-0.376644,0.757952,-0.532587,0,0,0
000753,0.503738,0.709898,0.505932,164.408,176.797,78.0812,0.0005,0.527579,0.759392,0.380767,-0.618903,0.677244,0.397869,0,0,0,0,0,0,0.997458,0.0697671,-0.0145282,-0.0840397,0.957861,-0.274663,0,0,0,0.649756,0.731575,-0.206434,-0.759759,0.624158,-0.182192,0.705532,0.254535,0.66139,-0.707887,0.157986,0.68843,-0.0570932,0.877928,0.475376,0,0,0,0,0,0,0,0,0,0,0,0,0,0,0,0.877546,0.439777,0.191075,-0.924472,0.313202,0.217383,-0.924584,0.13678,-0.355577,0.883104,0.265834,-0.3866,0.224994,0.973788,0.0333731,-0.373399,0.92668,0.0428607,-0.377441,0.758447,-0.531315,0,0,0
000754,0.500665,0.701317,0.504666,164.408,176.797,78.0812,0.0005,0.529548,0.763056,0.370572,-0.620338,0.678079,0.394196,0,0,0,0,0,0,0.997332,0.0697583,-0.0215268,-0.0837817,0.954506,-0.286179,0,0,0,0.647456,0.729772,-0.219621,-0.758873,0.624075,-0.186124,0.708325,0.255542,0.658008,-0.705759,0.158025,0.690603,-0.0573215,0.881931,0.467881,0,0,0,0,0,0,0,0,0,0,0,0,0,0,0,0.879517,0.4402,0.180759,-0.924059,0.313062,0.219335,-0.925562,0.137431,-0.352771,0.87978,0.265361,-0.394425,0.225078,0.974138,0.0198796,-0.373069,0.927203,0.0333683,-0.375684,0.754845,-0.537653,0,0,0
000755,0.509539,0.701267,0.507608,164.408,176.797,78.0812,0.0005,0.528041,0.760917,0.377065,-0.623105,0.681867,0.383141,0,0,0,0,0,0,0.997555,0.0697739,-0.00403109,-0.0837817,0.954506,-0.286179,0,0,0,0.649548,0.731344,-0.207901,-0.757655,0.621772,-0.198389,0.704117,0.254556,0.662888,-0.714455,0.158423,0.68151,-0.0579,0.883296,0.465226,0,0,0,0,0,0,0,0,0,0,0,0,0,0,0,0.876631,0.43988,0.194998,-0.927456,0.314211,0.202721,-0.92084,0.136227,-0.36537,0.885894,0.267191,-0.379212,0.22506,0.974064,0.0233786,-0.373609,0.927211,0.0263716,-0.3762,0.752483,-0.540595,0,0,0
000756,0.500861,0.707907,0.50004,164.408,176.797,78.0812,0.0005,0.527278,0.759833,0.380304,-0.617927,0.675426,0.402451,0,0,0,0,0,0,0.997377,0.0692602,-0.0210269,-0.0839229,0.956341,-0.279946,0,0,0,0.648255,0.730658,-0.214253,-0.760076,0.623771,-0.182192,0.703635,0.254913,0.663262,-0.702706,0.155809,0.694211,-0.0569979,0.876262,0.478452,0,0,0,0,0,0,0,0,0,0,0,0,0,0,0,0.878223,0.440114,0.187147,-0.923114,0.312743,0.223723,-0.92476,0.136806,-0.355109,0.879446,0.265784,-0.394884,0.22502,0.973896,0.0298756,-0.372936,0.926867,0.0428608,-0.376603,0.755588,-0.535964,0,0,0
000757,0.50473,0.704175,0.50237,164.408,176.797,78.0812,0.0005,0.527606,0.760299,0.378916,-0.619969,0.678416,0.394196,0,0,0,0,0,0,0.997443,0.0702672,-0.0130285,-0.0838255,0.955075,-0.284262,0,0,0,0.648843,0.730564,-0.212788,-0.758293,0.623596,-0.190052,0.703663,0.25386,0.663637,-0.706878,0.157762,0.689518,-0.0571877,0.879584,0.472294,0,0,0,0,0,0,0,0,0,0,0,0,0,0,0,0.877407,0.440266,0.190584,-0.925348,0.31297,0.213966,-0.922814,0.136519,-0.360245,0.881989,0.265501,-0.389365,0.225046,0.974005,0.0258776,-0.37352,0.926985,0.0343676,-0.375659,0.753655,-0.539337,0,0,0
000758,0.503463,0.709158,0.504702,164.408,176.797,78.0812,0.0005,0.527579,0.759392,0.380767,-0.618903,0.677244,0.397869,0,0,0,0,0,0,0.997443,0.069766,-0.015528,-0.0839975,0.957312,-0.276585,0,0,0,0.649548,0.731344,-0.207901,-0.759618,0.624042,-0.183175,0.70474,0.254781,0.662139,-0.707323,0.157348,0.689155,-0.057066,0.877453,0.476256,0,0,0,0,0,0,0,0,0,0,0,0,0,0,0,0.877631,0.439819,0.190584,-0.924369,0.313167,0.217871,-0.924438,0.13777,-0.355576,0.882445,0.266681,-0.387522,0.225002,0.97382,0.0323738,-0.373407,0.9267,0.0423612,-0.377092,0.75773,-0.532585,0,0,0
000759,0.504844,0.701773,0.508916,164.408,176.797,78.0812,0.0005,0.52912,0.762449,0.372429,-0.621809,0.680441,0.387754,0,0,0,0,0,0,0.997472,0.069768,-0.0135284,-0.0838255,0.955075,-0.284262,0,0,0,0.649217,0.730232,-0.212789,-0.758854,0.622763,-0.190543,0.707845,0.255901,0.658384,-0.711572,0.158806,0.684431,-0.0574011,0.883328,0.465228,0,0,0,0,0,0,0,0,0,0,0,0,0,0,0,0.877999,0.440561,0.187147,-0.926051,0.313208,0.210546,-0.924159,0.137223,-0.356511,0.883474,0.265945,-0.385678,0.225065,0.974087,0.0223789,-0.373562,0.927091,0.0308695,-0.376037,0.755569,-0.536388,0,0,0
000760,0.504771,0.700738,0.501089,144.937,136.236,229.964,0.0005,0.502343,0.785747,0.360905,-0.642647,0.659323,0.390253,0,0,0,0,0,0,0.993853,0.107554,-0.0262302,-0.123838,0.945679,-0.300593,0,0,0,0.617316,0.751323,-0.233312,-0.783351,0.59091,-0.192838,0.699998,0.289449,0.652856,0,0,0,-0.0863077,0.88394,0.459566,0,0,0,0,0,0,0,0,0,0,0,0,0,0,0,0.86224,0.475923,0.173318,-0.934591,0.279736,0.219744,-0.930715,0.0967208,-0.352725,0.865806,0.29473,-0.404369,0.187244,0.982292,0.00652514,-0.408931,0.912291,0.0223706,-0.4097,0.729026,-0.548331,0,0,0
000761,0.504805,0.705903,0.502175,144.937,136.236,229.964,0.0005,0.501355,0.784224,0.365563,-0.641556,0.658197,0.393932,0,0,0,0,0,0,0.993879,0.107557,-0.0252307,-0.124121,0.948036,-0.292954,0,0,0,0.618201,0.752385,-0.227474,-0.78411,0.591485,-0.187929,0.699887,0.288862,0.653235,-0.704438,0.13937,0.695948,-0.0861015,0.88164,0.464001,0,0,0,0,0,0,0,0,0,0,0,0,0,0,0,0.861384,0.476024,0.177255,-0.934025,0.280089,0.221695,-0.931188,0.0972724,-0.351321,0.866951,0.295117,-0.401623,0.18723,0.982216,0.0140241,-0.408858,0.912125,0.029368,-0.410842,0.732139,-0.543306,0,0,0
000762,0.505897,0.702988,0.505471,144.937,136.236,229.964,0.0005,0.502245,0.785596,0.361372,-0.642831,0.660231,0.388411,0,0,0,0,0,0,0.993927,0.107562,-0.0232315,-0.124033,0.947306,-0.295344,0,0,0,0.618128,0.752297,-0.227961,-0.783882,0.590685,-0.191365,0.701505,0.290071,0.650961,-0.70794,0.139548,0.692349,-0.0863487,0.884397,0.458678,0,0,0,0.264734,0.593321,0.760189,0,0,0,0,0,0,0,0,0,0.861616,0.476151,0.175779,-0.935218,0.279924,0.216817,-0.931065,0.096757,-0.351789,0.868089,0.295501,-0.398875,0.187239,0.982263,0.0100248,-0.408912,0.912248,0.0243699,-0.411148,0.731657,-0.543724,0,0,0
000763,0.508043,0.706494,0.506109,144.937,136.236,229.964,0.0005,0.501156,0.783917,0.366494,-0.642831,0.660231,0.388411,0,0,0,0,0,0,0.993976,0.108071,-0.0182338,-0.12419,0.948616,-0.291042,0,0,0,0.618749,0.753821,-0.221141,-0.784182,0.590286,-0.191365,0.699697,0.289325,0.653235,-0.709733,0.13939,0.690543,-0.0862049,0.882793,0.461785,0,0,0,0,0,0,0,0,0,0,0,0,0,0,0,0.860997,0.475241,0.18119,-0.935734,0.280079,0.214376,-0.930188,0.0966663,-0.354128,0.869967,0.296135,-0.394286,0.187224,0.982187,0.0160235,-0.408881,0.912177,0.0273688,-0.410928,0.733333,-0.541628,0,0,0
000764,0.502156,0.709732,0.502606,144.937,136.236,229.964,0.0005,0.501056,0.783763,0.366959,-0.639762,0.656343,0.399898,-0.645505,0.308659,-0.698607,0,0,0,0.993662,0.10854,-0.0292288,-0.124328,0.949764,-0.287213,0,0,0,0.618033,0.752963,-0.226013,-0.78544,0.591866,-0.181049,0.701094,0.28936,0.65172,-0.702289,0.139457,0.698098,-0.085914,0.879552,0.467982,0,0,0,0,0,0,0,0,0,0,0,0,0,0,0,0.861693,0.476193,0.175287,-0.932733,0.279702,0.227541,-0.933027,0.0964572,-0.346636,0.866028,0.295332,-0.403454,0.187214,0.982135,0.0190224,-0.40875,0.911881,0.0373628,-0.411969,0.735225,-0.538261,0,0,0
000765,0.500785,0.705748,0.502041,144.937,136.236,229.964,0.0005,0.502147,0.785444,0.361838,-0.63982,0.657122,0.398523,0,0,0,0,0,0,0.993609,0.108031,-0.0327271,-0.124156,0.948326,-0.291998,0,0,0,0.617465,0.751502,-0.23234,-0.784994,0.592155,-0.182033,0.702106,0.290319,0.650201,-0.701797,0.138341,0.698815,-0.0860599,0.881178,0.464886,0,0,0,0,0,0,0,0,0,0,0,0,0,0,0,0.86245,0.476609,0.170362,-0.932515,0.279637,0.228515,-0.933492,0.0970079,-0.345228,0.86446,0.294275,-0.407567,0.187233,0.982236,0.0125244,-0.408364,0.912245,0.0323665,-0.411932,0.733083,-0.541204,0,0,0
000766,0.504852,0.701792,0.501436,144.937,136.236,229.964,0.0005,0.502147,0.785444,0.361838,-0.642376,0.659043,0.391173,0,0,0,0,0,0,0.993825,0.108054,-0.0252307,-0.123909,0.946274,-0.298685,0,0,0,0.617153,0.751909,-0.231853,-0.783504,0.591026,-0.191856,0.699506,0.289787,0.653235,-0.704535,0.138879,0.695948,-0.0862666,0.883482,0.460454,0,0,0,0,0,0,0,0,0,0,0,0,0,0,0,0.861846,0.476277,0.174302,-0.934591,0.279736,0.219744,-0.930715,0.0967208,-0.352725,0.866189,0.294859,-0.403454,0.187242,0.982281,0.00802502,-0.408917,0.912259,0.0238701,-0.408918,0.730716,-0.546663,0,0,0
000767,0.506193,0.703113,0.507935,144.937,136.236,229.964,0.0005,0.50254,0.786049,0.359973,-0.64337,0.660788,0.386568,-0.644323,0.310309,-0.698968,0,0,0,0.993938,0.107564,-0.0227318,-0.124086,0.947744,-0.29391,0,0,0,0.618033,0.752963,-0.226013,-0.783733,0.5912,-0.190384,0.702707,0.290567,0.649441,0,0,0,-0.0864305,0.885309,0.4569,0,0,0,0,0,0,0,0,0,0,0,0,0,0,0,0.861934,0.475756,0.175287,-0.935529,0.280017,0.215352,-0.931415,0.0967932,-0.350853,0.869004,0.295282,-0.397041,0.187238,0.982258,0.0105247,-0.408912,0.912248,0.0243699,-0.410928,0.733333,-0.541628,0,0,0
000768,0.509035,0.704138,0.504077,144.937,136.236,229.964,0.0005,0.501676,0.7838,0.36603,-0.643728,0.660439,0.386567,-0.640536,0.308478,-0.703246,0,0,0,0.994002,0.108074,-0.0167346,-0.124051,0.947452,-0.294866,0,0,0,0.618779,0.753077,-0.223578,-0.782964,0.590617,-0.19529,0.698488,0.288826,0.654748,-0.708862,0.140238,0.691266,-0.0867643,0.883434,0.460452,0,0,0,0,0,0,0,0,0,0,0,0,0,0,0,0.860596,0.475591,0.182172,-0.935754,0.281128,0.212911,-0.928949,0.0965383,-0.357399,0.869754,0.295536,-0.395205,0.186741,0.982323,0.0130242,-0.408922,0.91227,0.0233703,-0.409749,0.73119,-0.545405,0,0,0
000769,0.506009,0.7007,0.509065,144.937,136.236,229.964,0.0005,0.503125,0.786952,0.357172,-0.644532,0.661269,0.383799,0,0,0,0,0,0,0.993884,0.108061,-0.0227318,-0.123998,0.947012,-0.296299,0,0,0,0.617669,0.752527,-0.228447,-0.78403,0.59017,-0.192347,0.703906,0.291062,0.647919,-0.710652,0.14008,0.689458,-0.0865727,0.886897,0.453784,0,0,0,0,0,0,0,0,0,0,0,0,0,0,0,0.862316,0.475965,0.172825,-0.935734,0.280079,0.214376,-0.931763,0.0968292,-0.349917,0.868815,0.295219,-0.397499,0.187244,0.982288,0.0070251,-0.408944,0.912321,0.020871,-0.410973,0.732377,-0.542886,0,0,0
000770,0.504192,0.705871,0.500759,216.809,77.0532,299.72,0.0005,0.473147,0.810504,0.345275,-0.662086,0.638332,0.392651,-0.662407,0.269971,-0.698808,0,0,0,0.988183,0.147528,-0.0415848,-0.166892,0.93628,-0.309074,0,0,0,0.58277,0.77321,-0.250052,-0.810344,0.554886,-0.188266,0.69494,0.329248,0.639261,-0.69919,0.122947,0.704285,-0.116389,0.885059,0.450693,0,0,0,0.248539,0.613096,0.749894,0,0,0,0,0,0,0,0,0,0.843688,0.513615,0.156173,-0.941718,0.245203,0.23031,-0.938682,0.0522414,-0.340803,0.848119,0.322599,-0.420268,0.146666,0.989165,-0.00648246,-0.445739,0.894959,0.019117,-0.446945,0.704307,-0.551536,0,0,0
000771,0.508738,0.704014,0.504456,216.809,77.0532,299.72,0.0005,0.473235,0.810652,0.344806,-0.664872,0.641033,0.383435,-0.66219,0.267722,-0.699878,0,0,0,0.988439,0.148072,-0.032593,-0.167282,0.935581,-0.310974,0,0,0,0.583848,0.773793,-0.245694,-0.809158,0.55407,-0.195626,0.694148,0.329426,0.640029,0,0,0,-0.117242,0.887883,0.444879,0,0,0,0,0,0,0,0,0,0,0,0,0,0,0,0.84301,0.513204,0.161109,-0.943647,0.246739,0.220569,-0.936624,0.0521279,-0.346437,0.851622,0.323923,-0.412085,0.14617,0.989227,-0.0079822,-0.445784,0.895051,0.012618,-0.446506,0.703604,-0.552787,0,0,0
000772,0.502461,0.706057,0.503879,216.809,77.0532,299.72,0.0005,0.473761,0.811539,0.341988,-0.662086,0.638332,0.392651,0,0,0,0,0,0,0.988003,0.148007,-0.0440823,-0.167044,0.93719,-0.30622,0,0,0,0.583092,0.772809,-0.250537,-0.810751,0.555773,-0.183845,0.697319,0.330926,0.635794,-0.70023,0.123128,0.703219,-0.116499,0.885952,0.448907,0,0,0,0,0,0,0,0,0,0,0,0,0,0,0,0.843825,0.514283,0.15321,-0.941144,0.245571,0.232256,-0.940372,0.0523345,-0.336098,0.848119,0.322599,-0.420268,0.146666,0.989165,-0.00648246,-0.445726,0.894932,0.0206166,-0.448954,0.705639,-0.548192,0,0,0
000773,0.502044,0.708094,0.505126,216.809,77.0532,299.72,0.0005,0.474017,0.810991,0.342929,-0.661803,0.638059,0.39357,0,0,0,0,0,0,0.988055,0.147509,-0.0445818,-0.167195,0.938092,-0.303363,0,0,0,0.583472,0.773304,-0.248116,-0.811617,0.555156,-0.181878,0.698108,0.330746,0.635022,0,0,0,-0.116417,0.885283,0.450246,0,0,0,0,0,0,0,0,0,0,0,0,0,0,0,0.844085,0.513856,0.15321,-0.940919,0.245512,0.233228,-0.940874,0.0523622,-0.334685,0.848689,0.32228,-0.41936,0.146669,0.989179,-0.00348298,-0.445697,0.894873,0.0236157,-0.448419,0.708561,-0.54485,0,0,0
000774,0.501121,0.706638,0.509794,216.809,77.0532,299.72,0.0005,0.474023,0.812961,0.338226,-0.663136,0.638654,0.39035,0,0,0,0,0,0,0.987914,0.147993,-0.0460802,-0.167245,0.938391,-0.302411,0,0,0,0.583396,0.773205,-0.248601,-0.811424,0.556237,-0.17942,0.701539,0.332369,0.630375,0,0,0,-0.116719,0.887727,0.445329,0,0,0,0,0,0,0,0,0,0,0,0,0,0,0,0.844278,0.514557,0.14975,-0.941144,0.245571,0.232256,-0.942368,0.0524446,-0.330441,0.849099,0.322969,-0.417998,0.146667,0.989168,-0.00598254,-0.445264,0.895126,0.0221163,-0.45055,0.709144,-0.542327,0,0,0
000775,0.508249,0.708713,0.500958,216.809,77.0532,299.72,0.0005,0.471993,0.808557,0.351367,-0.662928,0.639149,0.38989,0,0,0,0,0,0,0.988439,0.148072,-0.032593,-0.167511,0.936952,-0.306694,0,0,0,0.583968,0.774772,-0.2423,-0.809514,0.554921,-0.191703,0.691752,0.32774,0.64348,-0.702046,0.122938,0.70144,-0.11625,0.883938,0.452923,0,0,0,0,0,0,-0.3451,0.527359,0.776401,0,0,0,0,0,0,0.842452,0.512867,0.165054,-0.943147,0.245575,0.223981,-0.936423,0.0526175,-0.346906,0.85122,0.323236,-0.413452,0.14667,0.989185,-0.000483686,-0.445739,0.894959,0.019117,-0.446522,0.704574,-0.551538,0,0,0
000776,0.502048,0.706528,0.507835,216.809,77.0532,299.72,0.0005,0.473677,0.812378,0.340107,-0.662648,0.638877,0.390811,-0.668768,0.270949,-0.692341,0,0,0,0.987907,0.148498,-0.0445818,-0.167195,0.938092,-0.303363,0,0,0,0.583396,0.773205,-0.248601,-0.811335,0.555568,-0.181878,0.700326,0.331242,0.632314,0,0,0,-0.116609,0.886841,0.447119,0,0,0,0,0,0,-0.346171,0.531747,0.772923,0,0,0,0,0,0,0.844345,0.514013,0.151233,-0.94113,0.246084,0.231769,-0.941513,0.0528982,-0.3328,0.849099,0.322969,-0.417998,0.146667,0.989168,-0.00598254,-0.445717,0.894913,0.0216163,-0.449832,0.707992,-0.544425,0,0,0
000777,0.501683,0.706827,0.504567,216.809,77.0532,299.72,0.0005,0.473329,0.811791,0.341987,-0.661803,0.638059,0.39357,-0.667407,0.268773,-0.694499,0,0,0,0.987937,0.147997,-0.0455807,-0.167095,0.937492,-0.305268,0,0,0,0.583169,0.772909,-0.250053,-0.811052,0.555981,-0.181879,0.698609,0.33043,0.634636,0,0,0,-0.116472,0.885729,0.449353,0,0,0,0.24921,0.616056,0.747241,0,0,0,0,0,0,0,0,0,0.843955,0.514362,0.152221,-0.94068,0.245966,0.233714,-0.940902,0.051863,-0.334685,0.847922,0.322525,-0.420721,0.146667,0.989171,-0.00548262,-0.445259,0.895116,0.0226161,-0.449533,0.706568,-0.546518,0,0,0
000778,0.503962,0.703038,0.502283,216.809,77.0532,299.72,0.0005,0.473935,0.811832,0.341049,-0.663555,0.63906,0.388968,-0.662865,0.270698,-0.698092,0,0,0,0.988089,0.148019,-0.0420843,-0.166739,0.935361,-0.311926,0,0,0,0.582709,0.77231,-0.252956,-0.81011,0.554725,-0.189739,0.695954,0.330834,0.637336,0,0,0,-0.116636,0.887063,0.446671,0,0,0,0,0,0,0,0,0,0,0,0,0,0,0,0.843825,0.514283,0.15321,-0.941814,0.245745,0.229337,-0.939022,0.0522601,-0.339863,0.84808,0.321515,-0.421175,0.146661,0.989131,-0.0104819,-0.445318,0.895236,0.0156177,-0.447075,0.703572,-0.552368,0,0,0
000779,0.502727,0.708032,0.501226,216.809,77.0532,299.72,0.0005,0.473491,0.810103,0.345745,-0.661237,0.637509,0.395408,0,0,0,0,0,0,0.988025,0.14801,-0.0435828,-0.167562,0.937254,-0.305743,0,0,0,0.582922,0.773408,-0.249084,-0.810751,0.555773,-0.183845,0.695303,0.329973,0.638491,0,0,0,-0.11625,0.883938,0.452923,0,0,0,0,0,0,-0.344045,0.526656,0.777346,0,0,0,0,0,0,0.843821,0.513696,0.155186,-0.941045,0.245028,0.233228,-0.939699,0.0522974,-0.337981,0.847725,0.32245,-0.421175,0.146669,0.989179,-0.00348298,-0.445702,0.894883,0.0231159,-0.447963,0.70594,-0.548614,0,0,0
000780,0.509549,0.702339,0.500121,108.713,307.834,348.077,0.0005,0.485941,0.775259,0.403528,-0.655291,0.623799,0.425991,-0.651031,0.326445,-0.685268,0.505132,0.496584,-0.705865,0.990905,0.13336,-0.0179774,-0.148443,0.956874,-0.249715,0,0,0,0.59784,0.778365,-0.191662,-0.798089,0.580192,-0.162577,0.6944,0.270783,0.666698,0,0,0,-0.102237,0.855517,0.507582,0,0,0,0,0,0,0,0,0,0,0,0,0,0,0,0.85023,0.486431,0.201231,-0.940622,0.246102,0.233804,-0.932703,0.0921684,-0.348669,0.857696,0.337305,-0.388049,0.164296,0.984561,0.0603862,-0.429962,0.900027,0.0713086,-0.430194,0.745728,-0.508746,0,0,0
000781,0.507473,0.700453,0.506766,108.713,307.834,348.077,0.0005,0.48734,0.778391,0.395736,-0.657014,0.624756,0.421915,-0.655453,0.329801,-0.679421,0.506735,0.497467,-0.704093,0.990825,0.13335,-0.0219753,-0.148496,0.957243,-0.248263,0,0,0,0.597663,0.778138,-0.193134,-0.798837,0.58012,-0.159123,0.700634,0.272132,0.659588,0,0,0,-0.103678,0.859407,0.500669,0,0,0,0,0,0,0,0,0,0,0,0,0,0,0,0.851766,0.486729,0.193881,-0.940622,0.246102,0.233804,-0.935279,0.0924216,-0.341631,0.857877,0.337376,-0.387589,0.164341,0.984819,0.0558941,-0.430021,0.900154,0.0693137,-0.431566,0.748152,-0.504004,0,0,0
000782,0.502406,0.702097,0.503965,108.713,307.834,348.077,0.0005,0.487552,0.778725,0.394817,-0.653589,0.62217,0.43096,-0.656367,0.332505,-0.677217,0.503225,0.497511,-0.706574,0.990558,0.133314,-0.0319704,-0.148585,0.957854,-0.24584,0,0,0,0.597,0.777289,-0.198527,-0.799607,0.581301,-0.150726,0.701681,0.273075,0.658083,0,0,0,-0.102903,0.856968,0.504993,0,0,0,0,0,0,0,0,0,0,0,0,0,0,0,0.852844,0.487341,0.187501,-0.938077,0.245438,0.244483,-0.937802,0.0926696,-0.334573,0.854593,0.336093,-0.395868,0.164331,0.984763,0.0568925,-0.429354,0.899908,0.076295,-0.433052,0.748748,-0.501839,0,0,0
000783,0.506851,0.706147,0.500817,108.713,307.834,348.077,0.0005,0.485192,0.775013,0.404898,-0.653433,0.622021,0.431411,-0.65318,0.329773,-0.68162,0.506084,0.49612,-0.70551,0.990814,0.133348,-0.0224751,-0.148689,0.95858,-0.242931,0,0,0,0.597679,0.77897,-0.189699,-0.798819,0.581345,-0.154679,0.696132,0.27092,0.664833,0,0,0,-0.102507,0.853434,0.511022,0,0,0,0,0,0,0,0,0,0,0,0,0,0,0,0.850578,0.486629,0.199272,-0.939248,0.245744,0.239632,-0.934646,0.091857,-0.34351,0.857154,0.336557,-0.389892,0.164247,0.984283,0.0648769,-0.42974,0.899553,0.0782887,-0.431814,0.74859,-0.50314,0,0,0
000784,0.509735,0.709756,0.50016,108.713,307.834,348.077,0.0005,0.48366,0.772603,0.411287,-0.653277,0.621871,0.431862,-0.652333,0.327663,-0.683446,0.508237,0.495438,-0.704441,0.990938,0.133365,-0.0159786,-0.148827,0.959534,-0.23905,0,0,0,0.598878,0.779693,-0.182824,-0.798862,0.580757,-0.156654,0.692844,0.270179,0.668558,0,0,0,-0.102804,0.851592,0.514025,0,0,0,0,0,0,0,0,0,0,0,0,0,0,0,0.849593,0.485494,0.206124,-0.940294,0.2455,0.235747,-0.932876,0.0921854,-0.3482,0.859135,0.337867,-0.384361,0.164171,0.983847,0.0713602,-0.429638,0.899336,0.081279,-0.432371,0.74856,-0.502706,0,0,0
000785,0.503235,0.708162,0.508279,108.713,307.834,348.077,0.0005,0.487124,0.77712,0.39849,-0.653277,0.621871,0.431862,-0.661181,0.330457,-0.673526,0.508036,0.496645,-0.703735,0.990663,0.133328,-0.0284722,-0.148928,0.96024,-0.236136,0,0,0,0.59853,0.778436,-0.189209,-0.79997,0.582186,-0.145287,0.702782,0.272966,0.656953,0,0,0,-0.102706,0.855206,0.508011,0,0,0,0,0,0,0,0,0,0,0,0,0,0,0,0.851853,0.487353,0.191918,-0.938313,0.2455,0.243513,-0.938466,0.0927349,-0.332687,0.857334,0.337164,-0.388971,0.164236,0.984219,0.0658745,-0.429586,0.899224,0.0827739,-0.435259,0.752648,-0.494035,0,0,0
000786,0.503837,0.708524,0.508371,108.713,307.834,348.077,0.0005,0.48691,0.776784,0.399407,-0.653589,0.62217,0.43096,-0.660282,0.332243,-0.67353,0.508636,0.496536,-0.703378,0.990691,0.133332,-0.0274727,-0.148945,0.960356,-0.235651,0,0,0,0.598646,0.778584,-0.188227,-0.80044,0.581291,-0.146276,0.701988,0.273194,0.657707,0,0,0,-0.102706,0.855206,0.508011,0,0,0,0,0,0,0,0,0,0,0,0,0,0,0,0.851934,0.486824,0.1929,-0.938548,0.245561,0.242543,-0.938135,0.0927023,-0.33363,0.857696,0.337305,-0.388049,0.16423,0.984187,0.0663734,-0.429586,0.899224,0.0827739,-0.435259,0.752648,-0.494035,0,0,0
000787,0.503107,0.705972,0.507769,108.713,307.834,348.077,0.0005,0.487551,0.777791,0.396655,-0.6539,0.622467,0.430057,-0.66013,0.331046,-0.674267,0.507886,0.495794,-0.704443,0.990634,0.133324,-0.0294717,-0.148827,0.959534,-0.23905,0,0,0,0.598178,0.777985,-0.192154,-0.800028,0.581609,-0.147265,0.702419,0.273898,0.656953,0,0,0,-0.102818,0.856214,0.506287,0,0,0,0,0,0,0,0,0,0,0,0,0,0,0,0.852681,0.486674,0.189956,-0.938431,0.24553,0.243028,-0.938301,0.0927186,-0.333159,0.856608,0.33688,-0.390812,0.164269,0.984409,0.0628812,-0.429204,0.899588,0.080781,-0.433905,0.752285,-0.495777,0,0,0
000788,0.508643,0.709453,0.500911,108.713,307.834,348.077,0.0005,0.4841,0.773296,0.409464,-0.653277,0.621871,0.431862,-0.653922,0.326786,-0.682347,0.507536,0.496151,-0.704444,0.990838,0.133856,-0.0179774,-0.148827,0.959534,-0.23905,0,0,0,0.598368,0.779853,-0.183806,-0.799113,0.580941,-0.154679,0.694089,0.270662,0.66707,0,0,0,-0.102833,0.851848,0.513596,0,0,0,0,0,0,0,0,0,0,0,0,0,0,0,0.84995,0.485697,0.204167,-0.93971,0.245864,0.23769,-0.933789,0.0917727,-0.345856,0.858594,0.338193,-0.385283,0.16369,0.983999,0.0703626,-0.429638,0.899336,0.081279,-0.432309,0.749464,-0.50141,0,0,0
000789,0.505201,0.708393,0.505224,108.713,307.834,348.077,0.0005,0.486265,0.775769,0.402155,-0.653277,0.621871,0.431862,-0.657345,0.331319,-0.676849,0.506985,0.497714,-0.703738,0.990756,0.13334,-0.0249739,-0.148861,0.95977,-0.238079,0,0,0,0.598307,0.778963,-0.187736,-0.800082,0.581029,-0.149243,0.699711,0.271773,0.660714,0,0,0,-0.102592,0.854194,0.509732,0,0,0,0,0,0,0,0,0,0,0,0,0,0,0,0.851342,0.486488,0.196332,-0.938899,0.245653,0.241088,-0.936631,0.0925545,-0.337869,0.857698,0.336769,-0.38851,0.164224,0.984154,0.0668721,-0.429603,0.899262,0.0822756,-0.432793,0.75235,-0.496648,0,0,0
000790,0.506056,0.707368,0.503584,359.486,59.0791,311.599,0.0005,0.441588,0.832326,0.335011,-0.684837,0.611687,0.396028,-0.685126,0.236471,-0.688973,0,0,0,0.980068,0.191503,-0.052852,-0.213413,0.926976,-0.308498,0,0,0,0.544538,0.797954,-0.258357,-0.83678,0.517156,-0.17986,0.689126,0.363328,0.626975,0,0,0,-0.148802,0.882102,0.446937,0,0,0,0.231494,0.62948,0.741731,0,0,0,0,0,0,0,0,0,0.821556,0.55158,0.144239,-0.94896,0.205287,0.239443,-0.944413,0.00860156,-0.328648,0.828723,0.357961,-0.430212,0.102301,0.994693,-0.0109751,-0.484793,0.874378,0.0209246,-0.487361,0.681069,-0.546466,0,0,0
000791,0.501887,0.702644,0.507528,359.486,59.0791,311.599,0.0005,0.443387,0.835662,0.324155,-0.685611,0.61171,0.394649,-0.68934,0.238987,-0.683883,0,0,0,0.979657,0.190914,-0.0618361,-0.213702,0.925956,-0.311348,0,0,0,0.54409,0.795558,-0.26656,-0.837459,0.517578,-0.175431,0.694913,0.366375,0.618761,0,0,0,-0.149365,0.885604,0.439767,0,0,0,0,0,0,0,0,0,0,0,0,0,0,0,0.822881,0.552465,0.132851,-0.948121,0.204595,0.243324,-0.947652,0.00862937,-0.319188,0.826539,0.357566,-0.434719,0.102287,0.994574,-0.0189733,-0.484379,0.874664,0.0184252,-0.487894,0.682697,-0.543953,0,0,0
000792,0.503956,0.706246,0.506024,359.486,59.0791,311.599,0.0005,0.442819,0.833555,0.330298,-0.684837,0.611687,0.396028,-0.688051,0.236425,-0.686068,0,0,0,0.979853,0.191461,-0.0568453,-0.213901,0.926864,-0.308496,0,0,0,0.54458,0.797139,-0.260772,-0.837309,0.517485,-0.176416,0.6924,0.364486,0.622681,0,0,0,-0.149015,0.883422,0.444252,0,0,0,0.23287,0.631734,0.739381,0,0,0,0,0,0,0,0,0,0.822424,0.551559,0.139291,-0.948372,0.20516,0.241869,-0.946206,0.00861696,-0.323449,0.827931,0.358164,-0.431565,0.102297,0.994663,-0.0134745,-0.484351,0.874611,0.0214245,-0.488301,0.682407,-0.543951,0,0,0
000793,0.509666,0.70686,0.506644,359.486,59.0791,311.599,0.0005,0.441588,0.832326,0.335011,-0.686882,0.613524,0.389591,0,0,0,0,0,0,0.980429,0.191574,-0.0453637,-0.213835,0.926562,-0.309447,0,0,0,0.545608,0.798618,-0.254009,-0.836006,0.516674,-0.184776,0.688849,0.363182,0.627365,0,0,0,-0.149578,0.883778,0.443354,0,0,0,0.231204,0.631563,0.740049,0,0,0,0,0,0,0,0,0,0.821008,0.551214,0.148689,-0.95102,0.20522,0.231184,-0.942929,0.00808884,-0.332895,0.831663,0.359225,-0.423431,0.1023,0.994687,-0.011475,-0.484829,0.874445,0.0169254,-0.486796,0.681135,-0.546886,0,0,0
000794,0.502983,0.706747,0.506683,359.486,59.0791,311.599,0.0005,0.441936,0.834025,0.330295,-0.684542,0.611422,0.396946,-0.68902,0.237818,-0.684612,0,0,0,0.979768,0.191445,-0.0583426,-0.213545,0.927576,-0.306595,0,0,0,0.54458,0.797139,-0.260772,-0.837607,0.51767,-0.174447,0.692718,0.365219,0.621898,0,0,0,-0.148979,0.883203,0.4447,0,0,0,0,0,0,0,0,0,0,0,0,0,0,0,0.822318,0.552089,0.137805,-0.948016,0.205084,0.243324,-0.946851,0.0086225,-0.321556,0.827733,0.357535,-0.432467,0.102299,0.994676,-0.0124748,-0.484772,0.87434,0.022924,-0.488111,0.683875,-0.542275,0,0,0
000795,0.502225,0.706807,0.507347,359.486,59.0791,311.599,0.0005,0.442093,0.834315,0.329351,-0.684246,0.611157,0.397863,-0.690156,0.236624,-0.683882,0,0,0,0.979585,0.191918,-0.0598399,-0.213578,0.927726,-0.306119,0,0,0,0.544505,0.797032,-0.261254,-0.837829,0.517808,-0.17297,0.693542,0.365653,0.620723,0,0,0,-0.149015,0.883422,0.444252,0,0,0,0,0,0,0,0,0,0,0,0,0,0,0,0.822433,0.552165,0.136815,-0.947883,0.204544,0.244294,-0.947337,0.00812665,-0.320135,0.827534,0.357449,-0.432918,0.102299,0.994676,-0.0124748,-0.484761,0.874319,0.0239237,-0.489237,0.683739,-0.541432,0,0,0
000796,0.508327,0.704209,0.503941,359.486,59.0791,311.599,0.0005,0.441906,0.832914,0.333126,-0.686447,0.613133,0.390972,0,0,0,0,0,0,0.980243,0.191538,-0.0493575,-0.212594,0.925569,-0.313251,0,0,0,0.544728,0.797353,-0.259806,-0.835848,0.516577,-0.185758,0.688849,0.363182,0.627365,0,0,0,-0.149648,0.884215,0.442458,0,0,0,0.232351,0.630348,0.740726,0,0,0,0,0,0,0,0,0,0.821436,0.5515,0.145228,-0.950338,0.205073,0.2341,-0.943257,0.00859163,-0.331952,0.829512,0.3583,-0.428406,0.101796,0.994685,-0.015474,-0.484845,0.874473,0.0149257,-0.485285,0.679855,-0.549815,0,0,0
000797,0.501894,0.705178,0.506388,359.486,59.0791,311.599,0.0005,0.443287,0.834424,0.327465,-0.684727,0.610917,0.397404,-0.689509,0.2364,-0.684611,0,0,0,0.979592,0.19141,-0.061337,-0.213413,0.926976,-0.308498,0,0,0,0.544131,0.796493,-0.263666,-0.837681,0.517716,-0.173954,0.694283,0.364913,0.620331,0,0,0,-0.149085,0.88386,0.443356,0,0,0,0,0,0,0,0,0,0,0,0,0,0,0,0.822937,0.551901,0.134833,-0.947658,0.205007,0.244779,-0.947337,0.00812665,-0.320135,0.826737,0.357107,-0.434719,0.102294,0.994634,-0.0154741,-0.484783,0.87436,0.0219243,-0.488614,0.682852,-0.543112,0,0,0
000798,0.506034,0.705045,0.507559,359.486,59.0791,311.599,0.0005,0.442378,0.83379,0.330297,-0.686301,0.613002,0.391432,0,0,0,0,0,0,0.980042,0.191498,-0.0533511,-0.213347,0.926674,-0.309449,0,0,0,0.544802,0.797459,-0.259324,-0.836966,0.516683,-0.180351,0.692124,0.364341,0.623072,0,0,0,-0.149225,0.884734,0.441562,0,0,0,0,0,0,0,0,0,0,0,0,0,0,0,0.822249,0.551442,0.140776,-0.949542,0.205413,0.237015,-0.945236,0.00810863,-0.326286,0.829512,0.3583,-0.428406,0.102295,0.994649,-0.0144743,-0.484821,0.87443,0.0179252,-0.487424,0.682029,-0.545211,0,0,0
000799,0.508,0.703254,0.509843,359.486,59.0791,311.599,0.0005,0.44269,0.83437,0.328408,-0.687748,0.614302,0.386827,0,0,0,0,0,0,0.980243,0.191538,-0.0493575,-0.213702,0.925956,-0.311348,0,0,0,0.544611,0.79806,-0.257874,-0.836162,0.516772,-0.183793,0.691934,0.365371,0.622681,0,0,0,-0.150032,0.886605,0.437519,0,0,0,0,0,0,0,0,0,0,0,0,0,0,0,0.822132,0.551364,0.141765,-0.950688,0.20566,0.232156,-0.944582,0.00810301,-0.328176,0.831082,0.358431,-0.425242,0.102291,0.99461,-0.0169737,-0.484855,0.874492,0.0134259,-0.487518,0.681292,-0.546047,0,0,0
000800,0.509964,0.701753,0.505051,83.4944,201.554,117.675,0.0005,0.534651,0.751189,0.387122,-0.616499,0.685531,0.387267,0,0,0,0,0,0,0.99833,0.0577479,0.00163968,-0.0712234,0.95729,-0.280221,0,0,0,0.65901,0.725239,-0.199333,-0.749054,0.632339,-0.197652,0.701985,0.240664,0.670296,-0.713827,0.162548,0.681197,-0.0497596,0.879181,0.473883,0,0,0,0,0,0,0,0,0,0,0,0,0,0,0,0.880599,0.427534,0.204351,-0.924637,0.323322,0.201267,-0.91673,0.149539,-0.370464,0.890345,0.259655,-0.373986,0.236316,0.971104,0.033344,-0.362901,0.931253,0.0327223,-0.363556,0.760641,-0.537822,0,0,0
000801,0.509483,0.70199,0.509843,83.4944,201.554,117.675,0.0005,0.535328,0.752127,0.384355,-0.617271,0.686394,0.3845,0,0,0,0,0,0,0.998302,0.0582471,0.00064008,-0.0712766,0.958124,-0.27734,0,0,0,0.659279,0.725531,-0.197373,-0.749428,0.632656,-0.195201,0.705148,0.241746,0.666578,-0.71703,0.162247,0.677897,-0.0498388,0.880832,0.470798,0,0,0,0,0,0,0,0,0,0,0,0,0,0,0,0.881147,0.427799,0.201414,-0.924827,0.323388,0.200288,-0.918185,0.149777,-0.366746,0.89124,0.259914,-0.371668,0.23632,0.97112,0.0328443,-0.362896,0.931237,0.033222,-0.364578,0.762826,-0.534023,0,0,0
000802,0.50427,0.703115,0.507018,83.4944,201.554,117.675,0.0005,0.535778,0.752749,0.382508,-0.61494,0.683787,0.392791,0,0,0,0,0,0,0.998258,0.0582445,-0.0093576,-0.0712942,0.958401,-0.276379,0,0,0,0.658696,0.724162,-0.20423,-0.750272,0.634028,-0.187349,0.706246,0.24265,0.665085,-0.711385,0.16097,0.68412,-0.049249,0.878971,0.474325,0,0,0,0,0,0,0,0,0,0,0,0,0,0,0,0.882395,0.428401,0.194554,-0.922692,0.322643,0.21105,-0.920793,0.150709,-0.359759,0.887626,0.258868,-0.38093,0.23632,0.97112,0.0328443,-0.362832,0.93107,0.0382186,-0.364578,0.764006,-0.532333,0,0,0
000803,0.507095,0.709187,0.508741,83.4944,201.554,117.675,0.0005,0.533562,0.750534,0.389885,-0.614174,0.683681,0.394171,0,0,0,0,0,0,0.998297,0.0582467,-0.00335868,-0.0714494,0.960844,-0.26772,0,0,0,0.65981,0.726104,-0.193451,-0.750879,0.633888,-0.185384,0.704832,0.241638,0.66695,-0.713605,0.161985,0.681563,-0.0491232,0.876352,0.479159,0,0,0,0,0,0,0,0,0,0,0,0,0,0,0,0.880966,0.427711,0.202394,-0.923187,0.322815,0.208606,-0.919983,0.15007,-0.36209,0.890484,0.259175,-0.373987,0.236233,0.970774,0.042336,-0.362744,0.930839,0.0442133,-0.366264,0.766432,-0.527668,0,0,0
000804,0.503849,0.704448,0.501835,83.4944,201.554,117.675,0.0005,0.534764,0.751346,0.386661,-0.61349,0.682166,0.397843,0,0,0,0,0,0,0.998254,0.0582442,-0.00985753,-0.0712766,0.958124,-0.27734,0,0,0,0.658187,0.724348,-0.205208,-0.750846,0.633204,-0.187839,0.70309,0.241571,0.668811,-0.707259,0.160549,0.688483,-0.0491117,0.876113,0.479598,0,0,0,0,0,0,0,0,0,0,0,0,0,0,0,0.881736,0.428638,0.197005,-0.921989,0.322397,0.21447,-0.919903,0.150563,-0.36209,0.88634,0.258497,-0.384163,0.236308,0.971071,0.0343433,-0.362797,0.930978,0.0407166,-0.3639,0.762556,-0.53487,0,0,0
000805,0.500704,0.70213,0.504983,83.4944,201.554,117.675,0.0005,0.53604,0.753966,0.379733,-0.613755,0.682462,0.396925,0,0,0,0,0,0,0.998169,0.0582393,-0.0163567,-0.071259,0.957847,-0.278301,0,0,0,0.657113,0.723921,-0.210098,-0.750768,0.634449,-0.18391,0.707979,0.242714,0.663216,-0.707148,0.161037,0.688483,-0.0492263,0.878497,0.475205,0,0,0,0,0,0,0,0,0,0,0,0,0,0,0,0.883127,0.429309,0.189156,-0.921542,0.321712,0.217399,-0.922382,0.150968,-0.355557,0.884949,0.257053,-0.388314,0.236343,0.971211,0.029846,-0.362345,0.931197,0.0397176,-0.364465,0.763765,-0.532756,0,0,0
000806,0.505353,0.700044,0.50732,83.4944,201.554,117.675,0.0005,0.535929,0.753812,0.380195,-0.615982,0.684952,0.38911,0,0,0,0,0,0,0.998275,0.0582455,-0.00735789,-0.0712234,0.95729,-0.280221,0,0,0,0.658417,0.72386,-0.206187,-0.749944,0.633095,-0.191767,0.706246,0.24265,0.665085,-0.712053,0.162659,0.683024,-0.0493396,0.880859,0.4708,0,0,0,0,0,0,0,0,0,0,0,0,0,0,0,0.882395,0.428401,0.194554,-0.923383,0.322884,0.207628,-0.919903,0.150563,-0.36209,0.887851,0.259454,-0.380005,0.23635,0.97124,0.0288465,-0.362896,0.931237,0.033222,-0.364238,0.762099,-0.53529,0,0,0
000807,0.508362,0.70527,0.507086,83.4944,201.554,117.675,0.0005,0.534424,0.750875,0.388044,-0.616094,0.684328,0.39003,0,0,0,0,0,0,0.998273,0.0587461,-0.000859392,-0.0713379,0.959087,-0.273976,0,0,0,0.659413,0.725675,-0.196393,-0.749695,0.633538,-0.191276,0.703569,0.241206,0.668439,-0.713605,0.161985,0.681563,-0.0497027,0.877995,0.476083,0,0,0,0,0,0,0,0,0,0,0,0,0,0,0,0.880874,0.427667,0.202883,-0.924132,0.322616,0.204693,-0.918466,0.150329,-0.365816,0.890345,0.259655,-0.373986,0.236277,0.970949,0.0378406,-0.362832,0.93107,0.0382186,-0.364917,0.76355,-0.532754,0,0,0
000808,0.504683,0.707625,0.508138,83.4944,201.554,117.675,0.0005,0.535284,0.751212,0.386201,-0.614151,0.682905,0.395548,0,0,0,0,0,0,0.998267,0.058245,-0.00835774,-0.0714154,0.960308,-0.269646,0,0,0,0.659145,0.725385,-0.198353,-0.750838,0.634508,-0.183418,0.70657,0.241704,0.665085,-0.711498,0.162021,0.683755,-0.0491462,0.87683,0.478282,0,0,0,0,0,0,0,0,0,0,0,0,0,0,0,0.881866,0.428145,0.197495,-0.922492,0.322573,0.212027,-0.921148,0.150766,-0.358826,0.888719,0.259185,-0.378155,0.236268,0.970911,0.0388397,-0.362744,0.930839,0.0442133,-0.365361,0.76686,-0.527671,0,0,0
000809,0.507616,0.704491,0.50696,83.4944,201.554,117.675,0.0005,0.534244,0.751479,0.387121,-0.615462,0.684371,0.390951,0,0,0,0,0,0,0.998299,0.0582469,-0.00235894,-0.0713205,0.958813,-0.274937,0,0,0,0.659145,0.725385,-0.198353,-0.75034,0.632774,-0.191276,0.704201,0.241422,0.667695,-0.712719,0.16281,0.682294,-0.0492149,0.87826,0.475645,0,0,0,0,0,0,0,0,0,0,0,0,0,0,0,0.880929,0.428248,0.201414,-0.923938,0.322548,0.205672,-0.918827,0.150388,-0.364885,0.889764,0.258967,-0.37584,0.236295,0.97102,0.0358422,-0.362839,0.931088,0.037719,-0.364465,0.763765,-0.532756,0,0,0
000810,0.505123,0.705962,0.500858,127.999,178.896,276.501,0.0005,0.495498,0.783414,0.37516,-0.645309,0.647565,0.40526,0,0,0,0,0,0,0.992801,0.116988,-0.0256945,-0.133014,0.950387,-0.281195,0,0,0,0.611005,0.760582,-0.219516,-0.789526,0.587061,-0.178909,0.697733,0.286834,0.656426,-0.70284,0.124099,0.700439,-0.0921464,0.874301,0.476558,0,0,0,0,0,0,0,0,0,0,0,0,0,0,0,0.857603,0.481073,0.181894,-0.935726,0.26912,0.228017,-0.932441,0.0927386,-0.349218,0.863126,0.307287,-0.400735,0.178877,0.983509,0.0267193,-0.416486,0.908151,0.0424462,-0.417524,0.735665,-0.533358,0,0,0
000811,0.504592,0.709987,0.505055,127.999,178.896,276.501,0.0005,0.495717,0.78283,0.376088,-0.645023,0.647277,0.406174,-0.649408,0.314694,-0.692269,0,0,0,0.992742,0.117485,-0.0256945,-0.133298,0.952588,-0.273511,0,0,0,0.611437,0.761902,-0.213659,-0.790303,0.587641,-0.173495,0.700045,0.287241,0.653782,-0.704907,0.124461,0.698295,-0.092077,0.873588,0.477876,0,0,0,0,0,0,0,0,0,0,0,0,0,0,0,0.857848,0.480637,0.181894,-0.935616,0.269089,0.228504,-0.933823,0.0928761,-0.345468,0.864481,0.308827,-0.396608,0.178847,0.983349,0.0322157,-0.416384,0.907924,0.0479403,-0.420332,0.738645,-0.526996,0,0,0
000812,0.507913,0.700509,0.506789,127.999,178.896,276.501,0.0005,0.497426,0.785491,0.368199,-0.648962,0.651252,0.393343,-0.647035,0.31243,-0.695509,0,0,0,0.992964,0.116504,-0.0211966,-0.132833,0.948981,-0.28599,0,0,0,0.610615,0.760896,-0.219515,-0.789025,0.585439,-0.186282,0.700951,0.287612,0.652646,0,0,0,-0.0926716,0.879697,0.466417,0,0,0,0,0,0,0,0,0,0,0,0,0,0,0,0.858085,0.480769,0.180419,-0.93787,0.269736,0.218271,-0.931869,0.0931841,-0.350623,0.865395,0.308621,-0.394772,0.178417,0.983767,0.0192219,-0.416646,0.908507,0.031954,-0.417874,0.73424,-0.535045,0,0,0
000813,0.503439,0.70343,0.501518,127.999,178.896,276.501,0.0005,0.495982,0.785094,0.370984,-0.645594,0.647853,0.404346,-0.646381,0.31378,-0.69551,0,0,0,0.992691,0.116975,-0.0296925,-0.132906,0.949547,-0.284073,0,0,0,0.609665,0.760522,-0.223415,-0.790122,0.586258,-0.178908,0.700045,0.287241,0.653782,0,0,0,-0.0922846,0.87572,0.473918,0,0,0,0,0,0,0,0,0,0,0,0,0,0,0,0.858387,0.481509,0.176976,-0.935396,0.269025,0.229477,-0.933602,0.0933565,-0.345937,0.861798,0.306817,-0.403939,0.178897,0.983617,0.0222212,-0.416065,0.908435,0.0404482,-0.418134,0.734707,-0.5342,0,0,0
000814,0.503957,0.707798,0.505526,127.999,178.896,276.501,0.0005,0.49548,0.784311,0.373305,-0.645594,0.647853,0.404346,-0.649501,0.315295,-0.691909,0,0,0,0.992761,0.116984,-0.0271937,-0.133193,0.95177,-0.276394,0,0,0,0.611029,0.761402,-0.216588,-0.790461,0.587135,-0.174479,0.700572,0.288537,0.652645,-0.705337,0.124028,0.697937,-0.0922156,0.875011,0.475239,0,0,0,0,0,0,0,0,0,0,0,0,0,0,0,0.857998,0.481293,0.179436,-0.935754,0.268608,0.228504,-0.93441,0.0939393,-0.34359,0.8639,0.308091,-0.398443,0.178869,0.983468,0.0282185,-0.416432,0.908031,0.0454432,-0.420075,0.738184,-0.527845,0,0,0
000815,0.507878,0.708517,0.502521,127.999,178.896,276.501,0.0005,0.495105,0.781877,0.378865,-0.64602,0.648283,0.402973,0,0,0,0,0,0,0.992936,0.117004,-0.0196974,-0.133157,0.951495,-0.277355,0,0,0,0.611961,0.761754,-0.212683,-0.789536,0.586444,-0.180876,0.696707,0.285874,0.657933,0,0,0,-0.092077,0.873588,0.477876,0,0,0,0,0,0,0,0,0,0,0,0,0,0,0,0.856717,0.480579,0.187298,-0.93681,0.269431,0.223146,-0.931345,0.093132,-0.352028,0.865413,0.309157,-0.394312,0.178853,0.983381,0.0312165,-0.416468,0.908112,0.0434453,-0.418043,0.736595,-0.531665,0,0,0
000816,0.504548,0.708247,0.503219,127.999,178.896,276.501,0.0005,0.495396,0.783256,0.375624,-0.645023,0.647277,0.406174,-0.648721,0.312137,-0.694069,0,0,0,0.992788,0.116987,-0.0261942,-0.133193,0.95177,-0.276394,0,0,0,0.611418,0.761089,-0.216589,-0.790251,0.586978,-0.175956,0.698757,0.287794,0.654915,0,0,0,-0.0921001,0.873826,0.477437,0,0,0,0,0,0,0,0,0,0,0,0,0,0,0,0.857683,0.481117,0.181402,-0.935506,0.269057,0.228991,-0.93343,0.0933393,-0.346406,0.863691,0.307487,-0.399361,0.178861,0.983425,0.0297176,-0.416432,0.908031,0.0454432,-0.419125,0.737507,-0.529545,0,0,0
000817,0.500065,0.705118,0.50573,127.999,178.896,276.501,0.0005,0.497724,0.785955,0.366804,-0.645023,0.647277,0.406174,0,0,0,0,0,0,0.992554,0.116456,-0.0356891,-0.133122,0.95122,-0.278316,0,0,0,0.609595,0.760435,-0.223902,-0.791244,0.587096,-0.171032,0.704262,0.288968,0.648469,0,0,0,-0.0923305,0.876191,0.473038,0,0,0,0,0,0,0,0,0,0,0,0,0,0,0,0.859544,0.481581,0.171068,-0.934281,0.268705,0.234341,-0.936494,0.0936441,-0.337949,0.861394,0.306143,-0.405311,0.178893,0.983594,0.0232208,-0.415986,0.90826,0.0449439,-0.419768,0.738661,-0.527422,0,0,0
000818,0.501298,0.703733,0.50703,127.999,178.896,276.501,0.0005,0.4975,0.786531,0.365873,-0.645878,0.64814,0.403431,-0.652486,0.312298,-0.690458,0,0,0,0.992582,0.116963,-0.0331906,-0.13305,0.950666,-0.280236,0,0,0,0.610374,0.759809,-0.223904,-0.790601,0.587239,-0.173494,0.704562,0.289091,0.648088,0,0,0,-0.0924675,0.877599,0.470393,0,0,0,0,0,0,0,0,0,0,0,0,0,0,0,0.859224,0.481976,0.17156,-0.935064,0.26893,0.230937,-0.936107,0.0941082,-0.33889,0.862201,0.30749,-0.402566,0.178901,0.983638,0.0212215,-0.41604,0.908378,0.0419469,-0.419511,0.7382,-0.528272,0,0,0
000819,0.502084,0.704303,0.503805,127.999,178.896,276.501,0.0005,0.496804,0.785449,0.369128,-0.645309,0.647565,0.40526,-0.648441,0.315892,-0.69263,0,0,0,0.99263,0.116968,-0.0316915,-0.133014,0.950387,-0.281195,0,0,0,0.610055,0.760209,-0.223416,-0.790093,0.587484,-0.174972,0.702347,0.287643,0.651129,-0.70284,0.124099,0.700439,-0.0923075,0.875955,0.473478,0,0,0,0,0,0,0,0,0,0,0,0,0,0,0,0.859091,0.481329,0.174023,-0.935202,0.26845,0.230937,-0.934851,0.0929782,-0.342651,0.861798,0.306817,-0.403939,0.178895,0.983606,0.022721,-0.416031,0.908359,0.0424464,-0.418737,0.736813,-0.530816,0,0,0
000820,0.501418,0.702021,0.508063,134.545,301.846,42.5777,0.0005,0.542787,0.738258,0.400446,-0.609468,0.675797,0.414545,-0.615845,0.384501,-0.687673,0,0,0,0.998583,0.0515345,-0.0133074,-0.0638203,0.966659,-0.247985,0,0,0,0.662894,0.725165,-0.186299,-0.746041,0.645194,-0.164764,0.711012,0.217687,0.668636,-0.708652,0.14587,0.690315,-0.0424668,0.865461,0.499174,0,0,0,0,0,0,0,0,0,0,0,0,0,0,0,0.886724,0.416138,0.201371,-0.919418,0.322646,0.224879,-0.921426,0.168491,-0.350122,0.888048,0.263377,-0.376835,0.243878,0.968052,0.0582925,-0.355125,0.932434,0.0667338,-0.358849,0.783471,-0.507347,0,0,0
000821,0.501356,0.706315,0.502531,134.545,301.846,42.5777,0.0005,0.540731,0.735504,0.40822,-0.607234,0.673306,0.421812,-0.614831,0.380918,-0.690568,0,0,0,0.998608,0.0510352,-0.0133074,-0.0638679,0.96752,-0.244593,0,0,0,0.663884,0.724761,-0.184335,-0.746023,0.64584,-0.162298,0.707307,0.216036,0.673086,-0.704782,0.144058,0.694644,-0.0422712,0.860684,0.507382,0,0,0,0,0,0,0,0,0,0,0,0,0,0,0,0.885894,0.415751,0.205776,-0.918619,0.321836,0.229261,-0.920472,0.168825,-0.352462,0.886999,0.263589,-0.379149,0.243768,0.967634,0.0652785,-0.354965,0.932008,0.0732176,-0.358745,0.783239,-0.507778,0,0,0
000822,0.500739,0.707547,0.50041,134.545,301.846,42.5777,0.0005,0.540242,0.734848,0.410045,-0.606103,0.672045,0.425435,-0.613981,0.380976,-0.691292,0,0,0,0.998569,0.0515338,-0.0143073,-0.0638814,0.967764,-0.243624,0,0,0,0.663516,0.725099,-0.184334,-0.746799,0.64519,-0.161311,0.706018,0.215643,0.674564,-0.702637,0.14413,0.696799,-0.0422086,0.859159,0.509965,0,0,0,0,0,0,0,0,0,0,0,0,0,0,0,0.885494,0.416116,0.206754,-0.91791,0.322117,0.231694,-0.920472,0.168825,-0.352462,0.88627,0.263375,-0.380998,0.243735,0.967506,0.0672739,-0.354887,0.931798,0.076209,-0.358745,0.783239,-0.507778,0,0,0
000823,0.500816,0.704561,0.505272,134.545,301.846,42.5777,0.0005,0.541824,0.736969,0.404108,-0.608076,0.674245,0.41909,-0.614732,0.384984,-0.688398,0,0,0,0.998569,0.0515338,-0.0143073,-0.0638476,0.967153,-0.246047,0,0,0,0.663021,0.725301,-0.185316,-0.746023,0.64584,-0.162298,0.709557,0.216721,0.670493,-0.705941,0.145316,0.693203,-0.0423643,0.862956,0.5035,0,0,0,0,0,0,0,0,0,0,0,0,0,0,0,0.886449,0.41601,0.20284,-0.918835,0.321912,0.228288,-0.921336,0.168983,-0.350122,0.887283,0.26263,-0.379149,0.243817,0.967819,0.0622849,-0.355016,0.932143,0.071223,-0.359758,0.783056,-0.507343,0,0,0
000824,0.503598,0.708492,0.501731,134.545,301.846,42.5777,0.0005,0.539504,0.733859,0.412779,-0.607093,0.673149,0.422265,-0.613923,0.379761,-0.692012,0,0,0,0.998658,0.0510377,-0.00880784,-0.0639014,0.968128,-0.242169,0,0,0,0.663827,0.726167,-0.178926,-0.746165,0.645302,-0.163778,0.705195,0.21487,0.67567,-0.705362,0.144687,0.693924,-0.0422086,0.859159,0.509965,0,0,0,0,0,0,0,0,0,0,0,0,0,0,0,0.884759,0.415221,0.211644,-0.918992,0.322496,0.226827,-0.919163,0.169094,-0.355735,0.888447,0.264015,-0.375444,0.243692,0.96734,0.0697675,-0.355381,0.931691,0.0752117,-0.359654,0.782824,-0.507774,0,0,0
000825,0.508751,0.703922,0.504714,134.545,301.846,42.5777,0.0005,0.540399,0.734222,0.410958,-0.610941,0.676691,0.410902,-0.610838,0.38078,-0.694178,0,0,0,0.998696,0.0510397,0.00119014,-0.0638203,0.966659,-0.247985,0,0,0,0.664498,0.726155,-0.176467,-0.744433,0.644459,-0.174619,0.704225,0.214574,0.676775,-0.710914,0.146842,0.687778,-0.0423746,0.863208,0.503068,0,0,0,0,0,0,0,0,0,0,0,0,0,0,0,0.883887,0.414815,0.216039,-0.921862,0.322972,0.214149,-0.916424,0.168085,-0.3632,0.89176,0.263947,-0.367555,0.243768,0.967634,0.0652785,-0.355638,0.932379,0.064738,-0.358506,0.780265,-0.512504,0,0,0
000826,0.502116,0.700968,0.501069,134.545,301.846,42.5777,0.0005,0.542106,0.73651,0.404567,-0.607984,0.674891,0.418182,-0.611426,0.381148,-0.693458,0,0,0,0.998621,0.0510358,-0.0123075,-0.0637509,0.965409,-0.252825,0,0,0,0.66288,0.724415,-0.189246,-0.745801,0.644323,-0.1692,0.706663,0.21584,0.673825,-0.704682,0.144548,0.694644,-0.0423643,0.862956,0.5035,0,0,0,0,0,0,0,0,0,0,0,0,0,0,0,0.885867,0.41629,0.204797,-0.919371,0.322099,0.225853,-0.919337,0.169126,-0.355268,0.886412,0.262895,-0.380999,0.243878,0.968052,0.0582925,-0.355148,0.932496,0.065736,-0.35763,0.779536,-0.514222,0,0,0
000827,0.50016,0.701674,0.502952,134.545,301.846,42.5777,0.0005,0.542307,0.737615,0.402278,-0.607705,0.67458,0.41909,-0.613243,0.383463,-0.690571,0,0,0,0.998589,0.0505336,-0.016307,-0.0637788,0.965912,-0.25089,0,0,0,0.662751,0.724276,-0.190228,-0.746306,0.644762,-0.165257,0.708915,0.216526,0.671235,-0.704782,0.144058,0.694644,-0.0423849,0.863459,0.502635,0,0,0,0,0,0,0,0,0,0,0,0,0,0,0,0.887027,0.415728,0.200881,-0.918727,0.321874,0.228775,-0.920991,0.16892,-0.351058,0.885863,0.262734,-0.382385,0.243878,0.968052,0.0582925,-0.355089,0.932339,0.0682304,-0.358015,0.781613,-0.510789,0,0,0
000828,0.500753,0.704359,0.500947,134.545,301.846,42.5777,0.0005,0.541097,0.735994,0.406851,-0.607606,0.672971,0.421811,-0.613923,0.379761,-0.692012,0,0,0,0.998569,0.0515338,-0.0143073,-0.0638203,0.966659,-0.247985,0,0,0,0.663441,0.724284,-0.187773,-0.74643,0.64487,-0.16427,0.706517,0.216318,0.673825,-0.703319,0.144269,0.696081,-0.042292,0.86119,0.50652,0,0,0,0,0,0,0,0,0,0,0,0,0,0,0,0.885867,0.41629,0.204797,-0.918511,0.321798,0.229748,-0.920382,0.169317,-0.352462,0.886046,0.262788,-0.381923,0.243809,0.967789,0.0627839,-0.355016,0.932143,0.071223,-0.358119,0.781846,-0.51036,0,0,0
000829,0.500698,0.707024,0.507795,134.545,301.846,42.5777,0.0005,0.541703,0.736807,0.404566,-0.607796,0.673933,0.419998,-0.618333,0.383108,-0.686216,0,0,0,0.998569,0.0515338,-0.0143073,-0.0639147,0.968369,-0.241199,0,0,0,0.663765,0.725367,-0.182368,-0.746714,0.645779,-0.159337,0.710984,0.216634,0.669008,-0.707197,0.146083,0.69176,-0.042354,0.862705,0.503932,0,0,0,0,0,0,0,0,0,0,0,0,0,0,0,0.886145,0.416419,0.203329,-0.918835,0.321912,0.228288,-0.922113,0.168617,-0.348248,0.888048,0.263377,-0.376835,0.243768,0.967634,0.0652785,-0.35494,0.931939,0.0742148,-0.360337,0.785568,-0.503031,0,0,0
000830,0.504093,0.705262,0.506139,83.7882,287.194,285.178,0.0005,0.503571,0.767339,0.396997,-0.640987,0.641731,0.42109,-0.644098,0.343964,-0.683247,0.521482,0.479047,-0.706095,0.993959,0.107702,-0.0211269,-0.122249,0.961004,-0.248045,0,0,0,0.619062,0.761437,-0.192291,-0.783172,0.601117,-0.159059,0.703297,0.258677,0.662163,0,0,0,-0.0846986,0.861772,0.500174,0,0,0,0,0,0,0,0,0,0,0,0,0,0,0,0.862617,0.466553,0.195497,-0.933864,0.271099,0.233244,-0.932215,0.114433,-0.343337,0.86794,0.312248,-0.386239,0.189033,0.980309,0.0571007,-0.407104,0.910667,0.0703755,-0.410851,0.758153,-0.506365,0,0,0
000831,0.505606,0.707413,0.509898,83.7882,287.194,285.178,0.0005,0.503878,0.766899,0.397457,-0.641727,0.642476,0.418821,-0.645257,0.346855,-0.680688,0,0,0,0.994026,0.10771,-0.0176281,-0.122377,0.962103,-0.243684,0,0,0,0.619727,0.76224,-0.186892,-0.783298,0.601214,-0.158072,0.704228,0.25902,0.661038,0,0,0,-0.0847435,0.86227,0.499308,0,0,0,0,0,0,0,0,0,0,0,0,0,0,0,0.862184,0.46632,0.197948,-0.934643,0.271325,0.229839,-0.932276,0.113937,-0.343337,0.870106,0.313022,-0.380699,0.188993,0.980107,0.0605941,-0.407061,0.910569,0.0718717,-0.410711,0.761091,-0.502053,0,0,0
000832,0.508726,0.704517,0.507283,83.7882,287.194,285.178,0.0005,0.503019,0.766511,0.39929,-0.643049,0.643806,0.414731,-0.642693,0.34151,-0.685797,0,0,0,0.994107,0.107718,-0.0121302,-0.122206,0.960633,-0.249498,0,0,0,0.619667,0.762168,-0.187383,-0.782509,0.599975,-0.166459,0.700945,0.258345,0.664782,0,0,0,-0.0847882,0.862767,0.498442,0,0,0,0,0,0,0,0,0,0,0,0,0,0,0,0.861391,0.465894,0.202356,-0.935842,0.271672,0.224484,-0.929746,0.114635,-0.349902,0.870822,0.313278,-0.37885,0.188531,0.980347,0.0580986,-0.40724,0.910978,0.0653872,-0.408937,0.757743,-0.508524,0,0,0
000833,0.507336,0.704694,0.507729,83.7882,287.194,285.178,0.0005,0.50324,0.766843,0.398373,-0.642463,0.643217,0.41655,-0.643194,0.34348,-0.684342,0.522878,0.481689,-0.703259,0.994074,0.107715,-0.0146291,-0.12222,0.960757,-0.249013,0,0,0,0.619547,0.762024,-0.188365,-0.782532,0.600624,-0.163994,0.701534,0.259627,0.66366,0,0,0,-0.0847882,0.862767,0.498442,0,0,0,0,0,0,0,0,0,0,0,0,0,0,0,0.862159,0.46574,0.199418,-0.935161,0.271996,0.226919,-0.930672,0.114244,-0.347559,0.870275,0.312552,-0.380699,0.189028,0.980281,0.0575998,-0.4072,0.910887,0.0668839,-0.409293,0.758416,-0.507232,0,0,0
000834,0.503976,0.703953,0.505766,83.7882,287.194,285.178,0.0005,0.5039,0.767834,0.39562,-0.641638,0.641676,0.420182,-0.643324,0.344685,-0.683613,0.520624,0.478937,-0.706803,0.993948,0.107701,-0.0216268,-0.122192,0.960509,-0.249982,0,0,0,0.619204,0.760823,-0.194254,-0.783286,0.600574,-0.16054,0.702951,0.259616,0.662163,0,0,0,-0.0847435,0.86227,0.499308,0,0,0,0,0,0,0,0,0,0,0,0,0,0,0,0.862789,0.466645,0.194517,-0.933864,0.271099,0.233244,-0.932105,0.113916,-0.343806,0.867576,0.312118,-0.387161,0.189056,0.980419,0.055104,-0.407146,0.910762,0.0688792,-0.409293,0.758416,-0.507232,0,0,0
000835,0.500558,0.704186,0.504757,83.7882,287.194,285.178,0.0005,0.504338,0.768491,0.393783,-0.639795,0.640531,0.424714,-0.645236,0.344007,-0.682151,0.523634,0.480348,-0.703614,0.993733,0.108181,-0.0281245,-0.12222,0.960757,-0.249013,0,0,0,0.618316,0.760534,-0.198175,-0.784217,0.60066,-0.155603,0.704675,0.259717,0.660288,0,0,0,-0.0846537,0.861274,0.50104,0,0,0,0,0,0,0,0,0,0,0,0,0,0,0,0.863956,0.466705,0.189119,-0.932528,0.270192,0.239559,-0.933908,0.11464,-0.338636,0.865373,0.311331,-0.392686,0.189056,0.980419,0.055104,-0.406604,0.910773,0.0718719,-0.410089,0.75885,-0.505937,0,0,0
000836,0.507494,0.703151,0.50201,83.7882,287.194,285.178,0.0005,0.502797,0.766178,0.400207,-0.641727,0.642476,0.418821,-0.639259,0.341372,-0.689067,0,0,0,0.994067,0.107714,-0.015129,-0.122075,0.959509,-0.253852,0,0,0,0.619062,0.761437,-0.192291,-0.782377,0.599873,-0.167445,0.698757,0.25754,0.667392,-0.706974,0.107644,0.699,-0.0846537,0.861274,0.50104,0,0,0,0,0,0,0,0,0,0,0,0,0,0,0,0.861657,0.466037,0.200887,-0.934973,0.27142,0.228379,-0.929224,0.114571,-0.351307,0.868485,0.312443,-0.384855,0.189045,0.980365,0.0561024,-0.40724,0.910978,0.0653872,-0.408502,0.754786,-0.513249,0,0,0
000837,0.5015,0.703379,0.504761,83.7882,287.194,285.178,0.0005,0.504338,0.768491,0.393783,-0.640243,0.640982,0.423356,-0.644163,0.344567,-0.682882,0.52204,0.483635,-0.702547,0.993828,0.107688,-0.0266251,-0.122163,0.960261,-0.25095,0,0,0,0.618704,0.760218,-0.198175,-0.783664,0.600865,-0.157578,0.704538,0.259134,0.660663,0,0,0,-0.0847211,0.862021,0.499741,0,0,0,0,0,0,0,0,0,0,0,0,0,0,0,0.863789,0.466615,0.190101,-0.932847,0.270805,0.237617,-0.933341,0.115074,-0.340047,0.865742,0.311463,-0.391766,0.189066,0.980473,0.0541056,-0.406661,0.910903,0.069877,-0.409734,0.758179,-0.507231,0,0,0
000838,0.509656,0.709805,0.500446,83.7882,287.194,285.178,0.0005,0.50044,0.76264,0.409805,-0.640393,0.641132,0.422903,-0.638415,0.341487,-0.689791,0.522001,0.479524,-0.705387,0.994134,0.107721,-0.00963133,-0.12232,0.961617,-0.245623,0,0,0,0.620586,0.762495,-0.182963,-0.782641,0.600077,-0.165473,0.695474,0.2558,0.671477,-0.706056,0.109021,0.699714,-0.0842684,0.857001,0.508377,0,0,0,0,0,0,0,0,0,0,0,0,0,0,0,0.860268,0.464724,0.209692,-0.935082,0.271452,0.227893,-0.927883,0.113903,-0.355048,0.870464,0.31315,-0.379775,0.189402,0.979606,0.0670795,-0.406575,0.910707,0.0728693,-0.409019,0.756831,-0.509814,0,0,0
000839,0.5004,0.70443,0.509636,83.7882,287.194,285.178,0.0005,0.504573,0.769745,0.391022,-0.64069,0.641432,0.421996,-0.648469,0.345173,-0.678486,0.522181,0.480369,-0.704679,0.993773,0.107682,-0.0286243,-0.122292,0.961373,-0.246592,0,0,0,0.618567,0.760838,-0.196214,-0.783914,0.601689,-0.153133,0.707765,0.260854,0.656524,0,0,0,-0.0848329,0.863263,0.497574,0,0,0,0,0,0,0,0,0,0,0,0,0,0,0,0.863968,0.467278,0.187646,-0.932986,0.270324,0.237617,-0.935078,0.114783,-0.335341,0.866647,0.311256,-0.389926,0.189061,0.980446,0.0546048,-0.406604,0.910773,0.0718719,-0.411151,0.760854,-0.502051,0,0,0
000840,0.50218,0.705612,0.508056,340.902,16.9125,116.113,0.0005,0.485204,0.810664,0.327722,-0.654668,0.657228,0.373445,0,0,0,0,0,0,0.990609,0.130496,-0.0407956,-0.149227,0.934727,-0.322518,0,0,0,0.598404,0.758044,-0.259387,-0.800567,0.565505,-0.198233,0.701073,0.331994,0.631092,-0.705136,0.148306,0.693389,-0.104723,0.897141,0.429151,0,0,0,0.254376,0.629016,0.734596,0,0,0,0,0,0,0,0,0,0.851715,0.502864,0.147339,-0.938855,0.265173,0.219626,-0.938228,0.0624711,-0.340333,0.857281,0.300256,-0.41823,0.163424,0.986266,-0.0239035,-0.430734,0.902478,0.00111529,-0.434059,0.705002,-0.560862,0,0,0
000841,0.507694,0.701156,0.502433,340.902,16.9125,116.113,0.0005,0.48512,0.809563,0.330555,-0.656492,0.659069,0.366943,0,0,0,0,0,0,0.991014,0.130045,-0.0313031,-0.148697,0.931161,-0.332909,0,0,0,0.59816,0.75774,-0.260835,-0.79814,0.563781,-0.212423,0.696047,0.328516,0.638433,-0.706358,0.14754,0.692308,-0.104839,0.898205,0.426891,0,0,0,0,0,0,0,0,0,0,0,0,0,0,0,0.850738,0.502291,0.154752,-0.940582,0.266181,0.210838,-0.933447,0.0611558,-0.353463,0.858265,0.300599,-0.415958,0.1634,0.986136,-0.0289013,-0.430713,0.902435,-0.00988413,-0.429121,0.699728,-0.571171,0,0,0
000842,0.503124,0.709009,0.506288,340.902,16.9125,116.113,0.0005,0.484173,0.808969,0.333384,-0.653877,0.656429,0.376226,0,0,0,0,0,0,0.990772,0.130013,-0.0382977,-0.149368,0.935679,-0.319677,0,0,0,0.598656,0.759157,-0.255522,-0.800648,0.565562,-0.197743,0.698998,0.330462,0.63419,-0.704559,0.147675,0.69411,-0.104489,0.894997,0.433661,0,0,0,0.253579,0.625763,0.737644,0,0,0,0,0,0,0,0,0,0.851389,0.502093,0.151788,-0.93837,0.266075,0.220601,-0.937238,0.0619052,-0.343152,0.857872,0.300462,-0.416867,0.163443,0.986372,-0.0189055,-0.430728,0.902467,0.00511495,-0.434204,0.705241,-0.560448,0,0,0
000843,0.503451,0.708564,0.509914,340.902,16.9125,116.113,0.0005,0.485548,0.809305,0.330556,-0.654668,0.657228,0.373445,0,0,0,0,0,0,0.990745,0.130514,-0.0372986,-0.149909,0.935916,-0.318728,0,0,0,0.598582,0.759864,-0.253587,-0.801017,0.565211,-0.197252,0.700288,0.332176,0.631867,0,0,0,-0.104653,0.896501,0.430505,0,0,0,0.254237,0.628676,0.734936,0,0,0,0,0,0,0,0,0,0.8512,0.502562,0.151294,-0.939275,0.265292,0.217674,-0.937921,0.06195,-0.341273,0.858884,0.301343,-0.414139,0.163443,0.986372,-0.0189055,-0.430731,0.902473,0.00361511,-0.434644,0.706938,-0.557963,0,0,0
000844,0.501187,0.705262,0.505318,340.902,16.9125,116.113,0.0005,0.485633,0.810406,0.327723,-0.653877,0.656429,0.376226,0,0,0,0,0,0,0.990526,0.130485,-0.0427938,-0.149132,0.934087,-0.32441,0,0,0,0.597914,0.757434,-0.262283,-0.800359,0.565971,-0.197743,0.700216,0.331589,0.632255,-0.703301,0.146901,0.695548,-0.104653,0.896501,0.430505,0,0,0,0.254603,0.626937,0.736293,0,0,0,0,0,0,0,0,0,0.851842,0.502939,0.14635,-0.938216,0.264993,0.222551,-0.938091,0.0619611,-0.340803,0.855728,0.300244,-0.421406,0.163419,0.986242,-0.0249031,-0.430282,0.902693,0.00161526,-0.433052,0.704301,-0.562518,0,0,0
000845,0.503747,0.702103,0.505044,340.902,16.9125,116.113,0.0005,0.485803,0.810686,0.326778,-0.655453,0.658021,0.370661,0,0,0,0,0,0,0.990707,0.130509,-0.0382978,-0.148892,0.932471,-0.329135,0,0,0,0.59744,0.757641,-0.262764,-0.7995,0.564747,-0.2046,0.699571,0.330732,0.633416,-0.704899,0.147746,0.69375,-0.104839,0.898205,0.426891,0,0,0,0.25442,0.627807,0.735615,0,0,0,0,0,0,0,0,0,0.851588,0.50279,0.148328,-0.939244,0.265803,0.217186,-0.936518,0.0623591,-0.34503,0.85672,0.30059,-0.419138,0.1634,0.986136,-0.0289013,-0.430278,0.902683,-0.0048845,-0.432019,0.701624,-0.566643,0,0,0
000846,0.500522,0.701554,0.508639,340.902,16.9125,116.113,0.0005,0.486814,0.812346,0.321101,-0.655547,0.657404,0.371589,0,0,0,0,0,0,0.990439,0.130474,-0.0447919,-0.148988,0.93312,-0.327246,0,0,0,0.59742,0.756816,-0.265177,-0.800486,0.565447,-0.198723,0.703564,0.332616,0.627984,-0.705238,0.147817,0.69339,-0.104977,0.899474,0.424177,0,0,0,0.254566,0.632106,0.731873,-0.345694,0.551293,0.759323,0,0,0,0,0,0,0.852462,0.503303,0.141402,-0.938643,0.265113,0.220601,-0.939242,0.0625376,-0.33751,0.855728,0.300244,-0.421406,0.163393,0.986093,-0.0304006,-0.43028,0.902689,-0.00338455,-0.433478,0.70404,-0.562516,0,0,0
000847,0.503454,0.704989,0.504175,340.902,16.9125,116.113,0.0005,0.485206,0.809704,0.330083,-0.654405,0.656962,0.374372,0,0,0,0,0,0,0.990707,0.130509,-0.0382978,-0.149036,0.933443,-0.326301,0,0,0,0.597849,0.758151,-0.260352,-0.799914,0.565041,-0.202152,0.698211,0.330643,0.634962,-0.703879,0.147533,0.694829,-0.104653,0.896501,0.430505,0,0,0,0.25372,0.626104,0.737306,-0.344534,0.547532,0.762565,0,0,0,0,0,0,0.851649,0.502246,0.149811,-0.938824,0.265684,0.219138,-0.936518,0.0623591,-0.34503,0.85672,0.30059,-0.419138,0.163421,0.986254,-0.0244033,-0.430734,0.902479,-0.000884624,-0.432604,0.702592,-0.564994,0,0,0
000848,0.508109,0.709315,0.505313,340.902,16.9125,116.113,0.0005,0.48373,0.807278,0.338094,-0.655192,0.657757,0.371589,0,0,0,0,0,0,0.990972,0.131048,-0.0283054,-0.149768,0.934967,-0.32157,0,0,0,0.599918,0.759932,-0.250203,-0.799128,0.565096,-0.205089,0.695042,0.329147,0.639202,-0.707271,0.148241,0.691225,-0.104986,0.89494,0.43366,0,0,0,0,0,0,0,0,0,0,0,0,0,0,0,0.850176,0.501382,0.160675,-0.940277,0.266094,0.212303,-0.934118,0.0617008,-0.351591,0.860635,0.301953,-0.41004,0.162956,0.986488,-0.0169063,-0.430734,0.902478,0.00111529,-0.433748,0.702553,-0.564164,0,0,0
000849,0.509093,0.702717,0.504156,340.902,16.9125,116.113,0.0005,0.484775,0.808996,0.332442,-0.656749,0.659329,0.366013,0,0,0,0,0,0,0.991051,0.130554,-0.0278058,-0.148819,0.931981,-0.330551,0,0,0,0.598495,0.758958,-0.256488,-0.79814,0.563781,-0.212423,0.695331,0.329284,0.638817,-0.707404,0.149291,0.690863,-0.105335,0.898148,0.42689,0,0,0,0.253116,0.625952,0.737642,-0.344445,0.551177,0.759975,0,0,0,0,0,0,0.850334,0.502054,0.157715,-0.941087,0.266323,0.208394,-0.933061,0.0616316,-0.354398,0.859829,0.301143,-0.412318,0.163415,0.986217,-0.0259027,-0.430717,0.902443,-0.00888423,-0.429711,0.700704,-0.569528,0,0,0
000850,0.50068,0.709482,0.506563,316.172,280.065,45.88,0.0005,0.508305,0.7661,0.393339,-0.634091,0.643002,0.429508,-0.649127,0.347298,-0.676771,0,0,0,0.994067,0.1038,-0.0325102,-0.120098,0.962527,-0.243143,0,0,0,0.620682,0.759051,-0.196456,-0.783067,0.604148,-0.147683,0.708883,0.259161,0.655989,0,0,0,-0.0786143,0.860886,0.502688,0,0,0,0,0,0,0,0,0,0,0,0,0,0,0,0.865887,0.464006,0.186918,-0.929864,0.27479,0.244629,-0.935755,0.116917,-0.332706,0.866017,0.307539,-0.394252,0.192978,0.979454,0.0585656,-0.402558,0.912016,0.0785708,-0.41104,0.762425,-0.499754,0,0,0
000851,0.504533,0.702757,0.502565,316.172,280.065,45.88,0.0005,0.508415,0.766264,0.392879,-0.636328,0.645284,0.422723,-0.642655,0.34497,-0.684098,0,0,0,0.994295,0.103321,-0.0265131,-0.11976,0.959559,-0.254763,0,0,0,0.620498,0.758047,-0.200866,-0.781726,0.602475,-0.161021,0.705995,0.256513,0.66013,0,0,0,-0.078801,0.863132,0.498793,0,0,0,0,0,0,0,0,0,0,0,0,0,0,0,0.865304,0.463696,0.190355,-0.931597,0.275302,0.23735,-0.932407,0.116498,-0.34212,0.866203,0.307604,-0.393792,0.193061,0.979856,0.0510779,-0.403349,0.912583,0.0671018,-0.407646,0.757081,-0.510542,0,0,0
000852,0.50122,0.707928,0.506353,316.172,280.065,45.88,0.0005,0.508525,0.766426,0.392419,-0.635047,0.643263,0.4277,-0.648938,0.345496,-0.677873,0,0,0,0.994083,0.103802,-0.0320104,-0.120043,0.962042,-0.245082,0,0,0,0.620556,0.7589,-0.197436,-0.782773,0.60392,-0.150155,0.708574,0.259049,0.656366,-0.700778,0.112327,0.70448,-0.0786559,0.861387,0.501823,0,0,0,0,0,0,0,0,0,0,0,0,0,0,0,0.865887,0.464006,0.186918,-0.930215,0.274894,0.243174,-0.935362,0.117372,-0.333649,0.866017,0.307539,-0.394252,0.193001,0.979566,0.0565693,-0.402635,0.912194,0.0760785,-0.411335,0.760845,-0.501914,0,0,0
000853,0.509828,0.705176,0.502409,316.172,280.065,45.88,0.0005,0.506755,0.763798,0.399764,-0.63736,0.646336,0.419549,-0.640878,0.341751,-0.687373,0,0,0,0.994473,0.103843,-0.0155183,-0.119818,0.960063,-0.252828,0,0,0,0.621628,0.759406,-0.192043,-0.780643,0.602268,-0.166939,0.701948,0.25504,0.664998,0,0,0,-0.0792162,0.862091,0.500523,0,0,0,0,0,0,0,0,0,0,0,0,0,0,0,0.863728,0.462291,0.20065,-0.933499,0.275862,0.229086,-0.929252,0.116608,-0.350561,0.869509,0.30877,-0.385505,0.193001,0.979566,0.0565693,-0.403375,0.912644,0.066104,-0.408489,0.755468,-0.512255,0,0,0
000854,0.50479,0.705178,0.509551,316.172,280.065,45.88,0.0005,0.508437,0.76719,0.391038,-0.637213,0.646186,0.420003,-0.648511,0.344134,-0.678974,0,0,0,0.994281,0.103823,-0.0250138,-0.119945,0.961184,-0.248473,0,0,0,0.621581,0.758568,-0.195477,-0.78168,0.603705,-0.156578,0.709225,0.258221,0.655989,0,0,0,-0.0789452,0.864866,0.495756,0,0,0,0,0,0,0,0,0,0,0,0,0,0,0,0.865388,0.463741,0.189864,-0.932022,0.275948,0.234921,-0.933863,0.117184,-0.337888,0.868582,0.307913,-0.388271,0.193029,0.979702,0.0540734,-0.403308,0.912489,0.0685983,-0.409984,0.76043,-0.503646,0,0,0
000855,0.500155,0.705906,0.507775,316.172,280.065,45.88,0.0005,0.509398,0.767722,0.388737,-0.635139,0.644072,0.426345,-0.649834,0.345975,-0.67677,0,0,0,0.994017,0.103795,-0.0340093,-0.119987,0.961553,-0.24702,0,0,0,0.620175,0.758441,-0.200376,-0.782832,0.603966,-0.149661,0.7109,0.259363,0.653722,0,0,0,-0.0788217,0.86338,0.498359,0,0,0,0,0,0,0,0,0,0,0,0,0,0,0,0.86654,0.464354,0.182987,-0.930098,0.27486,0.243659,-0.936085,0.116958,-0.331763,0.865439,0.306805,-0.396089,0.193034,0.979728,0.0535742,-0.402709,0.912365,0.0735857,-0.411335,0.760845,-0.501914,0,0,0
000856,0.509655,0.700473,0.500026,316.172,280.065,45.88,0.0005,0.507533,0.764954,0.396554,-0.637946,0.646934,0.417733,-0.638449,0.340451,-0.690273,0,0,0,0.994457,0.103841,-0.0165178,-0.119585,0.958023,-0.26056,0,0,0,0.62114,0.758038,-0.198907,-0.779804,0.60225,-0.170881,0.701152,0.255282,0.665745,0,0,0,-0.0793403,0.863584,0.497924,0,0,0,0,0,0,0,0,0,0,0,0,0,0,0,0.863932,0.462966,0.198201,-0.933859,0.275448,0.228113,-0.928617,0.116025,-0.352433,0.868216,0.307784,-0.389192,0.193071,0.979906,0.0500792,-0.403525,0.912991,0.0601164,-0.406482,0.752746,-0.517828,0,0,0
000857,0.501423,0.705313,0.509799,316.172,280.065,45.88,0.0005,0.509615,0.768044,0.387816,-0.635824,0.645484,0.423177,-0.649487,0.348058,-0.676034,0,0,0,0.994099,0.103804,-0.0315107,-0.119973,0.96143,-0.247504,0,0,0,0.621076,0.757961,-0.199397,-0.782594,0.603781,-0.151638,0.711036,0.259945,0.653343,0,0,0,-0.0789041,0.864372,0.496624,0,0,0,0,0,0,0,0,0,0,0,0,0,0,0,0.866614,0.463827,0.183971,-0.930653,0.275545,0.240748,-0.935755,0.116917,-0.332706,0.866722,0.306727,-0.393333,0.193045,0.97978,0.0525757,-0.402767,0.912498,0.0715911,-0.411012,0.761304,-0.501483,0,0,0
000858,0.50984,0.707629,0.508745,316.172,280.065,45.88,0.0005,0.507201,0.76446,0.39793,-0.638093,0.647083,0.417278,-0.645576,0.34313,-0.682271,0,0,0,0.99448,0.103844,-0.0150186,-0.120001,0.961676,-0.246535,0,0,0,0.622235,0.760134,-0.187136,-0.781229,0.602723,-0.162501,0.70455,0.257584,0.661256,0,0,0,-0.0793197,0.863336,0.498357,0,0,0,0,0,0,0,0,0,0,0,0,0,0,0,0.863905,0.462385,0.199671,-0.933936,0.275991,0.227139,-0.930808,0.116802,-0.346344,0.871649,0.308465,-0.38089,0.192966,0.979396,0.0595636,-0.403308,0.912489,0.0685983,-0.409953,0.759302,-0.505371,0,0,0
000859,0.504002,0.707354,0.50505,316.172,280.065,45.88,0.0005,0.507865,0.765447,0.395177,-0.635438,0.644376,0.42544,-0.647182,0.342289,-0.681171,0,0,0,0.994295,0.103321,-0.0265131,-0.119987,0.961553,-0.24702,0,0,0,0.621195,0.758885,-0.195476,-0.78217,0.603452,-0.155096,0.706102,0.258148,0.659378,0,0,0,-0.0786559,0.861387,0.501823,0,0,0,0,0,0,0,0,0,0,0,0,0,0,0,0.865372,0.463166,0.191337,-0.931397,0.274721,0.238807,-0.933421,0.116625,-0.339299,0.867128,0.307931,-0.391493,0.19299,0.979511,0.0575675,-0.403181,0.912197,0.0730868,-0.409308,0.760221,-0.504511,0,0,0
000860,0.501099,0.70989,0.503971,113.47,348.517,295.142,0.0005,0.496291,0.764044,0.412228,-0.643454,0.623663,0.443861,-0.652636,0.349838,-0.672072,0.521842,0.494282,-0.695246,0.992374,0.119956,-0.0283509,-0.134308,0.965364,-0.223681,0,0,0,0.609585,0.772063,-0.179788,-0.791703,0.595348,-0.136992,0.70265,0.255062,0.664249,0,0,0,-0.0917389,0.847674,0.522525,0,0,0,0,0,0,0,0,0,0,0,0,0,0,0,0.858299,0.472795,0.199469,-0.933932,0.255478,0.250005,-0.936469,0.11041,-0.33292,0.861106,0.328843,-0.387761,0.17815,0.980703,0.0805201,-0.416151,0.903986,0.0981216,-0.42151,0.76591,-0.485501,0,0,0
000861,0.507928,0.701735,0.506125,113.47,348.517,295.142,0.0005,0.496775,0.765688,0.408579,-0.64861,0.628689,0.429016,-0.647943,0.347878,-0.677607,0.513641,0.496757,-0.699575,0.9927,0.119492,-0.0163556,-0.133958,0.962633,-0.235359,0,0,0,0.609529,0.771993,-0.180279,-0.789731,0.593858,-0.15381,0.701256,0.254027,0.666116,0,0,0,-0.0928279,0.853544,0.512684,0,0,0,0,0,0,0,0,0,0,0,0,0,0,0,0.857413,0.472311,0.204365,-0.937783,0.25653,0.233997,-0.932434,0.109937,-0.344211,0.864156,0.33,-0.379914,0.177799,0.981535,0.0705497,-0.417249,0.905203,0.0806926,-0.419266,0.760707,-0.49552,0,0,0
000862,0.508989,0.702892,0.505101,113.47,348.517,295.142,0.0005,0.496099,0.764661,0.411315,-0.648457,0.628539,0.429468,-0.647048,0.347395,-0.678709,0.512748,0.498679,-0.698863,0.992678,0.119993,-0.0138567,-0.133988,0.962866,-0.234387,0,0,0,0.610146,0.771963,-0.178313,-0.789608,0.593765,-0.154798,0.699688,0.25346,0.667978,0,0,0,-0.0927258,0.852522,0.5144,0,0,0,0,0,0,0,0,0,0,0,0,0,0,0,0.856871,0.472015,0.207301,-0.937764,0.257043,0.233511,-0.931748,0.109856,-0.346088,0.864686,0.330736,-0.378063,0.177766,0.981358,0.073043,-0.417216,0.905129,0.0816892,-0.419148,0.760489,-0.495954,0,0,0
000863,0.50788,0.700838,0.506212,113.47,348.517,295.142,0.0005,0.497,0.766028,0.407666,-0.648416,0.629197,0.428565,-0.648591,0.345955,-0.677972,0.511751,0.504684,-0.695273,0.992692,0.119491,-0.0168554,-0.133912,0.962281,-0.236816,0,0,0,0.609751,0.771472,-0.181755,-0.789369,0.594211,-0.154304,0.701739,0.25367,0.665743,0,0,0,-0.0928788,0.854054,0.511826,0,0,0,0,0,0,0,0,0,0,0,0,0,0,0,0.857833,0.471971,0.203387,-0.938028,0.256078,0.233511,-0.932434,0.109937,-0.344211,0.864156,0.33,-0.379914,0.177813,0.981603,0.0695522,-0.417282,0.905276,0.0796959,-0.418271,0.76097,-0.495957,0,0,0
000864,0.502534,0.707627,0.508568,113.47,348.517,295.142,0.0005,0.496356,0.76596,0.408578,-0.645663,0.625816,0.437577,-0.654291,0.349593,-0.670588,0.515185,0.496168,-0.698857,0.992501,0.119468,-0.025852,-0.134265,0.96503,-0.225142,0,0,0,0.609305,0.772513,-0.178803,-0.791127,0.595539,-0.139468,0.704832,0.255851,0.661628,0,0,0,-0.0920492,0.850778,0.5174,0,0,0,0,0,0,0,0,0,0,0,0,0,0,0,0.858473,0.472891,0.198489,-0.935244,0.255837,0.244676,-0.936469,0.11041,-0.33292,0.862907,0.328991,-0.38361,0.178194,0.980936,0.0775301,-0.416821,0.904255,0.0926468,-0.421187,0.766363,-0.485066,0,0,0
000865,0.508519,0.702335,0.50174,113.47,348.517,295.142,0.0005,0.496178,0.763872,0.412683,-0.647686,0.627788,0.431724,-0.645015,0.346869,-0.680909,0.520457,0.495722,-0.695258,0.992716,0.119494,-0.015356,-0.133928,0.962399,-0.23633,0,0,0,0.609529,0.771993,-0.180279,-0.789484,0.593671,-0.155786,0.698285,0.252421,0.669837,0,0,0,-0.0926234,0.851497,0.516114,0,0,0,0,0,0,0,0,0,0,0,0,0,0,0,0.857113,0.471577,0.207301,-0.937557,0.256468,0.234969,-0.931117,0.109279,-0.347963,0.863622,0.329263,-0.381763,0.177773,0.981394,0.0725444,-0.417199,0.905091,0.0821875,-0.418,0.759418,-0.498559,0,0,0
000866,0.507229,0.70212,0.506349,113.47,348.517,295.142,0.0005,0.496775,0.765688,0.408579,-0.648303,0.628389,0.429919,-0.648539,0.348199,-0.676871,0.508154,0.505367,-0.697412,0.992675,0.119489,-0.017855,-0.133988,0.962866,-0.234387,0,0,0,0.609473,0.771923,-0.180771,-0.789614,0.594396,-0.152328,0.702052,0.253783,0.66537,0,0,0,-0.0923052,0.853342,0.513115,0,0,0,0,0,0,0,0,0,0,0,0,0,0,0,0.857592,0.472409,0.203387,-0.937444,0.256437,0.235455,-0.932945,0.109997,-0.342803,0.8638,0.3304,-0.380376,0.178278,0.981376,0.0715474,-0.417216,0.905129,0.0816892,-0.419502,0.761143,-0.494651,0,0,0
000867,0.506166,0.708786,0.50725,113.47,348.517,295.142,0.0005,0.496064,0.7637,0.413138,-0.646288,0.626425,0.435778,-0.651451,0.349199,-0.673551,0.516532,0.496783,-0.697425,0.992657,0.119487,-0.0188546,-0.13428,0.965142,-0.224655,0,0,0,0.61025,0.772891,-0.173884,-0.790561,0.595112,-0.144417,0.701882,0.254253,0.66537,0,0,0,-0.0919461,0.849747,0.519111,0,0,0,0,0,0,0,0,0,0,0,0,0,0,0,0.857474,0.471775,0.205344,-0.936528,0.256187,0.23934,-0.934131,0.110136,-0.339513,0.864689,0.329667,-0.378989,0.17815,0.980703,0.0805201,-0.416859,0.904339,0.0916512,-0.421808,0.764359,-0.487682,0,0,0
000868,0.504016,0.707486,0.508659,113.47,348.517,295.142,0.0005,0.496131,0.765619,0.40949,-0.646288,0.626425,0.435778,-0.65299,0.350596,-0.671331,0.515239,0.497617,-0.697787,0.992574,0.119477,-0.0228531,-0.134251,0.964919,-0.225629,0,0,0,0.610202,0.772032,-0.177821,-0.79139,0.594485,-0.142437,0.70455,0.254686,0.662378,0,0,0,-0.0921006,0.851293,0.516544,0,0,0,0,0,0,0,0,0,0,0,0,0,0,0,0.858364,0.472261,0.200449,-0.935948,0.256029,0.241766,-0.935639,0.110313,-0.335277,0.863622,0.329798,-0.3813,0.178194,0.980936,0.0775301,-0.416859,0.904339,0.0916512,-0.420956,0.765936,-0.48594,0,0,0
000869,0.50109,0.700805,0.500361,113.47,348.517,295.142,0.0005,0.496917,0.766811,0.406295,-0.644687,0.625562,0.439375,-0.648241,0.348038,-0.677239,0.516039,0.499791,-0.695638,0.992376,0.119453,-0.0303501,-0.133897,0.962164,-0.237302,0,0,0,0.608191,0.770326,-0.191578,-0.790688,0.594581,-0.145901,0.702195,0.254366,0.664996,0,0,0,-0.0920749,0.851036,0.516972,0,0,0,0,0,0,0,0,0,0,0,0,0,0,0,0.859404,0.47283,0.194568,-0.934544,0.255127,0.248068,-0.935247,0.11077,-0.336219,0.858731,0.327942,-0.393744,0.178324,0.981615,0.0680562,-0.416606,0.904994,0.0861734,-0.41903,0.760271,-0.496388,0,0,0
000870,0.506162,0.70048,0.506823,306.143,349.634,7.27723,0.0005,0.519791,0.751565,0.406162,-0.629767,0.647796,0.428666,-0.637725,0.367631,-0.676871,0,0,0,0.995792,0.0896792,-0.0188839,-0.104794,0.965918,-0.236686,0,0,0,0.632546,0.752524,-0.183286,-0.771671,0.617401,-0.15277,0.709941,0.233227,0.664522,0,0,0,-0.0672861,0.85688,0.511106,0,0,0,0,0,0,0,0,0,0,0,0,0,0,0,0.871931,0.446379,0.201201,-0.92935,0.284404,0.235421,-0.929566,0.137909,-0.341889,0.872976,0.30401,-0.381433,0.20758,0.975816,0.0685092,-0.390025,0.917317,0.0800615,-0.396346,0.772792,-0.495683,0,0,0
000871,0.507835,0.700153,0.504221,306.143,349.634,7.27723,0.0005,0.519089,0.750564,0.408901,-0.629767,0.647796,0.428666,-0.635831,0.364803,-0.680175,0,0,0,0.995844,0.0896839,-0.015885,-0.104748,0.965445,-0.238629,0,0,0,0.632281,0.752985,-0.182302,-0.77125,0.617062,-0.156228,0.70741,0.232395,0.667505,0,0,0,-0.0677308,0.856076,0.512393,0,0,0,0,0,0,0,0,0,0,0,0,0,0,0,0.87107,0.446502,0.204628,-0.929944,0.284063,0.233478,-0.928035,0.137683,-0.346114,0.87332,0.3036,-0.380971,0.207076,0.975853,0.0695064,-0.390071,0.917427,0.0785663,-0.394341,0.772141,-0.498291,0,0,0
000872,0.502802,0.701303,0.506176,306.143,349.634,7.27723,0.0005,0.520257,0.752228,0.404333,-0.62827,0.646247,0.433177,-0.639937,0.367178,-0.675027,0,0,0,0.99568,0.0891672,-0.0258814,-0.10484,0.966387,-0.234743,0,0,0,0.631803,0.752424,-0.186233,-0.772315,0.617918,-0.147333,0.711361,0.23422,0.662651,0,0,0,-0.0672143,0.855858,0.512824,0,0,0,0,0,0,0,0,0,0,0,0,0,0,0,0.872817,0.44683,0.196301,-0.928013,0.283473,0.241733,-0.931485,0.137687,-0.336715,0.871144,0.302849,-0.386511,0.20758,0.975816,0.0685092,-0.389439,0.917209,0.0840481,-0.396121,0.774572,-0.493079,0,0,0
000873,0.508345,0.702602,0.503945,306.143,349.634,7.27723,0.0005,0.518382,0.749557,0.411637,-0.62917,0.647178,0.430471,-0.635376,0.366273,-0.67981,0,0,0,0.995866,0.089686,-0.0143856,-0.104829,0.96627,-0.235229,0,0,0,0.633074,0.753144,-0.178861,-0.771432,0.617209,-0.154746,0.705828,0.232928,0.668993,0,0,0,-0.0676227,0.854539,0.514967,0,0,0,0,0,0,0,0,0,0,0,0,0,0,0,0.87084,0.445823,0.207074,-0.929944,0.284063,0.233478,-0.927864,0.137657,-0.346583,0.874038,0.303848,-0.379122,0.207022,0.975609,0.0729972,-0.389979,0.917205,0.0815565,-0.395567,0.772354,-0.496987,0,0,0
000874,0.502041,0.705428,0.501772,306.143,349.634,7.27723,0.0005,0.518618,0.749893,0.410725,-0.625841,0.643734,0.440373,-0.639017,0.366068,-0.6765,0,0,0,0.995578,0.090162,-0.0263812,-0.104931,0.967314,-0.230853,0,0,0,0.632044,0.752706,-0.184268,-0.773024,0.617847,-0.14387,0.708677,0.232811,0.666015,0,0,0,-0.0669064,0.851479,0.520103,0,0,0,0,0,0,0,0,0,0,0,0,0,0,0,0.872288,0.44656,0.199242,-0.926581,0.283558,0.247066,-0.931245,0.138157,-0.337186,0.870208,0.301997,-0.389277,0.207479,0.975361,0.0749919,-0.389221,0.916686,0.0905231,-0.396342,0.775012,-0.492209,0,0,0
000875,0.50112,0.709629,0.50366,306.143,349.634,7.27723,0.0005,0.518556,0.748935,0.412549,-0.62492,0.642782,0.443065,-0.640438,0.370355,-0.672812,0,0,0,0.995582,0.0896604,-0.0278806,-0.105085,0.968898,-0.224038,0,0,0,0.632575,0.753329,-0.179844,-0.77337,0.618768,-0.13793,0.709313,0.234073,0.664895,0,0,0,-0.0667965,0.849919,0.522662,0,0,0,0,0,0,0,0,0,0,0,0,0,0,0,0.872199,0.446515,0.199732,-0.925988,0.283377,0.249488,-0.93248,0.137834,-0.333889,0.870778,0.302723,-0.387433,0.207387,0.974943,0.0804743,-0.388986,0.916123,0.0969939,-0.397768,0.777855,-0.486541,0,0,0
000876,0.500512,0.709129,0.502828,306.143,349.634,7.27723,0.0005,0.518263,0.749388,0.412093,-0.624612,0.642463,0.443961,-0.641354,0.367419,-0.673549,0,0,0,0.995584,0.0891585,-0.0293799,-0.105064,0.968675,-0.225012,0,0,0,0.632341,0.753054,-0.181811,-0.773683,0.618377,-0.13793,0.709469,0.233598,0.664895,0,0,0,-0.0667782,0.849658,0.523089,0,0,0,0,0,0,0,0,0,0,0,0,0,0,0,0.872377,0.446606,0.198752,-0.925895,0.282826,0.250456,-0.932572,0.138353,-0.333418,0.870208,0.301997,-0.389277,0.207404,0.975021,0.0794778,-0.388986,0.916123,0.0969939,-0.397995,0.777193,-0.487413,0,0,0
000877,0.501236,0.707021,0.5058,306.143,349.634,7.27723,0.0005,0.518678,0.750849,0.4089,-0.626147,0.644051,0.439475,-0.64102,0.370692,-0.672072,0,0,0,0.995582,0.0896604,-0.0278806,-0.10502,0.968225,-0.22696,0,0,0,0.632664,0.752663,-0.182303,-0.773154,0.618594,-0.139911,0.71089,0.234591,0.663026,0,0,0,-0.0669611,0.852257,0.518821,0,0,0,0,0,0,0,0,0,0,0,0,0,0,0,0.872641,0.44674,0.197282,-0.926581,0.283558,0.247066,-0.932664,0.138872,-0.332946,0.870961,0.302786,-0.386972,0.207455,0.97525,0.0764874,-0.389133,0.916474,0.0930124,-0.39755,0.77742,-0.487414,0,0,0
000878,0.509226,0.708694,0.507333,306.143,349.634,7.27723,0.0005,0.517193,0.747863,0.416188,-0.628212,0.646906,0.432276,-0.638061,0.368403,-0.676135,0,0,0,0.995899,0.0896889,-0.0118868,-0.105053,0.968563,-0.225499,0,0,0,0.633711,0.754659,-0.170001,-0.772025,0.617686,-0.149805,0.706619,0.232662,0.66825,0,0,0,-0.067496,0.852735,0.517964,0,0,0,0,0,0,0,0,0,0,0,0,0,0,0,0.870095,0.445444,0.210984,-0.929798,0.284541,0.233478,-0.928474,0.138253,-0.344706,0.876172,0.304584,-0.373565,0.20688,0.974968,0.0814704,-0.389733,0.916614,0.0890288,-0.397002,0.776328,-0.489595,0,0,0
000879,0.509748,0.70738,0.502049,306.143,349.634,7.27723,0.0005,0.516473,0.746838,0.418913,-0.627969,0.645935,0.434078,-0.635242,0.364462,-0.680907,0,0,0,0.995949,0.0891915,-0.011387,-0.104953,0.967543,-0.22988,0,0,0,0.63376,0.753946,-0.172956,-0.771359,0.617792,-0.152771,0.703117,0.231511,0.672331,0,0,0,-0.0673683,0.850922,0.520954,0,0,0,0,0,0,0,0,0,0,0,0,0,0,0,0.869394,0.445649,0.213426,-0.929574,0.284473,0.23445,-0.927004,0.13753,-0.348927,0.875095,0.303684,-0.376808,0.206889,0.975008,0.0809722,-0.389784,0.916737,0.0875348,-0.396457,0.773014,-0.495249,0,0,0
000880,0.509125,0.703636,0.500194,172.296,204.554,158.88,0.0005,0.509954,0.768899,0.38567,-0.635085,0.660219,0.400971,-0.632298,0.329687,-0.701075,0,0,0,0.995386,0.0951222,-0.0125895,-0.110637,0.954107,-0.278279,0,0,0,0.62884,0.749072,-0.20845,-0.774929,0.603658,-0.187302,0.69775,0.265648,0.665264,-0.706069,0.134916,0.695172,-0.0757517,0.873608,0.480697,0,0,0,0,0,0,0,0,0,0,0,0,0,0,0,0.865988,0.460475,0.195005,-0.932732,0.287664,0.217394,-0.925711,0.11631,-0.359903,0.873433,0.292612,-0.38922,0.200124,0.979203,0.0333328,-0.396943,0.91691,0.0413845,-0.398356,0.745165,-0.534829,0,0,0
000881,0.508449,0.709452,0.50262,172.296,204.554,158.88,0.0005,0.508672,0.76789,0.389356,-0.633831,0.658909,0.40509,-0.634776,0.333244,-0.697143,0,0,0,0.995338,0.0956198,-0.0125895,-0.110908,0.956693,-0.269143,0,0,0,0.629771,0.750163,-0.201601,-0.775776,0.604957,-0.179439,0.698859,0.265535,0.664144,0,0,0,-0.0755622,0.871201,0.485076,0,0,0,0,0,0,0,0,0,0,0,0,0,0,0,0.865876,0.459851,0.196966,-0.931958,0.287948,0.22032,-0.927018,0.115969,-0.356636,0.874696,0.292505,-0.386456,0.200058,0.978891,0.041825,-0.396802,0.916575,0.049376,-0.400007,0.7494,-0.52763,0,0,0
000882,0.509372,0.705982,0.502694,172.296,204.554,158.88,0.0005,0.509739,0.768578,0.386593,-0.634946,0.660074,0.401429,-0.634158,0.330662,-0.698932,0,0,0,0.995398,0.0951233,-0.0115899,-0.110752,0.955207,-0.274435,0,0,0,0.629376,0.7497,-0.204538,-0.775061,0.604396,-0.184355,0.698682,0.266002,0.664143,0,0,0,-0.076231,0.873326,0.481134,0,0,0,0,0,0,0,0,0,0,0,0,0,0,0,0.86605,0.459942,0.195986,-0.932689,0.288174,0.216906,-0.926308,0.115881,-0.358504,0.874696,0.292505,-0.386456,0.200099,0.979083,0.0368301,-0.396893,0.916791,0.0443816,-0.398707,0.747994,-0.530601,0,0,0
000883,0.502081,0.705674,0.509056,172.296,204.554,158.88,0.0005,0.512708,0.772094,0.3755,-0.634111,0.659201,0.404175,-0.643233,0.332031,-0.689932,0,0,0,0.995104,0.0955973,-0.025085,-0.110894,0.956559,-0.269624,0,0,0,0.6285,0.748673,-0.210894,-0.776881,0.605823,-0.171563,0.707967,0.268453,0.653234,-0.707186,0.134619,0.694094,-0.075902,0.875518,0.477186,0,0,0,0,0,0,0,0,0,0,0,0,0,0,0,0.868237,0.461662,0.181749,-0.930717,0.287042,0.226655,-0.932051,0.116596,-0.343053,0.871949,0.292119,-0.392901,0.200128,0.97922,0.0328331,-0.396352,0.916797,0.0488768,-0.401588,0.752423,-0.522098,0,0,0
000884,0.502649,0.702264,0.504847,172.296,204.554,158.88,0.0005,0.512292,0.772371,0.375499,-0.63475,0.659146,0.40326,-0.637158,0.336185,-0.693548,0,0,0,0.995104,0.0955973,-0.025085,-0.110695,0.954659,-0.276357,0,0,0,0.627808,0.747861,-0.215779,-0.775889,0.60568,-0.176487,0.705341,0.267992,0.656258,-0.705137,0.134231,0.69625,-0.0759207,0.875756,0.476747,0,0,0,0,0,0,0,0,0,0,0,0,0,0,0,0.868471,0.461221,0.181749,-0.930678,0.287553,0.226168,-0.93062,0.116922,-0.346807,0.870798,0.291209,-0.396117,0.200153,0.97934,0.0288353,-0.396443,0.91701,0.0438823,-0.399002,0.749635,-0.528058,0,0,0
000885,0.507486,0.701314,0.500379,172.296,204.554,158.88,0.0005,0.511334,0.770054,0.381517,-0.635583,0.660017,0.400513,0,0,0,0,0,0,0.995296,0.0956157,-0.0155882,-0.110549,0.953273,-0.281159,0,0,0,0.627912,0.748753,-0.212359,-0.774769,0.604167,-0.18632,0.699967,0.26542,0.663022,0,0,0,-0.0758458,0.874804,0.478504,0,0,0,0,0,0,0,0,0,0,0,0,0,0,0,0.866671,0.460836,0.191081,-0.932168,0.288013,0.219345,-0.926548,0.115407,-0.358037,0.872294,0.291707,-0.392441,0.20015,0.979326,0.0293351,-0.396975,0.916984,0.0393862,-0.398108,0.744691,-0.535674,0,0,0
000886,0.500999,0.709112,0.506867,172.296,204.554,158.88,0.0005,0.511865,0.770842,0.379205,-0.632423,0.657437,0.409656,-0.642384,0.334408,-0.689576,0,0,0,0.995052,0.0955923,-0.0270842,-0.111006,0.957624,-0.265771,0,0,0,0.628007,0.749635,-0.208938,-0.777415,0.606242,-0.167621,0.706083,0.268808,0.655125,-0.704888,0.133676,0.696609,-0.0756761,0.872648,0.48245,0,0,0,0,0,0,0,0,0,0,0,0,0,0,0,0.868076,0.461577,0.182732,-0.929327,0.28766,0.231522,-0.932391,0.116639,-0.342114,0.871202,0.29187,-0.394739,0.200091,0.979047,0.0378292,-0.396241,0.916535,0.054369,-0.402071,0.753347,-0.520392,0,0,0
000887,0.501552,0.702189,0.502743,172.296,204.554,158.88,0.0005,0.511771,0.772492,0.375961,-0.633551,0.658616,0.406004,-0.63894,0.329781,-0.694982,0,0,0,0.995086,0.0950933,-0.027584,-0.110666,0.954383,-0.277318,0,0,0,0.627144,0.747852,-0.21773,-0.776028,0.605789,-0.175502,0.704727,0.267759,0.657012,0,0,0,-0.0758458,0.874804,0.478504,0,0,0,0,0,0,0,0,0,0,0,0,0,0,0,0.868946,0.460906,0.180274,-0.930025,0.287352,0.229089,-0.930854,0.116447,-0.346339,0.869508,0.291307,-0.398869,0.200156,0.979354,0.0283356,-0.396434,0.91699,0.0443818,-0.399076,0.748698,-0.529329,0,0,0
000888,0.50108,0.708894,0.501832,172.296,204.554,158.88,0.0005,0.510181,0.770132,0.3829,-0.631428,0.656397,0.412846,-0.63909,0.333247,-0.693188,0,0,0,0.995086,0.0950933,-0.027584,-0.110923,0.956827,-0.268661,0,0,0,0.628049,0.748914,-0.211382,-0.77715,0.606033,-0.169592,0.703011,0.267644,0.658894,-0.701893,0.132601,0.699831,-0.0755241,0.870717,0.48595,0,0,0,0,0,0,0,0,0,0,0,0,0,0,0,0.868067,0.461007,0.184207,-0.929142,0.28708,0.232981,-0.931197,0.11649,-0.3454,0.870044,0.290958,-0.397952,0.200091,0.979047,0.0378292,-0.396241,0.916535,0.054369,-0.400541,0.751499,-0.52423,0,0,0
000889,0.505972,0.703433,0.504765,172.296,204.554,158.88,0.0005,0.511343,0.770962,0.379666,-0.634946,0.660074,0.401429,-0.636706,0.332561,-0.695707,0,0,0,0.995254,0.0956117,-0.0180873,-0.110724,0.954933,-0.275396,0,0,0,0.628569,0.748753,-0.210406,-0.775871,0.604396,-0.180914,0.702703,0.267527,0.65927,-0.707713,0.1337,0.693734,-0.0758833,0.87528,0.477626,0,0,0,0,0,0,0,0,0,0,0,0,0,0,0,0.867174,0.461101,0.188136,-0.931747,0.287883,0.221296,-0.928663,0.11567,-0.352429,0.872879,0.292428,-0.390601,0.200134,0.979251,0.0318337,-0.396919,0.916851,0.0428831,-0.399836,0.747995,-0.52975,0,0,0
000890,0.505453,0.705892,0.500837,304.159,55.3334,227.669,0.0005,0.469928,0.814545,0.340125,-0.664863,0.638552,0.387568,-0.66344,0.263535,-0.700283,0,0,0,0.987518,0.152053,-0.0410812,-0.171973,0.933207,-0.315515,0,0,0,0.579954,0.773686,-0.255075,-0.812543,0.550307,-0.192186,0.693095,0.336388,0.637544,0,0,0,-0.11966,0.887735,0.444532,0,0,0,0,0,0,-0.344786,0.532397,0.773095,0,0,0,0,0,0,0.841677,0.517714,0.153463,-0.942752,0.243219,0.228175,-0.938587,0.0453516,-0.34205,0.846866,0.323794,-0.421871,0.142284,0.98975,-0.0122668,-0.449681,0.893104,0.0123368,-0.451015,0.697883,-0.556367,0,0,0
000891,0.506866,0.700235,0.503203,304.159,55.3334,227.669,0.0005,0.47112,0.816579,0.333535,-0.667208,0.640817,0.379719,0,0,0,0,0,0,0.987578,0.152063,-0.0395827,-0.171128,0.931257,-0.321677,0,0,0,0.57901,0.773271,-0.258457,-0.811773,0.549179,-0.19856,0.694813,0.33722,0.63523,-0.702893,0.124802,0.700261,-0.120655,0.891602,0.43645,0,0,0,0.246633,0.623678,0.741754,0,0,0,0,0,0,0,0,0,0.841413,0.518725,0.151486,-0.944185,0.243072,0.222331,-0.938196,0.0463339,-0.34299,0.847438,0.323476,-0.420965,0.142262,0.989611,-0.0207649,-0.449712,0.893167,0.00333748,-0.45024,0.695728,-0.559684,0,0,0
000892,0.503216,0.708986,0.508117,304.159,55.3334,227.669,0.0005,0.470959,0.815316,0.336833,-0.664723,0.638417,0.388029,0,0,0,0,0,0,0.98737,0.15203,-0.0445776,-0.171983,0.936208,-0.306489,0,0,0,0.580644,0.774591,-0.250723,-0.813865,0.551206,-0.183838,0.698668,0.337973,0.630585,0,0,0,-0.119744,0.888395,0.443187,0,0,0,0,0,0,0,0,0,0,0,0,0,0,0,0.841804,0.518378,0.150498,-0.942544,0.242649,0.229636,-0.941599,0.0459978,-0.33358,0.848241,0.324316,-0.418696,0.14229,0.989786,-0.00876767,-0.449189,0.893238,0.0188357,-0.454266,0.703009,-0.547194,0,0,0
000893,0.509621,0.70296,0.509174,304.159,55.3334,227.669,0.0005,0.470866,0.816146,0.334949,-0.66843,0.641997,0.375554,0,0,0,0,0,0,0.987811,0.152098,-0.0330891,-0.171481,0.933297,-0.315516,0,0,0,0.580395,0.77509,-0.249754,-0.811773,0.549179,-0.19856,0,0,0,0,0,0,-0.120241,0.892316,0.435102,0,0,0,0,0,0,-0.351076,0.538405,0.766072,0,0,0,0,0,0,0.840824,0.518364,0.155931,-0.945564,0.243427,0.215991,-0.93773,0.0453102,-0.344398,0.85133,0.324954,-0.411875,0.142276,0.989701,-0.0157661,-0.449709,0.893162,0.00483736,-0.451611,0.698822,-0.554704,0,0,0
000894,0.504564,0.708343,0.506523,304.159,55.3334,227.669,0.0005,0.469752,0.815234,0.338713,-0.665141,0.638821,0.386646,-0.668534,0.263937,-0.695269,0,0,0,0.987498,0.15205,-0.0415807,-0.171853,0.935451,-0.308867,0,0,0,0.580644,0.774591,-0.250723,-0.813608,0.550427,-0.187276,0.696744,0.337598,0.632911,0,0,0,-0.119744,0.888395,0.443187,0,0,0,0.24761,0.622088,0.742762,0,0,0,0,0,0,0,0,0,0.841546,0.51822,0.152474,-0.942987,0.242763,0.227689,-0.940427,0.0459412,-0.336877,0.848437,0.32439,-0.418242,0.14229,0.989786,-0.00876767,-0.449655,0.893053,0.0163362,-0.453385,0.701619,-0.549702,0,0,0
000895,0.502677,0.70059,0.508068,304.159,55.3334,227.669,0.0005,0.472206,0.818432,0.3274,-0.666523,0.640156,0.382031,0,0,0,0,0,0,0.987309,0.151515,-0.0475742,-0.171373,0.932674,-0.317413,0,0,0,0.579096,0.772558,-0.260389,-0.812938,0.550576,-0.189732,0.700214,0.339832,0.627865,0,0,0,-0.120296,0.892747,0.434202,0,0,0,0.248289,0.627795,0.737716,-0.350241,0.536203,0.767996,0,0,0,0,0,0,0.842743,0.518953,0.143079,-0.942987,0.242763,0.227689,-0.941623,0.0454984,-0.33358,0.846452,0.323102,-0.423231,0.142262,0.989611,-0.0207649,-0.449254,0.89337,0.0078372,-0.451511,0.700531,-0.552626,0,0,0
000896,0.504313,0.704839,0.502262,304.159,55.3334,227.669,0.0005,0.470008,0.815671,0.337302,-0.665002,0.638686,0.387107,-0.665293,0.262655,-0.698854,0,0,0,0.987414,0.152037,-0.0435787,-0.171946,0.933052,-0.315989,0,0,0,0.579322,0.77368,-0.256524,-0.812982,0.550001,-0.191204,0.694813,0.33722,0.63523,0,0,0,-0.119772,0.888615,0.442739,0,0,0,0.246265,0.621425,0.743764,0,0,0,0,0,0,0,0,0,0.841804,0.518378,0.150498,-0.94253,0.243162,0.229149,-0.939559,0.0463997,-0.33923,0.846471,0.323644,-0.422777,0.14228,0.989724,-0.0142664,-0.449681,0.893104,0.0123368,-0.451313,0.698353,-0.555535,0,0,0
000897,0.50136,0.701029,0.502788,304.159,55.3334,227.669,0.0005,0.471707,0.817581,0.330233,-0.665487,0.63846,0.386646,0,0,0,0,0,0,0.987113,0.151991,-0.0500711,-0.171292,0.932203,-0.318835,0,0,0,0.57814,0.772128,-0.263766,-0.813016,0.550629,-0.189241,0.697948,0.338736,0.630973,0,0,0,-0.119994,0.890365,0.439149,0,0,0,0.246909,0.624366,0.741083,0,0,0,0,0,0,0,0,0,0.842542,0.519416,0.142584,-0.94151,0.243416,0.23304,-0.941408,0.0464891,-0.334051,0.844085,0.322738,-0.428207,0.14226,0.989601,-0.0212647,-0.449249,0.893358,0.0093371,-0.450472,0.698893,-0.555539,0,0,0
000898,0.500163,0.703023,0.508119,304.159,55.3334,227.669,0.0005,0.471607,0.818399,0.328344,-0.665141,0.638821,0.386646,-0.671665,0.263563,-0.692388,0,0,0,0.987037,0.151979,-0.0515692,-0.171615,0.934072,-0.313143,0,0,0,0.579096,0.772558,-0.260389,-0.813865,0.551206,-0.183838,0.701561,0.339928,0.626307,0,0,0,-0.120104,0.891234,0.437352,0,0,0,0,0,0,0,0,0,0,0,0,0,0,0,0.842723,0.519527,0.1411,-0.941397,0.243387,0.233527,-0.943229,0.0465771,-0.328862,0.845481,0.323268,-0.425041,0.142269,0.989659,-0.0182655,-0.449228,0.893317,0.0133367,-0.453385,0.701619,-0.549702,0,0,0
000899,0.500369,0.704989,0.508345,304.159,55.3334,227.669,0.0005,0.47214,0.817331,0.330234,-0.664863,0.638552,0.387568,0,0,0,0,0,0,0.987088,0.151987,-0.0505705,-0.171747,0.93484,-0.310769,0,0,0,0.578766,0.773776,-0.25749,-0.814296,0.550895,-0.182854,0.700997,0.339656,0.627086,0,0,0,-0.119966,0.890147,0.439598,0,0,0,0,0,0,0,0,0,0,0,0,0,0,0,0.842804,0.518991,0.142585,-0.941522,0.242903,0.233527,-0.943229,0.0465771,-0.328862,0.845878,0.323418,-0.424136,0.142277,0.989709,-0.0152662,-0.449212,0.893285,0.0158364,-0.453552,0.702816,-0.548032,0,0,0
000900,0.506695,0.708765,0.503725,2.75519,85.2188,109.138,0.0005,0.548567,0.749043,0.371496,-0.599303,0.711061,0.367734,0,0,0,0,0,0,0.999471,0.0323091,0.00365795,-0.0442136,0.951338,-0.30496,0,0,0,0.680266,0.700576,-0.215479,-0.732529,0.645481,-0.216231,0.701834,0.246184,0.668448,-0.711277,0.204023,0.672651,-0.0310114,0.891967,0.451036,0,0,0,0,0,0,0,0,0,0,0,0,0,0,0,0.889568,0.412084,0.197117,-0.915918,0.353422,0.190229,-0.911431,0.160791,-0.378733,0.89885,0.222548,-0.377547,0.260867,0.965317,0.0106039,-0.339206,0.940668,0.00914252,0,0,0,0,0,0
000901,0.50889,0.703157,0.505375,2.75519,85.2188,109.138,0.0005,0.550071,0.750228,0.366852,-0.601404,0.713569,0.359351,0,0,0,0,0,0,0.999449,0.0323084,0.00765679,-0.0441367,0.949182,-0.311618,0,0,0,0.679962,0.700268,-0.217431,-0.731541,0.643938,-0.224034,0.702465,0.246404,0.667704,-0.714364,0.205424,0.668943,-0.0316075,0.895529,0.44388,0,0,0,0,0,0,0,0,0,0,0,0,0,0,0,0.889568,0.412084,0.197117,-0.917138,0.353892,0.183354,-0.910121,0.16056,-0.38197,0.899945,0.222817,-0.374768,0.260397,0.965495,0.00360537,-0.33922,0.940707,-0.000356963,0,0,0,0,0,0
000902,0.501052,0.709309,0.508814,2.75519,85.2188,109.138,0.0005,0.550942,0.751399,0.363128,-0.598591,0.710212,0.370522,0,0,0,0,0,0,0.999451,0.0323085,-0.00734098,-0.0442566,0.95255,-0.301149,0,0,0,0.679578,0.699879,-0.21987,-0.734188,0.64695,-0.205968,0.708897,0.248126,0.660226,-0.711091,0.20345,0.673021,-0.0310478,0.893316,0.448356,0,0,0,0,0,0,0,0,0,0,0,0,0,0,0,0.891484,0.412965,0.186322,-0.914376,0.352828,0.198567,-0.91629,0.161138,-0.36667,0.89682,0.22205,-0.382633,0.260872,0.965335,0.00860448,-0.338718,0.940789,0.0136418,0,0,0,0,0,0
000903,0.501709,0.702599,0.503899,2.75519,85.2188,109.138,0.0005,0.55159,0.75227,0.360331,-0.599539,0.711343,0.366804,0,0,0,0,0,0,0.999458,0.0323087,-0.00634102,-0.0441256,0.94887,-0.312568,0,0,0,0.677963,0.698952,-0.227665,-0.73244,0.64607,-0.214766,0.706233,0.247724,0.663225,-0.709009,0.203376,0.675237,-0.0310959,0.895101,0.444777,0,0,0,0,0,0,-0.313002,0.566788,0.76209,0,0,0,0,0,0,0.891947,0.412628,0.184849,-0.914836,0.353005,0.196116,-0.914107,0.160754,-0.372246,0.89507,0.221106,-0.387248,0.260881,0.965371,-0.000894221,-0.338748,0.940872,0.00314294,0,0,0,0,0,0
000904,0.504322,0.703548,0.506135,2.75519,85.2188,109.138,0.0005,0.551159,0.75169,0.362196,-0.600243,0.712183,0.364012,0,0,0,0,0,0,0.999477,0.0323093,-0.00134131,-0.0441534,0.949648,-0.310192,0,0,0,0.679112,0.699406,-0.222795,-0.732448,0.645409,-0.216719,0.705442,0.247976,0.663973,-0.712521,0.203338,0.671541,-0.0311078,0.895545,0.443881,0,0,0,0.288904,0.585042,0.757799,-0.316801,0.566423,0.76079,0,0,0,0,0,0,0.890972,0.41273,0.189269,-0.91574,0.353354,0.191211,-0.913198,0.161609,-0.374101,0.897376,0.222187,-0.381247,0.26088,0.965369,0.00210555,-0.339218,0.940703,0.00314293,0,0,0,0,0,0
000905,0.506623,0.708667,0.509534,2.75519,85.2188,109.138,0.0005,0.549449,0.750229,0.36778,-0.600243,0.712183,0.364012,0,0,0,0,0,0,0.999471,0.0323091,0.00365795,-0.0442459,0.952248,-0.302102,0,0,0,0.680283,0.701306,-0.213037,-0.733182,0.645391,-0.214278,0.705607,0.247504,0.663973,-0.715282,0.204646,0.6682,-0.0310659,0.893987,0.447015,0,0,0,0.287113,0.585931,0.757793,-0.314913,0.569208,0.759494,0,0,0,0,0,0,0.889924,0.412248,0.195156,-0.916183,0.353524,0.188757,-0.913014,0.161577,-0.374565,0.900127,0.222861,-0.374304,0.260867,0.965317,0.0106039,-0.339207,0.940672,0.00864258,0,0,0,0,0,0
000906,0.507672,0.705024,0.504023,2.75519,85.2188,109.138,0.0005,0.549742,0.749785,0.368246,-0.600476,0.712461,0.36308,0,0,0,0,0,0,0.999462,0.0323088,0.00565744,-0.0441589,0.949803,-0.309717,0,0,0,0.679603,0.700616,-0.21743,-0.732041,0.644381,-0.22111,0.701503,0.247127,0.668447,-0.713029,0.204003,0.6708,-0.0310659,0.893987,0.447015,0,0,0,0,0,0,0,0,0,0,0,0,0,0,0,0.889658,0.412125,0.196627,-0.916533,0.353659,0.186793,-0.910684,0.160659,-0.380583,0.899089,0.221577,-0.377547,0.260877,0.965356,0.00560511,-0.339218,0.940703,0.00314293,0,0,0,0,0,0
000907,0.50706,0.701315,0.505351,2.75519,85.2188,109.138,0.0005,0.550942,0.751399,0.363128,-0.601404,0.713569,0.359351,0,0,0,0,0,0,0.999469,0.0323091,0.00415784,-0.0441144,0.948557,-0.313517,0,0,0,0.679268,0.699564,-0.22182,-0.731378,0.644461,-0.22306,0.703558,0.247317,0.666213,-0.713996,0.204279,0.669686,-0.0311316,0.896431,0.442088,0,0,0,0,0,0,0,0,0,0,0,0,0,0,0,0.890365,0.412451,0.192704,-0.916794,0.35376,0.185319,-0.911058,0.160725,-0.379659,0.898483,0.222458,-0.378472,0.260881,0.965371,0.000105713,-0.339219,0.940706,-0.0018569,0,0,0,0,0,0
000908,0.508779,0.703786,0.500121,2.75519,85.2188,109.138,0.0005,0.549191,0.749044,0.370569,-0.600476,0.712461,0.36308,0,0,0,0,0,0,0.999449,0.0323084,0.00765679,-0.0441144,0.948557,-0.313517,0,0,0,0.679655,0.699957,-0.219382,-0.730958,0.64409,-0.225496,0.698988,0.245188,0.671787,-0.711414,0.203542,0.672651,-0.0310478,0.893316,0.448356,0,0,0,0.287529,0.578932,0.762997,0,0,0,0,0,0,0,0,0,0.889118,0.411877,0.199566,-0.916974,0.353293,0.185319,-0.908798,0.160328,-0.385202,0.898603,0.221973,-0.378473,0.260396,0.965491,0.00460524,-0.33922,0.940707,0.000143021,0,0,0,0,0,0
000909,0.504461,0.70857,0.503227,2.75519,85.2188,109.138,0.0005,0.549522,0.74949,0.369176,-0.598829,0.710496,0.369593,0,0,0,0,0,0,0.999494,0.0318096,-0.000841361,-0.0442136,0.951338,-0.30496,0,0,0,0.67945,0.700461,-0.218406,-0.732931,0.645837,-0.213789,0.703095,0.246625,0.666959,-0.709933,0.2026,0.674499,-0.0310053,0.891742,0.451482,0,0,0,0,0,0,-0.312769,0.5643,0.764029,0,0,0,0,0,0,0.890189,0.41237,0.193685,-0.915201,0.353146,0.194155,-0.912731,0.16102,-0.375492,0.897256,0.222672,-0.381247,0.26087,0.965331,0.00910435,-0.339202,0.940659,0.0101424,0,0,0,0,0,0
000910,0.508814,0.706777,0.50902,257.595,166.862,75.7352,0.0005,0.510648,0.774391,0.373574,-0.635635,0.665321,0.391556,-0.638422,0.326927,-0.696805,0,0,0,0.995314,0.0956681,-0.0140653,-0.111564,0.953326,-0.280577,0,0,0,0.629006,0.748287,-0.210755,-0.77579,0.602878,-0.186249,0.703178,0.275355,0.655531,0,0,0,-0.0758189,0.88048,0.467981,0,0,0,0,0,0,0,0,0,0,0,0,0,0,0,0.866297,0.463017,0.187472,-0.932768,0.290516,0.213409,-0.928422,0.11173,-0.35433,0.875781,0.288679,-0.386874,0.199725,0.979497,0.0263594,-0.39724,0.917062,0.0345983,-0.401132,0.744694,-0.533408,0,0,0
000911,0.501168,0.701159,0.508301,257.595,166.862,75.7352,0.0005,0.513306,0.778361,0.361484,-0.634551,0.664181,0.395233,0,0,0,0,0,0,0.994963,0.0956344,-0.0300587,-0.111369,0.951492,-0.286809,0,0,0,0.626808,0.745715,-0.225878,-0.776657,0.603555,-0.18035,0.709311,0.276674,0.648327,-0.705919,0.142335,0.693844,-0.0760182,0.883033,0.463113,0,0,0,0,0,0,0,0,0,0,0,0,0,0,0,0.869146,0.463963,0.171242,-0.930619,0.289325,0.224141,-0.932466,0.111711,-0.343553,0.870169,0.28684,-0.400659,0.199774,0.979729,0.0148632,-0.396801,0.917308,0.0330994,-0.401324,0.743985,-0.534252,0,0,0
000912,0.502303,0.703852,0.504074,257.595,166.862,75.7352,0.0005,0.511885,0.77624,0.368002,-0.633457,0.663029,0.398904,0,0,0,0,0,0,0.995034,0.0956413,-0.0275598,-0.111415,0.951919,-0.285372,0,0,0,0.627173,0.746142,-0.223442,-0.776821,0.603049,-0.181334,0.705189,0.275603,0.653262,-0.704071,0.140946,0.696001,-0.0757824,0.880013,0.468864,0,0,0,0,0,0,0,0,0,0,0,0,0,0,0,0.868379,0.463556,0.176165,-0.930148,0.289702,0.225603,-0.931094,0.111546,-0.347307,0.870013,0.287315,-0.400659,0.199758,0.979654,0.0193622,-0.396761,0.917212,0.0360975,-0.400067,0.743748,-0.535523,0,0,0
000913,0.505244,0.707259,0.50837,257.595,166.862,75.7352,0.0005,0.511166,0.775165,0.371254,-0.634776,0.663692,0.395692,0,0,0,0,0,0,0.995192,0.0956564,-0.0210623,-0.111593,0.953604,-0.279617,0,0,0,0.628453,0.747641,-0.214662,-0.776821,0.603049,-0.181334,0.705189,0.275603,0.653262,-0.708394,0.142321,0.69132,-0.0757824,0.880013,0.468864,0,0,0,0,0,0,0,0,0,0,0,0,0,0,0,0.86743,0.463052,0.182068,-0.931424,0.290099,0.219754,-0.930456,0.112477,-0.348713,0.87356,0.287952,-0.392398,0.19973,0.979523,0.02536,-0.397183,0.916928,0.0385955,-0.401754,0.74587,-0.531292,0,0,0
000914,0.506769,0.700997,0.505627,257.595,166.862,75.7352,0.0005,0.511885,0.77624,0.368002,-0.635904,0.665605,0.390636,0,0,0,0,0,0,0.995231,0.0956602,-0.0190631,-0.111293,0.950776,-0.289203,0,0,0,0.627916,0.746243,-0.221006,-0.775809,0.601625,-0.190176,0.70397,0.275128,0.654775,-0.708492,0.141831,0.69132,-0.0764803,0.882529,0.463998,0,0,0,0,0,0,0,0,0,0,0,0,0,0,0,0.867274,0.463536,0.181576,-0.932256,0.290357,0.21585,-0.928597,0.111751,-0.353862,0.872813,0.287707,-0.394237,0.199765,0.97969,0.0173627,-0.397314,0.917237,0.0286016,-0.399378,0.741374,-0.539316,0,0,0
000915,0.502275,0.70734,0.507231,257.595,166.862,75.7352,0.0005,0.511058,0.775902,0.369859,-0.633182,0.66274,0.399821,0,0,0,0,0,0,0.995048,0.0956426,-0.02706,-0.111593,0.953604,-0.279617,0,0,0,0.62789,0.746982,-0.218566,-0.777693,0.603095,-0.177398,0.706404,0.276077,0.651747,-0.705238,0.142199,0.694564,-0.0757092,0.879077,0.47063,0,0,0,0,0,0,0,0,0,0,0,0,0,0,0,0.867909,0.463873,0.177641,-0.930405,0.289258,0.225116,-0.932005,0.112662,-0.344492,0.871497,0.287275,-0.39745,0.199735,0.979547,0.0243604,-0.396693,0.917053,0.040594,-0.402002,0.746339,-0.530445,0,0,0
000916,0.505916,0.706258,0.501425,257.595,166.862,75.7352,0.0005,0.510231,0.773769,0.375428,-0.633457,0.663029,0.398904,-0.634855,0.326229,-0.700381,0,0,0,0.995212,0.0956584,-0.0200627,-0.111445,0.952202,-0.284414,0,0,0,0.627649,0.74747,-0.21759,-0.77617,0.60254,-0.185757,0.700911,0.273935,0.658546,-0.704314,0.141504,0.695642,-0.0756173,0.877901,0.472834,0,0,0,0,0,0,0,0,0,0,0,0,0,0,0,0.866708,0.463235,0.185016,-0.931363,0.289556,0.220729,-0.928422,0.11173,-0.35433,0.87203,0.286924,-0.396533,0.199733,0.979535,0.0248602,-0.397205,0.91698,0.0370967,-0.400196,0.741853,-0.53805,0,0,0
000917,0.502333,0.701187,0.507744,257.595,166.862,75.7352,0.0005,0.513003,0.77791,0.362882,-0.634823,0.664467,0.394314,0,0,0,0,0,0,0.995034,0.0956413,-0.0275598,-0.111354,0.951349,-0.287288,0,0,0,0.627337,0.745565,-0.224905,-0.776371,0.603332,-0.182317,0.70792,0.276669,0.649849,-0.706697,0.141981,0.693124,-0.0760002,0.882802,0.463556,0,0,0,0,0,0,0,0,0,0,0,0,0,0,0,0.86853,0.464202,0.173704,-0.930791,0.289902,0.222679,-0.931662,0.112621,-0.34543,0.870773,0.287564,-0.398826,0.199772,0.979722,0.0153631,-0.396807,0.917323,0.0325996,-0.400633,0.743749,-0.535099,0,0,0
000918,0.50829,0.702342,0.500067,257.595,166.862,75.7352,0.0005,0.510961,0.77396,0.374038,-0.634959,0.66461,0.393855,-0.632411,0.323298,-0.703942,0,0,0,0.995244,0.0961636,-0.0155646,-0.111232,0.950199,-0.291117,0,0,0,0.627748,0.746816,-0.219542,-0.774819,0.602121,-0.192631,0.698886,0.273681,0.6608,-0.705775,0.141287,0.694204,-0.0762624,0.879737,0.469304,0,0,0,0,0,0,0,0,0,0,0,0,0,0,0,0.866379,0.463061,0.186981,-0.932405,0.28988,0.21585,-0.926413,0.111993,-0.359467,0.872281,0.288059,-0.395155,0.199266,0.979744,0.019862,-0.397303,0.91721,0.0296011,-0.398994,0.738509,-0.543515,0,0,0
000919,0.508502,0.701562,0.508156,257.595,166.862,75.7352,0.0005,0.511263,0.776209,0.36893,-0.636708,0.666451,0.387873,0,0,0,0,0,0,0.995251,0.0961644,-0.0150648,-0.111339,0.951207,-0.287767,0,0,0,0.628103,0.747231,-0.217103,-0.775352,0.601903,-0.191158,0.703788,0.275593,0.654775,-0.711197,0.142372,0.688425,-0.0765164,0.882991,0.463112,0,0,0,0,0,0,0,0,0,0,0,0,0,0,0,0.867187,0.462924,0.183542,-0.933073,0.290611,0.211944,-0.928129,0.111191,-0.355265,0.874518,0.288792,-0.389637,0.199272,0.979772,0.0183624,-0.39732,0.91725,0.0281018,-0.400196,0.741853,-0.53805,0,0,0
000920,0.506503,0.701047,0.507883,210.428,317.843,196.406,0.0005,0.49933,0.769881,0.397432,-0.646907,0.633796,0.424044,-0.651736,0.340814,-0.677559,0,0,0,0.992714,0.118418,-0.0222579,-0.133318,0.960516,-0.244204,0,0,0,0.609932,0.769234,-0.190428,-0.789308,0.594064,-0.155181,0.704801,0.260555,0.659823,0,0,0,-0.0901713,0.859553,0.503029,0,0,0,0,0,0,0,0,0,0,0,0,0,0,0,0.859439,0.472994,0.194015,-0.936538,0.259992,0.235161,-0.934263,0.108086,-0.33981,0.863382,0.325032,-0.385908,0.179677,0.981905,0.059829,-0.415909,0.90647,0.0730146,-0.420268,0.756887,-0.500496,0,0,0
000921,0.505664,0.70061,0.500043,210.428,317.843,196.406,0.0005,0.497922,0.768652,0.401556,-0.644778,0.631697,0.430373,-0.646829,0.339915,-0.682694,0.508421,0.494842,-0.704727,0.992715,0.117915,-0.0247568,-0.133193,0.959539,-0.248081,0,0,0,0.608996,0.768869,-0.194842,-0.789121,0.593923,-0.156662,0.701592,0.257775,0.66432,0,0,0,-0.0903524,0.856229,0.508633,0,0,0,0,0,0,0,0,0,0,0,0,0,0,0,0.859182,0.472854,0.195486,-0.935527,0.259193,0.240017,-0.933076,0.107949,-0.343099,0.860823,0.323541,-0.392816,0.179682,0.981934,0.0593299,-0.415863,0.90637,0.0745104,-0.418705,0.754013,-0.506113,0,0,0
000922,0.504463,0.703206,0.50319,210.428,317.843,196.406,0.0005,0.498451,0.768548,0.401099,-0.644471,0.631395,0.431275,-0.650769,0.339737,-0.679028,0.509783,0.495457,-0.703309,0.992677,0.11791,-0.0262561,-0.13338,0.960998,-0.242264,0,0,0,0.609692,0.768936,-0.192391,-0.789736,0.594388,-0.151722,0.70294,0.25987,0.662074,0,0,0,-0.0898305,0.856027,0.509066,0,0,0,0,0,0,0,0,0,0,0,0,0,0,0,0.859112,0.473385,0.194505,-0.934929,0.259547,0.241958,-0.9346,0.108125,-0.338869,0.861198,0.324215,-0.391436,0.179642,0.981724,0.0628231,-0.415738,0.90609,0.0784986,-0.420586,0.756425,-0.500927,0,0,0
000923,0.509717,0.706888,0.503598,210.428,317.843,196.406,0.0005,0.496671,0.765843,0.408414,-0.645389,0.6323,0.428567,-0.648267,0.34011,-0.68123,0,0,0,0.992904,0.117937,-0.0152615,-0.133502,0.961952,-0.238382,0,0,0,0.611317,0.770155,-0.182079,-0.789422,0.593524,-0.156662,0.699373,0.258024,0.666559,0,0,0,-0.0896831,0.854503,0.511646,0,0,0,0,0,0,0,0,0,0,0,0,0,0,0,0.857184,0.47233,0.20528,-0.936877,0.260086,0.233704,-0.931705,0.107791,-0.346853,0.865,0.325637,-0.381754,0.179554,0.981268,0.0698068,-0.415706,0.906018,0.0794954,-0.419512,0.75759,-0.500067,0,0,0
000924,0.501572,0.707738,0.50236,210.428,317.843,196.406,0.0005,0.497898,0.767708,0.403388,-0.641992,0.628953,0.438479,-0.652,0.343216,-0.676091,0.509182,0.495573,-0.703662,0.992534,0.117893,-0.0312537,-0.133562,0.962423,-0.236439,0,0,0,0.609872,0.769159,-0.190918,-0.79098,0.594701,-0.14381,0.703734,0.259629,0.661325,0,0,0,-0.0895349,0.852972,0.514221,0,0,0,0,0,0,0,0,0,0,0,0,0,0,0,0.859693,0.473133,0.192544,-0.933274,0.259088,0.248744,-0.936271,0.108317,-0.334161,0.86027,0.323334,-0.394195,0.179574,0.98137,0.0683106,-0.414977,0.905618,0.0874674,-0.42082,0.759994,-0.495297,0,0,0
000925,0.500245,0.707183,0.504936,210.428,317.843,196.406,0.0005,0.498253,0.769155,0.400182,-0.642304,0.629261,0.43758,-0.653217,0.346688,-0.673138,0.51013,0.495098,-0.70331,0.992395,0.11838,-0.0337524,-0.133592,0.962657,-0.235468,0,0,0,0.610083,0.768625,-0.192391,-0.791508,0.594474,-0.141831,0.706038,0.26101,0.658319,0,0,0,-0.0896585,0.854249,0.512075,0,0,0,0,0,0,0,0,0,0,0,0,0,0,0,0.860196,0.473408,0.189599,-0.933034,0.259021,0.249712,-0.937592,0.108469,-0.330388,0.85991,0.323733,-0.394654,0.179593,0.981469,0.0668143,-0.414995,0.905658,0.0869693,-0.42141,0.76108,-0.493124,0,0,0
000926,0.5032,0.702181,0.505769,210.428,317.843,196.406,0.0005,0.499858,0.769775,0.396975,-0.644778,0.631697,0.430373,-0.651299,0.344542,-0.676091,0.509689,0.49606,-0.702952,0.99255,0.118399,-0.028755,-0.13338,0.960998,-0.242264,0,0,0,0.609841,0.768324,-0.194353,-0.790217,0.594125,-0.150239,0.705902,0.260427,0.658695,0,0,0,-0.0899771,0.857543,0.506481,0,0,0,0,0,0,0,0,0,0,0,0,0,0,0,0.859788,0.473755,0.19058,-0.934812,0.259514,0.242443,-0.93583,0.107763,-0.335574,0.861191,0.323679,-0.391896,0.179671,0.981875,0.060328,-0.4153,0.906334,0.0780004,-0.420308,0.758007,-0.498766,0,0,0
000927,0.508259,0.701876,0.500186,210.428,317.843,196.406,0.0005,0.497565,0.767202,0.40476,-0.645389,0.6323,0.428567,-0.645222,0.340762,-0.68379,0.51145,0.492208,-0.704379,0.992835,0.117929,-0.0192594,-0.133224,0.959785,-0.247112,0,0,0,0.610264,0.768849,-0.190919,-0.788742,0.593637,-0.159624,0.699546,0.257554,0.666559,0,0,0,-0.0903279,0.855976,0.509064,0,0,0,0,0,0,0,0,0,0,0,0,0,0,0,0.858314,0.472379,0.200386,-0.936424,0.259961,0.235647,-0.931647,0.108288,-0.346853,0.862476,0.324693,-0.388213,0.179156,0.981845,0.0623238,-0.415879,0.906403,0.0740118,-0.417829,0.754496,-0.506116,0,0,0
000928,0.503858,0.707648,0.507373,210.428,317.843,196.406,0.0005,0.498231,0.768212,0.402015,-0.643659,0.631297,0.432628,-0.653089,0.345489,-0.673878,0,0,0,0.992677,0.11791,-0.0262561,-0.133622,0.96289,-0.234496,0,0,0,0.610405,0.76982,-0.1865,-0.790749,0.594527,-0.145789,0.705766,0.259844,0.659072,0,0,0,-0.0897569,0.855266,0.510356,0,0,0,0,0,0,0,0,0,0,0,0,0,0,0,0.859027,0.473339,0.194996,-0.934812,0.259514,0.242443,-0.936105,0.108298,-0.334632,0.862834,0.324293,-0.387753,0.179574,0.98137,0.0683106,-0.415537,0.905645,0.0844784,-0.421848,0.760838,-0.493122,0,0,0
000929,0.505866,0.703387,0.502087,210.428,317.843,196.406,0.0005,0.498009,0.767876,0.40293,-0.644624,0.631546,0.430824,-0.648636,0.340871,-0.680499,0.509783,0.495457,-0.703309,0.992739,0.117918,-0.0237573,-0.133349,0.960758,-0.243234,0,0,0,0.610264,0.768849,-0.190919,-0.78997,0.593312,-0.154687,0.702042,0.258474,0.663572,0,0,0,-0.0897815,0.85552,0.509926,0,0,0,0,0,0,0,0,0,0,0,0,0,0,0,0.858597,0.473103,0.197447,-0.935393,0.259675,0.240017,-0.933586,0.108008,-0.34169,0.86193,0.324489,-0.389595,0.179636,0.981693,0.0633221,-0.41577,0.906162,0.0775016,-0.418596,0.756951,-0.501799,0,0,0
000930,0.500853,0.706249,0.500875,131.56,252.551,134.98,0.0005,0.523869,0.755125,0.39414,-0.621688,0.662648,0.417615,0,0,0,0,0,0,0.996819,0.0766856,-0.0217296,-0.091144,0.96156,-0.259029,0,0,0,0.642751,0.739392,-0.200426,-0.763967,0.623298,-0.166895,0.704759,0.243915,0.666198,-0.702603,0.135529,0.698556,-0.0619159,0.866057,0.496096,0,0,0,0,0,0,0,0,0,0,0,0,0,0,0,0.875839,0.442026,0.1937,-0.924893,0.301202,0.232055,-0.926757,0.139595,-0.348763,0.876726,0.280489,-0.390739,0.21836,0.974623,0.0492763,-0.379174,0.923199,0.0626858,-0.382481,0.765202,-0.517855,0,0,0
000931,0.509174,0.703261,0.506508,131.56,252.551,134.98,0.0005,0.523232,0.755088,0.395058,-0.626166,0.667448,0.403025,-0.625442,0.354781,-0.694948,0,0,0,0.997002,0.0772013,-0.00523379,-0.0910786,0.960781,-0.261925,0,0,0,0.643919,0.740714,-0.191602,-0.762471,0.621426,-0.18019,0.703019,0.243842,0.66806,-0.712474,0.137433,0.688108,-0.062695,0.870443,0.48826,0,0,0,0,0,0,0,0,0,0,0,0,0,0,0,0.873748,0.441536,0.203988,-0.928919,0.30251,0.213535,-0.922803,0.138498,-0.359517,0.882572,0.282345,-0.375963,0.217884,0.97478,0.0482774,-0.379872,0.923593,0.051704,-0.382461,0.76289,-0.521269,0,0,0
000932,0.509578,0.703292,0.507978,131.56,252.551,134.98,0.0005,0.523459,0.755411,0.394139,-0.626714,0.668036,0.401194,-0.626293,0.354689,-0.694228,0,0,0,0.997007,0.0772017,-0.0042342,-0.0910895,0.960911,-0.261443,0,0,0,0.644046,0.740857,-0.190621,-0.762471,0.621426,-0.18019,0.70365,0.244061,0.667316,-0.713297,0.13861,0.687019,-0.0627412,0.871173,0.48695,0,0,0,0,0,0,0,0,0,0,0,0,0,0,0,0.873748,0.441536,0.203988,-0.929121,0.302576,0.212559,-0.922907,0.139019,-0.35905,0.883286,0.282572,-0.37411,0.218372,0.974671,0.0482776,-0.379881,0.923617,0.0512047,-0.382691,0.763358,-0.520415,0,0,0
000933,0.500268,0.705631,0.506975,131.56,252.551,134.98,0.0005,0.524698,0.757172,0.389078,-0.623328,0.663673,0.413521,-0.631841,0.356116,-0.688446,0,0,0,0.996769,0.0771833,-0.0222295,-0.0911872,0.962074,-0.257097,0,0,0,0.642883,0.739542,-0.199446,-0.76454,0.623121,-0.164923,0.708509,0.246271,0.661336,-0.705739,0.137662,0.694969,-0.0620878,0.868767,0.491313,0,0,0,0,0,0,0,0,0,0,0,0,0,0,0,0.876214,0.442774,0.190264,-0.925333,0.301345,0.23011,-0.928448,0.138837,-0.344542,0.87784,0.280843,-0.387975,0.218382,0.974717,0.0472789,-0.379209,0.923286,0.0611887,-0.384398,0.766841,-0.513997,0,0,0
000934,0.507973,0.704401,0.508774,131.56,252.551,134.98,0.0005,0.524096,0.755447,0.393221,-0.626028,0.667301,0.403482,-0.6278,0.355546,-0.692427,0,0,0,0.996989,0.0772003,-0.00723306,-0.091144,0.96156,-0.259029,0,0,0,0.644046,0.740857,-0.190621,-0.762706,0.622265,-0.176254,0.705388,0.244133,0.665452,-0.713149,0.137564,0.687382,-0.0622116,0.870722,0.487825,0,0,0,0,0,0,0,0,0,0,0,0,0,0,0,0.87411,0.441718,0.20203,-0.928511,0.302378,0.215488,-0.924116,0.138189,-0.356249,0.882572,0.282345,-0.375963,0.21836,0.974623,0.0492763,-0.379833,0.923495,0.0537012,-0.382929,0.764979,-0.517853,0,0,0
000935,0.508209,0.70417,0.506321,131.56,252.551,134.98,0.0005,0.523232,0.755088,0.395058,-0.625615,0.666858,0.404854,-0.626046,0.355124,-0.694228,0,0,0,0.996989,0.0772003,-0.00723306,-0.0911005,0.961041,-0.26096,0,0,0,0.643919,0.740714,-0.191602,-0.763064,0.621265,-0.178222,0.703171,0.244424,0.667688,-0.710837,0.138645,0.689557,-0.0626641,0.869956,0.489132,0,0,0,0,0,0,0,0,0,0,0,0,0,0,0,0.873929,0.441627,0.203009,-0.928408,0.302344,0.215976,-0.92341,0.138083,-0.358117,0.882213,0.282231,-0.376889,0.21836,0.974623,0.0492763,-0.379833,0.923495,0.0537012,-0.382358,0.763815,-0.51999,0,0,0
000936,0.506303,0.70068,0.503206,131.56,252.551,134.98,0.0005,0.523911,0.756054,0.3923,-0.625338,0.666561,0.405768,0,0,0,0,0,0,0.996953,0.0771975,-0.0112319,-0.0909676,0.959464,-0.266747,0,0,0,0.643327,0.739288,-0.198957,-0.76254,0.621483,-0.179698,0.703171,0.244424,0.667688,-0.708313,0.13714,0.692448,-0.0621962,0.870478,0.488262,0,0,0,0,0,0,0,0,0,0,0,0,0,0,0,0.874737,0.442033,0.198602,-0.927529,0.302584,0.219392,-0.923586,0.13811,-0.35765,0.879678,0.281426,-0.383363,0.218424,0.974894,0.0432833,-0.379891,0.923641,0.0507054,-0.381656,0.761248,-0.524253,0,0,0
000937,0.504093,0.703661,0.50965,131.56,252.551,134.98,0.0005,0.52522,0.757046,0.388619,-0.625565,0.666071,0.406224,-0.629515,0.35882,-0.689173,0,0,0,0.9969,0.0771934,-0.015231,-0.091144,0.96156,-0.259029,0,0,0,0.643342,0.74006,-0.196016,-0.763378,0.622816,-0.171331,0.708524,0.245218,0.661712,-0.710688,0.137598,0.689919,-0.0622424,0.871208,0.486952,0,0,0,0,0,0,0,0,0,0,0,0,0,0,0,0.875977,0.441536,0.19419,-0.927005,0.302414,0.22183,-0.926658,0.139075,-0.349231,0.880588,0.281715,-0.381053,0.218393,0.974763,0.0462801,-0.379802,0.923419,0.0551989,-0.383945,0.765916,-0.515712,0,0,0
000938,0.50823,0.705785,0.506019,131.56,252.551,134.98,0.0005,0.522776,0.75444,0.396894,-0.625703,0.666219,0.405767,0,0,0,0,0,0,0.996954,0.077699,-0.00673323,-0.091144,0.96156,-0.259029,0,0,0,0.644486,0.7406,-0.190131,-0.762954,0.621822,-0.176746,0.703019,0.243842,0.66806,0,0,0,-0.0620878,0.868767,0.491313,0,0,0,0,0,0,0,0,0,0,0,0,0,0,0,0.873748,0.441536,0.203988,-0.928306,0.302311,0.216464,-0.923512,0.138604,-0.35765,0.882213,0.282231,-0.376889,0.218338,0.974525,0.0512735,-0.379792,0.923394,0.0556981,-0.382253,0.764737,-0.51871,0,0,0
000939,0.501186,0.701843,0.501949,131.56,252.551,134.98,0.0005,0.524586,0.757013,0.389539,-0.622739,0.664508,0.413067,-0.626649,0.355467,-0.693508,0,0,0,0.996791,0.0771849,-0.0212298,-0.0910123,0.959994,-0.264819,0,0,0,0.642215,0.738785,-0.204343,-0.763444,0.62287,-0.170838,0.705853,0.244823,0.664705,-0.703974,0.135794,0.697123,-0.0621034,0.869012,0.490877,0,0,0,0,0,0,0,0,0,0,0,0,0,0,0,0.876269,0.442242,0.191246,-0.925551,0.301416,0.229136,-0.926486,0.139049,-0.3497,0.87654,0.28043,-0.391199,0.218428,0.974915,0.0427838,-0.379329,0.923584,0.0556983,-0.382014,0.763113,-0.521271,0,0,0
000940,0.502688,0.704722,0.50379,221.487,20.8908,2.47193,0.0005,0.530386,0.775533,0.342403,-0.617709,0.698711,0.360886,0,0,0,0,0,0,0.997804,0.0640678,-0.0168121,-0.078329,0.941538,-0.327674,0,0,0,0.653096,0.716281,-0.245779,-0.755588,0.617491,-0.218614,0.703883,0.283241,0.651401,-0.707851,0.194095,0.679172,-0.0548644,0.901242,0.429829,0,0,0,0,0,0,-0.322899,0.570359,0.755266,0,0,0,0,0,0,0.879773,0.444262,0.16921,-0.923637,0.327505,0.199087,-0.922323,0.124452,-0.365832,0.884074,0.242129,-0.399733,0.229599,0.973104,-0.0187865,-0.369335,0.92926,-0.00822853,0,0,0,0,0,0
000941,0.501288,0.704646,0.505338,221.487,20.8908,2.47193,0.0005,0.530872,0.776234,0.340053,-0.617965,0.698244,0.361352,0,0,0,0,0,0,0.997759,0.0640649,-0.0193116,-0.0783526,0.941865,-0.326729,0,0,0,0.653214,0.715673,-0.247233,-0.755774,0.618292,-0.215686,0.705694,0.283967,0.649121,-0.708442,0.19322,0.678805,-0.0548872,0.901671,0.428926,0,0,0,0,0,0,-0.322836,0.571263,0.75461,0,0,0,0,0,0,0.879922,0.444896,0.166745,-0.92326,0.327371,0.201046,-0.923653,0.124126,-0.362572,0.883626,0.241489,-0.401108,0.229595,0.973085,-0.0197862,-0.368872,0.929448,-0.0077286,0,0,0,0,0,0
000942,0.507194,0.704223,0.502667,221.487,20.8908,2.47193,0.0005,0.529502,0.774259,0.346627,-0.618893,0.700057,0.356219,0,0,0,0,0,0,0.997914,0.0640749,-0.00781392,-0.0782816,0.940883,-0.329563,0,0,0,0.653841,0.717085,-0.241415,-0.754299,0.616433,-0.225926,0.70092,0.280976,0.655564,-0.710598,0.194326,0.676231,-0.0548644,0.901242,0.429829,0,0,0,0.276826,0.60549,0.746156,0,0,0,0,0,0,0,0,0,0.878535,0.44364,0.177088,-0.925108,0.328026,0.191241,-0.919208,0.124033,-0.373729,0.886504,0.242272,-0.394227,0.229604,0.973122,-0.0177868,-0.36932,0.929222,-0.0122282,0,0,0,0,0,0
000943,0.501762,0.706281,0.500688,221.487,20.8908,2.47193,0.0005,0.529798,0.774686,0.34522,-0.61651,0.697347,0.365545,0,0,0,0,0,0,0.997778,0.0640661,-0.0183118,-0.078329,0.941538,-0.327674,0,0,0,0.652929,0.7161,-0.246748,-0.75584,0.617699,-0.21715,0.702556,0.28217,0.653296,-0.704895,0.193289,0.682468,-0.0547613,0.899301,0.433887,0,0,0,0.276058,0.605022,0.74682,0,0,0,0,0,0,0,0,0,0.879395,0.444632,0.170195,-0.922879,0.327237,0.203005,-0.922323,0.124452,-0.365832,0.882781,0.242295,-0.402481,0.229606,0.97313,-0.0172869,-0.368877,0.929461,-0.00572875,0,0,0,0,0,0
000944,0.501236,0.702967,0.501322,221.487,20.8908,2.47193,0.0005,0.530775,0.776094,0.340523,-0.617231,0.698167,0.362751,0,0,0,0,0,0,0.997749,0.0640643,-0.0198115,-0.0782339,0.940224,-0.33145,0,0,0,0.652622,0.715033,-0.250623,-0.755503,0.617422,-0.219102,0.703395,0.283584,0.651779,-0.705553,0.193468,0.681737,-0.0548644,0.901242,0.429829,0,0,0,0,0,0,-0.32172,0.569289,0.756575,0,0,0,0,0,0,0.880148,0.44445,0.166745,-0.92307,0.327304,0.202026,-0.922618,0.124996,-0.364901,0.882134,0.241601,-0.404311,0.229582,0.973034,-0.0222855,-0.368864,0.929427,-0.0102284,0,0,0,0,0,0
000945,0.506802,0.708734,0.509871,221.487,20.8908,2.47193,0.0005,0.529502,0.774259,0.346627,-0.618893,0.700057,0.356219,0,0,0,0,0,0,0.997914,0.0640749,-0.00781392,-0.0785155,0.944122,-0.320107,0,0,0,0.654763,0.718815,-0.233645,-0.755355,0.617948,-0.218126,0.704372,0.282898,0.651021,-0.714175,0.195301,0.672169,-0.0548644,0.901242,0.429829,0,0,0,0.276572,0.609704,0.742812,0,0,0,0,0,0,0,0,0,0.878535,0.44364,0.177088,-0.925018,0.327994,0.191732,-0.921596,0.124354,-0.367692,0.888638,0.243371,-0.388707,0.229627,0.973213,-0.0112887,-0.369341,0.929276,-0.00572873,0,0,0,0,0,0
000946,0.503211,0.70726,0.509979,221.487,20.8908,2.47193,0.0005,0.530071,0.775956,0.341932,-0.618185,0.699251,0.35902,0,0,0,0,0,0,0.997803,0.0645688,-0.0148124,-0.0784925,0.943803,-0.321054,0,0,0,0.653799,0.717774,-0.239473,-0.756024,0.618496,-0.214221,0.70727,0.283521,0.647599,-0.712358,0.194288,0.674387,-0.0548986,0.901885,0.428474,0,0,0,0.278558,0.610425,0.741476,-0.325003,0.573066,0.752309,0,0,0,0,0,0,0.879922,0.443777,0.169703,-0.92401,0.327637,0.197127,-0.923765,0.124646,-0.362106,0.88643,0.243288,-0.393767,0.229616,0.973169,-0.0147876,-0.369341,0.929276,-0.00572873,0,0,0,0,0,0
000947,0.501949,0.701233,0.508448,221.487,20.8908,2.47193,0.0005,0.531835,0.777621,0.335347,-0.619011,0.700191,0.355751,0,0,0,0,0,0,0.997754,0.0645657,-0.0178119,-0.0782816,0.940883,-0.329563,0,0,0,0.653046,0.715491,-0.248202,-0.755588,0.617491,-0.218614,0.707799,0.28481,0.646455,-0.710792,0.194897,0.675862,-0.0550339,0.904436,0.423045,0,0,0,0,0,0,0,0,0,0,0,0,0,0,0,0.880219,0.445045,0.164773,-0.92427,0.327199,0.196636,-0.923653,0.124126,-0.362572,0.884399,0.241699,-0.399275,0.229571,0.972989,-0.0242848,-0.368853,0.9294,-0.0127282,0,0,0,0,0,0
000948,0.505245,0.707898,0.509886,221.487,20.8908,2.47193,0.0005,0.529484,0.77511,0.344749,-0.618658,0.699789,0.357153,0,0,0,0,0,0,0.997887,0.0640731,-0.0108132,-0.078504,0.943963,-0.32058,0,0,0,0.654284,0.718298,-0.23656,-0.756156,0.617311,-0.21715,0.704905,0.284189,0.649881,-0.71307,0.195518,0.673279,-0.0548758,0.901456,0.429377,0,0,0,0.277338,0.610169,0.742144,-0.325623,0.573147,0.751979,0,0,0,0,0,0,0.879083,0.443916,0.173643,-0.924655,0.327865,0.193694,-0.922504,0.124476,-0.365366,0.887566,0.243597,-0.391008,0.229623,0.973196,-0.0127882,-0.369341,0.929276,-0.00572873,0,0,0,0,0,0
000949,0.505401,0.707805,0.5007,221.487,20.8908,2.47193,0.0005,0.528807,0.773258,0.349907,-0.617231,0.698167,0.362751,0,0,0,0,0,0,0.997913,0.0635738,-0.0113131,-0.0783761,0.94219,-0.325784,0,0,0,0.654292,0.716836,-0.24093,-0.754932,0.617599,-0.220565,0.699634,0.281537,0.656695,-0.707195,0.193916,0.679905,-0.0547267,0.89865,0.435238,0,0,0,0.274522,0.604083,0.748146,0,0,0,0,0,0,0,0,0,0.878535,0.44364,0.177088,-0.92401,0.327637,0.197127,-0.920131,0.124157,-0.371409,0.885227,0.242443,-0.396982,0.229621,0.973189,-0.0132881,-0.36934,0.929273,-0.00622869,0,0,0,0,0,0
000950,0.506502,0.707639,0.509564,11.3588,344.175,182.003,0.0005,0.535896,0.732828,0.419261,-0.614317,0.667562,0.420684,-0.6171,0.387926,-0.684617,0,0,0,0.998373,0.0570206,-8.2024e-05,-0.0690245,0.971271,-0.227745,0,0,0,0.660497,0.732977,-0.162753,-0.749184,0.64278,-0.159866,0.705814,0.2112,0.676182,-0.715051,0.13292,0.686319,-0.0483839,0.856332,0.514154,0,0,0,0,0,0,0,0,0,0,0,0,0,0,0,0.881661,0.417572,0.219789,-0.923494,0.314379,0.21983,-0.919511,0.16785,-0.355423,0.891071,0.274637,-0.361341,0.237944,0.967828,0.0818062,-0.361011,0.928939,0.0821242,-0.363478,0.789344,-0.494793,0,0,0
000951,0.500343,0.709404,0.500578,11.3588,344.175,182.003,0.0005,0.534741,0.732109,0.421981,-0.609839,0.662674,0.434694,-0.615386,0.387432,-0.686438,0,0,0,0.998322,0.0565169,-0.0125807,-0.0690108,0.971044,-0.228718,0,0,0,0.659793,0.73147,-0.172117,-0.750129,0.643594,-0.151964,0.703255,0.211478,0.678756,-0.704506,0.130967,0.697509,-0.0481334,0.851154,0.522705,0,0,0,0,0,0,0,0,0,0,0,0,0,0,0,0.882838,0.418126,0.213933,-0.920046,0.313205,0.235409,-0.921165,0.167643,-0.351213,0.885756,0.272488,-0.375748,0.237924,0.967748,0.0828026,-0.360283,0.928434,0.090592,-0.36307,0.788441,-0.496529,0,0,0
000952,0.501049,0.70942,0.500131,11.3588,344.175,182.003,0.0005,0.53449,0.73177,0.422887,-0.6105,0.662656,0.433793,-0.614806,0.387064,-0.687164,0,0,0,0.998288,0.0575166,-0.0105808,-0.0690108,0.971044,-0.228718,0,0,0,0.659909,0.731596,-0.171132,-0.750013,0.643495,-0.152953,0.702604,0.211283,0.67949,0,0,0,-0.0481334,0.851154,0.522705,0,0,0,0,0,0,0,0,0,0,0,0,0,0,0,0.882235,0.418395,0.215886,-0.919996,0.313716,0.234923,-0.920729,0.168072,-0.35215,0.885968,0.273076,-0.374821,0.237913,0.967708,0.0833008,-0.360315,0.928518,0.0895962,-0.363321,0.787779,-0.497395,0,0,0
000953,0.504874,0.708736,0.50642,11.3588,344.175,182.003,0.0005,0.535395,0.732152,0.421075,-0.613625,0.665326,0.425213,-0.615988,0.388405,-0.685347,0,0,0,0.998368,0.0570203,-0.00308151,-0.0690245,0.971271,-0.227745,0,0,0,0.660276,0.732736,-0.164725,-0.749485,0.643039,-0.157398,0.704373,0.211291,0.677654,-0.71176,0.131802,0.689947,-0.0482843,0.854271,0.517581,0,0,0,0,0,0,0,0,0,0,0,0,0,0,0,0.881546,0.418071,0.219301,-0.922281,0.314494,0.224704,-0.91986,0.167914,-0.354488,0.889654,0.273681,-0.365532,0.237913,0.967708,0.0833008,-0.360921,0.928704,0.0851136,-0.363376,0.789119,-0.495227,0,0,0
000954,0.50501,0.700082,0.504626,11.3588,344.175,182.003,0.0005,0.536734,0.734798,0.414715,-0.614743,0.668027,0.419323,-0.612527,0.386805,-0.689342,0,0,0,0.998393,0.0565209,-0.00408138,-0.068841,0.968234,-0.240382,0,0,0,0.659501,0.731151,-0.174579,-0.748382,0.642087,-0.166279,0.704373,0.211291,0.677654,0,0,0,-0.048495,0.858634,0.51029,0,0,0,0,0,0,0,0,0,0,0,0,0,0,0,0.88243,0.418487,0.214909,-0.923181,0.314272,0.221293,-0.918548,0.167167,-0.358226,0.888102,0.273729,-0.369252,0.238152,0.968641,0.0708395,-0.360793,0.929773,0.073152,-0.360766,0.784543,-0.504322,0,0,0
000955,0.506564,0.706438,0.508366,11.3588,344.175,182.003,0.0005,0.535493,0.733123,0.419259,-0.614827,0.667379,0.42023,-0.615431,0.388644,-0.685711,0,0,0,0.998373,0.0570206,-8.2024e-05,-0.0689901,0.9707,-0.230178,0,0,0,0.660647,0.732401,-0.164726,-0.748737,0.643054,-0.160854,0.705165,0.211006,0.676918,-0.714376,0.132795,0.687046,-0.0484086,0.856845,0.513297,0,0,0,0,0,0,0,0,0,0,0,0,0,0,0,0.881974,0.417167,0.219302,-0.923494,0.314379,0.21983,-0.919075,0.167263,-0.356825,0.890725,0.274531,-0.362273,0.237974,0.967945,0.0803114,-0.361068,0.92909,0.0801309,-0.363423,0.788006,-0.496961,0,0,0
000956,0.503613,0.709952,0.500552,11.3588,344.175,182.003,0.0005,0.533859,0.730919,0.425151,-0.610717,0.663633,0.43199,-0.613133,0.38778,-0.688255,0,0,0,0.998329,0.0575189,-0.00558122,-0.0690177,0.971158,-0.228231,0,0,0,0.660367,0.732095,-0.16719,-0.749662,0.643192,-0.155917,0.701118,0.210317,0.681322,0,0,0,-0.0481334,0.851154,0.522705,0,0,0,0,0,0,0,0,0,0,0,0,0,0,0,0.881661,0.417572,0.219789,-0.921097,0.314091,0.23006,-0.919336,0.167819,-0.35589,0.887602,0.274099,-0.37018,0.237872,0.967544,0.0852931,-0.360813,0.92842,0.0886,-0.361957,0.788404,-0.4974,0,0,0
000957,0.509317,0.703307,0.500485,11.3588,344.175,182.003,0.0005,0.534515,0.730964,0.424247,-0.614827,0.667379,0.42023,-0.608996,0.383976,-0.694036,0,0,0,0.99833,0.0575188,0.0054163,-0.06887,0.968712,-0.23844,0,0,0,0.660367,0.732095,-0.16719,-0.747546,0.642027,-0.170222,0.698502,0.209534,0.684244,0,0,0,-0.0488209,0.855018,0.516295,0,0,0,0,0,0,0,0,0,0,0,0,0,0,0,0.880238,0.417455,0.225637,-0.923953,0.315063,0.216903,-0.915249,0.167075,-0.366613,0.890031,0.274319,-0.364136,0.238023,0.968137,0.0778196,-0.361206,0.929453,0.0751461,-0.360246,0.783391,-0.506479,0,0,0
000958,0.508808,0.7014,0.509993,11.3588,344.175,182.003,0.0005,0.536487,0.734464,0.415625,-0.617078,0.669836,0.412958,-0.614248,0.387303,-0.687528,0,0,0,0.998365,0.0570201,0.00391687,-0.0688987,0.969186,-0.236497,0,0,0,0.660423,0.732157,-0.166698,-0.748064,0.641814,-0.168744,0.704878,0.211964,0.676918,-0.717317,0.133848,0.68377,-0.0490799,0.860385,0.507275,0,0,0,0,0,0,0,0,0,0,0,0,0,0,0,0.881661,0.417572,0.219789,-0.924928,0.314867,0.212998,-0.917664,0.167006,-0.360558,0.891613,0.275325,-0.359475,0.238098,0.968431,0.0738315,-0.36131,0.929727,0.0711571,-0.361137,0.786583,-0.500866,0,0,0
000959,0.50919,0.708385,0.500235,11.3588,344.175,182.003,0.0005,0.532714,0.729375,0.429218,-0.6134,0.665821,0.424761,-0.609901,0.385141,-0.692595,0,0,0,0.99833,0.0575188,0.0054163,-0.0689763,0.97047,-0.231151,0,0,0,0.661294,0.732367,-0.162261,-0.748444,0.642142,-0.165786,0.697518,0.209239,0.685337,0,0,0,-0.0486705,0.851909,0.521424,0,0,0,0,0,0,0,0,0,0,0,0,0,0,0,0.879836,0.416713,0.228557,-0.923333,0.314852,0.21983,-0.915699,0.166649,-0.365682,0.890552,0.274478,-0.362738,0.237861,0.967503,0.0857912,-0.360996,0.9289,0.0826225,-0.361634,0.785253,-0.502593,0,0,0
000960,0.508671,0.702883,0.507176,116.456,181.345,115.317,0.0005,0.529399,0.758541,0.379936,-0.621016,0.682243,0.385853,0,0,0,0,0,0,0.997751,0.0669181,-0.00379074,-0.0805843,0.955719,-0.283032,0,0,0,0.652447,0.729494,-0.205308,-0.755678,0.624988,-0.19581,0.703754,0.251588,0.664405,-0.713577,0.160169,0.682022,-0.0560751,0.881863,0.468159,0,0,0,0,0,0,0,0,0,0,0,0,0,0,0,0.877573,0.437074,0.19706,-0.92641,0.316407,0.204085,-0.92049,0.139988,-0.36483,0.88688,0.264538,-0.378766,0.227343,0.973437,0.027137,-0.370952,0.928165,0.0300811,-0.372699,0.755754,-0.538452,0,0,0
000961,0.503027,0.700778,0.507412,116.456,181.345,115.317,0.0005,0.531139,0.760997,0.372524,-0.619976,0.681094,0.389539,0,0,0,0,0,0,0.997642,0.0669108,-0.0152882,-0.0805425,0.955153,-0.28495,0,0,0,0.651106,0.728018,-0.214595,-0.756641,0.625788,-0.189432,0.707807,0.253034,0.659533,-0.709797,0.159835,0.686033,-0.0556274,0.882827,0.466393,0,0,0,0,0,0,0,0,0,0,0,0,0,0,0,0.879546,0.438049,0.185774,-0.924635,0.315802,0.212885,-0.9238,0.140995,-0.355969,0.883205,0.263448,-0.388,0.227859,0.973442,0.022139,-0.370471,0.928307,0.0315805,-0.372717,0.756943,-0.536768,0,0,0
000962,0.502929,0.702974,0.502112,116.456,181.345,115.317,0.0005,0.529838,0.75916,0.378086,-0.618396,0.679349,0.395058,0,0,0,0,0,0,0.997642,0.0669108,-0.0152882,-0.0805425,0.955153,-0.28495,0,0,0,0.650806,0.72843,-0.214106,-0.756959,0.625403,-0.189432,0.70438,0.251811,0.663657,-0.706104,0.159009,0.690024,-0.0554468,0.879546,0.472573,0,0,0,0,0,0,0,0,0,0,0,0,0,0,0,0.879265,0.437353,0.188721,-0.924187,0.315121,0.215815,-0.92274,0.140835,-0.358771,0.882129,0.263651,-0.390303,0.227842,0.973374,0.025138,-0.370428,0.928199,0.0350784,-0.371684,0.755951,-0.538877,0,0,0
000963,0.502896,0.706754,0.507179,116.456,181.345,115.317,0.0005,0.530247,0.758873,0.378087,-0.618396,0.679349,0.395058,0,0,0,0,0,0,0.997649,0.0669113,-0.0147882,-0.0807075,0.957395,-0.277273,0,0,0,0.65196,0.728958,-0.208731,-0.75743,0.626445,-0.184029,0.707042,0.25223,0.66066,-0.709346,0.15871,0.68676,-0.0554338,0.87931,0.473013,0,0,0,0,0,0,0,0,0,0,0,0,0,0,0,0.879403,0.436863,0.189212,-0.924026,0.315594,0.215815,-0.924227,0.140554,-0.355035,0.883804,0.264148,-0.386156,0.227809,0.973239,0.0301356,-0.370831,0.927857,0.039575,-0.374444,0.759369,-0.532118,0,0,0
000964,0.505088,0.70993,0.50067,116.456,181.345,115.317,0.0005,0.527514,0.755879,0.387784,-0.617063,0.677876,0.399646,0,0,0,0,0,0,0.997706,0.0669151,-0.010289,-0.0807277,0.957671,-0.276313,0,0,0,0.651839,0.730312,-0.204328,-0.757074,0.626149,-0.186485,0.700617,0.250468,0.668133,-0.705767,0.158934,0.690386,-0.0551975,0.875024,0.480923,0,0,0,0,0,0,0,0,0,0,0,0,0,0,0,0.877707,0.436583,0.19755,-0.924026,0.315594,0.215815,-0.921568,0.140151,-0.362036,0.883989,0.264202,-0.385695,0.227759,0.973028,0.0366305,-0.370778,0.927722,0.0430717,-0.373848,0.756985,-0.53592,0,0,0
000965,0.503337,0.702769,0.501404,116.456,181.345,115.317,0.0005,0.529728,0.759005,0.378548,-0.618396,0.679349,0.395058,0,0,0,0,0,0,0.997623,0.0674106,-0.0142883,-0.0805425,0.955153,-0.28495,0,0,0,0.650806,0.72843,-0.214106,-0.756813,0.625281,-0.190413,0.703754,0.251588,0.664405,-0.705767,0.158934,0.690386,-0.0554468,0.879546,0.472573,0,0,0,0,0,0,0,0,0,0,0,0,0,0,0,0.878873,0.437717,0.189703,-0.924026,0.315594,0.215815,-0.922282,0.14026,-0.360171,0.882129,0.263651,-0.390303,0.227842,0.973374,0.025138,-0.370441,0.928231,0.0340791,-0.371449,0.755466,-0.539719,0,0,0
000966,0.504423,0.702611,0.505257,116.456,181.345,115.317,0.0005,0.530056,0.759468,0.37716,-0.619452,0.680515,0.391381,0,0,0,0,0,0,0.997683,0.0669135,-0.0122887,-0.0805634,0.955436,-0.283991,0,0,0,0.651163,0.728824,-0.211663,-0.756494,0.625667,-0.190414,0.705148,0.252616,0.662534,-0.709572,0.159273,0.686397,-0.0555245,0.880957,0.469927,0,0,0,0,0,0,0,0,0,0,0,0,0,0,0,0.878787,0.437675,0.190194,-0.924836,0.315871,0.211908,-0.922535,0.139792,-0.359704,0.883762,0.263614,-0.386617,0.227842,0.973374,0.025138,-0.370917,0.928077,0.0330795,-0.373265,0.755777,-0.538029,0,0,0
000967,0.502071,0.700986,0.500859,116.456,181.345,115.317,0.0005,0.530792,0.759642,0.375771,-0.618396,0.679349,0.395058,0,0,0,0,0,0,0.997609,0.0669086,-0.0172878,-0.0804794,0.954296,-0.287824,0,0,0,0.650597,0.727457,-0.218012,-0.756813,0.625281,-0.190413,0.70438,0.251811,0.663657,-0.705312,0.157807,0.691109,-0.0554728,0.880017,0.471691,0,0,0,0,0,0,0,0,0,0,0,0,0,0,0,0.879379,0.437967,0.186757,-0.923983,0.315051,0.216792,-0.922815,0.14034,-0.358771,0.881003,0.263317,-0.393063,0.227861,0.973453,0.0216391,-0.370453,0.928262,0.0330797,-0.371877,0.754053,-0.541398,0,0,0
000968,0.506681,0.703055,0.507966,116.456,181.345,115.317,0.0005,0.529428,0.759446,0.378084,-0.620497,0.68167,0.387697,0,0,0,0,0,0,0.997728,0.0669166,-0.00778958,-0.080605,0.956001,-0.282073,0,0,0,0.651797,0.729522,-0.207264,-0.7562,0.625422,-0.192377,0.705797,0.251785,0.66216,-0.713021,0.159532,0.682752,-0.0555761,0.881894,0.468161,0,0,0,0,0,0,0,0,0,0,0,0,0,0,0,0.878272,0.43742,0.193138,-0.925567,0.316648,0.207509,-0.921925,0.140206,-0.361104,0.885827,0.264747,-0.381078,0.22783,0.973323,0.0271371,-0.370935,0.928122,0.0315804,-0.373615,0.756502,-0.536764,0,0,0
000969,0.508174,0.709481,0.508564,116.456,181.345,115.317,0.0005,0.528705,0.756695,0.384557,-0.619953,0.680323,0.39092,0,0,0,0,0,0,0.997718,0.0674169,-0.00379074,-0.080788,0.958494,-0.273429,0,0,0,0.653024,0.730873,-0.198454,-0.756786,0.625909,-0.18845,0.703754,0.251588,0.664405,-0.713687,0.159681,0.682022,-0.0559068,0.878806,0.473892,0,0,0,0,0,0,0,0,0,0,0,0,0,0,0,0.877128,0.436854,0.19951,-0.925729,0.316175,0.207509,-0.921568,0.140151,-0.362036,0.887785,0.264806,-0.376452,0.227759,0.973028,0.0366305,-0.370831,0.927857,0.039575,-0.374559,0.759609,-0.531695,0,0,0
000970,0.5045,0.704493,0.505587,237.216,228.755,205.988,0.0005,0.490689,0.784684,0.378809,-0.651295,0.635714,0.414347,-0.656792,0.316142,-0.684601,0,0,0,0.991244,0.128378,-0.0308884,-0.144618,0.953324,-0.265065,0,0,0,0.601218,0.770516,-0.211758,-0.797009,0.581063,-0.164752,0.702726,0.284893,0.651929,0,0,0,-0.0985325,0.868702,0.485436,0,0,0,0,0,0,0,0,0,0,0,0,0,0,0,0.854218,0.487758,0.180009,-0.937517,0.255915,0.235731,-0.936805,0.0887622,-0.338404,0.858099,0.322697,-0.399415,0.168803,0.98492,0.0379263,-0.42563,0.903151,0.0561854,-0.429577,0.740337,-0.517074,0,0,0
000971,0.50743,0.70368,0.501605,237.216,228.755,205.988,0.0005,0.48977,0.783237,0.382969,-0.65159,0.636004,0.413437,-0.652465,0.314041,-0.689687,0,0,0,0.991449,0.127901,-0.0258913,-0.144469,0.952266,-0.268919,0,0,0,0.600955,0.770989,-0.21078,-0.796128,0.580418,-0.171159,0.698104,0.284099,0.65722,0,0,0,-0.098953,0.867921,0.486745,0,0,0,0,0,0,0,0,0,0,0,0,0,0,0,0.853263,0.487217,0.185907,-0.938551,0.255679,0.231843,-0.934127,0.0880076,-0.345921,0.858483,0.323375,-0.398039,0.168807,0.984938,0.0374267,-0.425699,0.9033,0.0531899,-0.42864,0.736673,-0.523049,0,0,0
000972,0.501843,0.708013,0.506088,237.216,228.755,205.988,0.0005,0.48996,0.784468,0.380195,-0.64916,0.634317,0.419801,-0.659684,0.316435,-0.681678,0,0,0,0.99116,0.127864,-0.0353856,-0.144819,0.954753,-0.259758,0,0,0,0.60135,0.770682,-0.21078,-0.797983,0.581777,-0.15735,0.703745,0.285846,0.650411,0,0,0,-0.0983284,0.866764,0.488929,0,0,0,0,0,0,0,0,0,0,0,0,0,0,0,0.854777,0.487501,0.178042,-0.936136,0.255539,0.241557,-0.938644,0.0889354,-0.333224,0.857173,0.322885,-0.401247,0.168775,0.984763,0.0419226,-0.425002,0.902985,0.0631728,-0.431411,0.742546,-0.512358,0,0,0
000973,0.506802,0.705749,0.503443,237.216,228.755,205.988,0.0005,0.489668,0.783075,0.383431,-0.650797,0.635926,0.414803,-0.654758,0.314042,-0.68751,0,0,0,0.991436,0.127899,-0.026391,-0.144618,0.953324,-0.265065,0,0,0,0.602004,0.770703,-0.208826,-0.796606,0.580768,-0.16771,0.699509,0.284129,0.655712,0,0,0,-0.0983795,0.86725,0.488056,0,0,0,0,0,0,0,0,0,0,0,0,0,0,0,0.853344,0.487262,0.185416,-0.938327,0.255617,0.232815,-0.935109,0.0886023,-0.343105,0.858855,0.323514,-0.397122,0.168786,0.984823,0.0404241,-0.425618,0.903126,0.0566846,-0.430105,0.738235,-0.519634,0,0,0
000974,0.503305,0.700466,0.504169,237.216,228.755,205.988,0.0005,0.491598,0.786115,0.37464,-0.65159,0.636004,0.413437,-0.654996,0.317493,-0.685696,0,0,0,0.991195,0.127868,-0.0343862,-0.144394,0.951732,-0.270845,0,0,0,0.60035,0.769422,-0.218105,-0.796741,0.580867,-0.166724,0.703142,0.285602,0.65117,0,0,0,-0.0987098,0.870386,0.482373,0,0,0,0,0,0,0,0,0,0,0,0,0,0,0,0.855162,0.487719,0.175581,-0.937421,0.255371,0.236703,-0.937094,0.0892916,-0.337463,0.856231,0.322532,-0.403536,0.168846,0.985157,0.030931,-0.42528,0.903585,0.0516923,-0.428853,0.738057,-0.520919,0,0,0
000975,0.50495,0.709292,0.507921,237.216,228.755,205.988,0.0005,0.489347,0.783502,0.382968,-0.650353,0.635489,0.416167,-0.657941,0.320035,-0.681683,0,0,0,0.991353,0.127888,-0.0293893,-0.144873,0.955138,-0.25831,0,0,0,0.602455,0.77127,-0.205403,-0.797599,0.581495,-0.160312,0.702538,0.285357,0.651929,0,0,0,-0.0983795,0.86725,0.488056,0,0,0,0,0,0,0,0,0,0,0,0,0,0,0,0.853665,0.487444,0.18345,-0.937517,0.255915,0.235731,-0.937262,0.0893074,-0.336992,0.859597,0.323792,-0.395286,0.168756,0.984656,0.0444197,-0.425481,0.902829,0.0621746,-0.431538,0.742768,-0.511928,0,0,0
000976,0.506863,0.700396,0.508878,237.216,228.755,205.988,0.0005,0.491598,0.786115,0.37464,-0.652939,0.638731,0.407055,-0.655702,0.318391,-0.684604,0,0,0,0.991473,0.1274,-0.0273904,-0.144432,0.952,-0.269882,0,0,0,0.601152,0.770433,-0.212246,-0.796197,0.580468,-0.170667,0.703745,0.285846,0.650411,0,0,0,-0.098936,0.872536,0.478427,0,0,0,0,0,0,0,0,0,0,0,0,0,0,0,0.854544,0.487368,0.179518,-0.939328,0.25589,0.228437,-0.93596,0.0886825,-0.340756,0.859588,0.323255,-0.395746,0.168841,0.985126,0.0319304,-0.425805,0.90353,0.0481967,-0.428502,0.739461,-0.519214,0,0,0
000977,0.50395,0.702955,0.503275,237.216,228.755,205.988,0.0005,0.490791,0.784843,0.378346,-0.650501,0.635635,0.415712,-0.654687,0.317343,-0.68606,0,0,0,0.991261,0.127877,-0.0323875,-0.144488,0.952399,-0.268437,0,0,0,0.600754,0.769931,-0.215177,-0.796875,0.580965,-0.165738,0.702122,0.284648,0.652687,0,0,0,-0.0985071,0.868461,0.485873,0,0,0,0,0,0,0,0,0,0,0,0,0,0,0,0.854374,0.487847,0.179026,-0.937175,0.255822,0.237188,-0.936515,0.0882326,-0.339345,0.856785,0.322206,-0.402621,0.168823,0.985027,0.0349286,-0.425665,0.903227,0.0546877,-0.428374,0.739236,-0.519641,0,0,0
000978,0.500887,0.701065,0.506594,237.216,228.755,205.988,0.0005,0.492198,0.78706,0.371857,-0.6503,0.636138,0.415258,-0.659071,0.316137,-0.68241,0,0,0,0.991051,0.127849,-0.0383834,-0.144488,0.952399,-0.268437,0,0,0,0.59982,0.769558,-0.21908,-0.797404,0.581352,-0.161792,0.706151,0.286821,0.647368,0,0,0,-0.0987602,0.870866,0.481497,0,0,0,0,0,0,0,0,0,0,0,0,0,0,0,0.85584,0.488103,0.17115,-0.936616,0.255151,0.240102,-0.938975,0.0889666,-0.332281,0.855663,0.32232,-0.404908,0.168846,0.985157,0.030931,-0.425213,0.90344,0.0546879,-0.43001,0.740086,-0.517072,0,0,0
000979,0.508612,0.700048,0.50705,237.216,228.755,205.988,0.0005,0.491195,0.785481,0.376494,-0.653723,0.638801,0.405685,0,0,0,0,0,0,0.991446,0.128404,-0.0233928,-0.144356,0.951463,-0.271807,0,0,0,0.601284,0.770599,-0.211269,-0.79571,0.580112,-0.174114,0.701631,0.284989,0.653066,0,0,0,-0.0988859,0.87206,0.479304,0,0,0,0,0,0,0,0,0,0,0,0,0,0,0,0.853745,0.48749,0.182959,-0.939876,0.256039,0.226004,-0.934596,0.088554,-0.344513,0.859967,0.32393,-0.394368,0.168841,0.985126,0.0319304,-0.425835,0.903595,0.0466985,-0.429202,0.73665,-0.522621,0,0,0
000980,0.507368,0.701039,0.503443,163.685,313.927,99.2115,0.0005,0.525371,0.74751,0.406465,-0.624112,0.660082,0.418063,-0.624264,0.367837,-0.689196,0,0,0,0.997062,0.0760499,-0.00910593,-0.0897517,0.964413,-0.248701,0,0,0,0.644421,0.742172,-0.184124,-0.761705,0.625756,-0.168033,0.703763,0.230736,0.671922,0,0,0,-0.0601505,0.861327,0.504477,0,0,0,0,0,0,0,0,0,0,0,0,0,0,0,0.875259,0.436856,0.207555,-0.927256,0.299847,0.224248,-0.923343,0.146979,-0.354732,0.880277,0.287548,-0.377397,0.220037,0.973513,0.0620949,-0.378374,0.923192,0.0674533,-0.380203,0.771967,-0.509424,0,0,0
000981,0.504632,0.700611,0.500003,163.685,313.927,99.2115,0.0005,0.525897,0.747388,0.406009,-0.623036,0.658207,0.422599,-0.624641,0.365156,-0.690279,0,0,0,0.996997,0.0760449,-0.0146046,-0.0897311,0.964165,-0.249669,0,0,0,0.643049,0.742128,-0.189034,-0.762027,0.626021,-0.165568,0.704228,0.22931,0.671922,0,0,0,-0.0600571,0.859813,0.507065,0,0,0,0,0,0,0,0,0,0,0,0,0,0,0,0.876127,0.436729,0.204131,-0.926266,0.298478,0.230091,-0.92412,0.146596,-0.352861,0.877743,0.286726,-0.383869,0.220058,0.973603,0.0605978,-0.378323,0.923065,0.0694485,-0.380656,0.770608,-0.51114,0,0,0
000982,0.509717,0.701362,0.502389,163.685,313.927,99.2115,0.0005,0.524542,0.746348,0.40966,-0.624541,0.660538,0.4167,-0.622734,0.366354,-0.691366,0,0,0,0.997093,0.0760522,-0.00460746,-0.0897517,0.964413,-0.248701,0,0,0,0.644406,0.742911,-0.181174,-0.76093,0.625764,-0.171482,0.701678,0.22953,0.67451,-0.709469,0.124513,0.693649,-0.0606182,0.86079,0.505338,0,0,0,0,0,0,0,0,0,0,0,0,0,0,0,0.874318,0.43639,0.212442,-0.92841,0.299168,0.22035,-0.921658,0.146207,-0.359402,0.881528,0.287953,-0.374154,0.220015,0.973422,0.0635918,-0.378399,0.923254,0.0664556,-0.379759,0.771048,-0.511144,0,0,0
000983,0.502031,0.709903,0.508568,163.685,313.927,99.2115,0.0005,0.52578,0.747222,0.406466,-0.621217,0.657003,0.427126,-0.632219,0.372532,-0.679352,0,0,0,0.99694,0.0760406,-0.0181039,-0.0900678,0.968255,-0.233175,0,0,0,0.644962,0.742786,-0.1797,-0.764173,0.627145,-0.150757,0.709167,0.2325,0.665602,0,0,0,-0.0599475,0.858036,0.510078,0,0,0,0,0,0,0,0,0,0,0,0,0,0,0,0.876491,0.436909,0.202173,-0.925272,0.298157,0.234467,-0.928236,0.147246,-0.341608,0.879738,0.287373,-0.378785,0.219883,0.97286,0.072071,-0.37794,0.92211,0.0829084,-0.383915,0.779652,-0.494725,0,0,0
000984,0.50623,0.709346,0.505487,163.685,313.927,99.2115,0.0005,0.524354,0.745224,0.41194,-0.622092,0.657934,0.424411,-0.628109,0.370106,-0.684472,0,0,0,0.997053,0.0760492,-0.0101057,-0.0900103,0.967553,-0.23609,0,0,0,0.645055,0.743647,-0.175764,-0.762963,0.626794,-0.158167,0.704557,0.230469,0.671181,-0.707928,0.125257,0.695089,-0.059916,0.857527,0.510938,0,0,0,0,0,0,0,0,0,0,0,0,0,0,0,0.874791,0.436624,0.209999,-0.92644,0.299059,0.228631,-0.925162,0.14676,-0.350053,0.88135,0.287895,-0.374617,0.219867,0.97279,0.0730681,-0.378046,0.922374,0.0794203,-0.382617,0.776966,-0.499929,0,0,0
000985,0.508273,0.703092,0.500565,163.685,313.927,99.2115,0.0005,0.524184,0.745847,0.411028,-0.62325,0.659165,0.420786,-0.622988,0.365923,-0.691366,0,0,0,0.997044,0.0765498,-0.00660671,-0.0897924,0.964907,-0.246763,0,0,0,0.644663,0.742447,-0.182158,-0.761388,0.626142,-0.168033,0.701513,0.22895,0.674879,0,0,0,-0.0599945,0.858799,0.508788,0,0,0,0,0,0,0,0,0,0,0,0,0,0,0,0.874508,0.436484,0.211465,-0.927303,0.299337,0.224735,-0.922288,0.146812,-0.357535,0.880457,0.287606,-0.376934,0.219498,0.973406,0.0655871,-0.378297,0.923,0.070446,-0.379981,0.771508,-0.510284,0,0,0
000986,0.507099,0.70422,0.505397,163.685,313.927,99.2115,0.0005,0.524898,0.746847,0.408291,-0.623538,0.659471,0.419879,-0.626591,0.36863,-0.686655,0,0,0,0.997062,0.0760499,-0.00910593,-0.0898729,0.965883,-0.242885,0,0,0,0.644843,0.742651,-0.180683,-0.762217,0.626179,-0.164089,0.704876,0.230573,0.67081,0,0,0,-0.0600883,0.860319,0.506203,0,0,0,0,0,0,0,0,0,0,0,0,0,0,0,0.875072,0.436764,0.208533,-0.927196,0.299303,0.225223,-0.92412,0.146596,-0.352861,0.881303,0.286829,-0.375545,0.219978,0.973264,0.0660863,-0.378257,0.922901,0.0719421,-0.381306,0.774251,-0.505115,0,0,0
000987,0.508852,0.708003,0.509804,163.685,313.927,99.2115,0.0005,0.524423,0.746181,0.410116,-0.624112,0.660082,0.418063,-0.629712,0.36873,-0.68374,0,0,0,0.997091,0.076052,-0.00510726,-0.0900103,0.967553,-0.23609,0,0,0,0.645778,0.743711,-0.172812,-0.762531,0.626438,-0.161622,0.705831,0.230885,0.669697,0,0,0,-0.0600727,0.860066,0.506634,0,0,0,0,0,0,0,0,0,0,0,0,0,0,0,0.874413,0.436437,0.211954,-0.927941,0.299542,0.221812,-0.924373,0.14613,-0.352394,0.883822,0.288697,-0.36812,0.219883,0.97286,0.072071,-0.378175,0.922696,0.0749339,-0.382726,0.77719,-0.499496,0,0,0
000988,0.506537,0.708822,0.507612,163.685,313.927,99.2115,0.0005,0.524831,0.745893,0.410117,-0.622672,0.658551,0.422599,-0.630472,0.367437,-0.683737,0,0,0,0.997058,0.0760495,-0.00960579,-0.0900199,0.967671,-0.235604,0,0,0,0.645113,0.743713,-0.175272,-0.763219,0.626357,-0.158661,0.705831,0.230885,0.669697,0,0,0,-0.0599789,0.858545,0.509218,0,0,0,0,0,0,0,0,0,0,0,0,0,0,0,0.875425,0.435823,0.209022,-0.926766,0.299164,0.22717,-0.925256,0.147282,-0.349584,0.882061,0.288126,-0.372763,0.219875,0.972825,0.0725696,-0.378075,0.922447,0.0784235,-0.382835,0.777415,-0.499062,0,0,0
000989,0.501267,0.703659,0.507525,163.685,313.927,99.2115,0.0005,0.526778,0.749482,0.400976,-0.622382,0.658242,0.423506,-0.631222,0.370202,-0.681549,0,0,0,0.996892,0.0760369,-0.0206034,-0.0898928,0.966124,-0.241915,0,0,0,0.643991,0.741684,-0.187563,-0.763583,0.626658,-0.155698,0.710426,0.231859,0.664482,0,0,0,-0.0601505,0.861327,0.504477,0,0,0,0,0,0,0,0,0,0,0,0,0,0,0,0.877074,0.437756,0.197763,-0.92523,0.298669,0.233981,-0.927976,0.146699,-0.342548,0.87829,0.286903,-0.382484,0.220022,0.973452,0.0630929,-0.377713,0.922886,0.0749342,-0.382849,0.776295,-0.500793,0,0,0
000990,0.506899,0.700001,0.509455,327.051,317.849,93.8769,0.0005,0.49906,0.772219,0.393214,-0.64762,0.632505,0.424884,-0.655416,0.340666,-0.674074,0,0,0,0.992352,0.120543,-0.0266009,-0.137392,0.959897,-0.244379,0,0,0,0.606587,0.771041,-0.193775,-0.791942,0.591018,-0.153378,0.708418,0.262455,0.655181,0,0,0,-0.0907688,0.860663,0.501019,0,0,0,0,0,0,0,0,0,0,0,0,0,0,0,0.858532,0.476195,0.19016,-0.936658,0.257224,0.237712,-0.936065,0.10507,-0.335771,0.861027,0.327803,-0.388817,0.176859,0.982597,0.0567748,-0.418472,0.905325,0.0725808,-0.425262,0.755167,-0.498873,0,0,0
000991,0.505315,0.701108,0.505513,327.051,317.849,93.8769,0.0005,0.498938,0.771123,0.395512,-0.645944,0.630858,0.429855,-0.654451,0.339598,-0.67555,0,0,0,0.992268,0.120532,-0.0295992,-0.137392,0.959897,-0.244379,0,0,0,0.606344,0.770736,-0.195736,-0.791947,0.591647,-0.150907,0.706223,0.262709,0.657444,0,0,0,-0.0905255,0.858159,0.505339,0,0,0,0,0,0,0,0,0,0,0,0,0,0,0,0.858615,0.476241,0.189669,-0.93575,0.256457,0.24208,-0.936288,0.104591,-0.3353,0.859204,0.327648,-0.392957,0.176838,0.982484,0.0587713,-0.418365,0.905088,0.0760708,-0.424585,0.754974,-0.499741,0,0,0
000992,0.50445,0.700415,0.504187,327.051,317.849,93.8769,0.0005,0.498627,0.77156,0.395052,-0.645483,0.630405,0.431209,-0.654313,0.338397,-0.676285,0.515315,0.487395,-0.704909,0.992162,0.121023,-0.0310983,-0.137344,0.959532,-0.245834,0,0,0,0.606036,0.770352,-0.198187,-0.792246,0.591247,-0.150907,0.706397,0.26224,0.657444,0,0,0,-0.090501,0.857908,0.50577,0,0,0,0,0,0,0,0,0,0,0,0,0,0,0,0.859106,0.475941,0.188197,-0.935281,0.256328,0.24402,-0.936509,0.105622,-0.334358,0.858453,0.326295,-0.395715,0.176854,0.982569,0.0572739,-0.418365,0.905088,0.0760708,-0.423907,0.75478,-0.500609,0,0,0
000993,0.503993,0.704639,0.501054,327.051,317.849,93.8769,0.0005,0.497208,0.769397,0.401014,-0.64347,0.628428,0.437064,-0.653483,0.338528,-0.677022,0.514623,0.488116,-0.704916,0.992147,0.121021,-0.031598,-0.137504,0.960739,-0.240984,0,0,0,0.606073,0.771198,-0.194755,-0.792664,0.59156,-0.147447,0.703926,0.261324,0.660453,0,0,0,-0.0901314,0.854108,0.512226,0,0,0,0,0,0,0,0,0,0,0,0,0,0,0,0.858281,0.476057,0.191632,-0.9342,0.25655,0.247896,-0.936288,0.104591,-0.3353,0.85809,0.326693,-0.396173,0.176781,0.982183,0.0637615,-0.418135,0.90458,0.0830484,-0.42439,0.755656,-0.498877,0,0,0
000994,0.504133,0.704282,0.500708,327.051,317.849,93.8769,0.0005,0.497208,0.769397,0.401014,-0.643625,0.628581,0.436614,-0.652096,0.341188,-0.677024,0.51437,0.48787,-0.70527,0.992162,0.121023,-0.0310983,-0.137472,0.9605,-0.241955,0,0,0,0.606405,0.770813,-0.195246,-0.792605,0.591516,-0.147941,0.7041,0.260856,0.660453,0,0,0,-0.0901562,0.854363,0.511796,0,0,0,0,0,0,0,0,0,0,0,0,0,0,0,0.858281,0.476057,0.191632,-0.9342,0.25655,0.247896,-0.936065,0.10507,-0.335771,0.857905,0.326623,-0.396632,0.176786,0.982214,0.0632626,-0.418169,0.904656,0.0820518,-0.424149,0.755218,-0.499743,0,0,0
000995,0.508416,0.708976,0.503437,327.051,317.849,93.8769,0.0005,0.496187,0.76693,0.406961,-0.644557,0.629496,0.433913,-0.653252,0.338971,-0.677023,0,0,0,0.99246,0.120556,-0.0221035,-0.137691,0.962155,-0.235158,0,0,0,0.607374,0.772824,-0.183957,-0.792427,0.591382,-0.149424,0.701928,0.260051,0.663077,0,0,0,-0.090032,0.853087,0.513943,0,0,0,0,0,0,0,0,0,0,0,0,0,0,0,0.856648,0.475158,0.200945,-0.93585,0.257003,0.24111,-0.934554,0.104901,-0.340006,0.861755,0.328613,-0.386512,0.17668,0.98165,0.0717416,-0.418066,0.904427,0.0850412,-0.42511,0.756963,-0.496274,0,0,0
000996,0.506695,0.708165,0.50597,327.051,317.849,93.8769,0.0005,0.497076,0.768285,0.403304,-0.644557,0.629496,0.433913,-0.654954,0.341553,-0.674075,0,0,0,0.992269,0.12154,-0.0251017,-0.137691,0.962155,-0.235158,0,0,0,0.607536,0.772226,-0.185922,-0.792424,0.592005,-0.146952,0.704545,0.261554,0.659702,0,0,0,-0.090181,0.854618,0.511367,0,0,0,0,0,0,0,0,0,0,0,0,0,0,0,0.857674,0.475152,0.196537,-0.935617,0.256939,0.24208,-0.935898,0.105051,-0.336242,0.86139,0.32794,-0.387895,0.176713,0.981823,0.0692485,-0.418083,0.904466,0.0845431,-0.425707,0.758047,-0.494103,0,0,0
000997,0.506671,0.706262,0.505748,327.051,317.849,93.8769,0.0005,0.497517,0.768957,0.401474,-0.645175,0.630103,0.432111,-0.654587,0.340797,-0.674813,0,0,0,0.992317,0.121042,-0.0256015,-0.137614,0.961569,-0.237586,0,0,0,0.607243,0.771861,-0.188377,-0.792546,0.591471,-0.148436,0.704854,0.261668,0.659326,0,0,0,-0.0902799,0.855634,0.509647,0,0,0,0,0,0,0,0,0,0,0,0,0,0,0,0.857931,0.475293,0.195066,-0.935617,0.256939,0.24208,-0.935898,0.105051,-0.336242,0.861027,0.327803,-0.388817,0.176744,0.98199,0.0667547,-0.418169,0.904656,0.0820518,-0.42523,0.75718,-0.49584,0,0,0
000998,0.506599,0.705975,0.506117,327.051,317.849,93.8769,0.0005,0.497208,0.769397,0.401014,-0.645175,0.630103,0.432111,-0.655511,0.339023,-0.67481,0,0,0,0.992317,0.121042,-0.0256015,-0.137598,0.961451,-0.238072,0,0,0,0.607243,0.771861,-0.188377,-0.792785,0.591026,-0.14893,0.705163,0.261783,0.65895,0,0,0,-0.0908018,0.855836,0.509215,0,0,0,0,0,0,0,0,0,0,0,0,0,0,0,0.857689,0.475731,0.195066,-0.935866,0.256489,0.241595,-0.935898,0.105051,-0.336242,0.861027,0.327803,-0.388817,0.176756,0.982056,0.0657571,-0.418186,0.904693,0.0815535,-0.425666,0.756936,-0.495839,0,0,0
000999,0.502865,0.700129,0.506083,327.051,317.849,93.8769,0.0005,0.499275,0.772547,0.392294,-0.645483,0.630405,0.431209,-0.655484,0.341265,-0.673705,0.515567,0.48764,-0.704555,0.992065,0.121011,-0.0340965,-0.137376,0.959776,-0.244864,0,0,0,0.605519,0.770506,-0.199166,-0.792605,0.591516,-0.147941,0.708551,0.263038,0.654803,0,0,0,-0.0905987,0.858913,0.504044,0,0,0,0,0,0,0,0,0,0,0,0,0,0,0,0.859435,0.476693,0.184758,-0.934676,0.256681,0.245958,-0.937831,0.10577,-0.330585,0.857905,0.326623,-0.396632,0.17687,0.982653,0.0557764,-0.41788,0.905228,0.0770681,-0.42451,0.755874,-0.498443,0,0,0
