id,vp_x,vp_y,vp_z,euler_1,euler_2,euler_3,n0_x,n0_y,n0_z,n1_x,n1_y,n1_z,n2_x,n2_y,n2_z,n3_x,n3_y,n3_z,n4_x,n4_y,n4_z,n5_x,n5_y,n5_z,n6_x,n6_y,n6_z,n7_x,n7_y,n7_z,n8_x,n8_y,n8_z,n9_x,n9_y,n9_z,n10_x,n10_y,n10_z,n11_x,n11_y,n11_z,n12_x,n12_y,n12_z,n13_x,n13_y,n13_z,n14_x,n14_y,n14_z,n15_x,n15_y,n15_z,n16_x,n16_y,n16_z,n17_x,n17_y,n17_z,n18_x,n18_y,n18_z,n19_x,n19_y,n19_z,n20_x,n20_y,n20_z,n21_x,n21_y,n21_z,n22_x,n22_y,n22_z,n23_x,n23_y,n23_z,n24_x,n24_y,n24_z
000000,0.504639,0.705259,0.504802,317.415,44.6233,32.3527,0.506503,0.791169,0.342792,-0.638069,0.674396,0.371561,0,0,0,0,0,0,0.994666,0.100009,-0.0252512,-0.116592,0.940643,-0.318744,0,0,0,0.624068,0.741665,-0.245912,-0.779718,0.591175,-0.206279,0.701957,0.302635,0.644724,-0.70699,0.164279,0.687879,-0.0812184,0.895937,0.436693,0,0,0,0,0,0,-0.335214,0.552526,0.763117,0,0,0,0,0,0,0.864936,0.474128,0.164587,-0.932762,0.293,0.210014,-0.930182,0.0942222,-0.3548,0.870807,0.277042,-0.406133,0.194246,0.980856,-0.0137655,-0.402466,0.915433,0.00209219,-0.404689,0.720443,-0.563196,0,0,0
000001,0.504557,0.705005,0.505119,317.415,44.6233,32.3527,0.506596,0.791313,0.342322,-0.638069,0.674396,0.371561,0,0,0,0,0,0,0.994616,0.100507,-0.0252512,-0.116592,0.940643,-0.318744,0,0,0,0.624068,0.741665,-0.245912,-0.779718,0.591175,-0.206279,0.701561,0.303553,0.644723,-0.707438,0.163869,0.687516,-0.0812364,0.896154,0.436243,0,0,0,0.265572,0.612147,0.744814,0,0,0,0,0,0,0,0,0,0.865008,0.474167,0.164094,-0.932762,0.293,0.210014,-0.930233,0.0937247,-0.3548,0.870807,0.277042,-0.406133,0.194246,0.980856,-0.0137655,-0.402466,0.915434,0.00159221,-0.403951,0.721176,-0.562786,0,0,0
000002,0.504796,0.705272,0.505402,317.415,44.6233,32.3527,0.506596,0.791313,0.342322,-0.638069,0.674396,0.371561,0,0,0,0,0,0,0.994678,0.100011,-0.0247515,-0.116592,0.940643,-0.318744,0,0,0,0.624148,0.741758,-0.245428,-0.779718,0.591175,-0.206279,0.701561,0.303553,0.644723,-0.707773,0.163947,0.687153,-0.0812184,0.895937,0.436693,0,0,0,0.26603,0.611946,0.744815,0,0,0,0,0,0,0,0,0,0.864936,0.474128,0.164587,-0.932862,0.293032,0.209525,-0.930182,0.0942222,-0.3548,0.871042,0.27764,-0.405219,0.194246,0.980856,-0.0137655,-0.402466,0.915433,0.00209219,-0.404087,0.721423,-0.562373,0,0,0
000003,0.505444,0.705249,0.504955,317.415,44.6233,32.3527,0.50641,0.791025,0.343262,-0.638323,0.674666,0.370633,0,0,0,0,0,0,0.994703,0.100013,-0.0237519,-0.116592,0.940643,-0.318744,0,0,0,0.624227,0.741851,-0.244943,-0.779252,0.591448,-0.207258,0.700969,0.303297,0.645487,-0.70766,0.164434,0.687152,-0.0812184,0.895937,0.436693,0,0,0,0.265422,0.611806,0.745147,0,0,0,0,0,0,0,0,0,0.864478,0.474447,0.166066,-0.933061,0.293094,0.208547,-0.929575,0.0931563,-0.356669,0.871386,0.277225,-0.404762,0.194247,0.980863,-0.0132657,-0.402466,0.915434,0.00159221,0,0,0,0,0,0
000004,0.504836,0.705358,0.504902,317.415,44.6233,32.3527,0.505989,0.791295,0.343261,-0.638069,0.674396,0.371561,0,0,0,0,0,0,0.994678,0.100011,-0.0247515,-0.116592,0.940643,-0.318744,0,0,0,0.624148,0.741758,-0.245428,-0.779416,0.591574,-0.206279,0.701957,0.302635,0.644724,-0.707438,0.163869,0.687516,-0.0812184,0.895937,0.436693,0,0,0,0.263739,0.612947,0.744807,-0.336071,0.552009,0.763114,0,0,0,0,0,0,0.864623,0.474527,0.16508,-0.933012,0.292555,0.209525,-0.929929,0.0931918,-0.355735,0.871042,0.27764,-0.405219,0.194247,0.980863,-0.0132657,-0.402466,0.915433,0.00209219,-0.404689,0.720443,-0.563196,0,0,0
000005,0.505083,0.704504,0.505318,317.415,44.6233,32.3527,0.506175,0.791582,0.342321,-0.638323,0.674666,0.370633,0,0,0,0,0,0,0.994641,0.100509,-0.0242517,-0.116556,0.940325,-0.319691,0,0,0,0.624068,0.741665,-0.245912,-0.779554,0.59105,-0.207257,0.701561,0.303553,0.644723,-0.70766,0.164434,0.687152,-0.0812544,0.896372,0.435793,0,0,0,0.265722,0.612487,0.74448,-0.336035,0.552921,0.762469,0,0,0,0,0,0,0.864936,0.474128,0.164587,-0.933211,0.292617,0.208548,-0.929879,0.0936893,-0.355735,0.871042,0.27764,-0.405219,0.194243,0.980842,-0.0147653,-0.402466,0.915435,0.000592243,-0.403815,0.72093,-0.563199,0,0,0
000006,0.505262,0.705397,0.504535,317.415,44.6233,32.3527,0.50641,0.791025,0.343262,-0.638069,0.674396,0.371561,0,0,0,0,0,0,0.994741,0.0995143,-0.0242517,-0.116592,0.940643,-0.318744,0,0,0,0.62453,0.741436,-0.245429,-0.779554,0.59105,-0.207257,0.701365,0.302379,0.645488,-0.707438,0.163869,0.687516,-0.0812003,0.895719,0.437143,0,0,0,0.264814,0.611665,0.745479,-0.334786,0.552784,0.763118,0,0,0,0,0,0,0.864791,0.474049,0.165573,-0.932962,0.293063,0.209036,-0.929575,0.0931563,-0.356669,0.871042,0.27764,-0.405219,0.194249,0.980869,-0.0127658,-0.402466,0.915434,0.00159221,-0.403815,0.72093,-0.563199,0,0,0
000007,0.505036,0.704965,0.505034,317.415,44.6233,32.3527,0.506596,0.791313,0.342322,-0.638687,0.674323,0.370632,0,0,0,0,0,0,0.994678,0.100011,-0.0247515,-0.116556,0.940325,-0.319691,0,0,0,0.62445,0.741343,-0.245913,-0.779636,0.591113,-0.206768,0.701957,0.302635,0.644724,-0.707773,0.163947,0.687153,-0.0812364,0.896154,0.436243,0,0,0,0,0,0,0,0,0,0,0,0,0,0,0,0.864623,0.474527,0.16508,-0.932962,0.293063,0.209036,-0.929879,0.0936893,-0.355735,0.871042,0.27764,-0.405219,0.194246,0.980856,-0.0137655,-0.402466,0.915434,0.00159221,-0.404252,0.720686,-0.563198,0,0,0
000008,0.505278,0.705096,0.504713,317.415,44.6233,32.3527,0.50641,0.791025,0.343262,-0.638687,0.674323,0.370632,0,0,0,0,0,0,0.994741,0.0995143,-0.0242517,-0.116556,0.940325,-0.319691,0,0,0,0.624148,0.741758,-0.245428,-0.779554,0.59105,-0.207257,0.700969,0.303297,0.645487,-0.707325,0.164356,0.687516,-0.0812184,0.895937,0.436693,0,0,0,0.266646,0.610863,0.745484,-0.332608,0.554983,0.762473,0,0,0,0,0,0,0.864551,0.474487,0.165573,-0.932962,0.293063,0.209036,-0.929702,0.0936715,-0.356202,0.871042,0.27764,-0.405219,0.194246,0.980856,-0.0137655,-0.402466,0.915434,0.00159221,-0.40529,0.719461,-0.564017,0,0,0
000009,0.504778,0.705406,0.504694,317.415,44.6233,32.3527,0.50641,0.791025,0.343262,-0.638069,0.674396,0.371561,0,0,0,0,0,0,0.994678,0.100011,-0.0247515,-0.116592,0.940643,-0.318744,0,0,0,0.62445,0.741343,-0.245913,-0.779718,0.591175,-0.206279,0.700969,0.303297,0.645487,-0.70699,0.164279,0.687879,-0.0812003,0.895719,0.437143,0,0,0,0.266646,0.610863,0.745484,0,0,0,0,0,0,0,0,0,0.864623,0.474527,0.16508,-0.932762,0.293,0.210014,-0.929929,0.0931918,-0.355735,0.870958,0.276565,-0.406133,0.194247,0.980863,-0.0132657,-0.402465,0.915432,0.00259218,-0.404689,0.720443,-0.563196,0,0,0
000010,0.504532,0.704786,0.504953,315.87,146.784,234.981,0.468492,0.808663,0.355779,-0.666929,0.625245,0.405307,0,0,0,0,0,0,0.986568,0.157558,-0.0431068,-0.177161,0.94131,-0.287315,0,0,0,0.574711,0.783543,-0.236153,-0.816118,0.551754,-0.171812,0.698191,0.322803,0.639005,0,0,0,-0.121959,0.876593,0.465521,0,0,0,0,0,0,0,0,0,0,0,0,0,0,0,0.840038,0.518202,0.160629,-0.943106,0.232258,0.237921,-0.941644,0.0502676,-0.332835,0.84395,0.339247,-0.415522,0.137685,0.990403,0.0120007,-0.453644,0.890367,0.0381195,-0.457884,0.712101,-0.532217,0,0,0
000011,0.505108,0.704563,0.505028,315.87,146.784,234.981,0.468402,0.80851,0.356246,-0.667223,0.625523,0.404393,-0.670635,0.279905,-0.686951,0,0,0,0.986552,0.158061,-0.0416084,-0.17711,0.941027,-0.288272,0,0,0,0.574781,0.783637,-0.235667,-0.815975,0.551657,-0.172797,0.69698,0.323896,0.639773,0,0,0,-0.12199,0.876824,0.465079,0,0,0,0,0,0,0,0,0,0,0,0,0,0,0,0.839639,0.518544,0.161615,-0.943337,0.232314,0.23695,-0.941311,0.0502498,-0.333778,0.844149,0.339866,-0.414612,0.137685,0.990403,0.0120007,-0.453661,0.890401,0.0371202,-0.457042,0.712639,-0.53222,0,0,0
000012,0.505286,0.704989,0.505199,315.87,146.784,234.981,0.468402,0.80851,0.356246,-0.667223,0.625523,0.404393,-0.670827,0.279444,-0.686951,0,0,0,0.986493,0.158558,-0.0411089,-0.177161,0.94131,-0.287315,0,0,0,0.575255,0.783436,-0.235182,-0.815975,0.551657,-0.172797,0.697191,0.323442,0.639774,0,0,0,-0.121959,0.876593,0.465521,0,0,0,0,0,0,0,0,0,0,0,0,0,0,0,0.83957,0.518501,0.162109,-0.943337,0.232314,0.23695,-0.941285,0.0507491,-0.333778,0.844534,0.340019,-0.413702,0.137684,0.990391,0.0130005,-0.453644,0.890367,0.0381195,-0.457884,0.712101,-0.532217,0,0,0
000013,0.50464,0.705438,0.505339,315.87,146.784,234.981,0.468402,0.80851,0.356246,-0.666929,0.625245,0.405307,-0.671269,0.28017,-0.686224,0,0,0,0.986511,0.158055,-0.0426074,-0.177211,0.941592,-0.286357,0,0,0,0.574852,0.783732,-0.235181,-0.816469,0.551388,-0.171319,0.697981,0.323257,0.639005,0,0,0,-0.121929,0.876362,0.465964,0,0,0,0,0,0,0,0,0,0,0,0,0,0,0,0.83997,0.51816,0.161122,-0.943106,0.232258,0.237921,-0.941644,0.0502676,-0.332835,0.844149,0.339866,-0.414612,0.137684,0.990391,0.0130005,-0.453627,0.890333,0.0391187,-0.458168,0.712551,-0.53137,0,0,0
000014,0.504955,0.705106,0.504584,315.87,146.784,234.981,0.468311,0.808356,0.356714,-0.666929,0.625245,0.405307,-0.670249,0.280828,-0.686951,0,0,0,0.986532,0.158058,-0.0421079,-0.177161,0.94131,-0.287315,0,0,0,0.574781,0.783637,-0.235667,-0.816326,0.551292,-0.172304,0.697401,0.322989,0.639774,0,0,0,-0.121929,0.876362,0.465964,0,0,0,0,0,0,0,0,0,0,0,0,0,0,0,0.83957,0.518501,0.162109,-0.943341,0.231801,0.237436,-0.941311,0.0502498,-0.333778,0.844149,0.339866,-0.414612,0.137684,0.990391,0.0130005,-0.453644,0.890367,0.0381195,-0.457463,0.71237,-0.532218,0,0,0
000015,0.504809,0.704956,0.505027,315.87,146.784,234.981,0.468402,0.80851,0.356246,-0.666929,0.625245,0.405307,-0.671787,0.277136,-0.686948,0,0,0,0.986452,0.158552,-0.0421079,-0.177161,0.94131,-0.287315,0,0,0,0.574781,0.783637,-0.235667,-0.816326,0.551292,-0.172304,0.698191,0.322803,0.639005,0,0,0,-0.121959,0.876593,0.465521,0,0,0,0,0,0,0,0,0,0,0,0,0,0,0,0.83997,0.51816,0.161122,-0.943341,0.231801,0.237436,-0.94159,0.0512661,-0.332835,0.844149,0.339866,-0.414612,0.137684,0.990397,0.0125006,-0.453644,0.890367,0.0381195,-0.457884,0.712101,-0.532217,0,0,0
000016,0.504921,0.704909,0.504618,315.87,146.784,234.981,0.468402,0.80851,0.356246,-0.666929,0.625245,0.405307,-0.670249,0.280828,-0.686951,0,0,0,0.986532,0.158058,-0.0421079,-0.177136,0.941168,-0.287793,0,0,0,0.574781,0.783637,-0.235667,-0.816326,0.551292,-0.172304,0.697191,0.323442,0.639774,0,0,0,-0.121929,0.876362,0.465964,0,0,0,0,0,0,0,0,0,0,0,0,0,0,0,0.839901,0.518118,0.161616,-0.943341,0.231801,0.237436,-0.941311,0.0502498,-0.333778,0.844149,0.339866,-0.414612,0.137684,0.990397,0.0125006,-0.453644,0.890367,0.0381195,-0.457042,0.712639,-0.53222,0,0,0
000017,0.504915,0.704528,0.504949,315.87,146.784,234.981,0.468492,0.808663,0.355779,-0.667223,0.625523,0.404393,-0.670827,0.279444,-0.686951,0,0,0,0.986532,0.158058,-0.0421079,-0.17711,0.941027,-0.288272,0,0,0,0.574711,0.783543,-0.236153,-0.816255,0.551243,-0.172796,0.698191,0.322803,0.639005,0,0,0,-0.12199,0.876824,0.465079,0,0,0,0,0,0,0,0,0,0,0,0,0,0,0,0.83997,0.51816,0.161122,-0.943456,0.231829,0.23695,-0.94159,0.0512661,-0.332835,0.844149,0.339866,-0.414612,0.137685,0.990403,0.0120007,-0.453207,0.890611,0.03762,-0.457042,0.712639,-0.53222,0,0,0
000018,0.505435,0.705267,0.504753,315.87,146.784,234.981,0.468221,0.808202,0.357181,-0.667076,0.625384,0.40485,0,0,0,0,0,0,0.986573,0.158065,-0.0411089,-0.177161,0.94131,-0.287315,0,0,0,0.574922,0.783826,-0.234695,-0.816184,0.551195,-0.173289,0.697611,0.322535,0.639774,0,0,0,-0.121929,0.876362,0.465964,0,0,0,0,0,0,0,0,0,0,0,0,0,0,0,0.839763,0.518033,0.162602,-0.943337,0.232314,0.23695,-0.941258,0.0512483,-0.333778,0.844534,0.340019,-0.413702,0.137684,0.990391,0.0130005,-0.453644,0.890367,0.0381195,-0.457463,0.71237,-0.532218,0,0,0
000019,0.505226,0.705152,0.50476,315.87,146.784,234.981,0.468221,0.808202,0.357181,-0.666929,0.625245,0.405307,-0.670703,0.27885,-0.687314,0,0,0,0.986552,0.158061,-0.0416084,-0.177161,0.94131,-0.287315,0,0,0,0.574852,0.783732,-0.235181,-0.816255,0.551243,-0.172796,0.697611,0.322535,0.639774,0,0,0,-0.121929,0.876362,0.465964,0,0,0,0,0,0,0,0,0,0,0,0,0,0,0,0.839832,0.518076,0.162109,-0.943337,0.232314,0.23695,-0.941285,0.0507491,-0.333778,0.844336,0.339402,-0.414613,0.137684,0.990391,0.0130005,-0.453644,0.890367,0.0381195,-0.457463,0.71237,-0.532218,0,0,0
000020,0.504663,0.705467,0.504606,309.278,170.04,135.715,0.489862,0.790978,0.36659,-0.650688,0.642519,0.404689,-0.656802,0.302096,-0.690904,0,0,0,0.99127,0.127725,-0.0326993,-0.145267,0.948597,-0.281177,0,0,0,0.601316,0.766682,-0.224983,-0.79742,0.577592,-0.174668,0.700999,0.297334,0.648223,0,0,0,-0.0989586,0.876277,0.471536,0,0,0,0,0,0,0,0,0,0,0,0,0,0,0,0.853772,0.491156,0.172739,-0.937643,0.259184,0.231621,-0.936564,0.0816631,-0.34085,0.857789,0.315746,-0.405588,0.168219,0.98552,0.0212882,-0.426163,0.903697,0.0414357,-0.430093,0.730609,-0.530312,0,0,0
000021,0.504833,0.704865,0.504641,309.278,170.04,135.715,0.48996,0.791133,0.366125,-0.650975,0.642804,0.403775,-0.655961,0.30391,-0.690908,0,0,0,0.99127,0.127725,-0.0326993,-0.145227,0.948319,-0.282137,0,0,0,0.600923,0.76699,-0.224982,-0.797279,0.577489,-0.175653,0.700804,0.297795,0.648223,0,0,0,-0.0989832,0.876511,0.471095,0,0,0,0,0,0,0,0,0,0,0,0,0,0,0,0.854096,0.490765,0.172247,-0.937622,0.259697,0.231135,-0.93652,0.0821612,-0.34085,0.857962,0.315277,-0.405588,0.168221,0.98553,0.0207884,-0.42618,0.903734,0.0404366,-0.430259,0.729896,-0.531158,0,0,0
000022,0.505137,0.704772,0.505478,309.278,170.04,135.715,0.48996,0.791133,0.366125,-0.651261,0.643088,0.40286,-0.655853,0.304963,-0.690547,0,0,0,0.99135,0.127231,-0.0321997,-0.145227,0.948319,-0.282137,0,0,0,0.600993,0.767078,-0.224495,-0.797279,0.577489,-0.175653,0.701595,0.297587,0.647461,0,0,0,-0.0990323,0.876979,0.470213,0,0,0,0,0,0,0,0,0,0,0,0,0,0,0,0.853772,0.491156,0.172739,-0.937844,0.259758,0.230162,-0.93652,0.0821612,-0.34085,0.85836,0.315955,-0.404217,0.168223,0.98554,0.0202886,-0.42618,0.903734,0.0404366,-0.429662,0.730861,-0.530314,0,0,0
000023,0.505164,0.704749,0.505264,309.278,170.04,135.715,0.48996,0.791133,0.366125,-0.651261,0.643088,0.40286,0,0,0,0,0,0,0.99135,0.127231,-0.0321997,-0.145227,0.948319,-0.282137,0,0,0,0.601316,0.766682,-0.224983,-0.797279,0.577489,-0.175653,0.701985,0.296666,0.647462,0,0,0,-0.0990323,0.876979,0.470213,0,0,0,0,0,0,0,0,0,0,0,0,0,0,0,0.853772,0.491156,0.172739,-0.937844,0.259758,0.230162,-0.936477,0.0826593,-0.34085,0.85817,0.315885,-0.404674,0.168223,0.98554,0.0202886,-0.42618,0.903734,0.0404366,-0.43069,0.729643,-0.531156,0,0,0
000024,0.505124,0.705353,0.504946,309.278,170.04,135.715,0.48934,0.791087,0.367054,-0.650975,0.642804,0.403775,-0.656592,0.302549,-0.690905,0,0,0,0.99135,0.127231,-0.0321997,-0.145227,0.948319,-0.282137,0,0,0,0.601063,0.767166,-0.224008,-0.797056,0.577945,-0.175161,0.700999,0.297334,0.648223,-0.703001,0.11848,0.701251,-0.0989832,0.876511,0.471095,0,0,0,0,0,0,0,0,0,0,0,0,0,0,0,0.853697,0.491113,0.173232,-0.937866,0.259246,0.230648,-0.936477,0.0826593,-0.34085,0.85817,0.315885,-0.404674,0.168219,0.98552,0.0212882,-0.426171,0.903716,0.0409361,-0.429662,0.730861,-0.530314,0,0,0
000025,0.504767,0.704765,0.505469,309.278,170.04,135.715,0.490579,0.791179,0.365196,-0.650975,0.642804,0.403775,-0.656166,0.305109,-0.690185,0,0,0,0.99127,0.127725,-0.0326993,-0.145227,0.948319,-0.282137,0,0,0,0.600923,0.76699,-0.224982,-0.797349,0.57754,-0.17516,0.701595,0.297587,0.647461,0,0,0,-0.0990323,0.876979,0.470213,0,0,0,0,0,0,0,0,0,0,0,0,0,0,0,0.854171,0.490808,0.171755,-0.937622,0.259697,0.231135,-0.93669,0.082176,-0.34038,0.857997,0.316355,-0.404674,0.168223,0.98554,0.0202886,-0.42618,0.903734,0.0404366,-0.430093,0.730609,-0.530312,0,0,0
000026,0.504905,0.70534,0.50489,309.278,170.04,135.715,0.489862,0.790978,0.36659,-0.650975,0.642804,0.403775,0,0,0,0,0,0,0.991223,0.128222,-0.0321997,-0.145227,0.948319,-0.282137,0,0,0,0.600993,0.767078,-0.224495,-0.797349,0.57754,-0.17516,0.700804,0.297795,0.648223,0,0,0,-0.0989832,0.876511,0.471095,0,0,0,0,0,0,0,0,0,0,0,0,0,0,0,0.854021,0.490722,0.17274,-0.937622,0.259697,0.231135,-0.93652,0.0821612,-0.34085,0.857997,0.316355,-0.404674,0.168219,0.98552,0.0212882,-0.426163,0.903697,0.0414357,-0.430093,0.730609,-0.530312,0,0,0
000027,0.505173,0.705433,0.505399,309.278,170.04,135.715,0.489862,0.790978,0.36659,-0.650975,0.642804,0.403775,-0.655532,0.306468,-0.690185,0,0,0,0.991302,0.127729,-0.0317,-0.145267,0.948597,-0.281177,0,0,0,0.601063,0.767166,-0.224008,-0.797349,0.57754,-0.17516,0.701985,0.296666,0.647462,0,0,0,-0.0990077,0.876745,0.470654,0,0,0,0,0,0,0,0,0,0,0,0,0,0,0,0.853697,0.491113,0.173232,-0.937977,0.259276,0.230162,-0.93652,0.0821612,-0.34085,0.858377,0.316494,-0.403759,0.168219,0.98552,0.0212882,-0.426171,0.903716,0.0409361,-0.430525,0.730356,-0.53031,0,0,0
000028,0.504921,0.704543,0.504532,309.278,170.04,135.715,0.48996,0.791133,0.366125,-0.650975,0.642804,0.403775,-0.655117,0.305723,-0.690908,0,0,0,0.99127,0.127725,-0.0326993,-0.145187,0.948039,-0.283096,0,0,0,0.600853,0.766902,-0.22547,-0.797279,0.577489,-0.175653,0.700999,0.297334,0.648223,0,0,0,-0.0990077,0.876745,0.470654,0,0,0,0,0,0,0,0,0,0,0,0,0,0,0,0.854096,0.490765,0.172247,-0.937622,0.259697,0.231135,-0.936477,0.0826593,-0.34085,0.857789,0.315746,-0.405588,0.168223,0.98554,0.0202886,-0.42618,0.903734,0.0404366,-0.429396,0.730402,-0.531161,0,0,0
000029,0.504544,0.704718,0.504771,309.278,170.04,135.715,0.490057,0.791288,0.36566,-0.650975,0.642804,0.403775,0,0,0,0,0,0,0.991254,0.127722,-0.033199,-0.145227,0.948319,-0.282137,0,0,0,0.600853,0.766902,-0.22547,-0.797349,0.57754,-0.17516,0.701985,0.296666,0.647462,0,0,0,-0.0990077,0.876745,0.470654,0,0,0,0,0,0,0,0,0,0,0,0,0,0,0,0.854171,0.490808,0.171755,-0.93751,0.259666,0.231621,-0.936564,0.0816631,-0.34085,0.857617,0.316215,-0.405588,0.168223,0.98554,0.0202886,-0.42618,0.903734,0.0404366,-0.43069,0.729643,-0.531156,0,0,0
000030,0.504919,0.705116,0.505016,340.85,230.749,192.943,0.47361,0.796488,0.375899,-0.662738,0.618616,0.42201,-0.670769,0.29908,-0.67869,0,0,0,0.987363,0.153483,-0.0394557,-0.171839,0.949351,-0.263065,0,0,0,0.579076,0.7861,-0.216145,-0.813245,0.560321,-0.157075,0.700865,0.302408,0.646016,0,0,0,-0.116116,0.865203,0.487792,0,0,0,0,0,0,0,0,0,0,0,0,0,0,0,0.842805,0.509492,0.173484,-0.941582,0.231558,0.244551,-0.941679,0.0651695,-0.330142,0.84552,0.345519,-0.407078,0.143603,0.988929,0.0373785,-0.448232,0.891806,0.0614025,-0.454205,0.728199,-0.513248,0,0,0
000031,0.505137,0.705156,0.504921,340.85,230.749,192.943,0.47404,0.796232,0.3759,-0.662891,0.618761,0.421557,-0.66995,0.300905,-0.678692,0,0,0,0.987383,0.153486,-0.0389561,-0.171839,0.949351,-0.263065,0,0,0,0.579076,0.7861,-0.216145,-0.813181,0.560276,-0.157569,0.699875,0.30307,0.646779,0,0,0,-0.116116,0.865203,0.487792,0,0,0,0,0,0,0,0,0,0,0,0,0,0,0,0.842731,0.509448,0.173976,-0.9417,0.231587,0.244066,-0.941417,0.0641494,-0.331086,0.845709,0.345056,-0.407078,0.1436,0.988911,0.0378781,-0.448232,0.891806,0.0614025,-0.453781,0.728462,-0.51325,0,0,0
000032,0.504838,0.704739,0.505035,340.85,230.749,192.943,0.473707,0.796649,0.375435,-0.663386,0.61854,0.421103,-0.670564,0.299537,-0.678691,0,0,0,0.987286,0.153977,-0.0394557,-0.171795,0.949092,-0.264029,0,0,0,0.579011,0.786013,-0.216633,-0.813245,0.560321,-0.157075,0.700865,0.302408,0.646016,0,0,0,-0.116147,0.865445,0.487356,0,0,0,0,0,0,0,0,0,0,0,0,0,0,0,0.843138,0.509109,0.172992,-0.941582,0.231558,0.244551,-0.941679,0.0651695,-0.330142,0.84552,0.345519,-0.407078,0.143606,0.988948,0.0368789,-0.448246,0.891833,0.0609034,-0.453781,0.728462,-0.51325,0,0,0
000033,0.504909,0.70525,0.505411,340.85,230.749,192.943,0.47361,0.796488,0.375899,-0.663386,0.61854,0.421103,-0.669953,0.302551,-0.677957,0,0,0,0.987363,0.153483,-0.0394557,-0.171839,0.949351,-0.263065,0,0,0,0.579076,0.7861,-0.216145,-0.813245,0.560321,-0.157075,0.700667,0.302867,0.646016,0,0,0,-0.116116,0.865203,0.487792,0,0,0,0,0,0,0,0,0,0,0,0,0,0,0,0.842805,0.509492,0.173484,-0.941582,0.231558,0.244551,-0.941713,0.0646707,-0.330142,0.845709,0.345056,-0.407078,0.1436,0.988911,0.0378781,-0.448232,0.891806,0.0614025,-0.453623,0.729163,-0.512394,0,0,0
000034,0.505053,0.704562,0.504941,340.85,230.749,192.943,0.47361,0.796488,0.375899,-0.663045,0.618905,0.421103,-0.66995,0.300905,-0.678692,0,0,0,0.98744,0.152989,-0.0394557,-0.171795,0.949092,-0.264029,0,0,0,0.579011,0.786013,-0.216633,-0.813116,0.560231,-0.158063,0.700865,0.302408,0.646016,0,0,0,-0.116147,0.865445,0.487356,0,0,0,0,0,0,0,0,0,0,0,0,0,0,0,0.843138,0.509109,0.172992,-0.9417,0.231587,0.244066,-0.941417,0.0641494,-0.331086,0.84552,0.345519,-0.407078,0.143606,0.988948,0.0368789,-0.448259,0.891861,0.0604044,-0.45293,0.728989,-0.513254,0,0,0
000035,0.504602,0.705042,0.505242,340.85,230.749,192.943,0.473707,0.796649,0.375435,-0.662738,0.618616,0.42201,-0.670363,0.301639,-0.677958,0,0,0,0.987344,0.15348,-0.0399552,-0.171839,0.949351,-0.263065,0,0,0,0.579011,0.786013,-0.216633,-0.81331,0.560365,-0.156581,0.700469,0.303326,0.646016,0,0,0,-0.116116,0.865203,0.487792,0,0,0,0,0,0,0,0,0,0,0,0,0,0,0,0.84288,0.509537,0.172991,-0.941463,0.231529,0.245036,-0.941747,0.0641719,-0.330142,0.84552,0.345519,-0.407078,0.143606,0.988948,0.0368789,-0.448232,0.891806,0.0614025,-0.453623,0.729163,-0.512394,0,0,0
000036,0.505192,0.704759,0.504873,340.85,230.749,192.943,0.47361,0.796488,0.375899,-0.663045,0.618905,0.421103,-0.66954,0.301817,-0.678692,0,0,0,0.987383,0.153486,-0.0389561,-0.171795,0.949092,-0.264029,0,0,0,0.579011,0.786013,-0.216633,-0.813116,0.560231,-0.158063,0.699875,0.30307,0.646779,0,0,0,-0.116643,0.865379,0.487354,0,0,0,0,0,0,0,0,0,0,0,0,0,0,0,0.843064,0.509064,0.173484,-0.9417,0.231587,0.244066,-0.941383,0.0646482,-0.331086,0.84552,0.345519,-0.407078,0.143606,0.988948,0.0368789,-0.448259,0.891861,0.0604044,-0.45293,0.728989,-0.513254,0,0,0
000037,0.505269,0.70491,0.504884,340.85,230.749,192.943,0.47404,0.796232,0.3759,-0.663045,0.618905,0.421103,-0.66954,0.301817,-0.678692,0,0,0,0.987383,0.153486,-0.0389561,-0.171817,0.949222,-0.263547,0,0,0,0.579076,0.7861,-0.216145,-0.813116,0.560231,-0.158063,0.699875,0.30307,0.646779,0,0,0,-0.116116,0.865203,0.487792,0,0,0,0,0,0,0,0,0,0,0,0,0,0,0,0.842731,0.509448,0.173976,-0.9417,0.231587,0.244066,-0.941383,0.0646482,-0.331086,0.845898,0.344593,-0.407078,0.143606,0.988948,0.0368789,-0.448246,0.891833,0.0609034,-0.453356,0.728726,-0.513252,0,0,0
000038,0.504897,0.704646,0.505103,340.85,230.749,192.943,0.473707,0.796649,0.375435,-0.663045,0.618905,0.421103,-0.670564,0.299537,-0.678691,0,0,0,0.987286,0.153977,-0.0394557,-0.171795,0.949092,-0.264029,0,0,0,0.579011,0.786013,-0.216633,-0.813181,0.560276,-0.157569,0.700865,0.302408,0.646016,0,0,0,-0.116147,0.865445,0.487356,0,0,0,0,0,0,0,0,0,0,0,0,0,0,0,0.843138,0.509109,0.172992,-0.941819,0.231102,0.244066,-0.941679,0.0651695,-0.330142,0.84552,0.345519,-0.407078,0.143606,0.988948,0.0368789,-0.448259,0.891861,0.0604044,-0.453781,0.728462,-0.51325,0,0,0
000039,0.504823,0.704951,0.504683,340.85,230.749,192.943,0.47361,0.796488,0.375899,-0.662738,0.618616,0.42201,-0.66995,0.300905,-0.678692,0,0,0,0.987286,0.153977,-0.0394557,-0.171817,0.949222,-0.263547,0,0,0,0.579011,0.786013,-0.216633,-0.813245,0.560321,-0.157075,0.699677,0.303529,0.646778,0,0,0,-0.116116,0.865203,0.487792,0,0,0,0,0,0,0,0,0,0,0,0,0,0,0,0.843138,0.509109,0.172992,-0.941463,0.231529,0.245036,-0.941679,0.0651695,-0.330142,0.84552,0.34498,-0.407534,0.143606,0.988948,0.0368789,-0.448232,0.891806,0.0614025,-0.453781,0.728462,-0.51325,0,0,0
000040,0.505211,0.705419,0.504827,231.929,47.8176,273.236,0.475591,0.812758,0.336508,-0.662094,0.645197,0.381252,-0.662401,0.266563,-0.700121,0,0,0,0.988741,0.144519,-0.0387958,-0.164035,0.934232,-0.316708,0,0,0,0.586416,0.76932,-0.253501,-0.808228,0.55564,-0.195016,0.696907,0.333069,0.635126,-0.703792,0.131615,0.698108,-0.11457,0.891139,0.439028,0,0,0,0.249467,0.622079,0.742148,0,0,0,0,0,0,0,0,0,0.844755,0.512671,0.153486,-0.941936,0.250893,0.22318,-0.938139,0.0521806,-0.342305,0.85157,0.316269,-0.418093,0.149772,0.988607,-0.0150102,-0.443004,0.896475,0.00891519,-0.445044,0.701642,-0.556448,0,0,0
000041,0.504617,0.705307,0.505125,231.929,47.8176,273.236,0.475763,0.813047,0.335566,-0.661821,0.644929,0.382176,-0.662489,0.268215,-0.699406,0,0,0,0.988702,0.144514,-0.0397949,-0.163594,0.934629,-0.315761,0,0,0,0.58626,0.769119,-0.254468,-0.808388,0.55575,-0.194035,0.69748,0.333343,0.634354,0,0,0,-0.11457,0.891139,0.439028,0,0,0,0,0,0,0,0,0,0,0,0,0,0,0,0.84521,0.512362,0.152004,-0.941591,0.251318,0.224154,-0.938508,0.0517001,-0.341365,0.851374,0.316196,-0.418548,0.149771,0.988599,-0.0155101,-0.443004,0.896475,0.00891519,-0.445191,0.701878,-0.556032,0,0,0
000042,0.504741,0.704984,0.505464,231.929,47.8176,273.236,0.475763,0.813047,0.335566,-0.662094,0.645197,0.381252,-0.66305,0.266824,-0.699407,0,0,0,0.988702,0.144514,-0.0397949,-0.164035,0.934232,-0.316708,0,0,0,0.58626,0.769119,-0.254468,-0.808388,0.55575,-0.194035,0.697048,0.334245,0.634353,0,0,0,-0.114623,0.891574,0.438129,0,0,0,0.25021,0.622579,0.741479,-0.347829,0.537421,0.76824,0,0,0,0,0,0,0.84521,0.512362,0.152004,-0.941828,0.250864,0.223667,-0.938508,0.0517001,-0.341365,0.851396,0.316737,-0.418093,0.149771,0.988599,-0.0155101,-0.443006,0.896479,0.00841522,-0.445191,0.701878,-0.556032,0,0,0
000043,0.505009,0.70546,0.504922,231.929,47.8176,273.236,0.475591,0.812758,0.336508,-0.662443,0.644838,0.381251,0,0,0,0,0,0,0.988794,0.144022,-0.0392954,-0.163594,0.934629,-0.315761,0,0,0,0.586736,0.768917,-0.253985,-0.808308,0.555695,-0.194526,0.696476,0.333971,0.635126,-0.703357,0.132043,0.698466,-0.11457,0.891139,0.439028,0,0,0,0.249143,0.62261,0.741812,0,0,0,0,0,0,0,0,0,0.845079,0.512283,0.152992,-0.941828,0.250864,0.223667,-0.938452,0.0526986,-0.341365,0.851396,0.316737,-0.418093,0.149772,0.988607,-0.0150102,-0.443004,0.896475,0.00891519,-0.445467,0.701375,-0.556446,0,0,0
000044,0.505124,0.705294,0.504545,231.929,47.8176,273.236,0.475591,0.812758,0.336508,-0.662443,0.644838,0.381251,-0.661465,0.268881,-0.70012,0,0,0,0.988741,0.144519,-0.0387958,-0.163543,0.934317,-0.316709,0,0,0,0.586338,0.76922,-0.253984,-0.808228,0.55564,-0.195016,0.696907,0.333069,0.635126,0,0,0,-0.11457,0.891139,0.439028,0,0,0,0.249467,0.622079,0.742148,-0.348255,0.536233,0.768878,0,0,0,0,0,0,0.845079,0.512283,0.152992,-0.941828,0.250864,0.223667,-0.938139,0.0521806,-0.342305,0.851396,0.316737,-0.418093,0.149771,0.988599,-0.0155101,-0.443004,0.896475,0.00891519,-0.444198,0.702175,-0.556451,0,0,0
000045,0.505158,0.704522,0.505047,231.929,47.8176,273.236,0.475763,0.813047,0.335566,-0.662366,0.645463,0.380327,-0.662588,0.266099,-0.700121,0,0,0,0.988741,0.144519,-0.0387958,-0.163984,0.933919,-0.317656,0,0,0,0.58626,0.769119,-0.254468,-0.808148,0.555584,-0.195506,0.696476,0.333971,0.635126,0,0,0,-0.114623,0.891574,0.438129,0,0,0,0.249283,0.622953,0.741477,-0.34825,0.53715,0.768239,0,0,0,0,0,0,0.845145,0.512323,0.152498,-0.942044,0.250921,0.222692,-0.938166,0.0516813,-0.342305,0.851396,0.316737,-0.418093,0.149768,0.988583,-0.0165098,-0.443008,0.896483,0.00791525,-0.444897,0.701406,-0.556863,0,0,0
000046,0.504554,0.705067,0.504818,231.929,47.8176,273.236,0.475763,0.813047,0.335566,-0.661821,0.644929,0.382176,0,0,0,0,0,0,0.988755,0.144016,-0.0402944,-0.163543,0.934317,-0.316709,0,0,0,0.58658,0.768715,-0.254952,-0.808388,0.55575,-0.194035,0.69748,0.333343,0.634354,0,0,0,-0.11457,0.891139,0.439028,0,0,0,0,0,0,-0.347201,0.537368,0.768561,0,0,0,0,0,0,0.844951,0.51279,0.152004,-0.94172,0.250835,0.224154,-0.938508,0.0517001,-0.341365,0.851178,0.316123,-0.419002,0.149771,0.988599,-0.0155101,-0.443004,0.896475,0.00891519,-0.444345,0.702411,-0.556036,0,0,0
000047,0.505087,0.704856,0.504609,231.929,47.8176,273.236,0.475677,0.812902,0.336037,-0.662094,0.645197,0.381252,-0.662263,0.265968,-0.700478,0,0,0,0.988794,0.144022,-0.0392954,-0.163543,0.934317,-0.316709,0,0,0,0.58626,0.769119,-0.254468,-0.808228,0.55564,-0.195016,0.696476,0.333971,0.635126,0,0,0,-0.114597,0.891356,0.438579,0,0,0,0.249143,0.62261,0.741812,0,0,0,0,0,0,0,0,0,0.84482,0.512711,0.152992,-0.942065,0.250409,0.22318,-0.938166,0.0516813,-0.342305,0.851396,0.316737,-0.418093,0.149771,0.988599,-0.0155101,-0.443008,0.896483,0.00791525,-0.444897,0.701406,-0.556863,0,0,0
000048,0.504957,0.705326,0.505065,231.929,47.8176,273.236,0.47516,0.813011,0.336507,-0.662094,0.645197,0.381252,0,0,0,0,0,0,0.988722,0.144516,-0.0392954,-0.163594,0.934629,-0.315761,0,0,0,0.586338,0.76922,-0.253984,-0.808308,0.555695,-0.194526,0.696476,0.333971,0.635126,-0.703792,0.131615,0.698108,-0.11457,0.891139,0.439028,0,0,0,0,0,0,0,0,0,0,0,0,0,0,0,0.84482,0.512711,0.152992,-0.941828,0.250864,0.223667,-0.938452,0.0526986,-0.341365,0.851396,0.316737,-0.418093,0.149771,0.988599,-0.0155101,-0.443004,0.896475,0.00891519,-0.444768,0.702145,-0.556034,0,0,0
000049,0.505237,0.704744,0.505319,231.929,47.8176,273.236,0.475763,0.813047,0.335566,-0.662366,0.645463,0.380327,0,0,0,0,0,0,0.988741,0.144519,-0.0387958,-0.163543,0.934317,-0.316709,0,0,0,0.586338,0.76922,-0.253984,-0.808228,0.55564,-0.195016,0.69626,0.334422,0.635126,0,0,0,-0.114623,0.891574,0.438129,0,0,0,0.249747,0.622766,0.741478,-0.347616,0.538015,0.767921,0,0,0,0,0,0,0.84482,0.512711,0.152992,-0.942044,0.250921,0.222692,-0.938166,0.0516813,-0.342305,0.851744,0.3158,-0.418094,0.149769,0.988591,-0.0160099,-0.443008,0.896483,0.00791525,-0.44532,0.701139,-0.556861,0,0,0
000050,0.505275,0.705174,0.504876,30.658,27.9724,42.0414,0.557071,0.750744,0.355044,-0.593221,0.724924,0.350106,0,0,0,0,0,0,0.999775,0.0208456,0.00402852,-0.0322083,0.945026,-0.325405,0,0,0,0.688007,0.688383,-0.22973,-0.724263,0.649738,-0.230832,0.704804,0.250139,0.663838,-0.711684,0.223988,0.665835,-0.0225924,0.901937,0.431276,0,0,0,0.289737,0.594633,0.749976,-0.312896,0.581635,0.750864,0,0,0,0,0,0,0.894426,0.405522,0.188555,-0.91233,0.367064,0.181431,-0.909151,0.165246,-0.38228,0.90169,0.205246,-0.380564,0.271864,0.962277,-0.010597,-0.328549,0.944403,-0.0125909,0,0,0,0,0,0
000051,0.504971,0.704628,0.505217,30.658,27.9724,42.0414,0.557284,0.751027,0.354109,-0.593221,0.724924,0.350106,0,0,0,0,0,0,0.999778,0.0208456,0.00302865,-0.0322083,0.945026,-0.325405,0,0,0,0.687843,0.688221,-0.230703,-0.724263,0.649738,-0.230832,0.70447,0.251081,0.663838,-0.711684,0.223988,0.665835,-0.0225998,0.902368,0.430374,0,0,0,0.291698,0.594083,0.749652,0,0,0,0,0,0,0,0,0,0.894598,0.405599,0.187573,-0.91233,0.367064,0.181431,-0.909329,0.164262,-0.382281,0.901615,0.204716,-0.381027,0.271861,0.962267,-0.0115968,-0.328547,0.944397,-0.0130908,0,0,0,0,0,0
000052,0.504567,0.704587,0.505281,30.658,27.9724,42.0414,0.557898,0.751011,0.353175,-0.593221,0.724924,0.350106,0,0,0,0,0,0,0.99978,0.0208457,0.0025287,-0.0322083,0.945026,-0.325405,0,0,0,0.688114,0.687787,-0.23119,-0.724349,0.649815,-0.230345,0.705262,0.250832,0.66309,-0.711833,0.223511,0.665835,-0.0225998,0.902368,0.430374,0,0,0,0,0,0,0,0,0,0,0,0,0,0,0,0.894683,0.405638,0.187082,-0.912433,0.366567,0.181923,-0.909616,0.164822,-0.381356,0.901318,0.205162,-0.381489,0.271859,0.962261,-0.0120967,-0.328547,0.944397,-0.0130908,0,0,0,0,0,0
000053,0.505322,0.7047,0.504797,30.658,27.9724,42.0414,0.557177,0.750885,0.354576,-0.593221,0.724924,0.350106,0,0,0,0,0,0,0.999775,0.0208456,0.00402852,-0.0322007,0.9447,-0.32635,0,0,0,0.688278,0.687949,-0.230217,-0.724091,0.649583,-0.231805,0.704804,0.250139,0.663838,-0.711684,0.223988,0.665835,-0.0225961,0.902153,0.430825,0,0,0,0,0,0,-0.310159,0.583943,0.750208,0,0,0,0,0,0,0.894426,0.405522,0.188555,-0.912414,0.367098,0.180939,-0.908952,0.164194,-0.383204,0.90169,0.205246,-0.380564,0.271861,0.962267,-0.0115968,-0.328545,0.944391,-0.0135908,0,0,0,0,0,0
000054,0.505373,0.70522,0.504883,30.658,27.9724,42.0414,0.557472,0.750445,0.355045,-0.593221,0.724924,0.350106,0,0,0,0,0,0,0.999775,0.0208456,0.00402852,-0.0322083,0.945026,-0.325405,0,0,0,0.688007,0.688383,-0.22973,-0.724263,0.649738,-0.230832,0.703676,0.25133,0.664585,-0.711684,0.223988,0.665835,-0.0225924,0.901937,0.431276,0,0,0,0.289737,0.594633,0.749976,-0.313337,0.581399,0.750863,0,0,0,0,0,0,0.894633,0.405067,0.188556,-0.912601,0.366634,0.180939,-0.909052,0.16472,-0.382743,0.901801,0.204758,-0.380565,0.271864,0.962277,-0.010597,-0.328549,0.944403,-0.0125909,0,0,0,0,0,0
000055,0.505221,0.704561,0.504605,30.658,27.9724,42.0414,0.557685,0.750729,0.35411,-0.593221,0.724924,0.350106,0,0,0,0,0,0,0.999775,0.0208456,0.00402852,-0.0322007,0.9447,-0.32635,0,0,0,0.687843,0.688221,-0.230703,-0.724091,0.649583,-0.231805,0.704804,0.250139,0.663838,-0.711833,0.223511,0.665835,-0.0225961,0.902153,0.430825,0,0,0,0,0,0,-0.31219,0.582437,0.750536,0,0,0,0,0,0,0.894719,0.405105,0.188065,-0.912601,0.366634,0.180939,-0.908952,0.164194,-0.383204,0.901615,0.204716,-0.381027,0.271861,0.962267,-0.0115968,-0.328545,0.944391,-0.0135908,0,0,0,0,0,0
000056,0.504552,0.70467,0.504829,30.658,27.9724,42.0414,0.557792,0.75087,0.353643,-0.593,0.724652,0.351042,0,0,0,0,0,0,0.99978,0.0208457,0.0025287,-0.0322007,0.9447,-0.32635,0,0,0,0.688114,0.687787,-0.23119,-0.724015,0.650187,-0.230346,0.704302,0.251552,0.663838,-0.711516,0.223412,0.666208,-0.0225961,0.902153,0.430825,0,0,0,0.291531,0.593747,0.749983,-0.312896,0.581635,0.750864,0,0,0,0,0,0,0.894683,0.405638,0.187082,-0.912161,0.366996,0.182414,-0.909527,0.165314,-0.381356,0.901243,0.204633,-0.381951,0.271861,0.962267,-0.0115968,-0.328549,0.944403,-0.0125909,0,0,0,0,0,0
000057,0.504861,0.705409,0.504842,30.658,27.9724,42.0414,0.557071,0.750744,0.355044,-0.593,0.724652,0.351042,0,0,0,0,0,0,0.999778,0.0208456,0.00302865,-0.0322083,0.945026,-0.325405,0,0,0,0.688278,0.687949,-0.230217,-0.724349,0.649815,-0.230345,0.704637,0.25061,0.663838,-0.711366,0.223889,0.666208,-0.0225887,0.901721,0.431727,0,0,0,0.289737,0.594633,0.749976,0,0,0,0,0,0,0,0,0,0.894512,0.405561,0.188064,-0.912433,0.366567,0.181923,-0.909329,0.164262,-0.382281,0.901429,0.204675,-0.381489,0.271864,0.962277,-0.010597,-0.328551,0.944409,-0.0120909,0,0,0,0,0,0
000058,0.505286,0.704698,0.505429,30.658,27.9724,42.0414,0.557685,0.750729,0.35411,-0.593829,0.724879,0.349168,0,0,0,0,0,0,0.999775,0.0208456,0.00402852,-0.0322083,0.945026,-0.325405,0,0,0,0.68836,0.688029,-0.229731,-0.724177,0.649661,-0.231318,0.70447,0.251081,0.663838,-0.712618,0.223233,0.665089,-0.0225998,0.902368,0.430374,0,0,0,0.291698,0.594083,0.749652,-0.312366,0.582768,0.750206,0,0,0,0,0,0,0.894719,0.405105,0.188065,-0.912498,0.367132,0.180448,-0.90924,0.164754,-0.382281,0.901801,0.204758,-0.380565,0.271861,0.962267,-0.0115968,-0.328545,0.944391,-0.0135908,0,0,0,0,0,0
000059,0.505474,0.704537,0.505472,30.658,27.9724,42.0414,0.557685,0.750729,0.35411,-0.593442,0.725195,0.349169,0,0,0,0,0,0,0.999775,0.0208456,0.00402852,-0.0322083,0.945026,-0.325405,0,0,0,0.68836,0.688029,-0.229731,-0.724091,0.649583,-0.231805,0.70447,0.251081,0.663838,-0.712468,0.22371,0.665088,-0.0226036,0.902583,0.429922,0,0,0,0.291698,0.594083,0.749652,-0.3121,0.583335,0.749876,0,0,0,0,0,0,0.894426,0.405522,0.188555,-0.912498,0.367132,0.180448,-0.909151,0.165246,-0.38228,0.901986,0.2048,-0.380102,0.271861,0.962267,-0.0115968,-0.328545,0.944391,-0.0135908,0,0,0,0,0,0
000060,0.50475,0.704729,0.505193,68.6761,197.27,56.0995,0.549032,0.740248,0.388069,-0.601179,0.697236,0.390443,0,0,0,0,0,0,0.999349,0.0360326,-0.00152244,-0.0480403,0.959657,-0.277039,0,0,0,0.675976,0.709665,-0.198573,-0.735098,0.649958,-0.192834,0.705889,0.226477,0.671139,-0.71077,0.178328,0.680445,-0.032958,0.878828,0.475999,0,0,0,0,0,0,0,0,0,0,0,0,0,0,0,0.889888,0.408732,0.202577,-0.91654,0.343268,0.205233,-0.914176,0.170513,-0.367706,0.895774,0.238519,-0.375096,0.257618,0.965582,0.0358293,-0.342284,0.938864,0.0370824,0,0,0,0,0,0
000061,0.505228,0.705239,0.505403,68.6761,197.27,56.0995,0.548798,0.739937,0.388991,-0.601811,0.697206,0.389522,0,0,0,0,0,0,0.99935,0.0360326,-0.000522557,-0.0480512,0.959933,-0.276078,0,0,0,0.676114,0.709807,-0.197593,-0.735026,0.649894,-0.193324,0.704944,0.227224,0.67188,-0.7111,0.178411,0.680078,-0.032951,0.87859,0.476438,0,0,0,0,0,0,0,0,0,0,0,0,0,0,0,0.889703,0.408648,0.203556,-0.916732,0.34334,0.204254,-0.913995,0.170479,-0.368171,0.896265,0.238132,-0.37417,0.257613,0.965565,0.0363289,-0.342284,0.938864,0.0370824,0,0,0,0,0,0
000062,0.505024,0.705109,0.504618,68.6761,197.27,56.0995,0.548798,0.739937,0.388991,-0.601557,0.69691,0.390443,0,0,0,0,0,0,0.99935,0.0360326,-0.00102249,-0.0480512,0.959933,-0.276078,0,0,0,0.676045,0.709736,-0.198083,-0.735026,0.649894,-0.193324,0.70525,0.226272,0.67188,-0.711013,0.177358,0.680445,-0.0329439,0.878352,0.476878,0,0,0,0,0,0,0,0,0,0,0,0,0,0,0,0.889703,0.408648,0.203556,-0.91654,0.343268,0.205233,-0.913903,0.170971,-0.368171,0.895903,0.238036,-0.375097,0.257613,0.965565,0.0363289,-0.342284,0.938864,0.0370824,-0.344144,0.770761,-0.536183,0,0,0
000063,0.505359,0.704783,0.505175,68.6761,197.27,56.0995,0.548798,0.739937,0.388991,-0.601811,0.697206,0.389522,0,0,0,0,0,0,0.99935,0.0360326,-0.000522557,-0.0480403,0.959657,-0.277039,0,0,0,0.676407,0.709391,-0.198084,-0.734954,0.64983,-0.193815,0.704944,0.227224,0.67188,-0.7111,0.178411,0.680078,-0.032958,0.878828,0.475999,0,0,0,0,0,0,0,0,0,0,0,0,0,0,0,0.889703,0.408648,0.203556,-0.916732,0.34334,0.204254,-0.913814,0.170446,-0.368636,0.896136,0.238615,-0.374169,0.257613,0.965565,0.0363289,-0.342291,0.938882,0.0365827,-0.344144,0.770761,-0.536183,0,0,0
000064,0.50546,0.704622,0.505354,68.6761,197.27,56.0995,0.548798,0.739937,0.388991,-0.601433,0.697532,0.389522,0,0,0,0,0,0,0.999332,0.0365323,-2.26258e-05,-0.0480403,0.959657,-0.277039,0,0,0,0.676407,0.709391,-0.198084,-0.735212,0.649391,-0.194305,0.704944,0.227224,0.67188,-0.711551,0.178008,0.679712,-0.032965,0.879066,0.475559,0,0,0,0,0,0,0,0,0,0,0,0,0,0,0,0.889703,0.408648,0.203556,-0.917003,0.342907,0.203765,-0.913724,0.16992,-0.369101,0.896265,0.238132,-0.37417,0.257613,0.965565,0.0363289,-0.342297,0.938899,0.0360831,-0.344144,0.770761,-0.536183,0,0,0
000065,0.505202,0.705275,0.505468,68.6761,197.27,56.0995,0.548798,0.739937,0.388991,-0.601811,0.697206,0.389522,0,0,0,0,0,0,0.99935,0.0360326,-0.000522557,-0.0480512,0.959933,-0.276078,0,0,0,0.676114,0.709807,-0.197593,-0.735357,0.64952,-0.193324,0.704791,0.2277,0.67188,-0.711672,0.177523,0.679712,-0.032951,0.87859,0.476438,0,0,0,0,0,0,0,0,0,0,0,0,0,0,0,0.889703,0.408648,0.203556,-0.916732,0.34334,0.204254,-0.913995,0.170479,-0.368171,0.896265,0.238132,-0.37417,0.257609,0.965547,0.0368285,-0.342278,0.938847,0.037582,-0.343901,0.771454,-0.535341,0,0,0
000066,0.505369,0.704683,0.504931,68.6761,197.27,56.0995,0.548798,0.739937,0.388991,-0.601811,0.697206,0.389522,0,0,0,0,0,0,0.99935,0.0360326,-0.000522557,-0.0480403,0.959657,-0.277039,0,0,0,0.676407,0.709391,-0.198084,-0.734954,0.64983,-0.193815,0.70525,0.226272,0.67188,-0.711221,0.177926,0.680078,-0.032958,0.878828,0.475999,0,0,0,0,0,0,0,0,0,0,0,0,0,0,0,0.889402,0.40906,0.204045,-0.916732,0.34334,0.204254,-0.913724,0.16992,-0.369101,0.896084,0.238084,-0.374633,0.257613,0.965565,0.0363289,-0.342291,0.938882,0.0365827,0,0,0,0,0,0
000067,0.505189,0.705064,0.50468,68.6761,197.27,56.0995,0.548681,0.739782,0.389451,-0.601557,0.69691,0.390443,0,0,0,0,0,0,0.99935,0.0360326,-0.000522557,-0.0480512,0.959933,-0.276078,0,0,0,0.676407,0.709391,-0.198084,-0.734954,0.64983,-0.193815,0.70525,0.226272,0.67188,-0.710891,0.177843,0.680445,-0.0329439,0.878352,0.476878,0,0,0,0,0,0,0,0,0,0,0,0,0,0,0,0.889402,0.40906,0.204045,-0.916812,0.342836,0.204744,-0.913814,0.170446,-0.368636,0.895955,0.238567,-0.374633,0.257613,0.965565,0.0363289,-0.342284,0.938864,0.0370824,-0.344144,0.770761,-0.536183,0,0,0
000068,0.504977,0.704744,0.505435,68.6761,197.27,56.0995,0.549032,0.740248,0.388069,-0.601811,0.697206,0.389522,0,0,0,0,0,0,0.99935,0.0360326,-0.00102249,-0.0480458,0.959795,-0.276558,0,0,0,0.676338,0.70932,-0.198573,-0.735026,0.649894,-0.193324,0.705889,0.226477,0.671139,-0.7111,0.178411,0.680078,-0.032958,0.878828,0.475999,0,0,0,0,0,0,0,0,0,0,0,0,0,0,0,0.889587,0.409145,0.203066,-0.916812,0.342836,0.204744,-0.914086,0.169988,-0.368171,0.895955,0.238567,-0.374633,0.257613,0.965565,0.0363289,-0.342284,0.938864,0.0370824,-0.344251,0.771006,-0.535761,0,0,0
000069,0.505494,0.705199,0.505488,68.6761,197.27,56.0995,0.548798,0.739937,0.388991,-0.601811,0.697206,0.389522,0,0,0,0,0,0,0.999351,0.0360326,-2.26258e-05,-0.0480512,0.959933,-0.276078,0,0,0,0.676183,0.709878,-0.197103,-0.734954,0.64983,-0.193815,0.704944,0.227224,0.67188,-0.711551,0.178008,0.679712,-0.032958,0.878828,0.475999,0,0,0,0,0,0,0,0,0,0,0,0,0,0,0,0.889402,0.40906,0.204045,-0.917003,0.342907,0.203765,-0.913814,0.170446,-0.368636,0.896317,0.238663,-0.373706,0.257609,0.965547,0.0368285,-0.342284,0.938864,0.0370824,-0.344251,0.771006,-0.535761,0,0,0
000070,0.504965,0.705105,0.505287,305.563,21.1492,114.889,0.492389,0.803985,0.33341,-0.64963,0.664117,0.37004,0,0,0,0,0,0,0.992196,0.120651,-0.0314823,-0.138027,0.93571,-0.324646,0,0,0,0.607164,0.752639,-0.254729,-0.792932,0.573495,-0.205819,0.699714,0.321571,0.637959,-0.706546,0.154397,0.690618,-0.0968548,0.897422,0.430409,0,0,0,0.25724,0.62299,0.738722,0,0,0,0,0,0,0,0,0,0.855738,0.49331,0.156071,-0.937406,0.275427,0.213095,-0.933871,0.0720792,-0.350269,0.862552,0.292493,-0.412859,0.173893,0.984519,-0.0219821,-0.42121,0.90696,-0.00226468,-0.423084,0.70785,-0.565639,0,0,0
000071,0.504705,0.705221,0.504769,305.563,21.1492,114.889,0.4923,0.803843,0.333881,-0.649372,0.663851,0.370969,0,0,0,0,0,0,0.99224,0.120153,-0.031982,-0.138027,0.93571,-0.324646,0,0,0,0.607083,0.75254,-0.255212,-0.792932,0.573495,-0.205819,0.698716,0.322213,0.638729,-0.705765,0.154738,0.691341,-0.0968334,0.897208,0.43086,0,0,0,0.257558,0.622457,0.739061,-0.341561,0.551045,0.761371,0,0,0,0,0,0,0.856055,0.492916,0.155578,-0.937445,0.274917,0.213584,-0.93391,0.0715807,-0.350269,0.86232,0.291888,-0.41377,0.173893,0.984519,-0.0219821,-0.42121,0.90696,-0.00226468,-0.423084,0.70785,-0.565639,0,0,0
000072,0.504859,0.704517,0.5048,305.563,21.1492,114.889,0.492389,0.803985,0.33341,-0.64963,0.664117,0.37004,0,0,0,0,0,0,0.99224,0.120153,-0.031982,-0.137983,0.935388,-0.325592,0,0,0,0.607002,0.752441,-0.255696,-0.792556,0.57384,-0.206308,0.699714,0.321571,0.637959,-0.706209,0.154323,0.69098,-0.0968762,0.897636,0.429958,0,0,0,0.25724,0.62299,0.738722,0,0,0,0,0,0,0,0,0,0.855805,0.493349,0.155577,-0.937406,0.275427,0.213095,-0.933871,0.0720792,-0.350269,0.86232,0.291888,-0.41377,0.173889,0.984497,-0.0229817,-0.421209,0.906958,-0.00326465,-0.422081,0.708116,-0.566055,0,0,0
000073,0.505358,0.704873,0.504894,305.563,21.1492,114.889,0.491786,0.803962,0.334351,-0.64963,0.664117,0.37004,0,0,0,0,0,0,0.992271,0.120157,-0.0309826,-0.137983,0.935388,-0.325592,0,0,0,0.607164,0.752639,-0.254729,-0.792765,0.573374,-0.206797,0.698716,0.322213,0.638729,-0.706546,0.154397,0.690618,-0.0968548,0.897422,0.430409,0,0,0,0.256778,0.623183,0.738721,0,0,0,0,0,0,0,0,0,0.855919,0.492838,0.156565,-0.93761,0.275487,0.212118,-0.933522,0.0720524,-0.351206,0.862712,0.29202,-0.412859,0.173893,0.984519,-0.0219821,-0.421209,0.906958,-0.00326465,-0.423228,0.707107,-0.566461,0,0,0
000074,0.504605,0.705221,0.505036,305.563,21.1492,114.889,0.492389,0.803985,0.33341,-0.649372,0.663851,0.370969,0,0,0,0,0,0,0.992284,0.119655,-0.0324816,-0.138027,0.93571,-0.324646,0,0,0,0.607083,0.75254,-0.255212,-0.793015,0.573556,-0.205329,0.699714,0.321571,0.637959,-0.706209,0.154323,0.69098,-0.0968334,0.897208,0.43086,0,0,0,0,0,0,-0.338551,0.553787,0.760725,0,0,0,0,0,0,0.855805,0.493349,0.155577,-0.937445,0.274917,0.213584,-0.934182,0.0726045,-0.349332,0.86232,0.291888,-0.41377,0.173893,0.984519,-0.0219821,-0.42121,0.906961,-0.0017647,-0.422367,0.708604,-0.565231,0,0,0
000075,0.505082,0.704691,0.505137,305.563,21.1492,114.889,0.492389,0.803985,0.33341,-0.64963,0.664117,0.37004,0,0,0,0,0,0,0.992256,0.120155,-0.0314823,-0.137983,0.935388,-0.325592,0,0,0,0.607083,0.75254,-0.255212,-0.792556,0.57384,-0.206308,0.699714,0.321571,0.637959,-0.706546,0.154397,0.690618,-0.0968762,0.897636,0.429958,0,0,0,0.257701,0.622798,0.738724,-0.341108,0.552218,0.760724,0,0,0,0,0,0,0.855738,0.49331,0.156071,-0.937649,0.274977,0.212607,-0.933833,0.0725777,-0.350269,0.862552,0.292493,-0.412859,0.173891,0.984508,-0.0224819,-0.421209,0.906958,-0.00326465,-0.422941,0.707606,-0.566051,0,0,0
000076,0.505314,0.7051,0.504801,305.563,21.1492,114.889,0.492212,0.803701,0.334352,-0.64963,0.664117,0.37004,0,0,0,0,0,0,0.992271,0.120157,-0.0309826,-0.137983,0.935388,-0.325592,0,0,0,0.607553,0.752324,-0.25473,-0.792765,0.573374,-0.206797,0.698925,0.321759,0.638729,-0.706546,0.154397,0.690618,-0.0968334,0.897208,0.43086,0,0,0,0.257558,0.622457,0.739061,0,0,0,0,0,0,0,0,0,0.855919,0.492838,0.156565,-0.937508,0.275457,0.212607,-0.93356,0.0715539,-0.351206,0.862712,0.29202,-0.412859,0.173893,0.984519,-0.0219821,-0.42121,0.90696,-0.00226468,-0.423658,0.706851,-0.566459,0,0,0
000077,0.504655,0.705184,0.505364,305.563,21.1492,114.889,0.492389,0.803985,0.33341,-0.649372,0.663851,0.370969,0,0,0,0,0,0,0.99224,0.120153,-0.031982,-0.138027,0.93571,-0.324646,0,0,0,0.607083,0.75254,-0.255212,-0.793015,0.573556,-0.205329,0.699296,0.32248,0.637959,-0.706102,0.154812,0.69098,-0.0968548,0.897422,0.430409,0,0,0,0.258163,0.622606,0.738725,0,0,0,0,0,0,0,0,0,0.855805,0.493349,0.155577,-0.937304,0.275397,0.213584,-0.934182,0.0726045,-0.349332,0.862516,0.291954,-0.413314,0.173893,0.984519,-0.0219821,-0.420757,0.907172,-0.00176471,-0.423944,0.707339,-0.565635,0,0,0
000078,0.505039,0.705402,0.504911,305.563,21.1492,114.889,0.492212,0.803701,0.334352,-0.649372,0.663851,0.370969,0,0,0,0,0,0,0.992256,0.120155,-0.0314823,-0.138027,0.93571,-0.324646,0,0,0,0.607553,0.752324,-0.25473,-0.792932,0.573495,-0.205819,0.698716,0.322213,0.638729,-0.706102,0.154812,0.69098,-0.0968334,0.897208,0.43086,0,0,0,0.257558,0.622457,0.739061,-0.340909,0.551893,0.761049,0,0,0,0,0,0,0.85567,0.493271,0.156565,-0.937406,0.275427,0.213095,-0.933833,0.0725777,-0.350269,0.862552,0.292493,-0.412859,0.173895,0.98453,-0.0214823,-0.42121,0.90696,-0.00226468,-0.423084,0.70785,-0.565639,0,0,0
000079,0.505328,0.705207,0.505217,305.563,21.1492,114.889,0.492212,0.803701,0.334352,-0.64963,0.664117,0.37004,0,0,0,0,0,0,0.992271,0.120157,-0.0309826,-0.138027,0.93571,-0.324646,0,0,0,0.607245,0.752737,-0.254245,-0.792556,0.57384,-0.206308,0.698716,0.322213,0.638729,-0.70644,0.154885,0.690618,-0.0968334,0.897208,0.43086,0,0,0,0,0,0,0,0,0,0,0,0,0,0,0,0.855919,0.492838,0.156565,-0.93761,0.275487,0.212118,-0.933697,0.0720658,-0.350738,0.862907,0.292086,-0.412404,0.173895,0.98453,-0.0214823,-0.42121,0.90696,-0.00226468,-0.422654,0.708105,-0.565641,0,0,0
000080,0.504615,0.705344,0.504819,110.812,333.295,260.386,0.503502,0.761393,0.408369,-0.639997,0.635571,0.431802,-0.643671,0.353801,-0.67861,0.52568,0.489069,-0.69604,0.993906,0.108422,-0.0199092,-0.122807,0.964118,-0.235361,0,0,0,0.61889,0.763987,-0.182481,-0.78367,0.602529,-0.151061,0.702491,0.250101,0.6663,0,0,0,-0.0842361,0.854142,0.513172,0,0,0,0,0,0,0,0,0,0,0,0,0,0,0,0.862421,0.463998,0.202325,-0.933921,0.266965,0.237744,-0.932126,0.119348,-0.341902,0.867452,0.317573,-0.382981,0.188794,0.979407,0.0715452,-0.40727,0.909511,0.0831973,-0.410571,0.765136,-0.495982,0,0,0
000081,0.505358,0.705245,0.504972,110.812,333.295,260.386,0.503919,0.761117,0.40837,-0.641312,0.63547,0.429996,-0.644279,0.351282,-0.679342,0.520976,0.493563,-0.696405,0.993934,0.108425,-0.0184097,-0.122807,0.964118,-0.235361,0,0,0,0.618617,0.764442,-0.181497,-0.78355,0.602436,-0.152049,0.702826,0.249159,0.6663,0,0,0,-0.0842361,0.854142,0.513172,0,0,0,0,0,0,0,0,0,0,0,0,0,0,0,0.862242,0.463903,0.203304,-0.934125,0.267544,0.236287,-0.931787,0.119304,-0.342841,0.867819,0.318239,-0.381595,0.188794,0.979407,0.0715452,-0.407286,0.909549,0.082699,-0.410781,0.764461,-0.496849,0,0,0
000082,0.504712,0.704612,0.504723,110.812,333.295,260.386,0.504146,0.761456,0.407457,-0.640655,0.635521,0.430899,-0.644519,0.350843,-0.679341,0.524313,0.490527,-0.696045,0.993906,0.108422,-0.0199092,-0.12278,0.963884,-0.236332,0,0,0,0.618443,0.764231,-0.182971,-0.78355,0.602436,-0.152049,0.702491,0.250101,0.6663,0,0,0,-0.0842592,0.854398,0.512742,0,0,0,0,0,0,0,0,0,0,0,0,0,0,0,0.86251,0.464046,0.201835,-0.933897,0.267479,0.237258,-0.931913,0.118313,-0.342841,0.867272,0.317507,-0.383443,0.188808,0.979477,0.0705478,-0.407303,0.909586,0.0822007,-0.41034,0.764697,-0.49685,0,0,0
000083,0.505177,0.704859,0.505002,110.812,333.295,260.386,0.503502,0.761393,0.408369,-0.64096,0.635825,0.429997,-0.644519,0.350843,-0.679341,0.526022,0.488704,-0.696039,0.993925,0.108424,-0.0189095,-0.122807,0.964118,-0.235361,0,0,0,0.618559,0.764372,-0.181988,-0.78355,0.602436,-0.152049,0.702826,0.249159,0.6663,0,0,0,-0.0842592,0.854398,0.512742,0,0,0,0,0,0,0,0,0,0,0,0,0,0,0,0.862332,0.463951,0.202814,-0.934262,0.267063,0.236287,-0.93185,0.118809,-0.342841,0.867632,0.317638,-0.38252,0.188808,0.979477,0.0705478,-0.407303,0.909586,0.0822007,-0.410781,0.764461,-0.496849,0,0,0
000084,0.504918,0.705127,0.505283,110.812,333.295,260.386,0.503616,0.761563,0.407913,-0.640655,0.635521,0.430899,-0.643912,0.353363,-0.67861,0.515941,0.494313,-0.699613,0.993915,0.108423,-0.0194093,-0.122807,0.964118,-0.235361,0,0,0,0.618559,0.764372,-0.181988,-0.78361,0.602483,-0.151555,0.702491,0.250101,0.6663,0,0,0,-0.0842592,0.854398,0.512742,0,0,0,0,0,0,0,0,0,0,0,0,0,0,0,0.862658,0.463558,0.202325,-0.933897,0.267479,0.237258,-0.932126,0.119348,-0.341902,0.867632,0.317638,-0.38252,0.188808,0.979477,0.0705478,-0.407286,0.909549,0.082699,-0.41013,0.765372,-0.495984,0,0,0
000085,0.505392,0.705014,0.505262,110.812,333.295,260.386,0.503502,0.761393,0.408369,-0.64096,0.635825,0.429997,-0.644519,0.350843,-0.679341,0.519365,0.492732,-0.698194,0.993934,0.108425,-0.0184097,-0.122807,0.964118,-0.235361,0,0,0,0.618617,0.764442,-0.181497,-0.78355,0.602436,-0.152049,0.702826,0.249159,0.6663,0,0,0,-0.0842592,0.854398,0.512742,0,0,0,0,0,0,0,0,0,0,0,0,0,0,0,0.862569,0.46351,0.202814,-0.934125,0.267544,0.236287,-0.931787,0.119304,-0.342841,0.867819,0.318239,-0.381595,0.188801,0.979442,0.0710465,-0.407303,0.909586,0.0822007,-0.410014,0.765152,-0.496418,0,0,0
000086,0.50499,0.704503,0.505016,110.812,333.295,260.386,0.50373,0.761732,0.407456,-0.64096,0.635825,0.429997,-0.644519,0.350843,-0.679341,0.52568,0.489069,-0.69604,0.993915,0.108423,-0.0194093,-0.12278,0.963884,-0.236332,0,0,0,0.618501,0.764302,-0.18248,-0.78355,0.602436,-0.152049,0.702491,0.250101,0.6663,0,0,0,-0.0842823,0.854653,0.512313,0,0,0,0,0,0,0,0,0,0,0,0,0,0,0,0.862747,0.463606,0.201835,-0.934011,0.267511,0.236772,-0.93185,0.118809,-0.342841,0.86746,0.318108,-0.382519,0.188808,0.979477,0.0705478,-0.407319,0.909624,0.0817024,-0.41034,0.764697,-0.49685,0,0,0
000087,0.505215,0.704546,0.505143,110.812,333.295,260.386,0.504146,0.761456,0.407457,-0.64096,0.635825,0.429997,-0.644519,0.350843,-0.679341,0.526022,0.488704,-0.696039,0.993925,0.108424,-0.0189095,-0.12278,0.963884,-0.236332,0,0,0,0.618501,0.764302,-0.18248,-0.78349,0.60239,-0.152543,0.702659,0.24963,0.6663,0,0,0,-0.0842823,0.854653,0.512313,0,0,0,0,0,0,0,0,0,0,0,0,0,0,0,0.862658,0.463558,0.202325,-0.934125,0.267544,0.236287,-0.93185,0.118809,-0.342841,0.867632,0.317638,-0.38252,0.188808,0.979477,0.0705478,-0.407319,0.909624,0.0817024,-0.41034,0.764697,-0.49685,0,0,0
000088,0.504643,0.704676,0.505184,110.812,333.295,260.386,0.50373,0.761732,0.407456,-0.640655,0.635521,0.430899,-0.643912,0.353363,-0.67861,0.52568,0.489069,-0.69604,0.993906,0.108422,-0.0199092,-0.122794,0.964001,-0.235847,0,0,0,0.618443,0.764231,-0.182971,-0.78361,0.602483,-0.151555,0.703454,0.249381,0.665554,0,0,0,-0.0842823,0.854653,0.512313,0,0,0,0,0,0,0,0,0,0,0,0,0,0,0,0.862836,0.463653,0.201346,-0.933897,0.267479,0.237258,-0.93219,0.118852,-0.341902,0.867452,0.317573,-0.382981,0.188808,0.979477,0.0705478,-0.407303,0.909586,0.0822007,-0.409688,0.765607,-0.495986,0,0,0
000089,0.504862,0.705158,0.504843,110.812,333.295,260.386,0.503502,0.761393,0.408369,-0.640655,0.635521,0.430899,-0.643855,0.352761,-0.678977,0.52568,0.489069,-0.69604,0.993915,0.108423,-0.0194093,-0.122807,0.964118,-0.235361,0,0,0,0.61889,0.763987,-0.182481,-0.78361,0.602483,-0.151555,0.702826,0.249159,0.6663,0,0,0,-0.0842361,0.854142,0.513172,0,0,0,0,0,0,0,0,0,0,0,0,0,0,0,0.862658,0.463558,0.202325,-0.933897,0.267479,0.237258,-0.931913,0.118313,-0.342841,0.86746,0.318108,-0.382519,0.188801,0.979442,0.0710465,-0.407286,0.909549,0.082699,-0.409688,0.765607,-0.495986,0,0,0
000090,0.504853,0.704954,0.505368,346.507,319.623,240.844,0.464615,0.793283,0.393491,-0.669025,0.597302,0.442308,-0.680198,0.306988,-0.665649,0,0,0,0.984642,0.169442,-0.0420681,-0.187618,0.95333,-0.236561,0,0,0,0.565626,0.800194,-0.199391,-0.822448,0.552174,-0.136685,0.700803,0.295792,0.649139,0,0,0,-0.125282,0.850424,0.510963,0,0,0,0,0,0,0,0,0,0,0,0,0,0,0,0.83668,0.516969,0.180858,-0.943253,0.210655,0.256708,-0.944941,0.0594383,-0.321798,0.837423,0.368747,-0.403422,0.129303,0.989629,0.0625673,-0.460808,0.883158,0.0876767,-0.468498,0.735041,-0.490127,0,0,0
000091,0.505009,0.705056,0.504933,346.507,319.623,240.844,0.464515,0.793114,0.39395,-0.669025,0.597302,0.442308,-0.679164,0.309264,-0.665652,0,0,0,0.984663,0.169446,-0.0415686,-0.187596,0.953214,-0.237047,0,0,0,0.565684,0.800275,-0.198901,-0.82217,0.552589,-0.136685,0.700698,0.295205,0.64952,0,0,0,-0.125247,0.850171,0.511393,0,0,0,0,0,0,0,0,0,0,0,0,0,0,0,0.836603,0.516922,0.18135,-0.943253,0.210655,0.256708,-0.94465,0.0589192,-0.322745,0.837423,0.368747,-0.403422,0.129303,0.989629,0.0625673,-0.460808,0.883158,0.0876767,-0.467653,0.735576,-0.490131,0,0,0
000092,0.504509,0.705346,0.504532,346.507,319.623,240.844,0.464946,0.79286,0.393952,-0.668695,0.597006,0.443205,-0.679578,0.308354,-0.665651,0,0,0,0.984621,0.169438,-0.0425676,-0.187639,0.953446,-0.236075,0,0,0,0.565626,0.800194,-0.199391,-0.822505,0.552212,-0.13619,0.701192,0.29487,0.649139,0,0,0,-0.125176,0.849664,0.512252,0,0,0,0,0,0,0,0,0,0,0,0,0,0,0,0.83668,0.516969,0.180858,-0.94311,0.210111,0.257675,-0.944941,0.0594383,-0.321798,0.837053,0.368585,-0.404337,0.129299,0.989598,0.0630663,-0.460768,0.88308,0.0886728,-0.468498,0.735041,-0.490127,0,0,0
000093,0.505302,0.70535,0.504541,346.507,319.623,240.844,0.464313,0.792775,0.394869,-0.669025,0.597302,0.442308,-0.679592,0.306712,-0.666395,0,0,0,0.984683,0.169449,-0.0410691,-0.187639,0.953446,-0.236075,0,0,0,0.565742,0.800355,-0.198411,-0.822392,0.552135,-0.13718,0.700399,0.295079,0.6499,0,0,0,-0.125211,0.849918,0.511823,0,0,0,0,0,0,0,0,0,0,0,0,0,0,0,0.836185,0.517252,0.182333,-0.943253,0.210655,0.256708,-0.944588,0.0599172,-0.322745,0.837607,0.368828,-0.402964,0.129294,0.989567,0.0635652,-0.460788,0.883119,0.0881747,-0.467231,0.735843,-0.490132,0,0,0
000094,0.505373,0.705152,0.505293,346.507,319.623,240.844,0.464515,0.793114,0.39395,-0.669025,0.597302,0.442308,-0.679164,0.309264,-0.665652,0,0,0,0.984683,0.169449,-0.0410691,-0.187639,0.953446,-0.236075,0,0,0,0.565742,0.800355,-0.198411,-0.822392,0.552135,-0.13718,0.699816,0.296461,0.649899,0,0,0,-0.125247,0.850171,0.511393,0,0,0,0,0,0,0,0,0,0,0,0,0,0,0,0.836526,0.516874,0.181841,-0.943611,0.210223,0.255742,-0.944619,0.0594182,-0.322745,0.83759,0.369366,-0.402506,0.129303,0.989629,0.0625673,-0.460808,0.883158,0.0876767,-0.468076,0.735309,-0.490129,0,0,0
000095,0.504798,0.704864,0.505379,346.507,319.623,240.844,0.465147,0.793198,0.393032,-0.669025,0.597302,0.442308,-0.679466,0.309402,-0.665279,0,0,0,0.984557,0.169935,-0.0420681,-0.187618,0.95333,-0.236561,0,0,0,0.565626,0.800194,-0.199391,-0.822448,0.552174,-0.136685,0.700609,0.296253,0.649139,0,0,0,-0.125282,0.850424,0.510963,0,0,0,0,0,0,0,0,0,0,0,0,0,0,0,0.836417,0.517394,0.180858,-0.943253,0.210655,0.256708,-0.944941,0.0594383,-0.321798,0.837221,0.369205,-0.403421,0.129303,0.989629,0.0625673,-0.460808,0.883158,0.0876767,-0.468498,0.735041,-0.490127,0,0,0
000096,0.505207,0.704719,0.505174,346.507,319.623,240.844,0.465046,0.793029,0.393492,-0.669189,0.597449,0.44186,-0.679164,0.309264,-0.665652,0,0,0,0.984663,0.169446,-0.0415686,-0.187596,0.953214,-0.237047,0,0,0,0.566034,0.799905,-0.199392,-0.822392,0.552135,-0.13718,0.700998,0.295331,0.649139,0,0,0,-0.125282,0.850424,0.510963,0,0,0,0,0,0,0,0,0,0,0,0,0,0,0,0.836603,0.516922,0.18135,-0.943378,0.210683,0.256225,-0.944619,0.0594182,-0.322745,0.837607,0.368828,-0.402964,0.129303,0.989629,0.0625673,-0.460828,0.883197,0.0871786,-0.467231,0.735843,-0.490132,0,0,0
000097,0.504554,0.704859,0.505221,346.507,319.623,240.844,0.465147,0.793198,0.393032,-0.669025,0.597302,0.442308,-0.679674,0.308947,-0.665279,0,0,0,0.984621,0.169438,-0.0425676,-0.187618,0.95333,-0.236561,0,0,0,0.565626,0.800194,-0.199391,-0.822505,0.552212,-0.13619,0.700609,0.296253,0.649139,0,0,0,-0.125247,0.850171,0.511393,0,0,0,0,0,0,0,0,0,0,0,0,0,0,0,0.836757,0.517016,0.180366,-0.943002,0.210599,0.257675,-0.944972,0.0589393,-0.321798,0.837221,0.369205,-0.403421,0.129303,0.989629,0.0625673,-0.460788,0.883119,0.0881747,-0.468498,0.735041,-0.490127,0,0,0
000098,0.504786,0.705266,0.504697,346.507,319.623,240.844,0.464946,0.79286,0.393952,-0.668695,0.597006,0.443205,-0.679371,0.308809,-0.665652,0,0,0,0.984642,0.169442,-0.0420681,-0.187639,0.953446,-0.236075,0,0,0,0.566034,0.799905,-0.199392,-0.822505,0.552212,-0.13619,0.70001,0.296,0.649899,0,0,0,-0.125211,0.849918,0.511823,0,0,0,0,0,0,0,0,0,0,0,0,0,0,0,0.83634,0.517347,0.181349,-0.943002,0.210599,0.257675,-0.944909,0.0599373,-0.321798,0.837221,0.369205,-0.403421,0.129299,0.989598,0.0630663,-0.460768,0.88308,0.0886728,-0.468076,0.735309,-0.490129,0,0,0
000099,0.50513,0.705256,0.505238,346.507,319.623,240.844,0.464515,0.793114,0.39395,-0.669025,0.597302,0.442308,-0.679785,0.307899,-0.665651,0,0,0,0.984663,0.169446,-0.0415686,-0.187639,0.953446,-0.236075,0,0,0,0.565742,0.800355,-0.198411,-0.82217,0.552589,-0.136685,0.700998,0.295331,0.649139,0,0,0,-0.125247,0.850171,0.511393,0,0,0,0,0,0,0,0,0,0,0,0,0,0,0,0.836263,0.517299,0.181841,-0.943253,0.210655,0.256708,-0.94465,0.0589192,-0.322745,0.83759,0.369366,-0.402506,0.129299,0.989598,0.0630663,-0.460788,0.883119,0.0881747,-0.468498,0.735041,-0.490127,0,0,0
000100,0.504749,0.705326,0.505393,132.111,1.77804,83.326,0.53147,0.775846,0.340005,-0.617243,0.703024,0.353226,0,0,0,0,0,0,0.998002,0.0621391,-0.0114184,-0.0757615,0.940132,-0.332284,0,0,0,0.655765,0.714039,-0.245193,-0.753313,0.618112,-0.224626,0.703116,0.285138,0.651402,-0.710517,0.200334,0.67456,-0.0533345,0.904057,0.424072,0,0,0,0.278228,0.61118,0.740977,-0.323255,0.576795,0.750209,0,0,0,0,0,0,0.879767,0.443316,0.171699,-0.92385,0.331065,0.192088,-0.920725,0.123838,-0.370039,0.886877,0.238188,-0.395874,0.231898,0.972489,-0.0221203,-0.367178,0.930028,-0.0151001,0,0,0,0,0,0
000101,0.504863,0.705033,0.505164,132.111,1.77804,83.326,0.53147,0.775846,0.340005,-0.617243,0.703024,0.353226,0,0,0,0,0,0,0.998033,0.0616401,-0.0114184,-0.0757615,0.940132,-0.332284,0,0,0,0.655682,0.71395,-0.245678,-0.753543,0.617654,-0.225113,0.703116,0.285138,0.651402,-0.710517,0.200334,0.67456,-0.0533345,0.904057,0.424072,0,0,0,0.277319,0.611597,0.740975,-0.323255,0.576795,0.750209,0,0,0,0,0,0,0.879767,0.443316,0.171699,-0.92385,0.331065,0.192088,-0.920659,0.124334,-0.370039,0.886877,0.238188,-0.395874,0.231892,0.972467,-0.0231199,-0.367178,0.930028,-0.0151001,0,0,0,0,0,0
000102,0.505352,0.705242,0.505178,132.111,1.77804,83.326,0.530863,0.775849,0.340944,-0.617243,0.703024,0.353226,0,0,0,0,0,0,0.998044,0.0616407,-0.0104186,-0.0757615,0.940132,-0.332284,0,0,0,0.655849,0.714129,-0.244708,-0.753139,0.617969,-0.2256,0.702323,0.285357,0.65216,-0.710842,0.200425,0.674191,-0.0533345,0.904057,0.424072,0,0,0,0.276864,0.611805,0.740973,0,0,0,0,0,0,0,0,0,0.879613,0.443239,0.172684,-0.92403,0.331129,0.191107,-0.920291,0.124285,-0.370968,0.887198,0.237756,-0.395415,0.231898,0.972489,-0.0221203,-0.367175,0.930021,-0.0156,0,0,0,0,0,0
000103,0.505456,0.704817,0.50482,132.111,1.77804,83.326,0.530863,0.775849,0.340944,-0.617851,0.70296,0.35229,0,0,0,0,0,0,0.998075,0.0611417,-0.0104186,-0.0757384,0.9398,-0.333227,0,0,0,0.655765,0.714039,-0.245193,-0.753282,0.617439,-0.226574,0.702511,0.284894,0.652161,-0.710977,0.199943,0.674191,-0.0533345,0.904057,0.424072,0,0,0,0.275955,0.61222,0.74097,0,0,0,0,0,0,0,0,0,0.879613,0.443239,0.172684,-0.92403,0.331129,0.191107,-0.920224,0.12478,-0.370968,0.887068,0.238239,-0.395414,0.231892,0.972467,-0.0231199,-0.367172,0.930014,-0.0160999,0,0,0,0,0,0
000104,0.504575,0.705327,0.505003,132.111,1.77804,83.326,0.53147,0.775846,0.340005,-0.61701,0.702757,0.354162,0,0,0,0,0,0,0.998027,0.0616397,-0.0119183,-0.0757615,0.940132,-0.332284,0,0,0,0.655682,0.71395,-0.245678,-0.75363,0.617726,-0.224626,0.703116,0.285138,0.651402,-0.710193,0.200242,0.674929,-0.0533236,0.903845,0.424525,0,0,0,0,0,0,-0.325069,0.574917,0.750866,0,0,0,0,0,0,0.880069,0.442907,0.171207,-0.923928,0.330562,0.192579,-0.920725,0.123838,-0.370039,0.886686,0.238137,-0.396333,0.231895,0.972478,-0.0226201,-0.367178,0.930028,-0.0151001,0,0,0,0,0,0
000105,0.505302,0.705196,0.505168,132.111,1.77804,83.326,0.530863,0.775849,0.340944,-0.617243,0.703024,0.353226,0,0,0,0,0,0,0.998013,0.0621398,-0.0104186,-0.0757615,0.940132,-0.332284,0,0,0,0.655849,0.714129,-0.244708,-0.753139,0.617969,-0.2256,0.703001,0.284552,0.651782,-0.710842,0.200425,0.674191,-0.0533345,0.904057,0.424072,0,0,0,0.276864,0.611805,0.740973,0,0,0,0,0,0,0,0,0,0.879613,0.443239,0.172684,-0.92403,0.331129,0.191107,-0.920358,0.123789,-0.370968,0.887068,0.238239,-0.395414,0.231898,0.972489,-0.0221203,-0.367175,0.930021,-0.0156,0,0,0,0,0,0
000106,0.504515,0.705283,0.505411,132.111,1.77804,83.326,0.531057,0.776128,0.340004,-0.617503,0.702561,0.353693,0,0,0,0,0,0,0.998027,0.0616397,-0.0119183,-0.0757615,0.940132,-0.332284,0,0,0,0.655682,0.71395,-0.245678,-0.75363,0.617726,-0.224626,0.704094,0.284455,0.650644,-0.710653,0.199852,0.67456,-0.0533345,0.904057,0.424072,0,0,0,0.278228,0.61118,0.740977,-0.322819,0.57704,0.750209,0,0,0,0,0,0,0.879844,0.443354,0.171206,-0.923928,0.330562,0.192579,-0.920958,0.124879,-0.36911,0.886686,0.238137,-0.396333,0.231895,0.972478,-0.0226201,-0.367178,0.930028,-0.0151001,0,0,0,0,0,0
000107,0.504694,0.70468,0.505417,132.111,1.77804,83.326,0.531567,0.775985,0.339535,-0.617243,0.703024,0.353226,0,0,0,0,0,0,0.998027,0.0616397,-0.0119183,-0.0757615,0.940132,-0.332284,0,0,0,0.655966,0.713521,-0.246163,-0.753543,0.617654,-0.225113,0.704094,0.284455,0.650644,-0.710517,0.200334,0.67456,-0.0533453,0.904268,0.423619,0,0,0,0.277929,0.611725,0.74064,-0.324564,0.576062,0.750207,0,0,0,0,0,0,0.879844,0.443354,0.171206,-0.92385,0.331065,0.192088,-0.920725,0.123838,-0.370039,0.886686,0.238137,-0.396333,0.231892,0.972467,-0.0231199,-0.367172,0.930014,-0.0160999,0,0,0,0,0,0
000108,0.504611,0.705339,0.504974,132.111,1.77804,83.326,0.531372,0.775706,0.340475,-0.61701,0.702757,0.354162,0,0,0,0,0,0,0.998027,0.0616397,-0.0119183,-0.0757615,0.940132,-0.332284,0,0,0,0.655682,0.71395,-0.245678,-0.75363,0.617726,-0.224626,0.703116,0.285138,0.651402,-0.710193,0.200242,0.674929,-0.0533236,0.903845,0.424525,0,0,0,0.276864,0.611805,0.740973,-0.325069,0.574917,0.750866,0,0,0,0,0,0,0.879767,0.443316,0.171699,-0.923928,0.330562,0.192579,-0.920725,0.123838,-0.370039,0.886686,0.238137,-0.396333,0.231895,0.972478,-0.0226201,-0.367178,0.930028,-0.0151001,0,0,0,0,0,0
000109,0.504934,0.705028,0.50474,132.111,1.77804,83.326,0.531372,0.775706,0.340475,-0.617243,0.703024,0.353226,0,0,0,0,0,0,0.998064,0.061141,-0.0114184,-0.0757615,0.940132,-0.332284,0,0,0,0.655682,0.71395,-0.245678,-0.753456,0.617583,-0.2256,0.70349,0.284211,0.651403,-0.710788,0.199371,0.674561,-0.0533345,0.904057,0.424072,0,0,0,0.275955,0.61222,0.74097,-0.325069,0.574917,0.750866,0,0,0,0,0,0,0.879992,0.442869,0.171699,-0.92385,0.331065,0.192088,-0.920592,0.124829,-0.370039,0.886815,0.237654,-0.396333,0.231892,0.972467,-0.0231199,-0.367175,0.930021,-0.0156,0,0,0,0,0,0
000110,0.504651,0.705211,0.505338,17.161,88.8866,285.126,0.515017,0.779808,0.355889,-0.631291,0.677704,0.37708,0,0,0,0,0,0,0.99598,0.0877007,-0.0182353,-0.102168,0.946361,-0.306533,0,0,0,0.635615,0.736226,-0.232306,-0.770675,0.604317,-0.20214,0.701722,0.285483,0.652752,-0.709154,0.164332,0.685635,-0.0718982,0.891165,0.447945,0,0,0,0.269751,0.598235,0.754552,0,0,0,0,0,0,0,0,0,0.8702,0.460418,0.175407,-0.930053,0.302431,0.208657,-0.926875,0.110344,-0.358786,0.876915,0.27104,-0.396935,0.20734,0.978269,0.000681654,-0.390269,0.920619,0.0123088,-0.391088,0.734374,-0.554747,0,0,0
000111,0.505351,0.704733,0.50547,17.161,88.8866,285.126,0.515017,0.779808,0.355889,-0.631675,0.678118,0.375691,0,0,0,0,0,0,0.99605,0.0872049,-0.0167357,-0.102139,0.946056,-0.307484,0,0,0,0.635691,0.736313,-0.231819,-0.770127,0.604522,-0.203609,0.70191,0.28502,0.652752,-0.709934,0.163999,0.684907,-0.0719144,0.891389,0.447498,0,0,0,0.269452,0.598785,0.754223,0,0,0,0,0,0,0,0,0,0.86981,0.460778,0.176391,-0.930448,0.302559,0.206701,-0.926459,0.110798,-0.359719,0.877294,0.271156,-0.396017,0.20734,0.978269,0.000681654,-0.390275,0.920635,0.010809,-0.391272,0.733648,-0.555577,0,0,0
000112,0.50491,0.70473,0.505334,17.161,88.8866,285.126,0.5146,0.780084,0.355888,-0.631547,0.67798,0.376154,0,0,0,0,0,0,0.996033,0.0872034,-0.0177354,-0.102139,0.946056,-0.307484,0,0,0,0.635236,0.736552,-0.232305,-0.770516,0.604192,-0.203119,0.701722,0.285483,0.652752,-0.709601,0.163922,0.685271,-0.0719144,0.891389,0.447498,0,0,0,0.269452,0.598785,0.754223,-0.332353,0.547431,0.768024,0,0,0,0,0,0,0.869888,0.460819,0.175899,-0.930251,0.302495,0.207679,-0.926756,0.111337,-0.358785,0.876957,0.271576,-0.396476,0.20734,0.978269,0.000181713,-0.390273,0.92063,0.011309,-0.391714,0.733414,-0.555575,0,0,0
000113,0.50471,0.704976,0.504787,17.161,88.8866,285.126,0.515017,0.779808,0.355889,-0.631291,0.677704,0.37708,0,0,0,0,0,0,0.996024,0.0872027,-0.0182353,-0.102139,0.946056,-0.307484,0,0,0,0.635236,0.736552,-0.232305,-0.770287,0.604648,-0.20263,0.702098,0.284556,0.652752,-0.70882,0.164255,0.685999,-0.0718819,0.890942,0.448392,0,0,0,0,0,0,-0.331727,0.547361,0.768345,0,0,0,0,0,0,0.869888,0.460819,0.175899,-0.930053,0.302431,0.208657,-0.926756,0.111337,-0.358785,0.876725,0.270982,-0.397394,0.20734,0.978269,0.000681654,-0.390271,0.920624,0.0118089,-0.391714,0.733414,-0.555575,0,0,0
000114,0.504902,0.705308,0.504868,17.161,88.8866,285.126,0.514918,0.77966,0.356356,-0.631291,0.677704,0.37708,0,0,0,0,0,0,0.996033,0.0872034,-0.0177354,-0.102168,0.946361,-0.306533,0,0,0,0.635313,0.73664,-0.231818,-0.770287,0.604648,-0.20263,0.702098,0.284556,0.652752,-0.709267,0.163845,0.685635,-0.0718819,0.890942,0.448392,0,0,0,0,0,0,-0.331727,0.547361,0.768345,0,0,0,0,0,0,0.86981,0.460778,0.176391,-0.930306,0.301987,0.208168,-0.926518,0.110301,-0.359719,0.876957,0.271576,-0.396476,0.20734,0.978268,0.00118159,-0.390269,0.920619,0.0123088,-0.391714,0.733414,-0.555575,0,0,0
000115,0.505108,0.704653,0.505412,17.161,88.8866,285.126,0.5146,0.780084,0.355888,-0.631547,0.67798,0.376154,0,0,0,0,0,0,0.996033,0.0872034,-0.0177354,-0.102139,0.946056,-0.307484,0,0,0,0.635615,0.736226,-0.232306,-0.770744,0.603736,-0.203609,0.701722,0.285483,0.652752,-0.709934,0.163999,0.684907,-0.0719144,0.891389,0.447498,0,0,0,0.269452,0.598785,0.754223,-0.331695,0.548277,0.767705,0,0,0,0,0,0,0.870122,0.460377,0.175899,-0.930504,0.302051,0.20719,-0.926518,0.110301,-0.359719,0.877105,0.271098,-0.396476,0.20734,0.978269,0.000181713,-0.390273,0.92063,0.011309,-0.391272,0.733648,-0.555577,0,0,0
000116,0.504535,0.704925,0.505223,17.161,88.8866,285.126,0.515116,0.779955,0.355422,-0.631291,0.677704,0.37708,0,0,0,0,0,0,0.996014,0.0872019,-0.0187352,-0.102168,0.946361,-0.306533,0,0,0,0.635236,0.736552,-0.232305,-0.770675,0.604317,-0.20214,0.701534,0.285946,0.652752,-0.709267,0.163845,0.685635,-0.0718982,0.891165,0.447945,0,0,0,0.270206,0.598028,0.754553,0,0,0,0,0,0,0,0,0,0.869966,0.46086,0.175407,-0.930053,0.302431,0.208657,-0.926875,0.110344,-0.358786,0.876725,0.270982,-0.397394,0.20734,0.978269,0.000681654,-0.390271,0.920624,0.0118089,-0.392597,0.732945,-0.555571,0,0,0
000117,0.505393,0.705234,0.505221,17.161,88.8866,285.126,0.514402,0.779788,0.356822,-0.631547,0.67798,0.376154,0,0,0,0,0,0,0.99605,0.0872049,-0.0167357,-0.102168,0.946361,-0.306533,0,0,0,0.635389,0.736727,-0.231332,-0.770516,0.604192,-0.203119,0.700929,0.285701,0.653509,-0.710047,0.163512,0.684907,-0.0718982,0.891165,0.447945,0,0,0,0,0,0,0,0,0,0,0,0,0,0,0,0.869966,0.460295,0.176883,-0.930504,0.302051,0.20719,-0.926459,0.110798,-0.359719,0.877335,0.271692,-0.395558,0.20734,0.978268,0.00118159,-0.390271,0.920624,0.0118089,-0.391714,0.733414,-0.555575,0,0,0
000118,0.504601,0.705237,0.505131,17.161,88.8866,285.126,0.515017,0.779808,0.355889,-0.631291,0.677704,0.37708,0,0,0,0,0,0,0.99598,0.0877007,-0.0182353,-0.102168,0.946361,-0.306533,0,0,0,0.635236,0.736552,-0.232305,-0.770675,0.604317,-0.20214,0.701722,0.285483,0.652752,-0.709267,0.163845,0.685635,-0.0718819,0.890942,0.448392,0,0,0,0,0,0,0,0,0,0,0,0,0,0,0,0.8702,0.460418,0.175407,-0.930053,0.302431,0.208657,-0.926816,0.11084,-0.358786,0.876725,0.270982,-0.397394,0.20734,0.978269,0.000681654,-0.390269,0.920619,0.0123088,-0.391088,0.734374,-0.554747,0,0,0
000119,0.505239,0.705202,0.505426,17.161,88.8866,285.126,0.515434,0.779532,0.35589,-0.631547,0.67798,0.376154,0,0,0,0,0,0,0.996041,0.0872042,-0.0172356,-0.102168,0.946361,-0.306533,0,0,0,0.635389,0.736727,-0.231332,-0.770516,0.604192,-0.203119,0.702098,0.284556,0.652752,-0.709934,0.163999,0.684907,-0.0718982,0.891165,0.447945,0,0,0,0,0,0,0,0,0,0,0,0,0,0,0,0.86981,0.460778,0.176391,-0.930504,0.302051,0.20719,-0.926518,0.110301,-0.359719,0.877294,0.271156,-0.396017,0.20734,0.978269,0.000681654,-0.390271,0.920624,0.0118089,-0.392156,0.73318,-0.555573,0,0,0
000120,0.505302,0.704953,0.505466,208.236,69.2026,36.5743,0.52666,0.773061,0.353561,-0.621581,0.690882,0.369214,0,0,0,0,0,0,0.997451,0.0701054,-0.0132634,-0.084679,0.946091,-0.312636,0,0,0,0.648913,0.724362,-0.232832,-0.759229,0.615934,-0.210229,0.703594,0.277469,0.654192,-0.710042,0.180248,0.680699,-0.0587274,0.895175,0.44183,0,0,0,0.276544,0.598132,0.752171,-0.327253,0.55715,0.76321,0,0,0,0,0,0,0.876767,0.446934,0.177564,-0.926125,0.319099,0.201168,-0.922909,0.123849,-0.364554,0.883546,0.253722,-0.393666,0.22398,0.974585,-0.00420722,-0.374611,0.927171,0.00452561,0,0,0,0,0,0
000121,0.505211,0.705281,0.505197,208.236,69.2026,36.5743,0.526045,0.773052,0.354495,-0.621334,0.690607,0.370143,0,0,0,0,0,0,0.997416,0.0706042,-0.0132634,-0.084679,0.946091,-0.312636,0,0,0,0.648913,0.724362,-0.232832,-0.758996,0.616388,-0.20974,0.70396,0.276538,0.654192,-0.709712,0.180164,0.681066,-0.0587019,0.894733,0.442727,0,0,0,0,0,0,0,0,0,0,0,0,0,0,0,0.876994,0.446489,0.177564,-0.925867,0.319539,0.201658,-0.922909,0.123849,-0.364554,0.883356,0.253668,-0.394125,0.223981,0.974588,-0.00320736,-0.37461,0.927169,0.00502559,0,0,0,0,0,0
000122,0.505058,0.705232,0.505316,208.236,69.2026,36.5743,0.52666,0.773061,0.353561,-0.621334,0.690607,0.370143,0,0,0,0,0,0,0.997445,0.070105,-0.0137632,-0.084679,0.946091,-0.312636,0,0,0,0.648913,0.724362,-0.232832,-0.759311,0.616,-0.20974,0.703594,0.277469,0.654192,-0.709712,0.180164,0.681066,-0.0587019,0.894733,0.442727,0,0,0,0,0,0,0,0,0,0,0,0,0,0,0,0.876767,0.446934,0.177564,-0.925608,0.319978,0.202147,-0.923137,0.124888,-0.363622,0.883356,0.253668,-0.394125,0.223981,0.974587,-0.00370729,-0.37461,0.927169,0.00502559,0,0,0,0,0,0
000123,0.50471,0.70457,0.504583,208.236,69.2026,36.5743,0.52666,0.773061,0.353561,-0.621334,0.690607,0.370143,0,0,0,0,0,0,0.997403,0.0706032,-0.0142631,-0.0846545,0.945779,-0.313586,0,0,0,0.648971,0.723683,-0.234777,-0.759229,0.615934,-0.210229,0.70396,0.276538,0.654192,-0.708928,0.180482,0.681797,-0.0587147,0.894954,0.442278,0,0,0,0,0,0,-0.325334,0.557826,0.763537,0,0,0,0,0,0,0.877152,0.446569,0.17658,-0.925676,0.319473,0.202637,-0.923137,0.124888,-0.363622,0.882839,0.25404,-0.395043,0.223979,0.97458,-0.00520709,-0.374611,0.927171,0.00452561,0,0,0,0,0,0
000124,0.50506,0.70537,0.504524,208.236,69.2026,36.5743,0.526458,0.77277,0.354496,-0.621334,0.690607,0.370143,0,0,0,0,0,0,0.997445,0.070105,-0.0137632,-0.084679,0.946091,-0.312636,0,0,0,0.648835,0.724276,-0.233318,-0.758996,0.616388,-0.20974,0.702984,0.27723,0.654948,-0.708928,0.180482,0.681797,-0.0586892,0.894512,0.443175,0,0,0,0.276226,0.59745,0.75283,0,0,0,0,0,0,0,0,0,0.876688,0.446894,0.178056,-0.925934,0.319033,0.202147,-0.922909,0.123849,-0.364554,0.883218,0.254148,-0.394125,0.223981,0.974588,-0.00320736,-0.374609,0.927166,0.00552556,0,0,0,0,0,0
000125,0.504536,0.704603,0.504531,208.236,69.2026,36.5743,0.526247,0.773343,0.35356,-0.621334,0.690607,0.370143,0,0,0,0,0,0,0.99743,0.070104,-0.014763,-0.0846545,0.945779,-0.313586,0,0,0,0.648599,0.724017,-0.234776,-0.759311,0.616,-0.20974,0.703777,0.277004,0.654192,-0.708597,0.180398,0.682163,-0.0587147,0.894954,0.442278,0,0,0,0,0,0,-0.326438,0.556741,0.763857,0,0,0,0,0,0,0.877231,0.446608,0.176088,-0.925676,0.319473,0.202637,-0.923204,0.124392,-0.363623,0.882787,0.253505,-0.395503,0.223979,0.97458,-0.00520709,-0.374611,0.927171,0.00452561,0,0,0,0,0,0
000126,0.505264,0.704797,0.505292,208.236,69.2026,36.5743,0.52666,0.773061,0.353561,-0.621581,0.690882,0.369214,0,0,0,0,0,0,0.997416,0.0706042,-0.0132634,-0.0846545,0.945779,-0.313586,0,0,0,0.648835,0.724276,-0.233318,-0.759229,0.615934,-0.210229,0.70396,0.276538,0.654192,-0.709589,0.180649,0.681065,-0.0587274,0.895175,0.44183,0,0,0,0.276544,0.598132,0.752171,-0.326389,0.557653,0.763212,0,0,0,0,0,0,0.876767,0.446934,0.177564,-0.925867,0.319539,0.201658,-0.922909,0.123849,-0.364554,0.883356,0.253668,-0.394125,0.22398,0.974585,-0.00420722,-0.374611,0.927171,0.00452561,0,0,0,0,0,0
000127,0.50499,0.705101,0.504853,208.236,69.2026,36.5743,0.526559,0.772916,0.354029,-0.621334,0.690607,0.370143,0,0,0,0,0,0,0.997445,0.070105,-0.0137632,-0.084679,0.946091,-0.312636,0,0,0,0.648835,0.724276,-0.233318,-0.758996,0.616388,-0.20974,0.70396,0.276538,0.654192,-0.709381,0.180081,0.681432,-0.0587019,0.894733,0.442727,0,0,0,0,0,0,-0.325766,0.557574,0.763536,0,0,0,0,0,0,0.877073,0.446529,0.177072,-0.925934,0.319033,0.202147,-0.922909,0.123849,-0.364554,0.883218,0.254148,-0.394125,0.22398,0.974585,-0.00420722,-0.374611,0.927171,0.00452561,0,0,0,0,0,0
000128,0.504788,0.705428,0.504566,208.236,69.2026,36.5743,0.526458,0.77277,0.354496,-0.621087,0.69033,0.371072,0,0,0,0,0,0,0.997438,0.0701045,-0.0142631,-0.084679,0.946091,-0.312636,0,0,0,0.649128,0.723856,-0.233805,-0.759392,0.616066,-0.209251,0.702801,0.277695,0.654947,-0.709051,0.179997,0.681797,-0.0586892,0.894512,0.443175,0,0,0,0.276226,0.59745,0.75283,0,0,0,0,0,0,0,0,0,0.877073,0.446529,0.177072,-0.925676,0.319473,0.202637,-0.923137,0.124888,-0.363622,0.882977,0.253559,-0.395044,0.223981,0.974588,-0.00320736,-0.374609,0.927166,0.00552556,0,0,0,0,0,0
000129,0.505413,0.704869,0.505094,208.236,69.2026,36.5743,0.526559,0.772916,0.354029,-0.621581,0.690882,0.369214,0,0,0,0,0,0,0.997486,0.0696067,-0.0132634,-0.0846545,0.945779,-0.313586,0,0,0,0.649207,0.723942,-0.233319,-0.759148,0.615867,-0.210718,0.702801,0.277695,0.654947,-0.709589,0.180649,0.681065,-0.0587147,0.894954,0.442278,0,0,0,0,0,0,0,0,0,0,0,0,0,0,0,0.876688,0.446894,0.178056,-0.926125,0.319099,0.201168,-0.922843,0.124344,-0.364554,0.883494,0.253187,-0.394125,0.22398,0.974585,-0.00420722,-0.374611,0.927171,0.00452561,0,0,0,0,0,0
000130,0.504979,0.705172,0.505373,89.3249,169.128,60.0624,0.544396,0.747116,0.38138,-0.605601,0.695965,0.385849,0,0,0,0,0,0,0.999088,0.0425511,-0.00366594,-0.0555631,0.957154,-0.284199,0,0,0,0.670546,0.71278,-0.205698,-0.740158,0.643023,-0.196692,0.704675,0.238435,0.668268,-0.710896,0.178778,0.680195,-0.038145,0.882397,0.468958,0,0,0,0,0,0,0,0,0,0,0,0,0,0,0,0.887039,0.417088,0.197988,-0.91874,0.338117,0.203943,-0.916106,0.160347,-0.367476,0.893405,0.24163,-0.378738,0.250789,0.967652,0.0274605,-0.348905,0.936668,0.0303058,0,0,0,0,0,0
000131,0.505463,0.704571,0.505437,89.3249,169.128,60.0624,0.543992,0.747411,0.381379,-0.606482,0.696219,0.384003,0,0,0,0,0,0,0.999069,0.0430508,-0.00266607,-0.0555497,0.95687,-0.285157,0,0,0,0.670546,0.71278,-0.205698,-0.739935,0.642828,-0.198162,0.704834,0.237961,0.668269,-0.711226,0.178861,0.679828,-0.0381615,0.882865,0.468074,0,0,0,0,0,0,0,0,0,0,0,0,0,0,0,0.886949,0.417046,0.198478,-0.918758,0.338657,0.202964,-0.915744,0.160284,-0.368406,0.89377,0.241728,-0.377813,0.250789,0.967652,0.0274605,-0.34892,0.93671,0.0288065,-0.350901,0.763616,-0.541995,0,0,0
000132,0.504558,0.704642,0.504624,89.3249,169.128,60.0624,0.544509,0.747269,0.380918,-0.605601,0.695965,0.385849,0,0,0,0,0,0,0.999083,0.0425509,-0.00466582,-0.0555497,0.95687,-0.285157,0,0,0,0.670696,0.712214,-0.207166,-0.740084,0.642958,-0.197182,0.704834,0.237961,0.668269,-0.710236,0.178613,0.680927,-0.038145,0.882397,0.468958,0,0,0,0,0,0,0,0,0,0,0,0,0,0,0,0.887431,0.416719,0.197008,-0.918376,0.338516,0.204922,-0.916106,0.160347,-0.367476,0.892986,0.241,-0.380126,0.250796,0.967678,0.026461,-0.34891,0.936682,0.0298061,0,0,0,0,0,0
000133,0.505178,0.705396,0.505331,89.3249,169.128,60.0624,0.5448,0.746821,0.381382,-0.605601,0.695965,0.385849,0,0,0,0,0,0,0.999068,0.0430507,-0.003166,-0.0555631,0.957154,-0.284199,0,0,0,0.670617,0.712855,-0.205209,-0.740158,0.643023,-0.196692,0.704834,0.237961,0.668269,-0.710774,0.179263,0.680194,-0.0381367,0.882162,0.469399,0,0,0,0,0,0,0,0,0,0,0,0,0,0,0,0.886949,0.417046,0.198478,-0.918395,0.339055,0.203943,-0.91602,0.16084,-0.367476,0.893588,0.241679,-0.378276,0.250782,0.967625,0.02846,-0.348905,0.936668,0.0303058,0,0,0,0,0,0
000134,0.50534,0.704548,0.504683,89.3249,169.128,60.0624,0.544396,0.747116,0.38138,-0.605854,0.696257,0.384926,0,0,0,0,0,0,0.999068,0.0430507,-0.003166,-0.0555497,0.95687,-0.285157,0,0,0,0.670475,0.712706,-0.206187,-0.739935,0.642828,-0.198162,0.705153,0.237014,0.668269,-0.710896,0.178778,0.680195,-0.0381532,0.882631,0.468516,0,0,0,0,0,0,0,0,0,0,0,0,0,0,0,0.886949,0.417046,0.198478,-0.918663,0.338622,0.203454,-0.915657,0.160776,-0.368406,0.893405,0.24163,-0.378738,0.250792,0.967665,0.0269608,-0.34892,0.93671,0.0288065,0,0,0,0,0,0
000135,0.505479,0.705219,0.505426,89.3249,169.128,60.0624,0.544283,0.746962,0.381842,-0.605854,0.696257,0.384926,0,0,0,0,0,0,0.999091,0.0425513,-0.00266607,-0.0555631,0.957154,-0.284199,0,0,0,0.670688,0.712929,-0.20472,-0.74001,0.642893,-0.197672,0.704994,0.237488,0.668269,-0.711226,0.178861,0.679828,-0.038145,0.882397,0.468958,0,0,0,0,0,0,0,0,0,0,0,0,0,0,0,0.887162,0.416594,0.198478,-0.918931,0.338187,0.202964,-0.915839,0.160808,-0.367941,0.89377,0.241728,-0.377813,0.250785,0.967639,0.0279603,-0.34891,0.936682,0.0298061,-0.350213,0.764525,-0.541158,0,0,0
000136,0.504761,0.704597,0.504748,89.3249,169.128,60.0624,0.544509,0.747269,0.380918,-0.605601,0.695965,0.385849,0,0,0,0,0,0,0.999064,0.0430506,-0.00416588,-0.0555497,0.95687,-0.285157,0,0,0,0.670404,0.712631,-0.206676,-0.739756,0.643335,-0.197182,0.704834,0.237961,0.668269,-0.710114,0.179098,0.680927,-0.0381532,0.882631,0.468516,0,0,0,0,0,0,0,0,0,0,0,0,0,0,0,0.887129,0.41713,0.197498,-0.918472,0.338551,0.204433,-0.91602,0.16084,-0.367476,0.893039,0.241531,-0.379663,0.250796,0.967678,0.026461,-0.34891,0.936682,0.0298061,0,0,0,0,0,0
000137,0.505333,0.705227,0.504782,89.3249,169.128,60.0624,0.543765,0.747103,0.382303,-0.605601,0.695965,0.385849,0,0,0,0,0,0,0.999048,0.0435503,-0.00266607,-0.0555631,0.957154,-0.284199,0,0,0,0.670617,0.712855,-0.205209,-0.74001,0.642893,-0.197672,0.704041,0.238222,0.669012,-0.710445,0.17918,0.680561,-0.0381367,0.882162,0.469399,0,0,0,0,0,0,0,0,0,0,0,0,0,0,0,0.887162,0.416594,0.198478,-0.918663,0.338622,0.203454,-0.915744,0.160284,-0.368406,0.893535,0.241147,-0.378739,0.250785,0.967639,0.0279603,-0.34891,0.936682,0.0298061,0,0,0,0,0,0
000138,0.504719,0.705487,0.505404,89.3249,169.128,60.0624,0.544396,0.747116,0.38138,-0.605601,0.695965,0.385849,0,0,0,0,0,0,0.999064,0.0430506,-0.00416588,-0.0555765,0.957437,-0.28324,0,0,0,0.670546,0.71278,-0.205698,-0.740232,0.643087,-0.196201,0.705786,0.237226,0.667525,-0.710445,0.17918,0.680561,-0.0381367,0.882162,0.469399,0,0,0,0,0,0,0,0,0,0,0,0,0,0,0,0.887129,0.41713,0.197498,-0.918472,0.338551,0.204433,-0.916295,0.161395,-0.366546,0.893405,0.24163,-0.378738,0.250782,0.967625,0.02846,-0.3489,0.936654,0.0308056,0,0,0,0,0,0
000139,0.504572,0.704908,0.504637,89.3249,169.128,60.0624,0.543992,0.747411,0.381379,-0.605601,0.695965,0.385849,0,0,0,0,0,0,0.999064,0.0430506,-0.00416588,-0.0555497,0.95687,-0.285157,0,0,0,0.670404,0.712631,-0.206676,-0.740158,0.643023,-0.196692,0.704834,0.237961,0.668269,-0.710236,0.178613,0.680927,-0.0381367,0.882162,0.469399,0,0,0,0,0,0,0,0,0,0,0,0,0,0,0,0.887431,0.416719,0.197008,-0.918549,0.338047,0.204922,-0.916106,0.160347,-0.367476,0.893039,0.241531,-0.379663,0.250789,0.967652,0.0274605,-0.34891,0.936682,0.0298061,0,0,0,0,0,0
000140,0.504726,0.705229,0.505027,28.3218,156.892,290.205,0.512003,0.774735,0.370997,-0.633766,0.666747,0.392159,0,0,0,0,0,0,0.995556,0.0924062,-0.0181395,-0.107075,0.952024,-0.28668,0,0,0,0.631648,0.743915,-0.218201,-0.773745,0.604741,-0.1887,0.70157,0.275245,0.657297,-0.70882,0.146107,0.690092,-0.0751811,0.881355,0.466434,0,0,0,0,0,0,0,0,0,0,0,0,0,0,0,0.867982,0.461308,0.183853,-0.931362,0.293117,0.215982,-0.927914,0.114348,-0.354825,0.874845,0.283505,-0.392774,0.202788,0.979007,0.0205303,-0.394467,0.918367,0.0316004,-0.395284,0.743714,-0.539111,0,0,0
000141,0.504522,0.705095,0.504661,28.3218,156.892,290.205,0.512003,0.774735,0.370997,-0.633766,0.666747,0.392159,0,0,0,0,0,0,0.995547,0.0924054,-0.0186393,-0.107046,0.951738,-0.287638,0,0,0,0.631576,0.743832,-0.218689,-0.773745,0.604741,-0.1887,0.701752,0.27478,0.657297,-0.708482,0.146038,0.690454,-0.0751631,0.881123,0.466876,0,0,0,0,0,0,0,0,0,0,0,0,0,0,0,0.868063,0.461351,0.183362,-0.931108,0.293561,0.21647,-0.927975,0.113851,-0.354825,0.874504,0.28392,-0.393233,0.202788,0.979007,0.0205303,-0.394467,0.918367,0.0316004,-0.396043,0.743007,-0.539528,0,0,0
000142,0.505205,0.704586,0.504735,28.3218,156.892,290.205,0.512003,0.774735,0.370997,-0.634035,0.667032,0.391239,0,0,0,0,0,0,0.995574,0.0924078,-0.0171397,-0.107032,0.951595,-0.288117,0,0,0,0.631267,0.744239,-0.218201,-0.773521,0.604565,-0.190173,0.700775,0.275472,0.65805,-0.709158,0.146176,0.68973,-0.0751991,0.881588,0.465992,0,0,0,0,0,0,0,0,0,0,0,0,0,0,0,0.867901,0.461265,0.184345,-0.931567,0.293181,0.215005,-0.927561,0.114305,-0.35576,0.874878,0.28404,-0.392313,0.202792,0.979027,0.0195306,-0.394479,0.918395,0.0306009,-0.395793,0.742529,-0.54037,0,0,0
000143,0.505208,0.705267,0.504941,28.3218,156.892,290.205,0.5119,0.774581,0.371461,-0.634035,0.667032,0.391239,0,0,0,0,0,0,0.995574,0.0924078,-0.0171397,-0.107075,0.952024,-0.28668,0,0,0,0.631409,0.744403,-0.217225,-0.77367,0.604682,-0.189191,0.700775,0.275472,0.65805,-0.709158,0.146176,0.68973,-0.0751811,0.881355,0.466434,0,0,0,0,0,0,0,0,0,0,0,0,0,0,0,0.867819,0.461222,0.184836,-0.931314,0.293626,0.215494,-0.927622,0.113808,-0.35576,0.875032,0.283565,-0.392314,0.202788,0.979007,0.0205303,-0.394467,0.918367,0.0316004,-0.395601,0.743241,-0.53953,0,0,0
000144,0.505066,0.704625,0.505068,28.3218,156.892,290.205,0.511586,0.775011,0.370995,-0.634035,0.667032,0.391239,0,0,0,0,0,0,0.995565,0.092407,-0.0176396,-0.107046,0.951738,-0.287638,0,0,0,0.631267,0.744239,-0.218201,-0.773288,0.605018,-0.189683,0.701934,0.274314,0.657297,-0.709158,0.146176,0.68973,-0.0751991,0.881588,0.465992,0,0,0,0,0,0,0,0,0,0,0,0,0,0,0,0.868216,0.460867,0.183853,-0.931314,0.293626,0.215494,-0.927683,0.113312,-0.35576,0.874878,0.28404,-0.392313,0.202792,0.979027,0.0195306,-0.394479,0.918395,0.0306009,-0.395918,0.742768,-0.539949,0,0,0
000145,0.505062,0.705326,0.504823,28.3218,156.892,290.205,0.5119,0.774581,0.371461,-0.633766,0.666747,0.392159,0,0,0,0,0,0,0.995565,0.092407,-0.0176396,-0.107075,0.952024,-0.28668,0,0,0,0.631719,0.743998,-0.217713,-0.77367,0.604682,-0.189191,0.700775,0.275472,0.65805,-0.70882,0.146107,0.690092,-0.0751631,0.881123,0.466876,0,0,0,0,0,0,0,0,0,0,0,0,0,0,0,0.867901,0.461265,0.184345,-0.931314,0.293626,0.215494,-0.927622,0.113808,-0.35576,0.874878,0.28404,-0.392313,0.202788,0.979007,0.0205303,-0.394467,0.918367,0.0316004,-0.396043,0.743007,-0.539528,0,0,0
000146,0.504605,0.705149,0.505043,28.3218,156.892,290.205,0.512003,0.774735,0.370997,-0.633766,0.666747,0.392159,0,0,0,0,0,0,0.99551,0.092904,-0.0181395,-0.107075,0.952024,-0.28668,0,0,0,0.631267,0.744239,-0.218201,-0.773745,0.604741,-0.1887,0.70157,0.275245,0.657297,-0.70882,0.146107,0.690092,-0.0751811,0.881355,0.466434,0,0,0,0,0,0,0,0,0,0,0,0,0,0,0,0.868063,0.461351,0.183362,-0.931108,0.293561,0.21647,-0.927975,0.113851,-0.354825,0.874658,0.283444,-0.393233,0.202788,0.979007,0.0205303,-0.394467,0.918367,0.0316004,-0.395284,0.743714,-0.539111,0,0,0
000147,0.505254,0.705443,0.505344,28.3218,156.892,290.205,0.5119,0.774581,0.371461,-0.634035,0.667032,0.391239,0,0,0,0,0,0,0.99562,0.09191,-0.0171397,-0.107075,0.952024,-0.28668,0,0,0,0.63179,0.74408,-0.217225,-0.77367,0.604682,-0.189191,0.701934,0.274314,0.657297,0,0,0,-0.0751811,0.881355,0.466434,0,0,0,0,0,0,0,0,0,0,0,0,0,0,0,0.867819,0.461222,0.184836,-0.931567,0.293181,0.215005,-0.927622,0.113808,-0.35576,0.875251,0.28416,-0.391393,0.202783,0.978987,0.0215299,-0.394467,0.918367,0.0316004,-0.396484,0.742773,-0.539526,0,0,0
000148,0.50453,0.704787,0.504515,28.3218,156.892,290.205,0.512003,0.774735,0.370997,-0.633766,0.666747,0.392159,0,0,0,0,0,0,0.995547,0.0924054,-0.0186393,-0.107046,0.951738,-0.287638,0,0,0,0.631505,0.743749,-0.219177,-0.77367,0.604682,-0.189191,0.701934,0.274314,0.657297,-0.708482,0.146038,0.690454,-0.0751811,0.881355,0.466434,0,0,0,0,0,0,0,0,0,0,0,0,0,0,0,0.868063,0.461351,0.183362,-0.931108,0.293561,0.21647,-0.927914,0.114348,-0.354825,0.874504,0.28392,-0.393233,0.202792,0.979027,0.0195306,-0.394467,0.918367,0.0316004,-0.395918,0.742768,-0.539949,0,0,0
000149,0.50541,0.705098,0.505195,28.3218,156.892,290.205,0.5119,0.774581,0.371461,-0.634035,0.667032,0.391239,0,0,0,0,0,0,0.995582,0.0924086,-0.0166399,-0.107046,0.951738,-0.287638,0,0,0,0.631409,0.744403,-0.217225,-0.773288,0.605018,-0.189683,0.701934,0.274314,0.657297,-0.709495,0.146246,0.689368,-0.0751991,0.881588,0.465992,0,0,0,0,0,0,0,0,0,0,0,0,0,0,0,0.867819,0.461222,0.184836,-0.931519,0.293691,0.214517,-0.927561,0.114305,-0.35576,0.875251,0.28416,-0.391393,0.202788,0.979007,0.0205303,-0.394473,0.918381,0.0311007,-0.395601,0.743241,-0.53953,0,0,0
000150,0.505153,0.705156,0.504745,291.455,280.148,52.5715,0.511194,0.763142,0.39534,-0.633892,0.648502,0.421457,-0.642357,0.345851,-0.683933,0,0,0,0.994859,0.0987424,-0.02248,-0.114438,0.96118,-0.251072,0,0,0,0.62529,0.755473,-0.195632,-0.778259,0.607057,-0.16061,0.705273,0.254758,0.66158,0,0,0,-0.0753711,0.862999,0.499551,0,0,0,0,0,0,0,0,0,0,0,0,0,0,0,0.867253,0.458677,0.193617,-0.930888,0.280111,0.234489,-0.931311,0.122306,-0.343077,0.869674,0.303567,-0.389247,0.19793,0.97867,0.0550317,-0.398766,0.914503,0.0683303,-0.405201,0.759603,-0.508739,0,0,0
000151,0.505118,0.705241,0.505037,291.455,280.148,52.5715,0.51172,0.763027,0.394882,-0.633892,0.648502,0.421457,-0.641943,0.347334,-0.68357,0,0,0,0.994859,0.0987424,-0.02248,-0.114438,0.96118,-0.251072,0,0,0,0.625353,0.755548,-0.195142,-0.778322,0.607106,-0.160117,0.706402,0.25357,0.660831,0,0,0,-0.0753908,0.863248,0.499118,0,0,0,0,0,0,0,0,0,0,0,0,0,0,0,0.867019,0.459119,0.193616,-0.930888,0.280111,0.234489,-0.931376,0.12181,-0.343077,0.869839,0.303095,-0.389247,0.19793,0.97867,0.0550317,-0.398753,0.914472,0.0688291,-0.40411,0.760756,-0.507884,0,0,0
000152,0.50519,0.705447,0.504782,291.455,280.148,52.5715,0.511083,0.762979,0.3958,-0.63425,0.648152,0.421457,-0.642594,0.345412,-0.683932,0,0,0,0.994859,0.0987424,-0.02248,-0.114465,0.961429,-0.250104,0,0,0,0.625353,0.755548,-0.195142,-0.778322,0.607106,-0.160117,0.705442,0.254288,0.661581,0,0,0,-0.0753711,0.862999,0.499551,0,0,0,0,0,0,0,0,0,0,0,0,0,0,0,0.866933,0.459074,0.194107,-0.930888,0.280111,0.234489,-0.931376,0.12181,-0.343077,0.869839,0.303095,-0.389247,0.19793,0.97867,0.0550317,-0.398739,0.91444,0.0693279,-0.40411,0.760756,-0.507884,0,0,0
000153,0.505219,0.705331,0.504534,291.455,280.148,52.5715,0.511083,0.762979,0.3958,-0.63425,0.648152,0.421457,-0.641881,0.346731,-0.683935,0,0,0,0.994908,0.0982449,-0.02248,-0.114438,0.96118,-0.251072,0,0,0,0.625353,0.755548,-0.195142,-0.778259,0.607057,-0.16061,0.705611,0.253818,0.661581,0,0,0,-0.0753711,0.862999,0.499551,0,0,0,0,0,0,0,0,0,0,0,0,0,0,0,0.866933,0.459074,0.194107,-0.930888,0.280111,0.234489,-0.931311,0.122306,-0.343077,0.869839,0.303095,-0.389247,0.19793,0.97867,0.0550317,-0.398753,0.914472,0.0688291,-0.405201,0.759603,-0.508739,0,0,0
000154,0.505257,0.704727,0.505136,291.455,280.148,52.5715,0.511305,0.763306,0.394881,-0.634543,0.648454,0.42055,-0.642594,0.345412,-0.683932,0,0,0,0.994908,0.0982449,-0.02248,-0.114438,0.96118,-0.251072,0,0,0,0.62529,0.755473,-0.195632,-0.778259,0.607057,-0.16061,0.706402,0.25357,0.660831,0,0,0,-0.0754105,0.863497,0.498685,0,0,0,0,0,0,0,0,0,0,0,0,0,0,0,0.867019,0.459119,0.193616,-0.931112,0.280178,0.233517,-0.931311,0.122306,-0.343077,0.870023,0.303159,-0.388787,0.197941,0.978723,0.0540333,-0.39878,0.914535,0.0678315,-0.404759,0.759837,-0.508741,0,0,0
000155,0.504514,0.705341,0.504688,291.455,280.148,52.5715,0.511305,0.763306,0.394881,-0.633598,0.648199,0.422364,-0.641767,0.348376,-0.683206,0,0,0,0.994824,0.098739,-0.0239794,-0.114451,0.961304,-0.250588,0,0,0,0.625227,0.755398,-0.196122,-0.77814,0.607599,-0.15913,0.706233,0.254041,0.660831,0,0,0,-0.0753711,0.862999,0.499551,0,0,0,0,0,0,0,0,0,0,0,0,0,0,0,0.867424,0.458767,0.192636,-0.930663,0.280043,0.235461,-0.931715,0.121855,-0.342138,0.869471,0.302968,-0.390168,0.19793,0.97867,0.0550317,-0.398739,0.91444,0.0693279,-0.404552,0.760522,-0.507882,0,0,0
000156,0.505125,0.705109,0.504649,291.455,280.148,52.5715,0.511194,0.763142,0.39534,-0.63425,0.648152,0.421457,-0.642119,0.346291,-0.683934,0,0,0,0.994859,0.0987424,-0.02248,-0.114438,0.96118,-0.251072,0,0,0,0.62529,0.755473,-0.195632,-0.778259,0.607057,-0.16061,0.705273,0.254758,0.66158,0,0,0,-0.0753711,0.862999,0.499551,0,0,0,0,0,0,0,0,0,0,0,0,0,0,0,0.867019,0.459119,0.193616,-0.930888,0.280111,0.234489,-0.931311,0.122306,-0.343077,0.869674,0.303567,-0.389247,0.19793,0.97867,0.0550317,-0.398766,0.914503,0.0683303,-0.404759,0.759837,-0.508741,0,0,0
000157,0.505044,0.705107,0.505102,291.455,280.148,52.5715,0.511305,0.763306,0.394881,-0.633892,0.648502,0.421457,-0.641289,0.349254,-0.683205,0,0,0,0.994848,0.0987413,-0.0229798,-0.114438,0.96118,-0.251072,0,0,0,0.62529,0.755473,-0.195632,-0.778322,0.607106,-0.160117,0.706402,0.25357,0.660831,0,0,0,-0.0753908,0.863248,0.499118,0,0,0,0,0,0,0,0,0,0,0,0,0,0,0,0.867338,0.458722,0.193126,-0.930888,0.280111,0.234489,-0.93144,0.121314,-0.343077,0.869839,0.303095,-0.389247,0.19793,0.97867,0.0550317,-0.398766,0.914503,0.0683303,-0.40411,0.760756,-0.507884,0,0,0
000158,0.504655,0.704937,0.505422,291.455,280.148,52.5715,0.511942,0.763353,0.393964,-0.633892,0.648502,0.421457,-0.642957,0.346178,-0.683203,0,0,0,0.994836,0.0987402,-0.0234796,-0.114438,0.96118,-0.251072,0,0,0,0.625227,0.755398,-0.196122,-0.778385,0.607155,-0.159623,0.707024,0.253794,0.66008,-0.70371,0.116219,0.700917,-0.0754105,0.863497,0.498685,0,0,0,0,0,0,0,0,0,0,0,0,0,0,0,0.86719,0.459209,0.192635,-0.930888,0.280111,0.234489,-0.931715,0.121855,-0.342138,0.869674,0.303567,-0.389247,0.197941,0.978723,0.0540333,-0.398766,0.914503,0.0683303,-0.404552,0.760522,-0.507882,0,0,0
000159,0.504757,0.704623,0.505448,291.455,280.148,52.5715,0.511527,0.763632,0.393962,-0.633535,0.648851,0.421458,-0.642482,0.347057,-0.683205,0,0,0,0.994885,0.0982426,-0.0234796,-0.114438,0.96118,-0.251072,0,0,0,0.625227,0.755398,-0.196122,-0.778322,0.607106,-0.160117,0.707024,0.253794,0.66008,0,0,0,-0.0754302,0.863745,0.498251,0,0,0,0,0,0,0,0,0,0,0,0,0,0,0,0.86719,0.459209,0.192635,-0.930888,0.280111,0.234489,-0.931715,0.121855,-0.342138,0.869674,0.303567,-0.389247,0.197941,0.978723,0.0540333,-0.398766,0.914503,0.0683303,-0.40411,0.760756,-0.507884,0,0,0
000160,0.505063,0.704998,0.504662,355.182,276.417,85.4253,0.49375,0.777531,0.389431,-0.647854,0.631085,0.426635,-0.657099,0.32873,-0.67835,0,0,0,0.991465,0.126464,-0.0316887,-0.14361,0.957278,-0.250989,0,0,0,0.602388,0.772067,-0.202588,-0.796341,0.584903,-0.154044,0.704074,0.274682,0.654851,0,0,0,-0.0949157,0.861429,0.49893,0,0,0,0,0,0,0,0,0,0,0,0,0,0,0,0.855813,0.482986,0.185229,-0.936408,0.253861,0.242271,-0.937459,0.0958557,-0.334637,0.857249,0.327307,-0.397485,0.170935,0.983923,0.0517283,-0.423531,0.903089,0.0710755,-0.43007,0.747818,-0.505774,0,0,0
000161,0.504879,0.704986,0.505426,355.182,276.417,85.4253,0.493433,0.777963,0.38897,-0.648158,0.631383,0.42573,-0.657705,0.329033,-0.677614,0,0,0,0.991449,0.126462,-0.0321884,-0.14361,0.957278,-0.250989,0,0,0,0.602057,0.772453,-0.202098,-0.796107,0.585351,-0.153551,0.704684,0.274919,0.654095,0,0,0,-0.094941,0.861677,0.498496,0,0,0,0,0,0,0,0,0,0,0,0,0,0,0,0.855893,0.483031,0.184738,-0.936408,0.253861,0.242271,-0.937561,0.0948608,-0.334637,0.857427,0.32684,-0.397486,0.17094,0.983949,0.0512291,-0.423531,0.903089,0.0710755,-0.429885,0.748506,-0.504913,0,0,0
000162,0.50543,0.704923,0.504992,355.182,276.417,85.4253,0.49375,0.777531,0.389431,-0.648158,0.631383,0.42573,-0.657099,0.32873,-0.67835,0,0,0,0.991481,0.126466,-0.031189,-0.14361,0.957278,-0.250989,0,0,0,0.602119,0.772533,-0.201608,-0.796217,0.584811,-0.155032,0.704074,0.274682,0.654851,0,0,0,-0.095438,0.861623,0.498494,0,0,0,0,0,0,0,0,0,0,0,0,0,0,0,0.855732,0.48294,0.18572,-0.936394,0.254375,0.241785,-0.937177,0.0953245,-0.335579,0.85762,0.327448,-0.396568,0.170935,0.983923,0.0517283,-0.423546,0.903121,0.0705768,-0.43007,0.747818,-0.505774,0,0,0
000163,0.505076,0.705072,0.505342,355.182,276.417,85.4253,0.493328,0.777799,0.38943,-0.648158,0.631383,0.42573,-0.657626,0.328434,-0.677982,0,0,0,0.991528,0.125968,-0.0316887,-0.14361,0.957278,-0.250989,0,0,0,0.602451,0.772146,-0.202099,-0.796341,0.584903,-0.154044,0.704865,0.274453,0.654095,0,0,0,-0.094941,0.861677,0.498496,0,0,0,0,0,0,0,0,0,0,0,0,0,0,0,0.855567,0.483421,0.185229,-0.936394,0.254375,0.241785,-0.93751,0.0953582,-0.334637,0.857613,0.32691,-0.397027,0.170931,0.983898,0.0522276,-0.423531,0.903089,0.0710755,-0.429451,0.748754,-0.504915,0,0,0
000164,0.504832,0.705359,0.504574,355.182,276.417,85.4253,0.493222,0.777636,0.389891,-0.647701,0.630936,0.427087,-0.657993,0.326941,-0.678348,0,0,0,0.991449,0.126462,-0.0321884,-0.14361,0.957278,-0.250989,0,0,0,0.602057,0.772453,-0.202098,-0.796403,0.584948,-0.15355,0.704074,0.274682,0.654851,0,0,0,-0.0948903,0.861181,0.499363,0,0,0,0,0,0,0,0,0,0,0,0,0,0,0,0.855567,0.483421,0.185229,-0.93616,0.254312,0.242756,-0.93751,0.0953582,-0.334637,0.857249,0.327307,-0.397485,0.170931,0.983898,0.0522276,-0.423516,0.903057,0.0715742,-0.430938,0.747321,-0.50577,0,0,0
000165,0.505055,0.704771,0.504913,355.182,276.417,85.4253,0.493328,0.777799,0.38943,-0.648158,0.631383,0.42573,-0.657546,0.327835,-0.678349,0,0,0,0.991465,0.126464,-0.0316887,-0.143593,0.957153,-0.251473,0,0,0,0.601994,0.772374,-0.202588,-0.796341,0.584903,-0.154044,0.705047,0.273987,0.654095,0,0,0,-0.094941,0.861677,0.498496,0,0,0,0,0,0,0,0,0,0,0,0,0,0,0,0.855567,0.483421,0.185229,-0.936277,0.254344,0.242271,-0.937459,0.0958557,-0.334637,0.857249,0.327307,-0.397485,0.17094,0.983949,0.0512291,-0.423546,0.903121,0.0705768,-0.43007,0.747818,-0.505774,0,0,0
000166,0.505169,0.705291,0.505089,355.182,276.417,85.4253,0.49375,0.777531,0.389431,-0.647854,0.631085,0.426635,-0.658216,0.326493,-0.678347,0,0,0,0.991481,0.126466,-0.031189,-0.14361,0.957278,-0.250989,0,0,0,0.602119,0.772533,-0.201608,-0.796341,0.584903,-0.154044,0.705047,0.273987,0.654095,0,0,0,-0.0949157,0.861429,0.49893,0,0,0,0,0,0,0,0,0,0,0,0,0,0,0,0.855486,0.483376,0.18572,-0.936394,0.254375,0.241785,-0.937459,0.0958557,-0.334637,0.857613,0.32691,-0.397027,0.170931,0.983898,0.0522276,-0.423531,0.903089,0.0710755,-0.429451,0.748754,-0.504915,0,0,0
000167,0.505183,0.704566,0.504574,355.182,276.417,85.4253,0.493328,0.777799,0.38943,-0.648158,0.631383,0.42573,-0.657019,0.32813,-0.678717,0,0,0,0.991528,0.125968,-0.0316887,-0.143575,0.957029,-0.251956,0,0,0,0.601994,0.772374,-0.202588,-0.796217,0.584811,-0.155032,0.704074,0.274682,0.654851,0,0,0,-0.094941,0.861677,0.498496,0,0,0,0,0,0,0,0,0,0,0,0,0,0,0,0.855813,0.482986,0.185229,-0.936394,0.254375,0.241785,-0.937227,0.0948271,-0.335579,0.857249,0.327307,-0.397485,0.17094,0.983949,0.0512291,-0.42356,0.903153,0.070078,-0.429946,0.747598,-0.506205,0,0,0
000168,0.5048,0.704554,0.50495,355.182,276.417,85.4253,0.49396,0.777858,0.38851,-0.648355,0.630876,0.426182,-0.658216,0.326493,-0.678347,0,0,0,0.991449,0.126462,-0.0321884,-0.143575,0.957029,-0.251956,0,0,0,0.601931,0.772295,-0.203077,-0.796341,0.584903,-0.154044,0.704865,0.274453,0.654095,0,0,0,-0.094941,0.861677,0.498496,0,0,0,0,0,0,0,0,0,0,0,0,0,0,0,0.855974,0.483076,0.184246,-0.93616,0.254312,0.242756,-0.93751,0.0953582,-0.334637,0.857241,0.326769,-0.397944,0.17094,0.983949,0.0512291,-0.423546,0.903121,0.0705768,-0.43007,0.747818,-0.505774,0,0,0
000169,0.505378,0.705152,0.505284,355.182,276.417,85.4253,0.49375,0.777531,0.389431,-0.648158,0.631383,0.42573,-0.658216,0.326493,-0.678347,0,0,0,0.991481,0.126466,-0.031189,-0.14361,0.957278,-0.250989,0,0,0,0.602119,0.772533,-0.201608,-0.796279,0.584857,-0.154538,0.705047,0.273987,0.654095,0,0,0,-0.0949157,0.861429,0.49893,0,0,0,0,0,0,0,0,0,0,0,0,0,0,0,0.855732,0.48294,0.18572,-0.936394,0.254375,0.241785,-0.937227,0.0948271,-0.335579,0.85762,0.327448,-0.396568,0.170931,0.983898,0.0522276,-0.423531,0.903089,0.0710755,-0.430195,0.748038,-0.505343,0,0,0
000170,0.504962,0.70547,0.504996,33.1913,76.7658,25.6995,0.560102,0.743036,0.366311,-0.59056,0.721702,0.361089,0,0,0,0,0,0,0.999855,0.0164172,0.00453708,-0.0279914,0.950196,-0.310395,0,0,0,0.691468,0.688809,-0.217746,-0.721442,0.656095,-0.221499,0.704628,0.238407,0.668327,-0.711964,0.215839,0.668222,-0.0195077,0.895508,0.444617,0,0,0,0,0,0,-0.311099,0.571852,0.75908,0,0,0,0,0,0,0.896046,0.398793,0.195105,-0.911039,0.367853,0.186257,-0.908193,0.173524,-0.380887,0.902861,0.206885,-0.376882,0.275715,0.961231,0.00400263,-0.324717,0.94581,0.00159861,0,0,0,0,0,0
000171,0.505284,0.70485,0.504898,33.1913,76.7658,25.6995,0.560213,0.743181,0.365846,-0.590788,0.721982,0.360156,0,0,0,0,0,0,0.999842,0.016917,0.00553694,-0.0279856,0.949885,-0.311345,0,0,0,0.691115,0.689164,-0.217745,-0.721278,0.655945,-0.222474,0.704948,0.23746,0.668327,-0.711674,0.216795,0.668222,-0.0195108,0.89573,0.444169,0,0,0,0,0,0,0,0,0,0,0,0,0,0,0,0.896046,0.398793,0.195105,-0.911398,0.367459,0.185275,-0.908005,0.174506,-0.380886,0.902933,0.207414,-0.376418,0.275716,0.961234,0.00300277,-0.324718,0.945811,9.86605e-05,0,0,0,0,0,0
000172,0.505477,0.704766,0.505495,33.1913,76.7658,25.6995,0.560213,0.743181,0.365846,-0.591015,0.72226,0.359223,0,0,0,0,0,0,0.99985,0.0164171,0.00553694,-0.0279856,0.949885,-0.311345,0,0,0,0.691193,0.68924,-0.217257,-0.720941,0.656315,-0.222475,0.704628,0.238407,0.668327,-0.712458,0.216511,0.667478,-0.019517,0.896174,0.443273,0,0,0,0.29315,0.581716,0.758729,-0.311899,0.572282,0.758428,0,0,0,0,0,0,0.895753,0.39921,0.195595,-0.911297,0.367957,0.184783,-0.908005,0.174506,-0.380886,0.903228,0.206968,-0.375955,0.275716,0.961234,0.00300277,-0.324718,0.945811,9.86605e-05,0,0,0,0,0,0
000173,0.50514,0.705097,0.504975,33.1913,76.7658,25.6995,0.559703,0.743337,0.36631,-0.590788,0.721982,0.360156,0,0,0,0,0,0,0.999853,0.0164172,0.00503701,-0.0279856,0.949885,-0.311345,0,0,0,0.691115,0.689164,-0.217745,-0.72136,0.65602,-0.221987,0.704788,0.237934,0.668327,-0.711674,0.216795,0.668222,-0.0195108,0.89573,0.444169,0,0,0,0,0,0,-0.308818,0.573944,0.758432,0,0,0,0,0,0,0.896046,0.398793,0.195105,-0.911125,0.367888,0.185766,-0.908099,0.174015,-0.380886,0.902933,0.207414,-0.376418,0.275716,0.961233,0.0035027,-0.324718,0.94581,0.00109863,0,0,0,0,0,0
000174,0.505495,0.705152,0.505123,33.1913,76.7658,25.6995,0.559592,0.743191,0.366775,-0.590788,0.721982,0.360156,0,0,0,0,0,0,0.99985,0.0164171,0.00553694,-0.0279856,0.949885,-0.311345,0,0,0,0.691193,0.68924,-0.217257,-0.721278,0.655945,-0.222474,0.704948,0.23746,0.668327,-0.711993,0.216892,0.66785,-0.0195108,0.89573,0.444169,0,0,0,0,0,0,0,0,0,0,0,0,0,0,0,0.895957,0.398753,0.195596,-0.911297,0.367957,0.184783,-0.907912,0.173979,-0.381349,0.903228,0.206968,-0.375955,0.275715,0.961231,0.00400263,-0.324718,0.945811,0.000598644,0,0,0,0,0,0
000175,0.50494,0.705443,0.505366,33.1913,76.7658,25.6995,0.560213,0.743181,0.365846,-0.590674,0.721842,0.360623,0,0,0,0,0,0,0.999855,0.0164172,0.00453708,-0.0279914,0.950196,-0.310395,0,0,0,0.691193,0.68924,-0.217257,-0.721523,0.656169,-0.221012,0.704468,0.238881,0.668327,-0.711674,0.216795,0.668222,-0.0195108,0.89573,0.444169,0,0,0,0,0,0,0,0,0,0,0,0,0,0,0,0.895843,0.39925,0.195105,-0.910852,0.368317,0.186257,-0.908379,0.174577,-0.379962,0.902933,0.207414,-0.376418,0.275715,0.961231,0.00400263,-0.324717,0.94581,0.00159861,0,0,0,0,0,0
000176,0.504756,0.70486,0.504625,33.1913,76.7658,25.6995,0.560213,0.743181,0.365846,-0.59056,0.721702,0.361089,0,0,0,0,0,0,0.999847,0.0169171,0.00453708,-0.0279856,0.949885,-0.311345,0,0,0,0.691312,0.688657,-0.218722,-0.72136,0.65602,-0.221987,0.704628,0.238407,0.668327,-0.711499,0.21622,0.668594,-0.0195108,0.89573,0.444169,0,0,0,0,0,0,-0.310659,0.572089,0.759081,0,0,0,0,0,0,0.895932,0.399289,0.194615,-0.911226,0.36739,0.186257,-0.908193,0.173524,-0.380887,0.902566,0.20733,-0.377344,0.275716,0.961234,0.00300277,-0.324718,0.94581,0.00109863,0,0,0,0,0,0
000177,0.504662,0.705106,0.504601,33.1913,76.7658,25.6995,0.560213,0.743181,0.365846,-0.59056,0.721702,0.361089,0,0,0,0,0,0,0.999857,0.0164172,0.00403713,-0.0279856,0.949885,-0.311345,0,0,0,0.691038,0.689087,-0.218233,-0.721442,0.656095,-0.221499,0.704628,0.238407,0.668327,-0.711034,0.216601,0.668965,-0.0195077,0.895508,0.444617,0,0,0,0,0,0,0,0,0,0,0,0,0,0,0,0.895932,0.399289,0.194615,-0.910953,0.367818,0.186748,-0.908379,0.174577,-0.379962,0.902566,0.20733,-0.377344,0.275716,0.961234,0.00300277,-0.324718,0.94581,0.00109863,0,0,0,0,0,0
000178,0.504551,0.704662,0.505038,33.1913,76.7658,25.6995,0.560435,0.743471,0.364915,-0.590788,0.721982,0.360156,0,0,0,0,0,0,0.999849,0.0169171,0.00403713,-0.0279827,0.949729,-0.31182,0,0,0,0.691234,0.68858,-0.219209,-0.721442,0.656095,-0.221499,0.705581,0.237673,0.667583,-0.711354,0.216698,0.668593,-0.0195139,0.895952,0.443721,0,0,0,0.29315,0.581716,0.758729,0,0,0,0,0,0,0,0,0,0.89602,0.399328,0.194124,-0.911226,0.36739,0.186257,-0.908473,0.174086,-0.379962,0.902566,0.20733,-0.377344,0.275717,0.961236,0.00250283,-0.324718,0.945811,0.000598644,0,0,0,0,0,0
000179,0.50505,0.705076,0.504761,33.1913,76.7658,25.6995,0.560102,0.743036,0.366311,-0.591175,0.721665,0.360156,0,0,0,0,0,0,0.999844,0.0169171,0.00503701,-0.0279856,0.949885,-0.311345,0,0,0,0.69139,0.688733,-0.218234,-0.72136,0.65602,-0.221987,0.704948,0.23746,0.668327,-0.711964,0.215839,0.668222,-0.0195108,0.89573,0.444169,0,0,0,0,0,0,-0.311099,0.571852,0.75908,0,0,0,0,0,0,0.896046,0.398793,0.195105,-0.911125,0.367888,0.185766,-0.908099,0.174015,-0.380886,0.902861,0.206885,-0.376882,0.275716,0.961233,0.0035027,-0.324718,0.94581,0.00109863,0,0,0,0,0,0
000180,0.505358,0.704887,0.505224,153.634,169.194,175.105,0.511217,0.774584,0.372394,-0.634123,0.66444,0.395485,0,0,0,0,0,0,0.995309,0.0948465,-0.0190922,-0.11009,0.952532,-0.283837,0,0,0,0.62901,0.746707,-0.216274,-0.775461,0.603451,-0.18576,0.703134,0.273544,0.656335,0,0,0,-0.0759383,0.879691,0.469443,0,0,0,0,0,0,0,0,0,0,0,0,0,0,0,0.867551,0.462219,0.1836,-0.931602,0.290688,0.218215,-0.928824,0.113429,-0.352733,0.873428,0.287172,-0.393263,0.200536,0.979403,0.0235483,-0.396529,0.917351,0.0350977,-0.398411,0.744531,-0.53567,0,0,0
000181,0.50477,0.704828,0.505265,153.634,169.194,175.105,0.511321,0.774738,0.37193,-0.634484,0.664095,0.395484,0,0,0,0,0,0,0.995326,0.0943459,-0.0205917,-0.11009,0.952532,-0.283837,0,0,0,0.628869,0.746543,-0.21725,-0.775607,0.603566,-0.184777,0.702771,0.274476,0.656335,-0.70756,0.141934,0.692253,-0.0759383,0.879691,0.469443,0,0,0,0,0,0,0,0,0,0,0,0,0,0,0,0.867478,0.462746,0.182617,-0.931393,0.290623,0.219191,-0.929173,0.113471,-0.351797,0.873085,0.287586,-0.393722,0.200538,0.979415,0.0230485,-0.396523,0.917335,0.0355974,-0.399294,0.74406,-0.535667,0,0,0
000182,0.504737,0.704925,0.504555,153.634,169.194,175.105,0.511217,0.774584,0.372394,-0.634212,0.663808,0.396403,0,0,0,0,0,0,0.995279,0.0948436,-0.0205917,-0.11009,0.952532,-0.283837,0,0,0,0.629181,0.746138,-0.217739,-0.775607,0.603566,-0.184777,0.703134,0.273544,0.656335,0,0,0,-0.07592,0.879457,0.469884,0,0,0,0,0,0,0,0,0,0,0,0,0,0,0,0.867397,0.462703,0.183108,-0.931437,0.290113,0.219678,-0.928944,0.112436,-0.352733,0.872866,0.286989,-0.394642,0.200538,0.979415,0.0230485,-0.396516,0.917318,0.036097,-0.399926,0.743115,-0.536507,0,0,0
000183,0.504663,0.705483,0.504647,153.634,169.194,175.105,0.511114,0.774429,0.372858,-0.634212,0.663808,0.396403,-0.636192,0.327715,-0.698471,0,0,0,0.995279,0.0948436,-0.0205917,-0.11012,0.952814,-0.282878,0,0,0,0.629251,0.74622,-0.217251,-0.77568,0.603622,-0.184286,0.703134,0.273544,0.656335,-0.706881,0.141798,0.692974,-0.0759016,0.879223,0.470325,0,0,0,0,0,0,0,0,0,0,0,0,0,0,0,0.867632,0.462262,0.183109,-0.931184,0.290558,0.220166,-0.929173,0.113471,-0.351797,0.872866,0.286989,-0.394642,0.200533,0.979392,0.0240481,-0.396509,0.917301,0.0365967,-0.399294,0.74406,-0.535667,0,0,0
000184,0.504779,0.704588,0.505454,153.634,169.194,175.105,0.511424,0.774893,0.371466,-0.634484,0.664095,0.395484,0,0,0,0,0,0,0.995326,0.0943459,-0.0205917,-0.11009,0.952532,-0.283837,0,0,0,0.628869,0.746543,-0.21725,-0.775607,0.603566,-0.184777,0.703746,0.273782,0.65558,0,0,0,-0.0759566,0.879925,0.469001,0,0,0,0,0,0,0,0,0,0,0,0,0,0,0,0.867478,0.462746,0.182617,-0.931393,0.290623,0.219191,-0.929234,0.112975,-0.351797,0.873085,0.287586,-0.393722,0.20054,0.979426,0.0225487,-0.396529,0.917351,0.0350977,-0.399294,0.74406,-0.535667,0,0,0
000185,0.504959,0.705151,0.504763,153.634,169.194,175.105,0.511114,0.774429,0.372858,-0.634212,0.663808,0.396403,0,0,0,0,0,0,0.995289,0.0948446,-0.0200919,-0.11009,0.952532,-0.283837,0,0,0,0.62894,0.746625,-0.216762,-0.775607,0.603566,-0.184777,0.703134,0.273544,0.656335,-0.70722,0.141866,0.692614,-0.07592,0.879457,0.469884,0,0,0,0,0,0,0,0,0,0,0,0,0,0,0,0.867316,0.46266,0.1836,-0.931393,0.290623,0.219191,-0.928944,0.112436,-0.352733,0.873085,0.287586,-0.393722,0.200536,0.979403,0.0235483,-0.396516,0.917318,0.036097,-0.398411,0.744531,-0.53567,0,0,0
000186,0.505333,0.705412,0.505116,153.634,169.194,175.105,0.51101,0.774274,0.373322,-0.634484,0.664095,0.395484,-0.636339,0.326666,-0.698829,0,0,0,0.995309,0.0948465,-0.0190922,-0.11012,0.952814,-0.282878,0,0,0,0.62901,0.746707,-0.216274,-0.775534,0.603509,-0.185269,0.701978,0.274704,0.657088,0,0,0,-0.07592,0.879457,0.469884,0,0,0,0,0,0,0,0,0,0,0,0,0,0,0,0.86747,0.462176,0.184091,-0.931647,0.290178,0.218703,-0.928884,0.112933,-0.352733,0.873458,0.287708,-0.392803,0.200533,0.979392,0.0240481,-0.396516,0.917318,0.036097,-0.399294,0.74406,-0.535667,0,0,0
000187,0.505284,0.705462,0.50522,153.634,169.194,175.105,0.510593,0.77455,0.373321,-0.634484,0.664095,0.395484,-0.636192,0.327715,-0.698471,0,0,0,0.995309,0.0948465,-0.0190922,-0.11012,0.952814,-0.282878,0,0,0,0.629392,0.746385,-0.216275,-0.775607,0.603566,-0.184777,0.703134,0.273544,0.656335,0,0,0,-0.07592,0.879457,0.469884,0,0,0,0,0,0,0,0,0,0,0,0,0,0,0,0.867235,0.462617,0.184091,-0.931647,0.290178,0.218703,-0.928884,0.112933,-0.352733,0.873458,0.287708,-0.392803,0.200531,0.97938,0.0245479,-0.396516,0.917318,0.036097,-0.399294,0.74406,-0.535667,0,0,0
000188,0.505499,0.705394,0.505363,153.634,169.194,175.105,0.51101,0.774274,0.373322,-0.634484,0.664095,0.395484,-0.635735,0.328604,-0.69847,0,0,0,0.995309,0.0948465,-0.0190922,-0.11012,0.952814,-0.282878,0,0,0,0.629081,0.746789,-0.215786,-0.775534,0.603509,-0.185269,0.702647,0.273891,0.656712,-0.707899,0.142001,0.691892,-0.07592,0.879457,0.469884,0,0,0,0,0,0,0,0,0,0,0,0,0,0,0,0.86747,0.462176,0.184091,-0.931602,0.290688,0.218215,-0.928824,0.113429,-0.352733,0.873458,0.287708,-0.392803,0.200531,0.97938,0.0245479,-0.396516,0.917318,0.036097,-0.399294,0.74406,-0.535667,0,0,0
000189,0.504777,0.705003,0.505406,153.634,169.194,175.105,0.511321,0.774738,0.37193,-0.634484,0.664095,0.395484,0,0,0,0,0,0,0.995326,0.0943459,-0.0205917,-0.110105,0.952673,-0.283358,0,0,0,0.629251,0.74622,-0.217251,-0.775607,0.603566,-0.184777,0.70259,0.274942,0.656334,-0.70756,0.141934,0.692253,-0.0759383,0.879691,0.469443,0,0,0,0,0,0,0,0,0,0,0,0,0,0,0,0.867713,0.462304,0.182617,-0.931393,0.290623,0.219191,-0.929234,0.112975,-0.351797,0.873085,0.287586,-0.393722,0.200536,0.979403,0.0235483,-0.396516,0.917318,0.036097,-0.399735,0.743825,-0.535665,0,0,0
000190,0.504692,0.705082,0.504834,45.0978,15.949,0.289614,0.562583,0.747606,0.352966,-0.588279,0.730557,0.346719,0,0,0,0,0,0,0.999908,0.0124918,0.00527147,-0.0238666,0.944058,-0.328916,0,0,0,0.694147,0.682173,-0.229781,-0.718337,0.655062,-0.234275,0.704563,0.247976,0.664905,-0.711435,0.231921,0.66338,-0.0167233,0.903656,0.427933,0,0,0,0,0,0,-0.309098,0.587512,0.747856,0,0,0,0,0,0,0.89724,0.399224,0.188626,-0.909755,0.37481,0.178501,-0.907134,0.171038,-0.384517,0.903974,0.19665,-0.379684,0.279456,0.960052,-0.0143071,-0.321097,0.946895,-0.016955,0,0,0,0,0,0
000191,0.504909,0.7054,0.505459,45.0978,15.949,0.289614,0.562583,0.747606,0.352966,-0.588279,0.730557,0.346719,0,0,0,0,0,0,0.999905,0.0124917,0.00577141,-0.0238713,0.944386,-0.327972,0,0,0,0.69458,0.681896,-0.229295,-0.718674,0.654693,-0.234275,0.704877,0.248086,0.664531,-0.711751,0.232023,0.663006,-0.0167233,0.903656,0.427933,0,0,0,0.294524,0.59396,0.748644,-0.308115,0.58887,0.747193,0,0,0,0,0,0,0.897443,0.398768,0.188626,-0.909838,0.374844,0.178009,-0.907134,0.171038,-0.384517,0.904344,0.19673,-0.378759,0.27946,0.960065,-0.0133073,-0.321099,0.946903,-0.0164551,0,0,0,0,0,0
000192,0.504592,0.705311,0.504758,45.0978,15.949,0.289614,0.562583,0.747606,0.352966,-0.588668,0.730243,0.346719,0,0,0,0,0,0,0.999902,0.0129917,0.00527147,-0.0238666,0.944058,-0.328916,0,0,0,0.694147,0.682173,-0.229781,-0.718674,0.654693,-0.234275,0.704563,0.247976,0.664905,-0.71112,0.231818,0.663754,-0.016721,0.903442,0.428385,0,0,0,0,0,0,-0.308655,0.587744,0.747856,0,0,0,0,0,0,0.89724,0.399224,0.188626,-0.909755,0.37481,0.178501,-0.907134,0.171038,-0.384517,0.903974,0.19665,-0.379684,0.27946,0.960065,-0.0133073,-0.321102,0.94691,-0.0159552,0,0,0,0,0,0
000193,0.504833,0.704609,0.505142,45.0978,15.949,0.289614,0.56269,0.747747,0.352498,-0.588495,0.730827,0.345781,0,0,0,0,0,0,0.999899,0.0129917,0.00577141,-0.0238666,0.944058,-0.328916,0,0,0,0.694415,0.681737,-0.230268,-0.718501,0.654534,-0.235247,0.704877,0.248086,0.664531,-0.711905,0.231548,0.663006,-0.0167279,0.904083,0.427029,0,0,0,0.293797,0.59474,0.74831,0,0,0,0,0,0,0,0,0,0.89753,0.398806,0.188135,-0.90992,0.374878,0.177517,-0.907038,0.170511,-0.384979,0.90408,0.196161,-0.379685,0.279456,0.960052,-0.0143071,-0.321094,0.946886,-0.0174549,0,0,0,0,0,0
000194,0.505057,0.7048,0.504877,45.0978,15.949,0.289614,0.562583,0.747606,0.352966,-0.588495,0.730827,0.345781,0,0,0,0,0,0,0.999896,0.0129916,0.00627135,-0.0238666,0.944058,-0.328916,0,0,0,0.694147,0.682173,-0.229781,-0.718501,0.654534,-0.235247,0.704563,0.247976,0.664905,-0.711905,0.231548,0.663006,-0.0167256,0.90387,0.427481,0,0,0,0,0,0,-0.307672,0.589102,0.747193,0,0,0,0,0,0,0.897154,0.399186,0.189117,-0.90992,0.374878,0.177517,-0.906848,0.170475,-0.38544,0.904265,0.196201,-0.379222,0.279456,0.960052,-0.0143071,-0.321097,0.946895,-0.016955,0,0,0,0,0,0
000195,0.504587,0.705109,0.504641,45.0978,15.949,0.289614,0.562583,0.747606,0.352966,-0.588279,0.730557,0.346719,0,0,0,0,0,0,0.999902,0.0129917,0.00527147,-0.0238666,0.944058,-0.328916,0,0,0,0.694415,0.681737,-0.230268,-0.718674,0.654693,-0.234275,0.704563,0.247976,0.664905,-0.71112,0.231818,0.663754,-0.0167233,0.903656,0.427933,0,0,0,0,0,0,0,0,0,0,0,0,0,0,0,0.89724,0.399224,0.188626,-0.909755,0.37481,0.178501,-0.907134,0.171038,-0.384517,0.903894,0.196122,-0.380147,0.279456,0.960052,-0.0143071,-0.321099,0.946903,-0.0164551,0,0,0,0,0,0
000196,0.504677,0.704709,0.505495,45.0978,15.949,0.289614,0.562797,0.747887,0.35203,-0.588495,0.730827,0.345781,0,0,0,0,0,0,0.999908,0.0124918,0.00527147,-0.0238666,0.944058,-0.328916,0,0,0,0.694147,0.682173,-0.229781,-0.718588,0.654614,-0.234761,0.705191,0.248196,0.664157,-0.711751,0.232023,0.663006,-0.0167279,0.904083,0.427029,0,0,0,0,0,0,0,0,0,0,0,0,0,0,0,0.897326,0.399262,0.188135,-0.909838,0.374844,0.178009,-0.907227,0.170546,-0.384517,0.90408,0.196161,-0.379685,0.279456,0.960052,-0.0143071,-0.321097,0.946895,-0.016955,0,0,0,0,0,0
000197,0.504563,0.705221,0.505131,45.0978,15.949,0.289614,0.562184,0.747907,0.352965,-0.588279,0.730557,0.346719,0,0,0,0,0,0,0.999902,0.0129917,0.00527147,-0.0238666,0.944058,-0.328916,0,0,0,0.694147,0.682173,-0.229781,-0.718674,0.654693,-0.234275,0.705522,0.247252,0.664158,-0.711435,0.231921,0.66338,-0.0167233,0.903656,0.427933,0,0,0,0.294076,0.594183,0.748643,-0.309983,0.587048,0.747854,0,0,0,0,0,0,0.89753,0.398806,0.188135,-0.909755,0.37481,0.178501,-0.907227,0.170546,-0.384517,0.90408,0.196161,-0.379685,0.279458,0.960059,-0.0138072,-0.321099,0.946903,-0.0164551,0,0,0,0,0,0
000198,0.504629,0.705487,0.505021,45.0978,15.949,0.289614,0.562077,0.747767,0.353432,-0.588279,0.730557,0.346719,0,0,0,0,0,0,0.999908,0.0124918,0.00527147,-0.0238713,0.944386,-0.327972,0,0,0,0.694497,0.681817,-0.229782,-0.718674,0.654693,-0.234275,0.704563,0.247976,0.664905,-0.711435,0.231921,0.66338,-0.016721,0.903442,0.428385,0,0,0,0,0,0,-0.309098,0.587512,0.747856,0,0,0,0,0,0,0.89724,0.399224,0.188626,-0.909755,0.37481,0.178501,-0.907227,0.170546,-0.384517,0.90408,0.196161,-0.379685,0.27946,0.960065,-0.0133073,-0.321102,0.94691,-0.0159552,0,0,0,0,0,0
000199,0.505162,0.705007,0.505075,45.0978,15.949,0.289614,0.562077,0.747767,0.353432,-0.588495,0.730827,0.345781,0,0,0,0,0,0,0.999902,0.0124917,0.00627134,-0.0238666,0.944058,-0.328916,0,0,0,0.69423,0.682253,-0.229294,-0.718501,0.654534,-0.235247,0.704563,0.247976,0.664905,-0.711751,0.232023,0.663006,-0.0167256,0.90387,0.427481,0,0,0,0,0,0,-0.307672,0.589102,0.747193,0,0,0,0,0,0,0.897357,0.398729,0.189117,-0.90992,0.374878,0.177517,-0.906848,0.170475,-0.38544,0.904344,0.19673,-0.378759,0.279458,0.960059,-0.0138072,-0.321097,0.946895,-0.016955,0,0,0,0,0,0
000200,0.504933,0.705122,0.504806,41.5874,281.582,283.192,0.511103,0.761075,0.399423,-0.634743,0.650506,0.417066,-0.635114,0.350673,-0.688229,0,0,0,0.995354,0.0950653,-0.0152408,-0.108876,0.961807,-0.251143,0,0,0,0.629952,0.75286,-0.19069,-0.774572,0.610545,-0.165143,0.702227,0.250459,0.666444,0,0,0,-0.076038,0.863128,0.499228,0,0,0,0,0,0,0,0,0,0,0,0,0,0,0,0.867533,0.455329,0.200156,-0.931632,0.283364,0.227521,-0.928314,0.125009,-0.350151,0.873776,0.300599,-0.382303,0.201185,0.977872,0.0573675,-0.395869,0.915896,0.0665009,-0.396872,0.762904,-0.510362,0,0,0
000201,0.505225,0.705403,0.504783,41.5874,281.582,283.192,0.51099,0.76091,0.399881,-0.634743,0.650506,0.417066,-0.63602,0.348317,-0.688588,0,0,0,0.995362,0.095066,-0.0147409,-0.108876,0.961807,-0.251143,0,0,0,0.629692,0.753326,-0.189708,-0.774817,0.610101,-0.165636,0.701094,0.251647,0.667189,-0.70866,0.118298,0.695562,-0.0760181,0.862879,0.499661,0,0,0,0,0,0,0,0,0,0,0,0,0,0,0,0.867122,0.455679,0.201135,-0.931632,0.283364,0.227521,-0.928247,0.125505,-0.350151,0.873939,0.300126,-0.382303,0.201185,0.977872,0.0573675,-0.395869,0.915896,0.0665009,-0.396872,0.762904,-0.510362,0,0,0
000202,0.504828,0.704759,0.504955,41.5874,281.582,283.192,0.511215,0.76124,0.398965,-0.634743,0.650506,0.417066,-0.634689,0.352152,-0.687866,0,0,0,0.995394,0.0945668,-0.0157407,-0.108876,0.961807,-0.251143,0,0,0,0.629569,0.753181,-0.190689,-0.774817,0.610101,-0.165636,0.70189,0.251401,0.666444,-0.708317,0.118241,0.695921,-0.0760579,0.863376,0.498795,0,0,0,0,0,0,0,0,0,0,0,0,0,0,0,0.867621,0.455375,0.199666,-0.931632,0.283364,0.227521,-0.928527,0.126047,-0.349214,0.873758,0.300064,-0.382765,0.201197,0.977927,0.0563692,-0.395882,0.915927,0.066002,-0.397644,0.762217,-0.510789,0,0,0
000203,0.505354,0.705009,0.504542,41.5874,281.582,283.192,0.51099,0.76091,0.399881,-0.634743,0.650506,0.417066,-0.634813,0.350507,-0.688591,0,0,0,0.995409,0.0945683,-0.0147409,-0.108876,0.961807,-0.251143,0,0,0,0.62963,0.753253,-0.190198,-0.774752,0.61005,-0.166129,0.701262,0.251177,0.667189,-0.70866,0.118298,0.695562,-0.076038,0.863128,0.499228,0,0,0,0,0,0,0,0,0,0,0,0,0,0,0,0.867122,0.455679,0.201135,-0.931741,0.283397,0.227034,-0.927967,0.124962,-0.351087,0.873939,0.300126,-0.382303,0.201185,0.977872,0.0573675,-0.395882,0.915927,0.066002,-0.397528,0.761989,-0.511218,0,0,0
000204,0.505149,0.70498,0.505029,41.5874,281.582,283.192,0.511103,0.761075,0.399423,-0.634743,0.650506,0.417066,-0.635114,0.350673,-0.688229,0,0,0,0.995314,0.0955637,-0.0147409,-0.108876,0.961807,-0.251143,0,0,0,0.62963,0.753253,-0.190198,-0.774752,0.61005,-0.166129,0.702227,0.250459,0.666444,0,0,0,-0.076038,0.863128,0.499228,0,0,0,0,0,0,0,0,0,0,0,0,0,0,0,0.867212,0.455726,0.200645,-0.931887,0.282919,0.227034,-0.928247,0.125505,-0.350151,0.873939,0.300126,-0.382303,0.201191,0.9779,0.0568683,-0.395882,0.915927,0.066002,-0.396872,0.762904,-0.510362,0,0,0
000205,0.504818,0.704735,0.504987,41.5874,281.582,283.192,0.511742,0.761126,0.398507,-0.634743,0.650506,0.417066,-0.634689,0.352152,-0.687866,0,0,0,0.995394,0.0945668,-0.0157407,-0.108876,0.961807,-0.251143,0,0,0,0.629569,0.753181,-0.190689,-0.774817,0.610101,-0.165636,0.70189,0.251401,0.666444,-0.708235,0.118734,0.695921,-0.0760579,0.863376,0.498795,0,0,0,0,0,0,0,0,0,0,0,0,0,0,0,0.867621,0.455375,0.199666,-0.931632,0.283364,0.227521,-0.928527,0.126047,-0.349214,0.873758,0.300064,-0.382765,0.201197,0.977927,0.0563692,-0.395882,0.915927,0.066002,-0.397644,0.762217,-0.510789,0,0,0
000206,0.505454,0.705406,0.504714,41.5874,281.582,283.192,0.510877,0.760745,0.40034,-0.634743,0.650506,0.417066,-0.635296,0.349631,-0.688591,0,0,0,0.995369,0.0950667,-0.0142411,-0.108876,0.961807,-0.251143,0,0,0,0.629692,0.753326,-0.189708,-0.774752,0.61005,-0.166129,0.701262,0.251177,0.667189,0,0,0,-0.0760181,0.862879,0.499661,0,0,0,0,0,0,0,0,0,0,0,0,0,0,0,0.867355,0.455236,0.201135,-0.931741,0.283397,0.227034,-0.927967,0.124962,-0.351087,0.874137,0.300722,-0.381379,0.201185,0.977872,0.0573675,-0.395869,0.915896,0.0665009,-0.397644,0.762217,-0.510789,0,0,0
000207,0.505076,0.705498,0.504762,41.5874,281.582,283.192,0.51099,0.76091,0.399881,-0.634743,0.650506,0.417066,-0.635114,0.350673,-0.688229,0,0,0,0.995314,0.0955637,-0.0147409,-0.108902,0.962057,-0.250175,0,0,0,0.629692,0.753326,-0.189708,-0.774882,0.610153,-0.165143,0.702227,0.250459,0.666444,-0.708317,0.118241,0.695921,-0.0760181,0.862879,0.499661,0,0,0,0,0,0,0,0,0,0,0,0,0,0,0,0.867444,0.455283,0.200645,-0.931632,0.283364,0.227521,-0.928247,0.125505,-0.350151,0.873939,0.300126,-0.382303,0.201185,0.977872,0.0573675,-0.395856,0.915865,0.0669998,-0.39776,0.762444,-0.510359,0,0,0
000208,0.504841,0.704849,0.504879,41.5874,281.582,283.192,0.511215,0.76124,0.398965,-0.634743,0.650506,0.417066,-0.635597,0.349798,-0.688228,0,0,0,0.995394,0.0945668,-0.0157407,-0.108876,0.961807,-0.251143,0,0,0,0.629569,0.753181,-0.190689,-0.774817,0.610101,-0.165636,0.70189,0.251401,0.666444,-0.708317,0.118241,0.695921,-0.076038,0.863128,0.499228,0,0,0,0,0,0,0,0,0,0,0,0,0,0,0,0.8673,0.455772,0.200155,-0.931632,0.283364,0.227521,-0.928527,0.126047,-0.349214,0.873776,0.300599,-0.382303,0.201197,0.977927,0.0563692,-0.395882,0.915927,0.066002,-0.397644,0.762217,-0.510789,0,0,0
000209,0.504952,0.705491,0.505304,41.5874,281.582,283.192,0.511103,0.761075,0.399423,-0.634743,0.650506,0.417066,-0.636381,0.349089,-0.687864,0,0,0,0.995354,0.0950653,-0.0152408,-0.108902,0.962057,-0.250175,0,0,0,0.629692,0.753326,-0.189708,-0.774882,0.610153,-0.165143,0.70189,0.251401,0.666444,0,0,0,-0.076038,0.863128,0.499228,0,0,0,0,0,0,0,0,0,0,0,0,0,0,0,0.867533,0.455329,0.200156,-0.931632,0.283364,0.227521,-0.928527,0.126047,-0.349214,0.873939,0.300126,-0.382303,0.201185,0.977872,0.0573675,-0.395856,0.915865,0.0669998,-0.397876,0.762671,-0.509929,0,0,0
000210,0.505028,0.705042,0.505355,269.316,96.1969,355.926,0.4521,0.824023,0.341455,-0.678863,0.616795,0.398384,-0.680857,0.252488,-0.68752,0,0,0,0.982604,0.179058,-0.0492728,-0.199549,0.932614,-0.300685,0,0,0,0.556148,0.792567,-0.250074,-0.829411,0.529921,-0.176809,0.693547,0.348183,0.630683,0,0,0,-0.139093,0.880712,0.452768,0,0,0,0,0,0,0,0,0,0,0,0,0,0,0,0.828697,0.539288,0.149767,-0.94703,0.215121,0.238446,-0.943853,0.0243758,-0.329466,0.834756,0.35105,-0.424201,0.11566,0.993285,-0.00278742,-0.47315,0.88057,0.0269501,-0.47606,0.693958,-0.540175,0,0,0
000211,0.505111,0.704607,0.505162,269.316,96.1969,355.926,0.4521,0.824023,0.341455,-0.678863,0.616795,0.398384,-0.680333,0.253893,-0.687521,0,0,0,0.982604,0.179058,-0.0492728,-0.19949,0.932319,-0.301638,0,0,0,0.556075,0.792465,-0.250558,-0.829067,0.530294,-0.177302,0.693041,0.348489,0.631071,0,0,0,-0.139126,0.880936,0.452322,0,0,0,0.238231,0.620192,0.747401,-0.354658,0.51518,0.780261,0,0,0,0,0,0,0.829032,0.538909,0.149273,-0.94703,0.215121,0.238446,-0.943853,0.0243758,-0.329466,0.834368,0.351971,-0.424201,0.115659,0.993282,-0.0037873,-0.473162,0.880593,0.0259505,-0.475496,0.694016,-0.540597,0,0,0
000212,0.504603,0.704577,0.505386,269.316,96.1969,355.926,0.452266,0.824321,0.340515,-0.678863,0.616795,0.398384,0,0,0,0,0,0,0.982555,0.17905,-0.0502714,-0.19952,0.932466,-0.301161,0,0,0,0.556002,0.792363,-0.251042,-0.829216,0.53039,-0.176318,0.693605,0.348771,0.630295,0,0,0,-0.139126,0.880936,0.452322,0,0,0,0,0,0,-0.35507,0.514897,0.78026,0,0,0,0,0,0,0.829157,0.53899,0.148284,-0.947025,0.214608,0.238931,-0.944182,0.0243843,-0.328522,0.834366,0.351428,-0.424654,0.115659,0.993282,-0.0037873,-0.472709,0.880806,0.0269502,-0.476322,0.693452,-0.540593,0,0,0
000213,0.505349,0.705366,0.505265,269.316,96.1969,355.926,0.451933,0.823724,0.342395,-0.678863,0.616795,0.398384,-0.680333,0.253893,-0.687521,0,0,0,0.982717,0.178571,-0.0487735,-0.199549,0.932614,-0.300685,0,0,0,0.55622,0.792669,-0.24959,-0.828872,0.530763,-0.17681,0.693265,0.348042,0.631071,0,0,0,-0.139093,0.880712,0.452768,0,0,0,0,0,0,0,0,0,0,0,0,0,0,0,0.828907,0.538828,0.150262,-0.947257,0.21466,0.23796,-0.943826,0.0253754,-0.329466,0.834759,0.352135,-0.423295,0.11566,0.993285,-0.00278742,-0.47315,0.88057,0.0269501,-0.476322,0.693452,-0.540593,0,0,0
000214,0.504541,0.705392,0.504614,269.316,96.1969,355.926,0.452017,0.823874,0.341925,-0.678273,0.616256,0.400217,-0.680683,0.252956,-0.68752,0,0,0,0.982555,0.17905,-0.0502714,-0.199549,0.932614,-0.300685,0,0,0,0.556075,0.792465,-0.250558,-0.82929,0.530438,-0.175825,0.693041,0.348489,0.631071,0,0,0,-0.139026,0.880264,0.453659,0,0,0,0.238426,0.619315,0.748066,0,0,0,0,0,0,0,0,0,0.82876,0.539328,0.149273,-0.946908,0.214581,0.239417,-0.944169,0.0248841,-0.328522,0.834171,0.351346,-0.425106,0.11566,0.993285,-0.00278742,-0.473137,0.880546,0.0279497,-0.476735,0.69317,-0.540591,0,0,0
000215,0.505332,0.705488,0.504631,269.316,96.1969,355.926,0.45185,0.823575,0.342864,-0.678568,0.616526,0.399301,0,0,0,0,0,0,0.982628,0.179063,-0.0487735,-0.199549,0.932614,-0.300685,0,0,0,0.55622,0.792669,-0.24959,-0.828872,0.530763,-0.17681,0.692476,0.348206,0.631846,0,0,0,-0.139026,0.880264,0.453659,0,0,0,0,0,0,0,0,0,0,0,0,0,0,0,0.828571,0.539206,0.150756,-0.94703,0.215121,0.238446,-0.943523,0.0243673,-0.33041,0.834756,0.35105,-0.424201,0.11566,0.993285,-0.00278742,-0.47315,0.88057,0.0269501,-0.475909,0.693734,-0.540595,0,0,0
000216,0.504656,0.705161,0.50474,269.316,96.1969,355.926,0.452538,0.823782,0.341456,-0.678568,0.616526,0.399301,-0.680508,0.253425,-0.687521,0,0,0,0.982555,0.17905,-0.0502714,-0.199549,0.932614,-0.300685,0,0,0,0.556075,0.792465,-0.250558,-0.829216,0.53039,-0.176318,0.693041,0.348489,0.631071,0,0,0,-0.139059,0.880488,0.453214,0,0,0,0,0,0,0,0,0,0,0,0,0,0,0,0.82876,0.539328,0.149273,-0.946797,0.215069,0.239416,-0.944155,0.0253839,-0.328521,0.834364,0.350885,-0.425106,0.11566,0.993285,-0.00278742,-0.472703,0.880794,0.02745,-0.476322,0.693452,-0.540593,0,0,0
000217,0.504807,0.704674,0.505248,269.316,96.1969,355.926,0.452183,0.824172,0.340985,-0.678863,0.616795,0.398384,-0.680857,0.252488,-0.68752,0,0,0,0.982579,0.179054,-0.0497721,-0.19952,0.932466,-0.301161,0,0,0,0.556075,0.792465,-0.250558,-0.829216,0.53039,-0.176318,0.694053,0.347877,0.630295,0,0,0,-0.139126,0.880936,0.452322,0,0,0,0.238698,0.620011,0.747402,0,0,0,0,0,0,0,0,0,0.829095,0.538949,0.148779,-0.947141,0.214634,0.238446,-0.944155,0.0253839,-0.328521,0.834368,0.351971,-0.424201,0.115659,0.993282,-0.0037873,-0.472715,0.880818,0.0264504,-0.476322,0.693452,-0.540593,0,0,0
000218,0.505204,0.704686,0.505306,269.316,96.1969,355.926,0.4521,0.824023,0.341455,-0.678863,0.616795,0.398384,-0.680333,0.253893,-0.687521,0,0,0,0.982604,0.179058,-0.0492728,-0.199979,0.932215,-0.301637,0,0,0,0.556075,0.792465,-0.250558,-0.829067,0.530294,-0.177302,0.693041,0.348489,0.631071,0,0,0,-0.139126,0.880936,0.452322,0,0,0,0.238231,0.620192,0.747401,0,0,0,0,0,0,0,0,0,0.828697,0.539288,0.149767,-0.947257,0.21466,0.23796,-0.943853,0.0243758,-0.329466,0.834756,0.35105,-0.424201,0.115659,0.993282,-0.0037873,-0.473162,0.880593,0.0259505,-0.475496,0.694016,-0.540597,0,0,0
000219,0.505218,0.704682,0.504903,269.316,96.1969,355.926,0.4521,0.824023,0.341455,-0.678863,0.616795,0.398384,0,0,0,0,0,0,0.982604,0.179058,-0.0492728,-0.19949,0.932319,-0.301638,0,0,0,0.556075,0.792465,-0.250558,-0.829067,0.530294,-0.177302,0.693041,0.348489,0.631071,0,0,0,-0.139093,0.880712,0.452768,0,0,0,0,0,0,0,0,0,0,0,0,0,0,0,0.828697,0.539288,0.149767,-0.94703,0.215121,0.238446,-0.94384,0.0248756,-0.329466,0.834368,0.351971,-0.424201,0.115659,0.993282,-0.0037873,-0.473162,0.880593,0.0259505,-0.475083,0.694297,-0.540599,0,0,0
000220,0.505457,0.704779,0.505408,240.831,230.457,261.803,0.478603,0.792418,0.378171,-0.659407,0.624825,0.418063,-0.664632,0.305681,-0.681779,0,0,0,0.988835,0.14512,-0.0338562,-0.162517,0.950666,-0.264239,0,0,0,0.586811,0.781238,-0.212886,-0.807607,0.56709,-0.1618,0.700392,0.296444,0.649286,0,0,0,-0.111115,0.866609,0.486459,0,0,0,0,0,0,0,0,0,0,0,0,0,0,0,0.846208,0.502267,0.17793,-0.94119,0.239105,0.238728,-0.939253,0.0726177,-0.335455,0.850682,0.338488,-0.402202,0.151831,0.987689,0.0376526,-0.44097,0.895619,0.0584058,-0.445189,0.732319,-0.515282,0,0,0
000221,0.505265,0.705333,0.505157,240.831,230.457,261.803,0.478504,0.792257,0.378634,-0.659751,0.624462,0.418062,-0.664841,0.305227,-0.681779,0,0,0,0.988818,0.145117,-0.0343559,-0.162538,0.950796,-0.263757,0,0,0,0.586811,0.781238,-0.212886,-0.807739,0.567183,-0.160813,0.699403,0.297111,0.650046,0,0,0,-0.111057,0.866126,0.487332,0,0,0,0,0,0,0,0,0,0,0,0,0,0,0,0.846463,0.501837,0.177931,-0.940835,0.23953,0.239699,-0.939292,0.0721192,-0.335455,0.850682,0.338488,-0.402202,0.151825,0.987651,0.0386518,-0.440945,0.895566,0.0594041,-0.445321,0.732541,-0.514853,0,0,0
000222,0.505007,0.704962,0.504564,240.831,230.457,261.803,0.47903,0.792159,0.378172,-0.659448,0.624173,0.41897,-0.663793,0.307497,-0.68178,0,0,0,0.988801,0.145115,-0.0348555,-0.162517,0.950666,-0.264239,0,0,0,0.586682,0.781068,-0.213863,-0.807452,0.567592,-0.160813,0.699403,0.297111,0.650046,0,0,0,-0.111057,0.866126,0.487332,0,0,0,0,0,0,0,0,0,0,0,0,0,0,0,0.84654,0.501882,0.177439,-0.940841,0.239016,0.240184,-0.939292,0.0721192,-0.335455,0.850307,0.33834,-0.403118,0.151828,0.98767,0.0381522,-0.440945,0.895566,0.0594041,-0.444761,0.732578,-0.515283,0,0,0
000223,0.505482,0.7053,0.505183,240.831,230.457,261.803,0.477977,0.792354,0.379095,-0.659751,0.624462,0.418062,-0.664632,0.305681,-0.681779,0,0,0,0.988835,0.14512,-0.0338562,-0.162538,0.950796,-0.263757,0,0,0,0.586811,0.781238,-0.212886,-0.807386,0.567546,-0.161307,0.699598,0.296651,0.650046,0,0,0,-0.111057,0.866126,0.487332,0,0,0,0,0,0,0,0,0,0,0,0,0,0,0,0.846132,0.502222,0.178422,-0.941074,0.239075,0.239214,-0.939253,0.0726177,-0.335455,0.850682,0.338488,-0.402202,0.151825,0.987651,0.0386518,-0.440945,0.895566,0.0594041,-0.445616,0.732061,-0.51528,0,0,0
000224,0.504518,0.705064,0.504649,240.831,230.457,261.803,0.478603,0.792418,0.378171,-0.659792,0.62381,0.41897,-0.665259,0.304319,-0.681777,0,0,0,0.988766,0.145109,-0.0358547,-0.162538,0.950796,-0.263757,0,0,0,0.587016,0.780682,-0.214352,-0.807805,0.567229,-0.16032,0.700392,0.296444,0.649286,0,0,0,-0.111028,0.865884,0.487769,0,0,0,0,0,0,0,0,0,0,0,0,0,0,0,0.846361,0.502357,0.176946,-0.940485,0.239442,0.241155,-0.939626,0.0721449,-0.334513,0.849932,0.338191,-0.404032,0.151828,0.98767,0.0381522,-0.440945,0.895566,0.0594041,-0.445616,0.732061,-0.51528,0,0,0
000225,0.504856,0.70508,0.504811,240.831,230.457,261.803,0.478603,0.792418,0.378171,-0.659448,0.624173,0.41897,-0.664841,0.305227,-0.681779,0,0,0,0.988728,0.145609,-0.0348555,-0.162538,0.950796,-0.263757,0,0,0,0.586682,0.781068,-0.213863,-0.807739,0.567183,-0.160813,0.700392,0.296444,0.649286,0,0,0,-0.111057,0.866126,0.487332,0,0,0,0,0,0,0,0,0,0,0,0,0,0,0,0.846285,0.502312,0.177438,-0.940602,0.239471,0.24067,-0.939549,0.0731419,-0.334513,0.850307,0.33834,-0.403118,0.151828,0.98767,0.0381522,-0.440945,0.895566,0.0594041,-0.445616,0.732061,-0.51528,0,0,0
000226,0.504739,0.705176,0.505036,240.831,230.457,261.803,0.478603,0.792418,0.378171,-0.659448,0.624173,0.41897,-0.664522,0.306732,-0.681414,0,0,0,0.988783,0.145112,-0.0353551,-0.162538,0.950796,-0.263757,0,0,0,0.586682,0.781068,-0.213863,-0.807805,0.567229,-0.16032,0.700392,0.296444,0.649286,0,0,0,-0.111057,0.866126,0.487332,0,0,0,0,0,0,0,0,0,0,0,0,0,0,0,0.846616,0.501927,0.176947,-0.940602,0.239471,0.24067,-0.939626,0.0721449,-0.334513,0.850307,0.33834,-0.403118,0.151825,0.987651,0.0386518,-0.440945,0.895566,0.0594041,-0.444597,0.733279,-0.514428,0,0,0
000227,0.505324,0.70533,0.504577,240.831,230.457,261.803,0.478405,0.792095,0.379096,-0.659448,0.624173,0.41897,-0.664113,0.305992,-0.682146,0,0,0,0.988818,0.145117,-0.0343559,-0.162538,0.950796,-0.263757,0,0,0,0.586811,0.781238,-0.212886,-0.807673,0.567137,-0.161307,0.699793,0.296191,0.650046,0,0,0,-0.111028,0.865884,0.487769,0,0,0,0,0,0,0,0,0,0,0,0,0,0,0,0.846132,0.502222,0.178422,-0.940835,0.23953,0.239699,-0.939253,0.0726177,-0.335455,0.850676,0.33741,-0.403118,0.151825,0.987651,0.0386518,-0.440945,0.895566,0.0594041,-0.445189,0.732319,-0.515282,0,0,0
000228,0.504641,0.705055,0.504969,240.831,230.457,261.803,0.478603,0.792418,0.378171,-0.659448,0.624173,0.41897,-0.664522,0.306732,-0.681414,0,0,0,0.988783,0.145112,-0.0353551,-0.162538,0.950796,-0.263757,0,0,0,0.586682,0.781068,-0.213863,-0.807805,0.567229,-0.16032,0.700392,0.296444,0.649286,0,0,0,-0.111057,0.866126,0.487332,0,0,0,0,0,0,0,0,0,0,0,0,0,0,0,0.846361,0.502357,0.176946,-0.940602,0.239471,0.24067,-0.939626,0.0721449,-0.334513,0.850304,0.337801,-0.403575,0.151831,0.987689,0.0376526,-0.440945,0.895566,0.0594041,-0.444597,0.733279,-0.514428,0,0,0
000229,0.504723,0.705143,0.504988,240.831,230.457,261.803,0.478603,0.792418,0.378171,-0.659448,0.624173,0.41897,-0.665677,0.30341,-0.681775,0,0,0,0.988783,0.145112,-0.0353551,-0.162538,0.950796,-0.263757,0,0,0,0.586682,0.781068,-0.213863,-0.807517,0.567638,-0.16032,0.700392,0.296444,0.649286,0,0,0,-0.111057,0.866126,0.487332,0,0,0,0,0,0,0,0,0,0,0,0,0,0,0,0.846616,0.501927,0.176947,-0.940602,0.239471,0.24067,-0.939626,0.0721449,-0.334513,0.850307,0.33834,-0.403118,0.151828,0.98767,0.0381522,-0.440945,0.895566,0.0594041,-0.444597,0.733279,-0.514428,0,0,0
000230,0.505282,0.704609,0.50489,208.112,25.9531,196.117,0.495518,0.801204,0.335461,-0.647571,0.666208,0.369891,0,0,0,0,0,0,0.992867,0.115628,-0.0290727,-0.133072,0.936502,-0.324431,0,0,0,0.611006,0.750096,-0.253037,-0.789747,0.577334,-0.207328,0.699076,0.318044,0.640422,-0.70704,0.156627,0.68961,-0.0934804,0.897436,0.431126,0,0,0,0,0,0,0,0,0,0,0,0,0,0,0,0.857662,0.489083,0.158786,-0.936846,0.279008,0.210887,-0.932603,0.0763749,-0.352729,0.864612,0.289118,-0.410921,0.17849,0.983724,-0.02071,-0.417004,0.908901,-0.00264423,-0.41852,0.71016,-0.56614,0,0,0
000231,0.505018,0.704574,0.505463,208.112,25.9531,196.117,0.495093,0.801467,0.335459,-0.647571,0.666208,0.369891,0,0,0,0,0,0,0.992795,0.116123,-0.0295724,-0.133072,0.936502,-0.324431,0,0,0,0.611006,0.750096,-0.253037,-0.78983,0.577396,-0.206839,0.699659,0.318308,0.639654,-0.707377,0.156702,0.689248,-0.0934804,0.897436,0.431126,0,0,0,0.259425,0.620851,0.739759,-0.340098,0.55298,0.760622,0,0,0,0,0,0,0.858048,0.488727,0.157799,-0.936745,0.278978,0.211375,-0.932914,0.076902,-0.351793,0.864612,0.289118,-0.410921,0.178488,0.983713,-0.0212099,-0.417004,0.908901,-0.00264423,-0.419093,0.710152,-0.565726,0,0,0
000232,0.504592,0.704826,0.505206,208.112,25.9531,196.117,0.495093,0.801467,0.335459,-0.646955,0.66629,0.370821,0,0,0,0,0,0,0.992823,0.115623,-0.0305718,-0.133567,0.936432,-0.32443,0,0,0,0.611312,0.749683,-0.253522,-0.789914,0.577457,-0.20635,0.699659,0.318308,0.639654,-0.706703,0.156553,0.689972,-0.0934597,0.897221,0.431577,0,0,0,0.259742,0.620316,0.740096,0,0,0,0,0,0,0,0,0,0.858116,0.488766,0.157305,-0.936542,0.278917,0.212353,-0.933222,0.0774289,-0.350857,0.86438,0.288514,-0.411833,0.178492,0.983734,-0.0202102,-0.417005,0.908903,-0.00164426,-0.418803,0.71065,-0.565315,0,0,0
000233,0.504776,0.705078,0.504532,208.112,25.9531,196.117,0.495429,0.801062,0.335931,-0.647313,0.665941,0.37082,0,0,0,0,0,0,0.992838,0.115624,-0.0300721,-0.133072,0.936502,-0.324431,0,0,0,0.611006,0.750096,-0.253037,-0.789914,0.577457,-0.20635,0.699076,0.318044,0.640422,-0.706258,0.156967,0.690334,-0.093439,0.897007,0.432028,0,0,0,0.260374,0.619246,0.74077,-0.339929,0.551745,0.761594,0,0,0,0,0,0,0.857731,0.489122,0.158292,-0.936542,0.278917,0.212353,-0.932914,0.076902,-0.351793,0.86438,0.288514,-0.411833,0.178492,0.983734,-0.0202102,-0.417005,0.908903,-0.00164426,-0.41794,0.711155,-0.565319,0,0,0
000234,0.5051,0.704669,0.504988,208.112,25.9531,196.117,0.495518,0.801204,0.335461,-0.647571,0.666208,0.369891,0,0,0,0,0,0,0.992853,0.115626,-0.0295724,-0.133072,0.936502,-0.324431,0,0,0,0.611006,0.750096,-0.253037,-0.789747,0.577334,-0.207328,0.698869,0.318499,0.640422,-0.70704,0.156627,0.68961,-0.0934804,0.897436,0.431126,0,0,0,0.25882,0.620704,0.740094,0,0,0,0,0,0,0,0,0,0.857731,0.489122,0.158292,-0.936745,0.278978,0.211375,-0.932872,0.0774003,-0.351793,0.864612,0.289118,-0.410921,0.17849,0.983724,-0.02071,-0.417004,0.908901,-0.00264423,-0.418951,0.709907,-0.566138,0,0,0
000235,0.504921,0.705053,0.505442,208.112,25.9531,196.117,0.495518,0.801204,0.335461,-0.647571,0.666208,0.369891,0,0,0,0,0,0,0.992838,0.115624,-0.0300721,-0.133114,0.936823,-0.323485,0,0,0,0.611086,0.750193,-0.252554,-0.789914,0.577457,-0.20635,0.699659,0.318308,0.639654,-0.706932,0.157115,0.68961,-0.0934597,0.897221,0.431577,0,0,0,0.259742,0.620316,0.740096,-0.340326,0.552395,0.760946,0,0,0,0,0,0,0.857731,0.489122,0.158292,-0.936501,0.279427,0.211864,-0.932954,0.0764037,-0.351793,0.864612,0.289118,-0.410921,0.178492,0.983734,-0.0202102,-0.417005,0.908903,-0.00164426,-0.418081,0.711399,-0.564907,0,0,0
000236,0.504956,0.7048,0.505478,208.112,25.9531,196.117,0.495518,0.801204,0.335461,-0.647571,0.666208,0.369891,0,0,0,0,0,0,0.992838,0.115624,-0.0300721,-0.133567,0.936432,-0.32443,0,0,0,0.611006,0.750096,-0.253037,-0.789914,0.577457,-0.20635,0.699659,0.318308,0.639654,-0.706932,0.157115,0.68961,-0.0934804,0.897436,0.431126,0,0,0,0.259425,0.620851,0.739759,-0.341178,0.551872,0.760944,0,0,0,0,0,0,0.858048,0.488727,0.157799,-0.936501,0.279427,0.211864,-0.932954,0.0764037,-0.351793,0.864612,0.289118,-0.410921,0.178492,0.983734,-0.0202102,-0.417004,0.908902,-0.00214424,-0.418803,0.71065,-0.565315,0,0,0
000237,0.505323,0.705329,0.505251,208.112,25.9531,196.117,0.495339,0.80092,0.336402,-0.647571,0.666208,0.369891,0,0,0,0,0,0,0.992867,0.115628,-0.0290727,-0.133114,0.936823,-0.323485,0,0,0,0.611167,0.750291,-0.25207,-0.78983,0.577396,-0.206839,0.699076,0.318044,0.640422,-0.706932,0.157115,0.68961,-0.093439,0.897007,0.432028,0,0,0,0.258359,0.620898,0.740092,0,0,0,0,0,0,0,0,0,0.85791,0.488649,0.158786,-0.936602,0.279457,0.211375,-0.932872,0.0774003,-0.351793,0.865002,0.289247,-0.41001,0.178496,0.983753,-0.0192105,-0.417005,0.908903,-0.00164426,-0.418803,0.71065,-0.565315,0,0,0
000238,0.505243,0.705337,0.505147,208.112,25.9531,196.117,0.495339,0.80092,0.336402,-0.647571,0.666208,0.369891,0,0,0,0,0,0,0.992867,0.115628,-0.0290727,-0.133114,0.936823,-0.323485,0,0,0,0.611167,0.750291,-0.25207,-0.78983,0.577396,-0.206839,0.699076,0.318044,0.640422,-0.706932,0.157115,0.68961,-0.093439,0.897007,0.432028,0,0,0,0.258359,0.620898,0.740092,0,0,0,0,0,0,0,0,0,0.85791,0.488649,0.158786,-0.936745,0.278978,0.211375,-0.932872,0.0774003,-0.351793,0.864929,0.288169,-0.410922,0.178496,0.983753,-0.0192105,-0.417005,0.908903,-0.00164426,-0.418803,0.71065,-0.565315,0,0,0
000239,0.504747,0.704778,0.504727,208.112,25.9531,196.117,0.495518,0.801204,0.335461,-0.647313,0.665941,0.37082,0,0,0,0,0,0,0.992838,0.115624,-0.0300721,-0.133072,0.936502,-0.324431,0,0,0,0.610925,0.749999,-0.253521,-0.789914,0.577457,-0.20635,0.700072,0.317397,0.639654,-0.706258,0.156967,0.690334,-0.0934597,0.897221,0.431577,0,0,0,0,0,0,-0.339701,0.552331,0.761271,0,0,0,0,0,0,0.8578,0.489161,0.157798,-0.936399,0.279397,0.212353,-0.932954,0.0764037,-0.351793,0.86438,0.288514,-0.411833,0.17849,0.983724,-0.02071,-0.417005,0.908903,-0.00164426,-0.419382,0.709654,-0.566136,0,0,0
000240,0.504715,0.705076,0.504799,328.677,235.883,249.952,0.464443,0.802054,0.375503,-0.669262,0.609148,0.425472,-0.67673,0.292269,-0.675733,0,0,0,0.985082,0.166553,-0.043289,-0.185301,0.947428,-0.260851,0,0,0,0.567782,0.793945,-0.217429,-0.821115,0.54983,-0.153158,0.699183,0.310547,0.643974,0,0,0,-0.1257,0.862804,0.489663,0,0,0,0,0,0,0,0,0,0,0,0,0,0,0,0.836977,0.519908,0.170779,-0.943525,0.218704,0.248857,-0.943658,0.053309,-0.3266,0.839387,0.357326,-0.40957,0.13069,0.990695,0.0380035,-0.4597,0.885726,0.0645364,-0.465212,0.723259,-0.510367,0,0,0
000241,0.505159,0.705099,0.504959,328.677,235.883,249.952,0.464875,0.801803,0.375504,-0.669575,0.609435,0.424567,-0.676333,0.293186,-0.675734,0,0,0,0.985124,0.16656,-0.0422901,-0.185301,0.947428,-0.260851,0,0,0,0.567845,0.794033,-0.216941,-0.820773,0.550202,-0.153652,0.698188,0.3112,0.644739,0,0,0,-0.1257,0.862804,0.489663,0,0,0,0,0,0,0,0,0,0,0,0,0,0,0,0.836567,0.520243,0.171764,-0.943767,0.21876,0.247888,-0.943359,0.0527917,-0.327545,0.839778,0.356406,-0.409571,0.130687,0.990676,0.0385031,-0.459714,0.885755,0.0640375,-0.465212,0.723259,-0.510367,0,0,0
000242,0.504576,0.704654,0.504523,328.677,235.883,249.952,0.464538,0.802215,0.37504,-0.669262,0.609148,0.425472,-0.676133,0.293645,-0.675734,0,0,0,0.985082,0.166553,-0.043289,-0.185254,0.947171,-0.261816,0,0,0,0.567653,0.793769,-0.218405,-0.821115,0.54983,-0.153158,0.699183,0.310547,0.643974,0,0,0,-0.1257,0.862804,0.489663,0,0,0,0,0,0,0,0,0,0,0,0,0,0,0,0.836713,0.520333,0.170779,-0.943525,0.218704,0.248857,-0.943658,0.053309,-0.3266,0.839009,0.357166,-0.410482,0.13069,0.990695,0.0380035,-0.459714,0.885755,0.0640375,-0.46437,0.723798,-0.51037,0,0,0
000243,0.505413,0.704976,0.504751,328.677,235.883,249.952,0.464348,0.801892,0.375966,-0.669575,0.609435,0.424567,-0.676705,0.290623,-0.676468,0,0,0,0.985145,0.166563,-0.0417906,-0.185254,0.947171,-0.261816,0,0,0,0.568252,0.793742,-0.216942,-0.820988,0.549744,-0.154146,0.698595,0.310286,0.644739,0,0,0,-0.1257,0.862804,0.489663,0,0,0,0,0,0,0,0,0,0,0,0,0,0,0,0.836831,0.519818,0.171765,-0.943887,0.218788,0.247404,-0.943196,0.0527826,-0.328018,0.839764,0.357486,-0.408658,0.130687,0.990676,0.0385031,-0.459729,0.885783,0.0635385,-0.465076,0.723043,-0.510797,0,0,0
000244,0.505492,0.705004,0.505128,328.677,235.883,249.952,0.464875,0.801803,0.375504,-0.669575,0.609435,0.424567,-0.676221,0.292593,-0.676102,0,0,0,0.985228,0.16607,-0.0417906,-0.185277,0.9473,-0.261333,0,0,0,0.567909,0.79412,-0.216453,-0.820988,0.549744,-0.154146,0.698392,0.310743,0.644739,0,0,0,-0.126228,0.862975,0.489225,0,0,0,0,0,0,0,0,0,0,0,0,0,0,0,0.836494,0.520197,0.172257,-0.944008,0.218815,0.24692,-0.943331,0.0532909,-0.327545,0.839764,0.357486,-0.408658,0.130687,0.990676,0.0385031,-0.459729,0.885783,0.0635385,-0.464791,0.723529,-0.510368,0,0,0
000245,0.505043,0.705338,0.504996,328.677,235.883,249.952,0.464348,0.801892,0.375966,-0.669262,0.609148,0.425472,-0.67673,0.292269,-0.675733,0,0,0,0.985124,0.16656,-0.0422901,-0.185301,0.947428,-0.260851,0,0,0,0.567909,0.79412,-0.216453,-0.821115,0.54983,-0.153158,0.698188,0.3112,0.644739,0,0,0,-0.1257,0.862804,0.489663,0,0,0,0,0,0,0,0,0,0,0,0,0,0,0,0.836567,0.520243,0.171764,-0.943767,0.21876,0.247888,-0.943387,0.0522925,-0.327545,0.839582,0.356866,-0.409571,0.130684,0.990657,0.0390026,-0.4597,0.885726,0.0645364,-0.465633,0.722989,-0.510365,0,0,0
000246,0.505014,0.704616,0.50467,328.677,235.883,249.952,0.464443,0.802054,0.375503,-0.669575,0.609435,0.424567,-0.676221,0.292593,-0.676102,0,0,0,0.985186,0.166063,-0.0427895,-0.185254,0.947171,-0.261816,0,0,0,0.568124,0.793566,-0.217918,-0.820988,0.549744,-0.154146,0.698188,0.3112,0.644739,0,0,0,-0.125733,0.863046,0.489227,0,0,0,0,0,0,0,0,0,0,0,0,0,0,0,0.83664,0.520288,0.171272,-0.943767,0.21876,0.247888,-0.943387,0.0522925,-0.327545,0.839387,0.357326,-0.40957,0.13069,0.990695,0.0380035,-0.459729,0.885783,0.0635385,-0.46536,0.722558,-0.511224,0,0,0
000247,0.504684,0.705017,0.504594,328.677,235.883,249.952,0.464443,0.802054,0.375503,-0.669262,0.609148,0.425472,-0.676333,0.293186,-0.675734,0,0,0,0.985082,0.166553,-0.043289,-0.185277,0.9473,-0.261333,0,0,0,0.567782,0.793945,-0.217429,-0.821115,0.54983,-0.153158,0.698188,0.3112,0.644739,0,0,0,-0.1257,0.862804,0.489663,0,0,0,0,0,0,0,0,0,0,0,0,0,0,0,0.836977,0.519908,0.170779,-0.943525,0.218704,0.248857,-0.943658,0.053309,-0.3266,0.839205,0.356706,-0.410483,0.13069,0.990695,0.0380035,-0.4597,0.885726,0.0645364,-0.465212,0.723259,-0.510367,0,0,0
000248,0.505386,0.704738,0.504829,328.677,235.883,249.952,0.464443,0.802054,0.375503,-0.669575,0.609435,0.424567,-0.676705,0.290623,-0.676468,0,0,0,0.985145,0.166563,-0.0417906,-0.185254,0.947171,-0.261816,0,0,0,0.567845,0.794033,-0.216941,-0.820924,0.549701,-0.15464,0.698392,0.310743,0.644739,0,0,0,-0.125733,0.863046,0.489227,0,0,0,0,0,0,0,0,0,0,0,0,0,0,0,0.836831,0.519818,0.171765,-0.943887,0.218788,0.247404,-0.943331,0.0532909,-0.327545,0.839778,0.356406,-0.409571,0.13069,0.990695,0.0380035,-0.459729,0.885783,0.0635385,-0.46536,0.722558,-0.511224,0,0,0
000249,0.505431,0.70487,0.505095,328.677,235.883,249.952,0.464443,0.802054,0.375503,-0.669575,0.609435,0.424567,-0.676221,0.292593,-0.676102,0,0,0,0.985145,0.166563,-0.0417906,-0.185254,0.947171,-0.261816,0,0,0,0.568252,0.793742,-0.216942,-0.820988,0.549744,-0.154146,0.698188,0.3112,0.644739,0,0,0,-0.125733,0.863046,0.489227,0,0,0,0,0,0,0,0,0,0,0,0,0,0,0,0.836831,0.519818,0.171765,-0.94412,0.218328,0.24692,-0.943331,0.0532909,-0.327545,0.839764,0.357486,-0.408658,0.13069,0.990695,0.0380035,-0.459729,0.885783,0.0635385,-0.46437,0.723798,-0.51037,0,0,0
000250,0.504655,0.704869,0.504525,295.909,348.57,303.567,0.461611,0.791316,0.400918,-0.670847,0.590456,0.448694,-0.680253,0.313168,-0.662708,0,0,0,0.983952,0.1736,-0.04125,-0.19121,0.954597,-0.228438,0,0,0,0.562467,0.804013,-0.192857,-0.824555,0.550279,-0.131541,0.700028,0.292159,0.651616,0,0,0,-0.1288,0.844999,0.519026,0,0,0,0,0,0,0,0,0,0,0,0,0,0,0,0.834474,0.51896,0.185293,-0.943742,0.204659,0.259743,-0.945204,0.0592286,-0.321062,0.835524,0.375416,-0.401201,0.125602,0.989508,0.0713957,-0.464088,0.880602,0.0957154,-0.470077,0.738485,-0.483392,0,0,0
000251,0.505009,0.705178,0.504825,295.909,348.57,303.567,0.461611,0.791316,0.400918,-0.671182,0.590753,0.4478,-0.680462,0.312714,-0.662708,0,0,0,0.983992,0.173607,-0.040251,-0.191231,0.954709,-0.227952,0,0,0,0.562578,0.80417,-0.191876,-0.8245,0.550242,-0.132037,0.699041,0.29283,0.652374,0,0,0,-0.1288,0.844999,0.519026,0,0,0,0,0,0,0,0,0,0,0,0,0,0,0,0.834659,0.518487,0.185785,-0.943995,0.204714,0.258777,-0.944945,0.0582108,-0.322009,0.83589,0.37558,-0.400285,0.125602,0.989508,0.0713957,-0.464088,0.880602,0.0957154,-0.470499,0.738217,-0.48339,0,0,0
000252,0.504811,0.704529,0.505102,295.909,348.57,303.567,0.461815,0.79166,0.400002,-0.671182,0.590753,0.4478,-0.680879,0.311805,-0.662707,0,0,0,0.983885,0.174096,-0.0407505,-0.19121,0.954597,-0.228438,0,0,0,0.562467,0.804013,-0.192857,-0.8245,0.550242,-0.132037,0.699836,0.29262,0.651616,0,0,0,-0.128342,0.84533,0.5186,0,0,0,0,0,0,0,0,0,0,0,0,0,0,0,0.834474,0.51896,0.185293,-0.943995,0.204714,0.258777,-0.945204,0.0592286,-0.321062,0.835685,0.376036,-0.400285,0.125612,0.989579,0.0703984,-0.46411,0.880645,0.0952177,-0.470077,0.738485,-0.483392,0,0,0
000253,0.50483,0.705107,0.505273,295.909,348.57,303.567,0.461713,0.791488,0.40046,-0.671182,0.590753,0.4478,-0.681504,0.310441,-0.662705,0,0,0,0.983972,0.173604,-0.0407505,-0.191252,0.954821,-0.227465,0,0,0,0.562932,0.803805,-0.192367,-0.824555,0.550279,-0.131541,0.699836,0.29262,0.651616,0,0,0,-0.128306,0.845073,0.519027,0,0,0,0,0,0,0,0,0,0,0,0,0,0,0,0.834738,0.518536,0.185293,-0.943995,0.204714,0.258777,-0.945236,0.0587296,-0.321062,0.83589,0.37558,-0.400285,0.125602,0.989508,0.0713957,-0.464088,0.880602,0.0957154,-0.471343,0.737681,-0.483387,0,0,0
000254,0.505399,0.704623,0.505023,295.909,348.57,303.567,0.461611,0.791316,0.400918,-0.671517,0.59105,0.446906,-0.680902,0.310164,-0.663454,0,0,0,0.984012,0.173611,-0.0397514,-0.19121,0.954597,-0.228438,0,0,0,0.562523,0.804092,-0.192366,-0.82439,0.550168,-0.133028,0.699041,0.29283,0.652374,0,0,0,-0.128342,0.84533,0.5186,0,0,0,0,0,0,0,0,0,0,0,0,0,0,0,0.834316,0.518863,0.186276,-0.944247,0.204769,0.257811,-0.944884,0.0592088,-0.322008,0.83605,0.376199,-0.399368,0.125607,0.989544,0.0708971,-0.464132,0.880687,0.09472,-0.471086,0.737271,-0.484262,0,0,0
000255,0.504689,0.705405,0.5046,295.909,348.57,303.567,0.462042,0.791063,0.400919,-0.670847,0.590456,0.448694,-0.680879,0.311805,-0.662707,0,0,0,0.983885,0.174096,-0.0407505,-0.191252,0.954821,-0.227465,0,0,0,0.562523,0.804092,-0.192366,-0.824609,0.550315,-0.131045,0.698848,0.293292,0.652374,0,0,0,-0.128269,0.844816,0.519455,0,0,0,0,0,0,0,0,0,0,0,0,0,0,0,0.834395,0.518911,0.185784,-0.943742,0.204659,0.259743,-0.945204,0.0592286,-0.321062,0.835685,0.376036,-0.400285,0.125592,0.989437,0.072393,-0.464044,0.880517,0.0967107,-0.470921,0.737949,-0.483388,0,0,0
000256,0.505323,0.705489,0.504621,295.909,348.57,303.567,0.461406,0.79097,0.401834,-0.671182,0.590753,0.4478,-0.680902,0.310164,-0.663454,0,0,0,0.984012,0.173611,-0.0397514,-0.191252,0.954821,-0.227465,0,0,0,0.562634,0.804248,-0.191385,-0.8245,0.550242,-0.132037,0.699427,0.291908,0.652374,0,0,0,-0.128269,0.844816,0.519455,0,0,0,0,0,0,0,0,0,0,0,0,0,0,0,0.8345,0.518389,0.186767,-0.943995,0.204714,0.258777,-0.944884,0.0592088,-0.322008,0.83605,0.376199,-0.399368,0.125592,0.989437,0.072393,-0.464066,0.88056,0.0962131,-0.470499,0.738217,-0.48339,0,0,0
000257,0.50487,0.705114,0.505037,295.909,348.57,303.567,0.461611,0.791316,0.400918,-0.671182,0.590753,0.4478,-0.680879,0.311805,-0.662707,0,0,0,0.983972,0.173604,-0.0407505,-0.191231,0.954709,-0.227952,0,0,0,0.562523,0.804092,-0.192366,-0.824555,0.550279,-0.131541,0.700028,0.292159,0.651616,0,0,0,-0.128306,0.845073,0.519027,0,0,0,0,0,0,0,0,0,0,0,0,0,0,0,0.834395,0.518911,0.185784,-0.943995,0.204714,0.258777,-0.945204,0.0592286,-0.321062,0.835685,0.376036,-0.400285,0.125602,0.989508,0.0713957,-0.464088,0.880602,0.0957154,-0.470921,0.737949,-0.483388,0,0,0
000258,0.505162,0.705325,0.505124,295.909,348.57,303.567,0.462042,0.791063,0.400919,-0.671182,0.590753,0.4478,-0.680879,0.311805,-0.662707,0,0,0,0.983992,0.173607,-0.040251,-0.191252,0.954821,-0.227465,0,0,0,0.562634,0.804248,-0.191385,-0.8245,0.550242,-0.132037,0.699727,0.292033,0.651995,0,0,0,-0.128306,0.845073,0.519027,0,0,0,0,0,0,0,0,0,0,0,0,0,0,0,0.834316,0.518863,0.186276,-0.943995,0.204714,0.258777,-0.944945,0.0582108,-0.322009,0.83605,0.376199,-0.399368,0.125597,0.989473,0.0718944,-0.464088,0.880602,0.0957154,-0.470921,0.737949,-0.483388,0,0,0
000259,0.505008,0.704779,0.504922,295.909,348.57,303.567,0.462144,0.791235,0.400461,-0.671182,0.590753,0.4478,-0.680462,0.312714,-0.662708,0,0,0,0.984059,0.173111,-0.0407505,-0.19121,0.954597,-0.228438,0,0,0,0.562523,0.804092,-0.192366,-0.8245,0.550242,-0.132037,0.700028,0.292159,0.651616,0,0,0,-0.128342,0.84533,0.5186,0,0,0,0,0,0,0,0,0,0,0,0,0,0,0,0.834395,0.518911,0.185784,-0.943995,0.204714,0.258777,-0.944945,0.0582108,-0.322009,0.835685,0.376036,-0.400285,0.125602,0.989508,0.0713957,-0.464088,0.880602,0.0957154,-0.470077,0.738485,-0.483392,0,0,0
000260,0.504723,0.705324,0.505205,34.6093,32.0683,345.656,0.500394,0.796939,0.338369,-0.643501,0.669931,0.370269,0,0,0,0,0,0,0.993674,0.108994,-0.0270699,-0.125854,0.938317,-0.32206,0,0,0,0.616851,0.746516,-0.249417,-0.785503,0.58322,-0.206978,0.700188,0.31193,0.642212,-0.707469,0.160493,0.68828,-0.0886013,0.896799,0.433476,0,0,0,0,0,0,0,0,0,0,0,0,0,0,0,0.860875,0.482632,0.161125,-0.935242,0.284811,0.210251,-0.931687,0.0843706,-0.353328,0.867692,0.284053,-0.407951,0.185201,0.982548,-0.0173309,-0.410853,0.911701,-0.000574971,-0.413253,0.714047,-0.565119,0,0,0
000261,0.504577,0.70541,0.504785,34.6093,32.0683,345.656,0.49988,0.797063,0.338838,-0.643862,0.669584,0.370268,0,0,0,0,0,0,0.99366,0.108993,-0.0275696,-0.125854,0.938317,-0.32206,0,0,0,0.616771,0.74642,-0.249901,-0.785288,0.583683,-0.206489,0.700392,0.311473,0.642212,-0.707133,0.160417,0.688643,-0.0885816,0.896583,0.433926,0,0,0,0.261226,0.617016,0.742329,0,0,0,0,0,0,0,0,0,0.860875,0.482632,0.161125,-0.934995,0.285259,0.21074,-0.931687,0.0843706,-0.353328,0.867459,0.283452,-0.408864,0.185201,0.982548,-0.0173309,-0.410853,0.911701,-7.49891e-05,-0.412386,0.714545,-0.565123,0,0,0
000262,0.504726,0.705005,0.504784,34.6093,32.0683,345.656,0.499971,0.797205,0.338368,-0.643501,0.669931,0.370269,0,0,0,0,0,0,0.993715,0.108496,-0.0275696,-0.125814,0.937996,-0.323007,0,0,0,0.616771,0.74642,-0.249901,-0.78542,0.583158,-0.207467,0.700392,0.311473,0.642212,-0.707133,0.160417,0.688643,-0.0886013,0.896799,0.433476,0,0,0,0,0,0,-0.339642,0.551801,0.761682,0,0,0,0,0,0,0.860875,0.482632,0.161125,-0.935242,0.284811,0.210251,-0.931424,0.0833431,-0.354263,0.867459,0.283452,-0.408864,0.185199,0.982539,-0.0178308,-0.410853,0.911701,-0.00107495,-0.411518,0.715042,-0.565127,0,0,0
000263,0.504891,0.704753,0.504664,34.6093,32.0683,345.656,0.499971,0.797205,0.338368,-0.643501,0.669931,0.370269,0,0,0,0,0,0,0.993674,0.108994,-0.0270699,-0.125814,0.937996,-0.323007,0,0,0,0.617076,0.746006,-0.250386,-0.785337,0.583095,-0.207956,0.699398,0.312125,0.642978,-0.707579,0.160005,0.68828,-0.0886209,0.897015,0.433025,0,0,0,0,0,0,-0.338559,0.552908,0.761361,0,0,0,0,0,0,0.860875,0.482632,0.161125,-0.935196,0.28532,0.209762,-0.93138,0.083841,-0.354263,0.867459,0.283452,-0.408864,0.185197,0.98253,-0.0183307,-0.410853,0.911701,-0.00107495,-0.412541,0.713804,-0.565946,0,0,0
000264,0.504782,0.704759,0.505471,34.6093,32.0683,345.656,0.499547,0.797471,0.338366,-0.643757,0.670198,0.36934,0,0,0,0,0,0,0.993674,0.108994,-0.0270699,-0.12631,0.93793,-0.323005,0,0,0,0.616771,0.74642,-0.249901,-0.78542,0.583158,-0.207467,0.699985,0.312386,0.642212,-0.707805,0.160568,0.687917,-0.0886405,0.89723,0.432575,0,0,0,0.261519,0.617697,0.741659,-0.339184,0.552973,0.761036,0,0,0,0,0,0,0.86063,0.483068,0.161124,-0.935196,0.28532,0.209762,-0.931687,0.0843706,-0.353328,0.867692,0.284053,-0.407951,0.185199,0.982539,-0.0178308,-0.410853,0.911701,-0.00107495,-0.412386,0.714545,-0.565123,0,0,0
000265,0.505315,0.704823,0.505476,34.6093,32.0683,345.656,0.499971,0.797205,0.338368,-0.643757,0.670198,0.36934,0,0,0,0,0,0,0.9937,0.108997,-0.0260704,-0.12631,0.93793,-0.323005,0,0,0,0.617236,0.746197,-0.249418,-0.785039,0.583497,-0.207957,0.700392,0.311473,0.642212,-0.70825,0.160156,0.687555,-0.0886405,0.89723,0.432575,0,0,0,0.261832,0.61716,0.741995,-0.338527,0.553818,0.760713,0,0,0,0,0,0,0.860804,0.482592,0.161618,-0.935397,0.285381,0.208784,-0.931335,0.084339,-0.354263,0.868041,0.283641,-0.407495,0.185199,0.982539,-0.0178308,-0.410853,0.9117,-0.00157494,-0.411952,0.714793,-0.565125,0,0,0
000266,0.505441,0.704677,0.505044,34.6093,32.0683,345.656,0.499456,0.797329,0.338837,-0.643757,0.670198,0.36934,0,0,0,0,0,0,0.9937,0.108997,-0.0260704,-0.125814,0.937996,-0.323007,0,0,0,0.616851,0.746516,-0.249417,-0.785253,0.583033,-0.208445,0.699398,0.312125,0.642978,-0.707694,0.161056,0.687917,-0.0886405,0.89723,0.432575,0,0,0,0,0,0,-0.338757,0.553233,0.761037,0,0,0,0,0,0,0.860489,0.482989,0.162111,-0.935397,0.285381,0.208784,-0.931071,0.0833114,-0.355198,0.868002,0.283103,-0.407952,0.185199,0.982539,-0.0178308,-0.410852,0.911699,-0.00207492,0,0,0,0,0,0
000267,0.505191,0.704882,0.504546,34.6093,32.0683,345.656,0.499365,0.797186,0.339307,-0.644118,0.669852,0.369339,0,0,0,0,0,0,0.993687,0.108996,-0.0265701,-0.125814,0.937996,-0.323007,0,0,0,0.616771,0.74642,-0.249901,-0.785253,0.583033,-0.208445,0.699398,0.312125,0.642978,-0.707579,0.160005,0.68828,-0.0886013,0.896799,0.433476,0,0,0,0.262459,0.616085,0.742667,-0.338132,0.553168,0.761362,0,0,0,0,0,0,0.860489,0.482989,0.162111,-0.935196,0.28532,0.209762,-0.931071,0.0833114,-0.355198,0.867692,0.284053,-0.407951,0.185199,0.982539,-0.0178308,-0.410853,0.9117,-0.00157494,-0.412107,0.714052,-0.565948,0,0,0
000268,0.504648,0.704504,0.504994,34.6093,32.0683,345.656,0.500062,0.797348,0.337897,-0.644118,0.669852,0.369339,0,0,0,0,0,0,0.99366,0.108993,-0.0275696,-0.125814,0.937996,-0.323007,0,0,0,0.616995,0.74591,-0.25087,-0.78542,0.583158,-0.207467,0.699985,0.312386,0.642212,-0.707579,0.160005,0.68828,-0.0886405,0.89723,0.432575,0,0,0,0.261832,0.61716,0.741995,0,0,0,0,0,0,0,0,0,0.860701,0.483107,0.160631,-0.935096,0.285289,0.210251,-0.931687,0.0843706,-0.353328,0.867459,0.283452,-0.408864,0.185195,0.982521,-0.0188305,-0.410853,0.9117,-0.00157494,-0.411518,0.715042,-0.565127,0,0,0
000269,0.505172,0.704654,0.504953,34.6093,32.0683,345.656,0.499971,0.797205,0.338368,-0.643757,0.670198,0.36934,0,0,0,0,0,0,0.993687,0.108996,-0.0265701,-0.125814,0.937996,-0.323007,0,0,0,0.616771,0.74642,-0.249901,-0.785253,0.583033,-0.208445,0.699194,0.312582,0.642978,-0.707915,0.160081,0.687918,-0.0886405,0.89723,0.432575,0,0,0,0,0,0,0,0,0,0,0,0,0,0,0,0.86056,0.483028,0.161618,-0.935442,0.284872,0.209273,-0.931335,0.084339,-0.354263,0.867692,0.284053,-0.407951,0.185197,0.98253,-0.0183307,-0.410852,0.911699,-0.00207492,-0.412541,0.713804,-0.565946,0,0,0
000270,0.505143,0.70523,0.505136,193.469,156.226,106.947,0.516793,0.77159,0.37091,-0.629751,0.670962,0.391438,0,0,0,0,0,0,0.996059,0.0868914,-0.0177907,-0.101517,0.952566,-0.2869,0,0,0,0.635747,0.74052,-0.217842,-0.770127,0.609283,-0.188886,0.703989,0.270266,0.656777,-0.707828,0.150656,0.690132,-0.0695709,0.881931,0.466217,0,0,0,0,0,0,0,0,0,0,0,0,0,0,0,0.870782,0.456076,0.183665,-0.929389,0.299305,0.215991,-0.927206,0.118804,-0.355212,0.87648,0.278166,-0.392945,0.208697,0.977774,0.0201094,-0.388902,0.920738,0.0315719,-0.391897,0.74522,-0.539503,0,0,0
000271,0.505146,0.704557,0.50451,193.469,156.226,106.947,0.516898,0.771743,0.370445,-0.629751,0.670962,0.391438,0,0,0,0,0,0,0.996093,0.0863926,-0.0182906,-0.101462,0.951993,-0.288815,0,0,0,0.635604,0.740356,-0.218817,-0.769979,0.609165,-0.189868,0.703017,0.270964,0.65753,-0.707491,0.150585,0.690493,-0.0695874,0.882163,0.465775,0,0,0,0,0,0,0,0,0,0,0,0,0,0,0,0.870782,0.456076,0.183665,-0.929389,0.299305,0.215991,-0.927078,0.119796,-0.355212,0.876293,0.278107,-0.393405,0.208701,0.977793,0.0191097,-0.388914,0.920767,0.0305724,-0.39165,0.74474,-0.540345,0,0,0
000272,0.505133,0.70498,0.504891,193.469,156.226,106.947,0.516898,0.771743,0.370445,-0.629751,0.670962,0.391438,0,0,0,0,0,0,0.996059,0.0868914,-0.0177907,-0.10149,0.95228,-0.287858,0,0,0,0.635676,0.740438,-0.218329,-0.770053,0.609224,-0.189377,0.703989,0.270266,0.656777,-0.707387,0.151074,0.690493,-0.0695709,0.881931,0.466217,0,0,0,0,0,0,0,0,0,0,0,0,0,0,0,0.870782,0.456076,0.183665,-0.929389,0.299305,0.215991,-0.927142,0.1193,-0.355212,0.876329,0.278643,-0.392945,0.208697,0.977774,0.0201094,-0.388908,0.920752,0.0310722,-0.391011,0.745683,-0.539507,0,0,0
000273,0.505294,0.704718,0.505325,193.469,156.226,106.947,0.516898,0.771743,0.370445,-0.630382,0.670905,0.390518,-0.632544,0.328269,-0.701518,0,0,0,0.996145,0.0858953,-0.0177907,-0.10149,0.95228,-0.287858,0,0,0,0.635676,0.740438,-0.218329,-0.769743,0.609616,-0.189377,0.703989,0.270266,0.656777,-0.708166,0.150728,0.68977,-0.0695874,0.882163,0.465775,0,0,0,0,0,0,0,0,0,0,0,0,0,0,0,0.870782,0.456076,0.183665,-0.929339,0.299814,0.215503,-0.927142,0.1193,-0.355212,0.876667,0.278226,-0.392485,0.208697,0.977774,0.0201094,-0.388914,0.920767,0.0305724,-0.391011,0.745683,-0.539507,0,0,0
000274,0.505264,0.705368,0.504661,193.469,156.226,106.947,0.516689,0.771436,0.371374,-0.629484,0.670675,0.392358,0,0,0,0,0,0,0.996102,0.0863934,-0.0177907,-0.101517,0.952566,-0.2869,0,0,0,0.635747,0.74052,-0.217842,-0.770127,0.609283,-0.188886,0.703017,0.270964,0.65753,-0.707491,0.150585,0.690493,-0.0695544,0.881698,0.466659,0,0,0,0,0,0,0,0,0,0,0,0,0,0,0,0.870933,0.455591,0.184156,-0.929389,0.299305,0.215991,-0.927078,0.119796,-0.355212,0.87648,0.278166,-0.392945,0.208695,0.977764,0.0206092,-0.388902,0.920738,0.0315719,-0.391011,0.745683,-0.539507,0,0,0
000275,0.50456,0.704567,0.504637,193.469,156.226,106.947,0.517002,0.771896,0.369981,-0.629484,0.670675,0.392358,0,0,0,0,0,0,0.996075,0.086391,-0.0192903,-0.10149,0.95228,-0.287858,0,0,0,0.63546,0.740191,-0.219793,-0.770127,0.609283,-0.188886,0.70363,0.2712,0.656776,-0.707153,0.150513,0.690855,-0.0695874,0.882163,0.465775,0,0,0,0,0,0,0,0,0,0,0,0,0,0,0,0.871258,0.45576,0.182191,-0.929183,0.299239,0.216967,-0.92743,0.119841,-0.354277,0.875954,0.278525,-0.393864,0.208701,0.977793,0.0191097,-0.388908,0.920752,0.0310722,-0.392536,0.744276,-0.540341,0,0,0
000276,0.504826,0.704699,0.504775,193.469,156.226,106.947,0.516898,0.771743,0.370445,-0.630116,0.67062,0.391438,0,0,0,0,0,0,0.996127,0.0858937,-0.0187904,-0.10149,0.95228,-0.287858,0,0,0,0.635911,0.739947,-0.219306,-0.770127,0.609283,-0.188886,0.703989,0.270266,0.656777,-0.707491,0.150585,0.690493,-0.0695874,0.882163,0.465775,0,0,0,0,0,0,0,0,0,0,0,0,0,0,0,0.870864,0.456118,0.183173,-0.929286,0.299272,0.216479,-0.927206,0.118804,-0.355212,0.876105,0.278048,-0.393864,0.208701,0.977793,0.0191097,-0.388908,0.920752,0.0310722,-0.391774,0.74498,-0.539924,0,0,0
000277,0.504937,0.705053,0.505395,193.469,156.226,106.947,0.516898,0.771743,0.370445,-0.629751,0.670962,0.391438,0,0,0,0,0,0,0.996093,0.0863926,-0.0182906,-0.101517,0.952566,-0.2869,0,0,0,0.635676,0.740438,-0.218329,-0.770127,0.609283,-0.188886,0.70363,0.2712,0.656776,-0.707724,0.151145,0.690131,-0.0695874,0.882163,0.465775,0,0,0,0,0,0,0,0,0,0,0,0,0,0,0,0.871096,0.455675,0.183174,-0.929389,0.299305,0.215991,-0.92743,0.119841,-0.354277,0.87648,0.278166,-0.392945,0.208697,0.977774,0.0201094,-0.388902,0.920738,0.0315719,-0.39234,0.744988,-0.539502,0,0,0
000278,0.505007,0.705403,0.504884,193.469,156.226,106.947,0.516793,0.77159,0.37091,-0.629484,0.670675,0.392358,-0.6317,0.330648,-0.701162,0,0,0,0.996093,0.0863926,-0.0182906,-0.101517,0.952566,-0.2869,0,0,0,0.636055,0.740112,-0.21833,-0.770127,0.609283,-0.188886,0.703989,0.270266,0.656777,-0.707491,0.150585,0.690493,-0.0695544,0.881698,0.466659,0,0,0,0,0,0,0,0,0,0,0,0,0,0,0,0.870782,0.456076,0.183665,-0.929133,0.299748,0.216479,-0.927206,0.118804,-0.355212,0.876329,0.278643,-0.392945,0.208695,0.977764,0.0206092,-0.388902,0.920738,0.0315719,-0.391897,0.74522,-0.539503,0,0,0
000279,0.504511,0.705248,0.504516,193.469,156.226,106.947,0.516898,0.771743,0.370445,-0.629848,0.670333,0.392358,0,0,0,0,0,0,0.996075,0.086391,-0.0192903,-0.101517,0.952566,-0.2869,0,0,0,0.635604,0.740356,-0.218817,-0.769964,0.609792,-0.187904,0.703989,0.270266,0.656777,-0.706711,0.15093,0.691216,-0.0695544,0.881698,0.466659,0,0,0,0,0,0,0,0,0,0,0,0,0,0,0,0.870864,0.456118,0.183173,-0.929183,0.299239,0.216967,-0.927494,0.119345,-0.354277,0.875954,0.278525,-0.393864,0.208697,0.977774,0.0201094,-0.388896,0.920723,0.0320716,-0.391897,0.74522,-0.539503,0,0,0
000280,0.504971,0.704661,0.504685,200.575,214.741,114.512,0.514761,0.767117,0.382821,-0.631423,0.661368,0.404843,-0.63612,0.336393,-0.6944,0,0,0,0.995687,0.09079,-0.0191135,-0.105867,0.956847,-0.270622,0,0,0,0.632074,0.74669,-0.20721,-0.772562,0.609874,-0.17664,0.704517,0.261353,0.659811,-0.706421,0.135332,0.694733,-0.071847,0.873461,0.481563,0,0,0,0,0,0,0,0,0,0,0,0,0,0,0,0.869461,0.456355,0.189147,-0.930057,0.291633,0.223483,-0.92847,0.121888,-0.350838,0.874171,0.288684,-0.390496,0.204933,0.978115,0.0359578,-0.392378,0.918555,0.0479193,-0.395804,0.752752,-0.526026,0,0,0
000281,0.504977,0.705345,0.504934,200.575,214.741,114.512,0.514653,0.766959,0.383283,-0.631284,0.661221,0.4053,-0.63485,0.340249,-0.693683,0,0,0,0.995687,0.09079,-0.0191135,-0.105894,0.957116,-0.26966,0,0,0,0.632523,0.746445,-0.206722,-0.772941,0.609536,-0.176148,0.704517,0.261353,0.659811,-0.706421,0.135332,0.694733,-0.0718291,0.873221,0.482001,0,0,0,0,0,0,0,0,0,0,0,0,0,0,0,0.869377,0.456312,0.189638,-0.930057,0.291633,0.223483,-0.928535,0.121392,-0.350838,0.874199,0.289219,-0.390035,0.204925,0.97808,0.036957,-0.392359,0.91851,0.0489181,-0.396045,0.75322,-0.525175,0,0,0
000282,0.505401,0.704827,0.504526,200.575,214.741,114.512,0.514653,0.766959,0.383283,-0.631423,0.661368,0.404843,-0.634238,0.339922,-0.694403,0,0,0,0.995705,0.0907917,-0.0181138,-0.105867,0.956847,-0.270622,0,0,0,0.632142,0.746769,-0.206721,-0.772802,0.609427,-0.177132,0.70355,0.262061,0.660562,-0.706327,0.135823,0.694733,-0.0718291,0.873221,0.482001,0,0,0,0,0,0,0,0,0,0,0,0,0,0,0,0.869293,0.456268,0.190129,-0.930163,0.291666,0.222996,-0.928186,0.121347,-0.351774,0.874356,0.288745,-0.390036,0.204925,0.97808,0.036957,-0.392378,0.918555,0.0479193,-0.395804,0.752752,-0.526026,0,0,0
000283,0.504745,0.704672,0.504844,200.575,214.741,114.512,0.514869,0.767275,0.382359,-0.631423,0.661368,0.404843,-0.635486,0.338322,-0.694043,0,0,0,0.995677,0.0907891,-0.0196134,-0.105867,0.956847,-0.270622,0,0,0,0.632006,0.746612,-0.207699,-0.772941,0.609536,-0.176148,0.704169,0.26229,0.659811,-0.706421,0.135332,0.694733,-0.071847,0.873461,0.481563,0,0,0,0,0,0,0,0,0,0,0,0,0,0,0,0.869545,0.456399,0.188656,-0.92995,0.291599,0.22397,-0.928752,0.122429,-0.349901,0.873985,0.288623,-0.390956,0.204933,0.978115,0.0359578,-0.392378,0.918555,0.0479193,-0.39669,0.752289,-0.526022,0,0,0
000284,0.505351,0.704834,0.5052,200.575,214.741,114.512,0.514761,0.767117,0.382821,-0.632063,0.661316,0.403927,0,0,0,0,0,0,0.995705,0.0907917,-0.0181138,-0.105867,0.956847,-0.270622,0,0,0,0.632523,0.746445,-0.206722,-0.772802,0.609427,-0.177132,0.704517,0.261353,0.659811,0,0,0,-0.071847,0.873461,0.481563,0,0,0,0,0,0,0,0,0,0,0,0,0,0,0,0.869377,0.456312,0.189638,-0.93027,0.291699,0.222508,-0.928405,0.122384,-0.350838,0.87457,0.289341,-0.389114,0.204925,0.97808,0.036957,-0.392378,0.918555,0.0479193,-0.395924,0.752986,-0.5256,0,0,0
000285,0.505018,0.705293,0.50503,200.575,214.741,114.512,0.515176,0.766838,0.382822,-0.631423,0.661368,0.404843,-0.63485,0.340249,-0.693683,0,0,0,0.995687,0.09079,-0.0191135,-0.105894,0.957116,-0.26966,0,0,0,0.632523,0.746445,-0.206722,-0.772941,0.609536,-0.176148,0.704517,0.261353,0.659811,-0.706327,0.135823,0.694733,-0.0718291,0.873221,0.482001,0,0,0,0,0,0,0,0,0,0,0,0,0,0,0,0.869377,0.456312,0.189638,-0.930057,0.291633,0.223483,-0.928535,0.121392,-0.350838,0.874199,0.289219,-0.390035,0.204925,0.97808,0.036957,-0.392359,0.91851,0.0489181,-0.396045,0.75322,-0.525175,0,0,0
000286,0.505346,0.705498,0.504856,200.575,214.741,114.512,0.514545,0.766801,0.383744,-0.631423,0.661368,0.404843,-0.636354,0.335951,-0.694399,0,0,0,0.995705,0.0907917,-0.0181138,-0.105894,0.957116,-0.26966,0,0,0,0.63259,0.746524,-0.206233,-0.772872,0.609481,-0.17664,0.70355,0.262061,0.660562,-0.706762,0.135397,0.694374,-0.0718113,0.872981,0.482439,0,0,0,0,0,0,0,0,0,0,0,0,0,0,0,0.869525,0.455825,0.190129,-0.930057,0.291633,0.223483,-0.928405,0.122384,-0.350838,0.87457,0.289341,-0.389114,0.204917,0.978043,0.0379562,-0.392359,0.91851,0.0489181,-0.396045,0.75322,-0.525175,0,0,0
000287,0.505063,0.704838,0.504565,200.575,214.741,114.512,0.514761,0.767117,0.382821,-0.631423,0.661368,0.404843,-0.635415,0.337717,-0.694402,0,0,0,0.995687,0.09079,-0.0191135,-0.105867,0.956847,-0.270622,0,0,0,0.632074,0.74669,-0.20721,-0.772802,0.609427,-0.177132,0.703375,0.262529,0.660561,-0.706421,0.135332,0.694733,-0.0718291,0.873221,0.482001,0,0,0,0,0,0,0,0,0,0,0,0,0,0,0,0.869377,0.456312,0.189638,-0.930057,0.291633,0.223483,-0.92847,0.121888,-0.350838,0.874199,0.289219,-0.390035,0.204929,0.978098,0.0364574,-0.392378,0.918555,0.0479193,-0.395804,0.752752,-0.526026,0,0,0
000288,0.505038,0.704697,0.504706,200.575,214.741,114.512,0.514761,0.767117,0.382821,-0.631423,0.661368,0.404843,-0.635885,0.336834,-0.694401,0,0,0,0.995687,0.09079,-0.0191135,-0.105867,0.956847,-0.270622,0,0,0,0.632074,0.74669,-0.20721,-0.772802,0.609427,-0.177132,0.704517,0.261353,0.659811,-0.706421,0.135332,0.694733,-0.071847,0.873461,0.481563,0,0,0,0,0,0,0,0,0,0,0,0,0,0,0,0.869694,0.455913,0.189147,-0.930057,0.291633,0.223483,-0.92847,0.121888,-0.350838,0.874199,0.289219,-0.390035,0.204933,0.978115,0.0359578,-0.392378,0.918555,0.0479193,-0.395804,0.752752,-0.526026,0,0,0
000289,0.504944,0.705021,0.505088,200.575,214.741,114.512,0.514761,0.767117,0.382821,-0.631423,0.661368,0.404843,-0.635086,0.339808,-0.693683,0,0,0,0.995687,0.09079,-0.0191135,-0.105867,0.956847,-0.270622,0,0,0,0.632142,0.746769,-0.206721,-0.772941,0.609536,-0.176148,0.704343,0.261821,0.659811,-0.706762,0.135397,0.694374,-0.071847,0.873461,0.481563,0,0,0,0,0,0,0,0,0,0,0,0,0,0,0,0.869694,0.455913,0.189147,-0.930057,0.291633,0.223483,-0.928644,0.121911,-0.35037,0.874199,0.289219,-0.390035,0.204925,0.97808,0.036957,-0.392369,0.918533,0.0484187,-0.396045,0.75322,-0.525175,0,0,0
000290,0.504714,0.705136,0.504858,79.4629,101.529,359.113,0.488831,0.798209,0.352003,-0.652096,0.651101,0.388379,0,0,0,0,0,0,0.991508,0.126327,-0.0308754,-0.143426,0.942362,-0.302295,0,0,0,0.602519,0.761808,-0.237949,-0.796297,0.574234,-0.190174,0.699278,0.309566,0.644344,0,0,0,-0.100609,0.886091,0.45246,0,0,0,0,0,0,0,0,0,0,0,0,0,0,0,0.853696,0.493619,0.165962,-0.938344,0.265,0.222004,-0.934972,0.0751532,-0.346668,0.860064,0.306743,-0.407675,0.168733,0.98566,0.00176743,-0.425854,0.904552,0.0208152,-0.426919,0.719896,-0.547257,0,0,0
000291,0.504877,0.704916,0.504874,79.4629,101.529,359.113,0.488831,0.798209,0.352003,-0.65237,0.651376,0.387457,0,0,0,0,0,0,0.991508,0.126327,-0.0308754,-0.143426,0.942362,-0.302295,0,0,0,0.602519,0.761808,-0.237949,-0.79622,0.574178,-0.190665,0.699278,0.309566,0.644344,-0.705678,0.133425,0.695857,-0.100609,0.886091,0.45246,0,0,0,0,0,0,0,0,0,0,0,0,0,0,0,0.853696,0.493619,0.165962,-0.938451,0.26503,0.221517,-0.934932,0.0756516,-0.346668,0.860088,0.307282,-0.407218,0.168733,0.98566,0.00176743,-0.425859,0.904562,0.0203153,-0.428365,0.718405,-0.548086,0,0,0
000292,0.504956,0.704736,0.504641,79.4629,101.529,359.113,0.488831,0.798209,0.352003,-0.65237,0.651376,0.387457,0,0,0,0,0,0,0.99146,0.126825,-0.0303757,-0.143426,0.942362,-0.302295,0,0,0,0.602836,0.761405,-0.238435,-0.796143,0.574122,-0.191155,0.698283,0.310219,0.645108,0,0,0,-0.100609,0.886091,0.45246,0,0,0,0,0,0,0,0,0,0,0,0,0,0,0,0.853696,0.493619,0.165962,-0.938451,0.26503,0.221517,-0.934892,0.0761499,-0.346668,0.860064,0.306743,-0.407675,0.168733,0.985661,0.00126749,-0.425863,0.904571,0.0198154,-0.427504,0.718914,-0.54809,0,0,0
000293,0.504607,0.705077,0.504881,79.4629,101.529,359.113,0.488831,0.798209,0.352003,-0.652096,0.651101,0.388379,0,0,0,0,0,0,0.991556,0.125829,-0.0313751,-0.143426,0.942362,-0.302295,0,0,0,0.602519,0.761808,-0.237949,-0.796297,0.574234,-0.190174,0.699278,0.309566,0.644344,0,0,0,-0.100609,0.886091,0.45246,0,0,0,0,0,0,0,0,0,0,0,0,0,0,0,0.853446,0.494052,0.165962,-0.93848,0.264519,0.222004,-0.934972,0.0751532,-0.346668,0.859872,0.306675,-0.408132,0.168733,0.98566,0.00176743,-0.425854,0.904552,0.0208152,-0.42735,0.719642,-0.547255,0,0,0
000294,0.505138,0.704579,0.505101,79.4629,101.529,359.113,0.488831,0.798209,0.352003,-0.652997,0.651296,0.386534,0,0,0,0,0,0,0.991523,0.126329,-0.0303757,-0.143426,0.942362,-0.302295,0,0,0,0.602519,0.761808,-0.237949,-0.796143,0.574122,-0.191155,0.699278,0.309566,0.644344,0,0,0,-0.100632,0.886316,0.452014,0,0,0,0.256437,0.60569,0.753246,0,0,0,0,0,0,0,0,0,0.853374,0.49401,0.166455,-0.938663,0.26509,0.220542,-0.934892,0.0761499,-0.346668,0.860088,0.307282,-0.407218,0.168733,0.985662,0.000767547,-0.425863,0.904571,0.0198154,-0.426781,0.719659,-0.547675,0,0,0
000295,0.5051,0.704544,0.505101,79.4629,101.529,359.113,0.488831,0.798209,0.352003,-0.652997,0.651296,0.386534,0,0,0,0,0,0,0.991523,0.126329,-0.0303757,-0.143405,0.942213,-0.302771,0,0,0,0.602519,0.761808,-0.237949,-0.796143,0.574122,-0.191155,0.699278,0.309566,0.644344,0,0,0,-0.100656,0.886541,0.451568,0,0,0,0.256437,0.60569,0.753246,0,0,0,0,0,0,0,0,0,0.853696,0.493619,0.165962,-0.938799,0.264609,0.220542,-0.934892,0.0761499,-0.346668,0.860088,0.307282,-0.407218,0.168733,0.985662,0.000767547,-0.425863,0.904571,0.0198154,-0.426781,0.719659,-0.547675,0,0,0
000296,0.505186,0.704832,0.504559,79.4629,101.529,359.113,0.488738,0.79806,0.35247,-0.65237,0.651376,0.387457,-0.651281,0.292975,-0.699999,0,0,0,0.991586,0.125833,-0.0303757,-0.143426,0.942362,-0.302295,0,0,0,0.602519,0.761808,-0.237949,-0.796143,0.574122,-0.191155,0.698283,0.310219,0.645108,-0.705678,0.133425,0.695857,-0.100609,0.886091,0.45246,0,0,0,0.255829,0.605539,0.753574,0,0,0,0,0,0,0,0,0,0.853301,0.493969,0.166948,-0.938693,0.264579,0.221029,-0.934626,0.0751254,-0.347606,0.860088,0.307282,-0.407218,0.168733,0.985661,0.00126749,-0.425863,0.904571,0.0198154,-0.427074,0.719169,-0.548092,0,0,0
000297,0.505436,0.705,0.505103,79.4629,101.529,359.113,0.488738,0.79806,0.35247,-0.652507,0.651513,0.386996,0,0,0,0,0,0,0.99149,0.126828,-0.0293763,-0.143426,0.942362,-0.302295,0,0,0,0.602668,0.761993,-0.236978,-0.796143,0.574122,-0.191155,0.698283,0.310219,0.645108,0,0,0,-0.100632,0.886316,0.452014,0,0,0,0,0,0,0,0,0,0,0,0,0,0,0,0.853552,0.493536,0.166948,-0.938663,0.26509,0.220542,-0.934586,0.0756238,-0.347606,0.860471,0.307418,-0.406305,0.168733,0.98566,0.00176743,-0.425863,0.904571,0.0198154,-0.427935,0.71866,-0.548088,0,0,0
000298,0.504577,0.704999,0.504752,79.4629,101.529,359.113,0.488831,0.798209,0.352003,-0.652096,0.651101,0.388379,0,0,0,0,0,0,0.991493,0.126325,-0.0313751,-0.143426,0.942362,-0.302295,0,0,0,0.602836,0.761405,-0.238435,-0.796297,0.574234,-0.190174,0.699278,0.309566,0.644344,0,0,0,-0.100609,0.886091,0.45246,0,0,0,0,0,0,-0.342293,0.53123,0.775004,0,0,0,0,0,0,0.853446,0.494052,0.165962,-0.93848,0.264519,0.222004,-0.934972,0.0751532,-0.346668,0.859704,0.307146,-0.408131,0.168733,0.98566,0.00176743,-0.425854,0.904552,0.0208152,-0.426919,0.719896,-0.547257,0,0,0
000299,0.505002,0.705128,0.504607,79.4629,101.529,359.113,0.488219,0.798171,0.352937,-0.652723,0.651022,0.387456,0,0,0,0,0,0,0.991523,0.126329,-0.0303757,-0.143426,0.942362,-0.302295,0,0,0,0.602519,0.761808,-0.237949,-0.795927,0.574584,-0.190665,0.698283,0.310219,0.645108,0,0,0,-0.100585,0.885866,0.452906,0,0,0,0.255829,0.605539,0.753574,-0.342293,0.53123,0.775004,0,0,0,0,0,0,0.853301,0.493969,0.166948,-0.938451,0.26503,0.221517,-0.934892,0.0761499,-0.346668,0.860088,0.307282,-0.407218,0.168733,0.98566,0.00176743,-0.425854,0.904552,0.0208152,-0.427935,0.71866,-0.548088,0,0,0
000300,0.505001,0.705162,0.505389,201.736,170.272,300.799,0.47748,0.799419,0.364611,-0.660551,0.631367,0.406262,-0.66347,0.293735,-0.688133,0,0,0,0.98888,0.144373,-0.0356638,-0.162629,0.945719,-0.281368,0,0,0,0.586808,0.777429,-0.226407,-0.80776,0.563659,-0.172663,0.699034,0.308611,0.645067,0,0,0,-0.112488,0.874801,0.471243,0,0,0,0,0,0,0,0,0,0,0,0,0,0,0,0.845745,0.505827,0.169864,-0.94126,0.243423,0.23404,-0.939001,0.0660357,-0.337514,0.851314,0.330329,-0.407611,0.151196,0.988282,0.0209576,-0.441602,0.896218,0.0421937,-0.444555,0.723165,-0.528586,0,0,0
000301,0.505436,0.705485,0.505254,201.736,170.272,300.799,0.477291,0.799107,0.365542,-0.660843,0.631648,0.405348,-0.663763,0.292224,-0.688494,0,0,0,0.988843,0.144872,-0.0346646,-0.162651,0.945857,-0.280888,0,0,0,0.586945,0.777609,-0.225433,-0.80776,0.563659,-0.172663,0.698039,0.309265,0.64583,0,0,0,-0.11246,0.874567,0.471684,0,0,0,0,0,0,0,0,0,0,0,0,0,0,0,0.845599,0.50574,0.170849,-0.941373,0.243452,0.233554,-0.938664,0.0660121,-0.338455,0.851332,0.331408,-0.406697,0.151196,0.988282,0.0209576,-0.441602,0.896218,0.0421937,-0.444128,0.723426,-0.528587,0,0,0
000302,0.504957,0.70506,0.505068,201.736,170.272,300.799,0.47748,0.799419,0.364611,-0.660551,0.631367,0.406262,-0.664166,0.291309,-0.688492,0,0,0,0.988808,0.144867,-0.0356638,-0.162629,0.945719,-0.281368,0,0,0,0.586808,0.777429,-0.226407,-0.80776,0.563659,-0.172663,0.699034,0.308611,0.645067,0,0,0,-0.112488,0.874801,0.471243,0,0,0,0,0,0,0,0,0,0,0,0,0,0,0,0.845745,0.505827,0.169864,-0.941385,0.242938,0.23404,-0.938966,0.0665344,-0.337514,0.850952,0.331261,-0.40761,0.151196,0.988282,0.0209576,-0.441602,0.896218,0.0421937,-0.44556,0.721929,-0.529428,0,0,0
000303,0.505009,0.70478,0.504882,201.736,170.272,300.799,0.47748,0.799419,0.364611,-0.660551,0.631367,0.406262,-0.663358,0.293139,-0.688495,0,0,0,0.988808,0.144867,-0.0356638,-0.162606,0.94558,-0.281848,0,0,0,0.586739,0.777339,-0.226894,-0.80776,0.563659,-0.172663,0.697836,0.309722,0.64583,0,0,0,-0.112488,0.874801,0.471243,0,0,0,0,0,0,0,0,0,0,0,0,0,0,0,0.845745,0.505827,0.169864,-0.94126,0.243423,0.23404,-0.938966,0.0665344,-0.337514,0.850952,0.331261,-0.40761,0.151199,0.988302,0.0199579,-0.441602,0.896218,0.0421937,-0.444708,0.722452,-0.529432,0,0,0
000304,0.505196,0.704915,0.504531,201.736,170.272,300.799,0.477386,0.799263,0.365077,-0.660551,0.631367,0.406262,0,0,0,0,0,0,0.988826,0.14487,-0.0351642,-0.162584,0.94544,-0.282327,0,0,0,0.586739,0.777339,-0.226894,-0.807689,0.56361,-0.173156,0.698443,0.30835,0.645831,0,0,0,-0.11246,0.874567,0.471684,0,0,0,0,0,0,0,0,0,0,0,0,0,0,0,0.845672,0.505784,0.170357,-0.941498,0.242968,0.233554,-0.938664,0.0660121,-0.338455,0.850952,0.331261,-0.40761,0.151198,0.988292,0.0204578,-0.441602,0.896218,0.0421937,-0.443855,0.722974,-0.529436,0,0,0
000305,0.505141,0.705253,0.505168,201.736,170.272,300.799,0.477386,0.799263,0.365077,-0.660551,0.631367,0.406262,-0.664166,0.291309,-0.688492,0,0,0,0.988826,0.14487,-0.0351642,-0.162629,0.945719,-0.281368,0,0,0,0.586877,0.777519,-0.22592,-0.80776,0.563659,-0.172663,0.697836,0.309722,0.64583,0,0,0,-0.112488,0.874801,0.471243,0,0,0,0,0,0,0,0,0,0,0,0,0,0,0,0.845672,0.505784,0.170357,-0.941373,0.243452,0.233554,-0.938833,0.0660239,-0.337984,0.851323,0.330869,-0.407154,0.151196,0.988282,0.0209576,-0.441602,0.896218,0.0421937,-0.444128,0.723426,-0.528587,0,0,0
000306,0.505305,0.704726,0.504828,201.736,170.272,300.799,0.47748,0.799419,0.364611,-0.660843,0.631648,0.405348,-0.663043,0.292999,-0.688858,0,0,0,0.988826,0.14487,-0.0351642,-0.162584,0.94544,-0.282327,0,0,0,0.586739,0.777339,-0.226894,-0.807618,0.56356,-0.173648,0.698039,0.309265,0.64583,0,0,0,-0.112488,0.874801,0.471243,0,0,0,0,0,0,0,0,0,0,0,0,0,0,0,0.845672,0.505784,0.170357,-0.941373,0.243452,0.233554,-0.938664,0.0660121,-0.338455,0.851133,0.330795,-0.40761,0.151199,0.988302,0.0199579,-0.441611,0.896237,0.0416942,-0.443855,0.722974,-0.529436,0,0,0
000307,0.504555,0.704815,0.504934,201.736,170.272,300.799,0.477575,0.799575,0.364146,-0.660551,0.631367,0.406262,0,0,0,0,0,0,0.988845,0.144367,-0.036663,-0.162629,0.945719,-0.281368,0,0,0,0.58667,0.777249,-0.227381,-0.80783,0.563709,-0.172171,0.698831,0.309069,0.645067,0,0,0,-0.112488,0.874801,0.471243,0,0,0,0,0,0,0,0,0,0,0,0,0,0,0,0.846147,0.505484,0.168879,-0.941147,0.243393,0.234526,-0.939036,0.0655369,-0.337514,0.850753,0.330648,-0.408523,0.151199,0.988302,0.0199579,-0.441602,0.896218,0.0421937,-0.44556,0.721929,-0.529428,0,0,0
000308,0.504984,0.704546,0.505279,201.736,170.272,300.799,0.477575,0.799575,0.364146,-0.660843,0.631648,0.405348,0,0,0,0,0,0,0.988808,0.144867,-0.0356638,-0.162584,0.94544,-0.282327,0,0,0,0.586739,0.777339,-0.226894,-0.80776,0.563659,-0.172663,0.698831,0.309069,0.645067,0,0,0,-0.112516,0.875035,0.470802,0,0,0,0,0,0,0,0,0,0,0,0,0,0,0,0.845818,0.50587,0.169371,-0.941373,0.243452,0.233554,-0.938966,0.0665344,-0.337514,0.850952,0.331261,-0.40761,0.151199,0.988302,0.0199579,-0.441611,0.896237,0.0416942,-0.444708,0.722452,-0.529432,0,0,0
000309,0.5051,0.704783,0.504828,201.736,170.272,300.799,0.47748,0.799419,0.364611,-0.660551,0.631367,0.406262,-0.663156,0.293596,-0.688495,0,0,0,0.98888,0.144373,-0.0356638,-0.162606,0.94558,-0.281848,0,0,0,0.586739,0.777339,-0.226894,-0.807689,0.56361,-0.173156,0.698039,0.309265,0.64583,0,0,0,-0.112488,0.874801,0.471243,0,0,0,0,0,0,0,0,0,0,0,0,0,0,0,0.846002,0.505398,0.169864,-0.941373,0.243452,0.233554,-0.938699,0.0655134,-0.338455,0.850952,0.331261,-0.40761,0.151199,0.988302,0.0199579,-0.441602,0.896218,0.0421937,-0.444281,0.722713,-0.529434,0,0,0
000310,0.505398,0.704561,0.504788,254.31,116.007,36.5047,0.518718,0.774764,0.361487,-0.628226,0.67749,0.382544,0,0,0,0,0,0,0.996406,0.0827894,-0.0178915,-0.0986002,0.948946,-0.299631,0,0,0,0.637933,0.735809,-0.227215,-0.768106,0.608909,-0.198098,0.703166,0.277022,0.654841,-0.708015,0.161199,0.687554,-0.0675888,0.888005,0.454839,0,0,0,0,0,0,0,0,0,0,0,0,0,0,0,0.872155,0.455339,0.178922,-0.928824,0.304628,0.210921,-0.926295,0.117519,-0.358003,0.877662,0.270765,-0.39547,0.211402,0.977368,0.00783686,-0.386407,0.922135,0.0188596,-0.389121,0.73908,-0.54986,0,0,0
000311,0.505085,0.705213,0.504607,254.31,116.007,36.5047,0.518515,0.774464,0.362419,-0.627966,0.677209,0.383467,0,0,0,0,0,0,0.996356,0.0832869,-0.0183914,-0.0986002,0.948946,-0.299631,0,0,0,0.638008,0.735894,-0.226728,-0.768261,0.609032,-0.197118,0.703166,0.277022,0.654841,-0.70768,0.161123,0.687916,-0.0675578,0.887551,0.45573,0,0,0,0.273847,0.589839,0.759669,0,0,0,0,0,0,0,0,0,0.872155,0.455339,0.178922,-0.928724,0.304595,0.21141,-0.926473,0.117542,-0.357536,0.877514,0.271243,-0.395469,0.211402,0.977364,0.00833678,-0.3864,0.922117,0.0198594,-0.388486,0.740031,-0.549028,0,0,0
000312,0.505001,0.704851,0.505227,254.31,116.007,36.5047,0.518718,0.774764,0.361487,-0.628226,0.67749,0.382544,0,0,0,0,0,0,0.996356,0.0832869,-0.0183914,-0.0986002,0.948946,-0.299631,0,0,0,0.63831,0.735481,-0.227216,-0.768261,0.609032,-0.197118,0.703775,0.277261,0.654085,-0.708015,0.161199,0.687554,-0.0675888,0.888005,0.454839,0,0,0,0.273716,0.590738,0.759018,0,0,0,0,0,0,0,0,0,0.872234,0.45538,0.17843,-0.928724,0.304595,0.21141,-0.92665,0.117564,-0.357069,0.877514,0.271243,-0.395469,0.211402,0.977364,0.00833678,-0.3864,0.922117,0.0198594,-0.389372,0.739568,-0.549025,0,0,0
000313,0.505456,0.705236,0.505069,254.31,116.007,36.5047,0.518515,0.774464,0.362419,-0.628226,0.67749,0.382544,0,0,0,0,0,0,0.996374,0.0832884,-0.0173917,-0.0986279,0.949244,-0.298677,0,0,0,0.638083,0.735979,-0.226242,-0.768184,0.60897,-0.197608,0.703166,0.277022,0.654841,-0.707904,0.161686,0.687553,-0.0675578,0.887551,0.45573,0,0,0,0,0,0,0,0,0,0,0,0,0,0,0,0.872075,0.455297,0.179414,-0.92898,0.304153,0.210921,-0.92641,0.118038,-0.357536,0.877892,0.271358,-0.394551,0.211401,0.97736,0.0088367,-0.3864,0.922117,0.0198594,-0.389372,0.739568,-0.549025,0,0,0
000314,0.505401,0.705306,0.505084,254.31,116.007,36.5047,0.518515,0.774464,0.362419,-0.628226,0.67749,0.382544,0,0,0,0,0,0,0.996374,0.0832884,-0.0173917,-0.0986279,0.949244,-0.298677,0,0,0,0.638083,0.735979,-0.226242,-0.768261,0.609032,-0.197118,0.703166,0.277022,0.654841,-0.707904,0.161686,0.687553,-0.0675578,0.887551,0.45573,0,0,0,0,0,0,0,0,0,0,0,0,0,0,0,0.872075,0.455297,0.179414,-0.92898,0.304153,0.210921,-0.92641,0.118038,-0.357536,0.877892,0.271358,-0.394551,0.2114,0.977355,0.00933661,-0.3864,0.922117,0.0198594,-0.389372,0.739568,-0.549025,0,0,0
000315,0.504976,0.705239,0.505191,254.31,116.007,36.5047,0.518718,0.774764,0.361487,-0.627966,0.677209,0.383467,0,0,0,0,0,0,0.996356,0.0832869,-0.0183914,-0.0986279,0.949244,-0.298677,0,0,0,0.638008,0.735894,-0.226728,-0.768027,0.609485,-0.196628,0.703958,0.276796,0.654085,-0.708015,0.161199,0.687554,-0.0675733,0.887778,0.455284,0,0,0,0,0,0,0,0,0,0,0,0,0,0,0,0.871923,0.455782,0.178922,-0.928724,0.304595,0.21141,-0.926764,0.118083,-0.356602,0.877514,0.271243,-0.395469,0.211402,0.977364,0.00833678,-0.3864,0.922117,0.0198594,-0.389372,0.739568,-0.549025,0,0,0
000316,0.505284,0.704895,0.505177,254.31,116.007,36.5047,0.518718,0.774764,0.361487,-0.628226,0.67749,0.382544,0,0,0,0,0,0,0.996365,0.0832877,-0.0178915,-0.0986002,0.948946,-0.299631,0,0,0,0.638008,0.735894,-0.226728,-0.768184,0.60897,-0.197608,0.704141,0.27633,0.654085,-0.707904,0.161686,0.687553,-0.0675888,0.888005,0.454839,0,0,0,0,0,0,0,0,0,0,0,0,0,0,0,0.872155,0.455339,0.178922,-0.92898,0.304153,0.210921,-0.926473,0.117542,-0.357536,0.877662,0.270765,-0.39547,0.211402,0.977364,0.00833678,-0.386404,0.922127,0.0193595,-0.388486,0.740031,-0.549028,0,0,0
000317,0.504749,0.704612,0.504969,254.31,116.007,36.5047,0.51882,0.774913,0.361021,-0.628592,0.67715,0.382543,0,0,0,0,0,0,0.996347,0.0832861,-0.0188912,-0.0986002,0.948946,-0.299631,0,0,0,0.637858,0.735724,-0.227702,-0.768261,0.609032,-0.197118,0.703775,0.277261,0.654085,-0.70768,0.161123,0.687916,-0.0675888,0.888005,0.454839,0,0,0,0.273263,0.59095,0.759017,0,0,0,0,0,0,0,0,0,0.872081,0.455864,0.177938,-0.928779,0.304087,0.211899,-0.926764,0.118083,-0.356602,0.877283,0.270649,-0.396388,0.211403,0.977371,0.00733692,-0.386404,0.922127,0.0193595,-0.388486,0.740031,-0.549028,0,0,0
000318,0.504793,0.704654,0.504536,254.31,116.007,36.5047,0.518718,0.774764,0.361487,-0.627966,0.677209,0.383467,0,0,0,0,0,0,0.996347,0.0832861,-0.0188912,-0.0986002,0.948946,-0.299631,0,0,0,0.637858,0.735724,-0.227702,-0.768261,0.609032,-0.197118,0.704141,0.27633,0.654085,-0.707233,0.161534,0.688279,-0.0675733,0.887778,0.455284,0,0,0,0,0,0,-0.328426,0.542436,0.77324,0,0,0,0,0,0,0.872002,0.455823,0.17843,-0.928779,0.304087,0.211899,-0.926536,0.117046,-0.357536,0.877136,0.271126,-0.396388,0.211402,0.977368,0.00783686,-0.386404,0.922127,0.0193595,-0.389121,0.73908,-0.54986,0,0,0
000319,0.50525,0.704883,0.504585,254.31,116.007,36.5047,0.518617,0.774614,0.361953,-0.628226,0.67749,0.382544,0,0,0,0,0,0,0.996365,0.0832877,-0.0178915,-0.0986002,0.948946,-0.299631,0,0,0,0.638008,0.735894,-0.226728,-0.767873,0.609362,-0.197608,0.703166,0.277022,0.654841,-0.70768,0.161123,0.687916,-0.0675733,0.887778,0.455284,0,0,0,0,0,0,0,0,0,0,0,0,0,0,0,0.871844,0.45574,0.179414,-0.928724,0.304595,0.21141,-0.92641,0.118038,-0.357536,0.877514,0.271243,-0.395469,0.211402,0.977364,0.00833678,-0.386404,0.922127,0.0193595,-0.389121,0.73908,-0.54986,0,0,0
000320,0.504797,0.70505,0.504973,77.0796,146.111,263.44,0.508149,0.77911,0.367113,-0.636987,0.664266,0.39115,-0.637535,0.319884,-0.700873,0,0,0,0.994928,0.0984731,-0.0205394,-0.11371,0.950092,-0.290509,0,0,0,0.626077,0.747406,-0.222286,-0.777886,0.599258,-0.189167,0.701923,0.28081,0.65456,-0.707913,0.144033,0.691457,-0.0794351,0.882417,0.463714,0,0,0,0,0,0,0,0,0,0,0,0,0,0,0,0.865588,0.467257,0.180079,-0.932439,0.288572,0.217447,-0.929519,0.107449,-0.352773,0.872063,0.287589,-0.395979,0.196754,0.980309,0.0167699,-0.400075,0.916005,0.0295877,-0.402059,0.738726,-0.540955,0,0,0
000321,0.505327,0.70462,0.505035,77.0796,146.111,263.44,0.508149,0.77911,0.367113,-0.637752,0.664343,0.389769,0,0,0,0,0,0,0.994987,0.0979766,-0.0200396,-0.11371,0.950092,-0.290509,0,0,0,0.62646,0.747085,-0.222287,-0.777736,0.599142,-0.190148,0.701923,0.28081,0.65456,0,0,0,-0.0794541,0.882648,0.463271,0,0,0,0,0,0,0,0,0,0,0,0,0,0,0,0.865508,0.467214,0.180571,-0.93275,0.288668,0.215983,-0.929168,0.107409,-0.353709,0.872251,0.287651,-0.39552,0.196757,0.980325,0.0157702,-0.400086,0.916032,0.0285882,-0.402243,0.73801,-0.541794,0,0,0
000322,0.504625,0.705231,0.504692,77.0796,146.111,263.44,0.508149,0.77911,0.367113,-0.636852,0.664124,0.391611,-0.637311,0.320331,-0.700873,0,0,0,0.994917,0.0984721,-0.0210392,-0.113725,0.950236,-0.290031,0,0,0,0.626077,0.747406,-0.222286,-0.77796,0.599316,-0.188676,0.701923,0.28081,0.65456,-0.707475,0.144454,0.691818,-0.0794161,0.882186,0.464157,0,0,0,0,0,0,0,0,0,0,0,0,0,0,0,0.865588,0.467257,0.180079,-0.932335,0.28854,0.217935,-0.929519,0.107449,-0.352773,0.871874,0.287527,-0.396438,0.196754,0.980309,0.0167699,-0.400075,0.916005,0.0295877,-0.402059,0.738726,-0.540955,0,0,0
000323,0.50513,0.705331,0.504883,77.0796,146.111,263.44,0.507527,0.779077,0.368042,-0.637483,0.664061,0.39069,0,0,0,0,0,0,0.994938,0.0984741,-0.0200396,-0.113741,0.95038,-0.289552,0,0,0,0.626221,0.747575,-0.221311,-0.777886,0.599258,-0.189167,0.700757,0.281959,0.655315,-0.707814,0.144523,0.691457,-0.0794161,0.882186,0.464157,0,0,0,0,0,0,0,0,0,0,0,0,0,0,0,0.865429,0.467172,0.181062,-0.932543,0.288604,0.216959,-0.929225,0.106913,-0.353709,0.872251,0.287651,-0.39552,0.196754,0.980309,0.0167699,-0.400075,0.916005,0.0295877,-0.402059,0.738726,-0.540955,0,0,0
000324,0.504699,0.705254,0.504727,77.0796,146.111,263.44,0.508149,0.77911,0.367113,-0.636852,0.664124,0.391611,-0.637087,0.320778,-0.700872,0,0,0,0.994917,0.0984721,-0.0210392,-0.113725,0.950236,-0.290031,0,0,0,0.626077,0.747406,-0.222286,-0.777655,0.599712,-0.188676,0.701923,0.28081,0.65456,0,0,0,-0.0794161,0.882186,0.464157,0,0,0,0,0,0,0,0,0,0,0,0,0,0,0,0.865825,0.466817,0.180079,-0.932335,0.28854,0.217935,-0.929519,0.107449,-0.352773,0.871874,0.287527,-0.396438,0.196754,0.980309,0.0167699,-0.400075,0.916005,0.0295877,-0.402059,0.738726,-0.540955,0,0,0
000325,0.505094,0.705202,0.505266,77.0796,146.111,263.44,0.508149,0.77911,0.367113,-0.637122,0.664407,0.39069,-0.637983,0.31899,-0.700873,0,0,0,0.994888,0.0989716,-0.0200396,-0.113741,0.95038,-0.289552,0,0,0,0.626221,0.747575,-0.221311,-0.777886,0.599258,-0.189167,0.701923,0.28081,0.65456,0,0,0,-0.0794351,0.882417,0.463714,0,0,0,0,0,0,0,0,0,0,0,0,0,0,0,0.865508,0.467214,0.180571,-0.932543,0.288604,0.216959,-0.929282,0.106416,-0.353709,0.872251,0.287651,-0.39552,0.196754,0.980309,0.0167699,-0.400075,0.916005,0.0295877,-0.402059,0.738726,-0.540955,0,0,0
000326,0.504516,0.705188,0.504641,77.0796,146.111,263.44,0.508149,0.77911,0.367113,-0.636852,0.664124,0.391611,-0.637311,0.320331,-0.700873,0,0,0,0.994907,0.098471,-0.0215391,-0.11371,0.950092,-0.290509,0,0,0,0.626077,0.747406,-0.222286,-0.77796,0.599316,-0.188676,0.701923,0.28081,0.65456,-0.707574,0.143964,0.691819,-0.0794161,0.882186,0.464157,0,0,0,0,0,0,0,0,0,0,0,0,0,0,0,0.865588,0.467257,0.180079,-0.932335,0.28854,0.217935,-0.929519,0.107449,-0.352773,0.871718,0.288002,-0.396437,0.196754,0.980309,0.0167699,-0.400075,0.916005,0.0295877,-0.402059,0.738726,-0.540955,0,0,0
000327,0.505377,0.704617,0.504684,77.0796,146.111,263.44,0.508149,0.77911,0.367113,-0.637122,0.664407,0.39069,-0.637132,0.319123,-0.701586,0,0,0,0.994948,0.0984751,-0.0195397,-0.113694,0.949947,-0.290987,0,0,0,0.626077,0.747406,-0.222286,-0.777736,0.599142,-0.190148,0.700943,0.281495,0.655316,-0.708252,0.144102,0.691096,-0.0794541,0.882648,0.463271,0,0,0,0,0,0,0,0,0,0,0,0,0,0,0,0.865429,0.467172,0.181062,-0.93275,0.288668,0.215983,-0.928931,0.106376,-0.354644,0.872094,0.288126,-0.395519,0.196755,0.980318,0.01627,-0.400086,0.916032,0.0285882,-0.401364,0.738486,-0.541798,0,0,0
000328,0.504515,0.704776,0.505361,77.0796,146.111,263.44,0.508351,0.779416,0.366183,-0.637122,0.664407,0.39069,0,0,0,0,0,0,0.994907,0.098471,-0.0215391,-0.11371,0.950092,-0.290509,0,0,0,0.626005,0.747322,-0.222774,-0.77796,0.599316,-0.188676,0.702531,0.281053,0.653804,-0.707814,0.144523,0.691457,-0.0794541,0.882648,0.463271,0,0,0,0,0,0,0,0,0,0,0,0,0,0,0,0.865984,0.466902,0.179095,-0.932587,0.288094,0.217447,-0.929633,0.106456,-0.352773,0.871874,0.287527,-0.396438,0.196757,0.980325,0.0157702,-0.40008,0.916018,0.029088,-0.402059,0.738726,-0.540955,0,0,0
000329,0.505127,0.705265,0.505302,77.0796,146.111,263.44,0.508567,0.778837,0.367115,-0.637122,0.664407,0.39069,-0.638207,0.318543,-0.700873,0,0,0,0.994938,0.0984741,-0.0200396,-0.113741,0.95038,-0.289552,0,0,0,0.626221,0.747575,-0.221311,-0.777886,0.599258,-0.189167,0.701923,0.28081,0.65456,0,0,0,-0.0794351,0.882417,0.463714,0,0,0,0,0,0,0,0,0,0,0,0,0,0,0,0.865508,0.467214,0.180571,-0.932543,0.288604,0.216959,-0.929282,0.106416,-0.353709,0.872438,0.287712,-0.39506,0.196754,0.980309,0.0167699,-0.400075,0.916005,0.0295877,-0.402059,0.738726,-0.540955,0,0,0
000330,0.504504,0.704891,0.504923,206.042,15.7729,325.677,0.470016,0.819974,0.326693,-0.6661,0.643439,0.377222,0,0,0,0,0,0,0.987522,0.151288,-0.0437217,-0.171557,0.929856,-0.325477,0,0,0,0.579642,0.771064,-0.263582,-0.813117,0.547464,-0.197795,0.696095,0.344947,0.629654,0,0,0,-0.120758,0.894666,0.430105,0,0,0,0,0,0,0,0,0,0,0,0,0,0,0,0.841221,0.520802,0.145303,-0.9432,0.245684,0.223638,-0.939555,0.0410476,-0.339929,0.847697,0.319088,-0.423784,0.141934,0.989536,-0.0259306,-0.450052,0.893002,0.00106193,-0.451007,0.693387,-0.561967,0,0,0
000331,0.505234,0.704898,0.504807,206.042,15.7729,325.677,0.469418,0.81994,0.327636,-0.66637,0.643702,0.376296,0,0,0,0,0,0,0.98751,0.151792,-0.0422232,-0.171557,0.929856,-0.325477,0,0,0,0.579722,0.771169,-0.2631,-0.812871,0.547297,-0.199265,0.695308,0.345116,0.63043,-0.703404,0.132982,0.69824,-0.120758,0.894666,0.430105,0,0,0,0.245688,0.631736,0.735219,0,0,0,0,0,0,0,0,0,0.841096,0.520726,0.146292,-0.943523,0.245768,0.222176,-0.939193,0.0415322,-0.340869,0.848093,0.319236,-0.422878,0.141936,0.989549,-0.0254308,-0.450052,0.893002,6.19588e-05,-0.451543,0.69237,-0.56279,0,0,0
000332,0.504743,0.704651,0.504709,206.042,15.7729,325.677,0.470016,0.819974,0.326693,-0.66637,0.643702,0.376296,0,0,0,0,0,0,0.987468,0.151785,-0.0432222,-0.171529,0.929696,-0.32595,0,0,0,0.579642,0.771064,-0.263582,-0.812953,0.547353,-0.198775,0.695086,0.345563,0.63043,0,0,0,-0.120758,0.894666,0.430105,0,0,0,0,0,0,0,0,0,0,0,0,0,0,0,0.841484,0.520377,0.145303,-0.943308,0.245712,0.223151,-0.939511,0.0420466,-0.339929,0.847873,0.31862,-0.423784,0.141932,0.989524,-0.0264304,-0.450052,0.893002,6.19588e-05,-0.451543,0.69237,-0.56279,0,0,0
000333,0.504942,0.705061,0.505189,206.042,15.7729,325.677,0.470016,0.819974,0.326693,-0.66637,0.643702,0.376296,0,0,0,0,0,0,0.987489,0.151789,-0.0427227,-0.172049,0.929766,-0.325475,0,0,0,0.580121,0.770868,-0.263101,-0.812756,0.547823,-0.198286,0.694863,0.346011,0.63043,-0.703404,0.132982,0.69824,-0.120758,0.894666,0.430105,0,0,0,0,0,0,0,0,0,0,0,0,0,0,0,0.841422,0.520339,0.145798,-0.943541,0.245256,0.222663,-0.939511,0.0420466,-0.339929,0.848093,0.319236,-0.422878,0.141936,0.989549,-0.0254308,-0.450052,0.893002,0.000561944,-0.451007,0.693387,-0.561967,0,0,0
000334,0.505322,0.705463,0.504754,206.042,15.7729,325.677,0.469769,0.819549,0.32811,-0.66637,0.643702,0.376296,0,0,0,0,0,0,0.987455,0.152289,-0.0417238,-0.172049,0.929766,-0.325475,0,0,0,0.579881,0.771377,-0.262135,-0.812953,0.547353,-0.198775,0.694298,0.345731,0.631205,-0.703404,0.132982,0.69824,-0.120731,0.894453,0.430556,0,0,0,0.246019,0.631212,0.735559,-0.350291,0.541855,0.763996,0,0,0,0,0,0,0.841297,0.520262,0.146787,-0.943523,0.245768,0.222176,-0.939171,0.0420317,-0.340869,0.848445,0.3183,-0.422879,0.141938,0.989562,-0.024931,-0.450052,0.893002,0.00106193,-0.451962,0.692098,-0.562788,0,0,0
000335,0.504951,0.705447,0.504817,206.042,15.7729,325.677,0.469851,0.819691,0.327638,-0.6661,0.643439,0.377222,0,0,0,0,0,0,0.987565,0.151295,-0.0427227,-0.171613,0.930177,-0.324531,0,0,0,0.579801,0.771273,-0.262618,-0.813035,0.547409,-0.198285,0.695086,0.345563,0.63043,0,0,0,-0.120731,0.894453,0.430556,0,0,0,0.246019,0.631212,0.735559,-0.351346,0.540721,0.764315,0,0,0,0,0,0,0.841096,0.520726,0.146292,-0.943308,0.245712,0.223151,-0.939363,0.0415396,-0.340399,0.848093,0.319236,-0.422878,0.141938,0.989562,-0.024931,-0.450052,0.893002,0.00106193,-0.451007,0.693387,-0.561967,0,0,0
000336,0.504961,0.705488,0.504754,206.042,15.7729,325.677,0.469851,0.819691,0.327638,-0.6661,0.643439,0.377222,0,0,0,0,0,0,0.987565,0.151295,-0.0427227,-0.171613,0.930177,-0.324531,0,0,0,0.579801,0.771273,-0.262618,-0.813035,0.547409,-0.198285,0.695086,0.345563,0.63043,0,0,0,-0.120704,0.894239,0.431007,0,0,0,0.246019,0.631212,0.735559,-0.350926,0.540992,0.764316,0,0,0,0,0,0,0.841359,0.520301,0.146292,-0.943308,0.245712,0.223151,-0.939215,0.0410327,-0.340869,0.848093,0.319236,-0.422878,0.141938,0.989562,-0.024931,-0.450052,0.893002,0.00106193,-0.451007,0.693387,-0.561967,0,0,0
000337,0.505402,0.705378,0.504946,206.042,15.7729,325.677,0.469851,0.819691,0.327638,-0.66637,0.643702,0.376296,-0.665698,0.254928,-0.701326,0,0,0,0.987531,0.151795,-0.0417238,-0.172049,0.929766,-0.325475,0,0,0,0.579881,0.771377,-0.262135,-0.812953,0.547353,-0.198775,0.69553,0.344668,0.63043,0,0,0,-0.120731,0.894453,0.430556,0,0,0,0.246019,0.631212,0.735559,0,0,0,0,0,0,0,0,0,0.841297,0.520262,0.146787,-0.943523,0.245768,0.222176,-0.939171,0.0420317,-0.340869,0.848489,0.319384,-0.421972,0.141938,0.989562,-0.024931,-0.450052,0.893002,0.00106193,-0.452382,0.691826,-0.562786,0,0,0
000338,0.504594,0.704662,0.50472,206.042,15.7729,325.677,0.470016,0.819974,0.326693,-0.66637,0.643702,0.376296,0,0,0,0,0,0,0.987468,0.151785,-0.0432222,-0.171557,0.929856,-0.325477,0,0,0,0.579561,0.770959,-0.264064,-0.813035,0.547409,-0.198285,0.695368,0.345703,0.630042,0,0,0,-0.120758,0.894666,0.430105,0,0,0,0,0,0,0,0,0,0,0,0,0,0,0,0.841221,0.520802,0.145303,-0.943308,0.245712,0.223151,-0.939533,0.0415471,-0.339929,0.847697,0.319088,-0.423784,0.141932,0.989524,-0.0264304,-0.449605,0.893227,0.000561946,-0.451543,0.69237,-0.56279,0,0,0
000339,0.504609,0.705158,0.504657,206.042,15.7729,325.677,0.469934,0.819832,0.327165,-0.6661,0.643439,0.377222,0,0,0,0,0,0,0.987468,0.151785,-0.0432222,-0.171557,0.929856,-0.325477,0,0,0,0.580041,0.770764,-0.263583,-0.813117,0.547464,-0.197795,0.695086,0.345563,0.63043,0,0,0,-0.120731,0.894453,0.430556,0,0,0,0.245688,0.631736,0.735219,-0.350506,0.541262,0.764317,0,0,0,0,0,0,0.841484,0.520377,0.145303,-0.9432,0.245684,0.223638,-0.939533,0.0415471,-0.339929,0.847873,0.31862,-0.423784,0.141936,0.989549,-0.0254308,-0.450052,0.893002,0.00106193,-0.451007,0.693387,-0.561967,0,0,0
000340,0.504668,0.704836,0.505123,88.3637,26.2005,281.229,0.502121,0.796245,0.337444,-0.641779,0.672588,0.368436,0,0,0,0,0,0,0.994022,0.10584,-0.0267884,-0.122581,0.937805,-0.3248,0,0,0,0.619651,0.743627,-0.251101,-0.783403,0.585219,-0.209284,0.700325,0.311355,0.642341,-0.707747,0.163448,0.687298,-0.0862594,0.898057,0.431338,0,0,0,0.263021,0.617668,0.741152,0,0,0,0,0,0,0,0,0,0.861978,0.480663,0.161111,-0.934554,0.2881,0.208822,-0.931075,0.0866348,-0.354392,0.868742,0.280004,-0.408515,0.188276,0.981925,-0.0193933,-0.40802,0.912968,-0.00310807,-0.409614,0.714806,-0.566805,0,0,0
000341,0.505247,0.705372,0.504938,88.3637,26.2005,281.229,0.501939,0.79596,0.338385,-0.641779,0.672588,0.368436,0,0,0,0,0,0,0.994061,0.105844,-0.0252891,-0.12262,0.938127,-0.323854,0,0,0,0.61951,0.744234,-0.249648,-0.783403,0.585219,-0.209284,0.699738,0.311094,0.643107,-0.708082,0.163525,0.686935,-0.0862404,0.897842,0.431789,0,0,0,0.262414,0.617525,0.741486,0,0,0,0,0,0,0,0,0,0.86208,0.480148,0.162098,-0.934506,0.288609,0.208333,-0.930722,0.0866023,-0.355326,0.869131,0.280129,-0.407603,0.18828,0.981943,-0.0183936,-0.40802,0.912968,-0.00310807,-0.409614,0.714806,-0.566805,0,0,0
000342,0.505257,0.704713,0.505069,88.3637,26.2005,281.229,0.502121,0.796245,0.337444,-0.642032,0.672855,0.367506,0,0,0,0,0,0,0.994101,0.105346,-0.0257889,-0.122581,0.937805,-0.3248,0,0,0,0.619348,0.744043,-0.250616,-0.783235,0.585093,-0.210261,0.699535,0.311551,0.643107,-0.707969,0.164013,0.686935,-0.0862783,0.898272,0.430887,0,0,0,0.262101,0.618062,0.741149,0,0,0,0,0,0,0,0,0,0.862151,0.480187,0.161605,-0.934606,0.288639,0.207844,-0.930722,0.0866023,-0.355326,0.869131,0.280129,-0.407603,0.188276,0.981925,-0.0193933,-0.40802,0.912966,-0.00360805,-0.410205,0.713817,-0.567624,0,0,0
000343,0.504811,0.705311,0.505251,88.3637,26.2005,281.229,0.50203,0.796103,0.337914,-0.641779,0.672588,0.368436,0,0,0,0,0,0,0.994035,0.105841,-0.0262887,-0.12262,0.938127,-0.323854,0,0,0,0.619429,0.744138,-0.250132,-0.783486,0.585281,-0.208795,0.700731,0.310441,0.642342,-0.707634,0.163935,0.687298,-0.0862404,0.897842,0.431789,0,0,0,0,0,0,0,0,0,0,0,0,0,0,0,0.861908,0.480624,0.161605,-0.934407,0.288578,0.208822,-0.931075,0.0866348,-0.354392,0.868977,0.280605,-0.407602,0.188278,0.981934,-0.0188934,-0.408021,0.912969,-0.00260808,-0.410483,0.714311,-0.566801,0,0,0
000344,0.504875,0.704808,0.504678,88.3637,26.2005,281.229,0.502121,0.796245,0.337444,-0.641779,0.672588,0.368436,0,0,0,0,0,0,0.994035,0.105841,-0.0262887,-0.122581,0.937805,-0.3248,0,0,0,0.619651,0.743627,-0.251101,-0.783403,0.585219,-0.209284,0.699738,0.311094,0.643107,-0.707747,0.163448,0.687298,-0.0862404,0.897842,0.431789,0,0,0,0,0,0,-0.337157,0.555578,0.760039,0,0,0,0,0,0,0.862222,0.480226,0.161112,-0.934506,0.288609,0.208333,-0.930768,0.0861044,-0.355327,0.868742,0.280004,-0.408515,0.188276,0.981925,-0.0193933,-0.40802,0.912968,-0.00310807,-0.410205,0.713817,-0.567624,0,0,0
000345,0.505061,0.704853,0.504702,88.3637,26.2005,281.229,0.50203,0.796103,0.337914,-0.642394,0.67251,0.367506,0,0,0,0,0,0,0.993995,0.10634,-0.0257889,-0.122581,0.937805,-0.3248,0,0,0,0.619348,0.744043,-0.250616,-0.783319,0.585156,-0.209772,0.699738,0.311094,0.643107,-0.707747,0.163448,0.687298,-0.0862404,0.897842,0.431789,0,0,0,0.262414,0.617525,0.741486,0,0,0,0,0,0,0,0,0,0.862151,0.480187,0.161605,-0.934506,0.288609,0.208333,-0.930722,0.0866023,-0.355326,0.868977,0.280605,-0.407602,0.188276,0.981925,-0.0193933,-0.40802,0.912968,-0.00310807,-0.410205,0.713817,-0.567624,0,0,0
000346,0.504872,0.705064,0.504578,88.3637,26.2005,281.229,0.50203,0.796103,0.337914,-0.641779,0.672588,0.368436,0,0,0,0,0,0,0.994035,0.105841,-0.0262887,-0.122581,0.937805,-0.3248,0,0,0,0.619348,0.744043,-0.250616,-0.783403,0.585219,-0.209284,0.699738,0.311094,0.643107,-0.707299,0.163858,0.687661,-0.0862404,0.897842,0.431789,0,0,0,0.262414,0.617525,0.741486,-0.337816,0.554735,0.760362,0,0,0,0,0,0,0.861908,0.480624,0.161605,-0.934407,0.288578,0.208822,-0.930768,0.0861044,-0.355327,0.868742,0.280004,-0.408515,0.188276,0.981925,-0.0193933,-0.40802,0.912968,-0.00310807,-0.408745,0.715301,-0.566809,0,0,0
000347,0.505161,0.704505,0.505044,88.3637,26.2005,281.229,0.502121,0.796245,0.337444,-0.642032,0.672855,0.367506,0,0,0,0,0,0,0.994048,0.105843,-0.0257889,-0.122581,0.937805,-0.3248,0,0,0,0.619348,0.744043,-0.250616,-0.783235,0.585093,-0.210261,0.700731,0.310441,0.642342,-0.708082,0.163525,0.686935,-0.0862783,0.898272,0.430887,0,0,0,0.262561,0.617865,0.741151,-0.337781,0.555644,0.759713,0,0,0,0,0,0,0.861908,0.480624,0.161605,-0.934753,0.288161,0.207844,-0.930722,0.0866023,-0.355326,0.868977,0.280605,-0.407602,0.188272,0.981905,-0.020393,-0.408019,0.912964,-0.00410803,-0.409771,0.714064,-0.567627,0,0,0
000348,0.505374,0.704546,0.505425,88.3637,26.2005,281.229,0.502121,0.796245,0.337444,-0.642285,0.673121,0.366576,0,0,0,0,0,0,0.994061,0.105844,-0.0252891,-0.122581,0.937805,-0.3248,0,0,0,0.619429,0.744138,-0.250132,-0.783235,0.585093,-0.210261,0.700731,0.310441,0.642342,-0.708416,0.163602,0.686572,-0.0862783,0.898272,0.430887,0,0,0,0.262708,0.618205,0.740815,0,0,0,0,0,0,0,0,0,0.862151,0.480187,0.161605,-0.934705,0.28867,0.207355,-0.930722,0.0866023,-0.355326,0.869325,0.280191,-0.407146,0.188274,0.981915,-0.0198931,-0.408019,0.912964,-0.00410803,-0.409476,0.714559,-0.567217,0,0,0
000349,0.505204,0.704611,0.505347,88.3637,26.2005,281.229,0.502121,0.796245,0.337444,-0.642032,0.672855,0.367506,0,0,0,0,0,0,0.994048,0.105843,-0.0257889,-0.122581,0.937805,-0.3248,0,0,0,0.619348,0.744043,-0.250616,-0.783019,0.585556,-0.209773,0.700731,0.310441,0.642342,-0.708416,0.163602,0.686572,-0.0862783,0.898272,0.430887,0,0,0,0.26348,0.617471,0.741153,-0.337121,0.556487,0.759389,0,0,0,0,0,0,0.861908,0.480624,0.161605,-0.934606,0.288639,0.207844,-0.930768,0.0861044,-0.355327,0.869131,0.280129,-0.407603,0.188274,0.981915,-0.0198931,-0.408019,0.912964,-0.00410803,-0.408745,0.715301,-0.566809,0,0,0
000350,0.504911,0.704506,0.505367,344.577,106.561,138.4,0.481652,0.803723,0.349342,-0.658111,0.642927,0.391834,0,0,0,0,0,0,0.989639,0.138766,-0.0368565,-0.156785,0.940954,-0.300039,0,0,0,0.591671,0.769331,-0.240947,-0.804226,0.564801,-0.184986,0.699425,0.317981,0.640073,0,0,0,-0.108217,0.884684,0.453457,0,0,0,0,0,0,0,0,0,0,0,0,0,0,0,0.848541,0.504067,0.160917,-0.940152,0.253498,0.22771,-0.938085,0.0649042,-0.34027,0.853564,0.318161,-0.412555,0.156867,0.987619,0.000976257,-0.436527,0.899373,0.0239301,-0.440216,0.714176,-0.544209,0,0,0
000351,0.504843,0.705363,0.505322,344.577,106.561,138.4,0.48199,0.803317,0.349811,-0.657832,0.642652,0.392754,-0.660483,0.285445,-0.694466,0,0,0,0.989639,0.138766,-0.0368565,-0.156831,0.94125,-0.299085,0,0,0,0.591745,0.769425,-0.240462,-0.804377,0.564907,-0.184004,0.699838,0.31707,0.640073,-0.702867,0.124077,0.700416,-0.108166,0.884233,0.454348,0,0,0,0,0,0,0,0,0,0,0,0,0,0,0,0.848472,0.504026,0.16141,-0.940042,0.253469,0.228197,-0.93812,0.0644054,-0.34027,0.853738,0.317693,-0.412556,0.156867,0.987618,0.00197614,-0.436517,0.899351,0.0249298,-0.440071,0.714902,-0.543372,0,0,0
000352,0.504931,0.705178,0.504874,344.577,106.561,138.4,0.48147,0.803425,0.350279,-0.657832,0.642652,0.392754,0,0,0,0,0,0,0.989708,0.138271,-0.0368565,-0.156785,0.940954,-0.300039,0,0,0,0.591745,0.769425,-0.240462,-0.804014,0.565263,-0.184495,0.698841,0.317717,0.640841,0,0,0,-0.108166,0.884233,0.454348,0,0,0,0,0,0,0,0,0,0,0,0,0,0,0,0.848727,0.503596,0.16141,-0.940042,0.253469,0.228197,-0.938051,0.065403,-0.34027,0.853564,0.318161,-0.412555,0.156867,0.987618,0.00197614,-0.436522,0.899362,0.0244299,-0.439218,0.715424,-0.543375,0,0,0
000353,0.504992,0.704987,0.505413,344.577,106.561,138.4,0.481561,0.803574,0.34981,-0.657482,0.64301,0.392754,-0.660955,0.28347,-0.694826,0,0,0,0.989708,0.138271,-0.0368565,-0.156785,0.940954,-0.300039,0,0,0,0.591745,0.769425,-0.240462,-0.804014,0.565263,-0.184495,0.699838,0.31707,0.640073,0,0,0,-0.108191,0.884459,0.453902,0,0,0,0.254237,0.607725,0.752352,0,0,0,0,0,0,0,0,0,0.848472,0.504026,0.16141,-0.940152,0.253498,0.22771,-0.938085,0.0649042,-0.34027,0.853738,0.317693,-0.412556,0.156867,0.987618,0.00197614,-0.436527,0.899373,0.0239301,-0.439644,0.715163,-0.543373,0,0,0
000354,0.504783,0.704641,0.504936,344.577,106.561,138.4,0.481133,0.803831,0.349809,-0.657482,0.64301,0.392754,0,0,0,0,0,0,0.98969,0.138268,-0.0373561,-0.156785,0.940954,-0.300039,0,0,0,0.591597,0.769236,-0.241432,-0.804226,0.564801,-0.184986,0.699838,0.31707,0.640073,0,0,0,-0.108191,0.884459,0.453902,0,0,0,0,0,0,0,0,0,0,0,0,0,0,0,0.848541,0.504067,0.160917,-0.940042,0.253469,0.228197,-0.938085,0.0649042,-0.34027,0.853525,0.317081,-0.413466,0.156867,0.987619,0.000976257,-0.436527,0.899373,0.0239301,-0.440216,0.714176,-0.544209,0,0,0
000355,0.505321,0.705439,0.505154,344.577,106.561,138.4,0.481379,0.803275,0.350747,-0.657482,0.64301,0.392754,0,0,0,0,0,0,0.989727,0.138273,-0.0363569,-0.156831,0.94125,-0.299085,0,0,0,0.591819,0.76952,-0.239977,-0.804226,0.564801,-0.184986,0.698841,0.317717,0.640841,0,0,0,-0.108166,0.884233,0.454348,0,0,0,0,0,0,0,0,0,0,0,0,0,0,0,0.848332,0.503944,0.162397,-0.940262,0.253528,0.227223,-0.93778,0.0643821,-0.34121,0.85395,0.318304,-0.411644,0.156867,0.987617,0.00247608,-0.436522,0.899362,0.0244299,-0.440357,0.714408,-0.543789,0,0,0
000356,0.505065,0.704544,0.504752,344.577,106.561,138.4,0.481561,0.803574,0.34981,-0.657482,0.64301,0.392754,-0.659845,0.28517,-0.695185,0,0,0,0.989708,0.138271,-0.0368565,-0.156739,0.940657,-0.300993,0,0,0,0.591993,0.768931,-0.241433,-0.804151,0.564748,-0.185478,0.698841,0.317717,0.640841,-0.702435,0.124509,0.700772,-0.108191,0.884459,0.453902,0,0,0,0,0,0,0,0,0,0,0,0,0,0,0,0.848472,0.504026,0.16141,-0.940152,0.253498,0.22771,-0.93778,0.0643821,-0.34121,0.853564,0.318161,-0.412555,0.156867,0.987619,0.000976257,-0.436527,0.899373,0.0239301,-0.439363,0.714698,-0.544213,0,0,0
000357,0.505191,0.705234,0.505217,344.577,106.561,138.4,0.48147,0.803425,0.350279,-0.657482,0.64301,0.392754,0,0,0,0,0,0,0.989727,0.138273,-0.0363569,-0.157278,0.940872,-0.300038,0,0,0,0.591819,0.76952,-0.239977,-0.804226,0.564801,-0.184986,0.698841,0.317717,0.640841,0,0,0,-0.108166,0.884233,0.454348,0,0,0,0,0,0,0,0,0,0,0,0,0,0,0,0.848402,0.503985,0.161904,-0.940262,0.253528,0.227223,-0.937915,0.0648926,-0.34074,0.853932,0.317764,-0.4121,0.156867,0.987618,0.00197614,-0.436522,0.899362,0.0244299,-0.439218,0.715424,-0.543375,0,0,0
000358,0.50478,0.705411,0.505363,344.577,106.561,138.4,0.481561,0.803574,0.34981,-0.657832,0.642652,0.392754,-0.660879,0.284526,-0.694467,0,0,0,0.98969,0.138268,-0.0373561,-0.156831,0.94125,-0.299085,0,0,0,0.591745,0.769425,-0.240462,-0.804377,0.564907,-0.184004,0.699838,0.31707,0.640073,-0.702867,0.124077,0.700416,-0.108166,0.884233,0.454348,0,0,0,0,0,0,0,0,0,0,0,0,0,0,0,0.848472,0.504026,0.16141,-0.940042,0.253469,0.228197,-0.93812,0.0644054,-0.34027,0.853564,0.318161,-0.412555,0.156867,0.987618,0.00197614,-0.436517,0.899351,0.0249298,-0.440497,0.714641,-0.54337,0,0,0
000359,0.505454,0.705002,0.504849,344.577,106.561,138.4,0.481379,0.803275,0.350747,-0.657972,0.64279,0.392294,-0.660316,0.283195,-0.695545,0,0,0,0.989744,0.138276,-0.0358574,-0.156785,0.940954,-0.300039,0,0,0,0.592141,0.76912,-0.240463,-0.803863,0.565157,-0.185478,0.699254,0.316806,0.640841,0,0,0,-0.108166,0.884233,0.454348,0,0,0,0,0,0,0,0,0,0,0,0,0,0,0,0.848332,0.503944,0.162397,-0.940262,0.253528,0.227223,-0.937711,0.0653797,-0.34121,0.853932,0.317764,-0.4121,0.156867,0.987618,0.00197614,-0.436527,0.899373,0.0239301,-0.43979,0.714437,-0.544211,0,0,0
000360,0.505419,0.705155,0.505388,325.485,135.54,164.493,0.480458,0.801208,0.356686,-0.658425,0.638587,0.39835,-0.662837,0.286467,-0.691798,0,0,0,0.989432,0.140479,-0.0359145,-0.158856,0.943278,-0.291532,0,0,0,0.590057,0.772708,-0.233998,-0.805698,0.564493,-0.179439,0.699095,0.313363,0.642705,0,0,0,-0.109177,0.880231,0.461816,0,0,0,0,0,0,0,0,0,0,0,0,0,0,0,0.847917,0.503725,0.165219,-0.94068,0.249283,0.230171,-0.938342,0.0656405,-0.339419,0.852791,0.323567,-0.409942,0.155083,0.987846,0.0104493,-0.438098,0.898342,0.0324378,-0.441183,0.719421,-0.536461,0,0,0
000361,0.504714,0.70466,0.505444,325.485,135.54,164.493,0.480736,0.801665,0.355285,-0.65814,0.638308,0.399267,-0.662272,0.289494,-0.691078,0,0,0,0.989378,0.140472,-0.0374133,-0.158856,0.943278,-0.291532,0,0,0,0.589913,0.772523,-0.23497,-0.80527,0.565414,-0.178456,0.699682,0.313625,0.641938,0,0,0,-0.109204,0.88046,0.461373,0,0,0,0,0,0,0,0,0,0,0,0,0,0,0,0.84813,0.50385,0.16374,-0.940217,0.249678,0.231631,-0.93868,0.0656642,-0.338478,0.852407,0.323422,-0.410854,0.155085,0.987856,0.00944949,-0.438098,0.898342,0.0324378,-0.441183,0.719421,-0.536461,0,0,0
000362,0.505052,0.704901,0.504932,325.485,135.54,164.493,0.480551,0.801361,0.356219,-0.65814,0.638308,0.399267,-0.662238,0.287842,-0.6918,0,0,0,0.989466,0.139979,-0.0369137,-0.158856,0.943278,-0.291532,0,0,0,0.589913,0.772523,-0.23497,-0.805484,0.564954,-0.178948,0.699095,0.313363,0.642705,-0.702193,0.116539,0.702384,-0.109177,0.880231,0.461816,0,0,0,0,0,0,0,0,0,0,0,0,0,0,0,0.847988,0.503767,0.164726,-0.940329,0.249707,0.231144,-0.938476,0.0661511,-0.338948,0.852407,0.323422,-0.410854,0.155084,0.987851,0.00994941,-0.438098,0.898342,0.0324378,-0.442185,0.718179,-0.5373,0,0,0
000363,0.50479,0.705439,0.505179,325.485,135.54,164.493,0.480458,0.801208,0.356686,-0.65814,0.638308,0.399267,-0.661871,0.29041,-0.691078,0,0,0,0.989378,0.140472,-0.0374133,-0.158901,0.943566,-0.290576,0,0,0,0.589985,0.772616,-0.234484,-0.80563,0.565056,-0.177964,0.70009,0.312712,0.641939,-0.701765,0.116975,0.70274,-0.109151,0.880001,0.46226,0,0,0,0,0,0,0,0,0,0,0,0,0,0,0,0.847733,0.504197,0.164726,-0.940217,0.249678,0.231631,-0.93868,0.0656642,-0.338478,0.852407,0.323422,-0.410854,0.155083,0.987846,0.0104493,-0.438084,0.898312,0.0334373,-0.442036,0.7189,-0.536458,0,0,0
000364,0.505469,0.704942,0.504781,325.485,135.54,164.493,0.480365,0.801056,0.357154,-0.658425,0.638587,0.39835,0,0,0,0,0,0,0.989432,0.140479,-0.0359145,-0.158856,0.943278,-0.291532,0,0,0,0.590382,0.772312,-0.234485,-0.805338,0.56485,-0.179931,0.699504,0.31245,0.642705,0,0,0,-0.109177,0.880231,0.461816,0,0,0,0,0,0,0,0,0,0,0,0,0,0,0,0.847591,0.504113,0.165712,-0.940441,0.249737,0.230658,-0.938272,0.066638,-0.339419,0.852776,0.323027,-0.410398,0.155083,0.987846,0.0104493,-0.438098,0.898342,0.0324378,-0.441332,0.718701,-0.537303,0,0,0
000365,0.505329,0.704739,0.504996,325.485,135.54,164.493,0.480551,0.801361,0.356219,-0.658425,0.638587,0.39835,-0.661438,0.289675,-0.691801,0,0,0,0.989414,0.140477,-0.0364141,-0.158833,0.943134,-0.292011,0,0,0,0.589985,0.772616,-0.234484,-0.805124,0.565311,-0.17944,0.699095,0.313363,0.642705,0,0,0,-0.109177,0.880231,0.461816,0,0,0,0,0,0,0,0,0,0,0,0,0,0,0,0.847662,0.504155,0.165219,-0.940441,0.249737,0.230658,-0.938307,0.0661393,-0.339419,0.852761,0.322487,-0.410855,0.155085,0.987856,0.00944949,-0.438105,0.898356,0.0319381,-0.441332,0.718701,-0.537303,0,0,0
000366,0.505347,0.704869,0.505085,325.485,135.54,164.493,0.480979,0.801103,0.35622,-0.658425,0.638587,0.39835,-0.661838,0.288759,-0.691801,0,0,0,0.989414,0.140477,-0.0364141,-0.158856,0.943278,-0.291532,0,0,0,0.589985,0.772616,-0.234484,-0.805411,0.564902,-0.17944,0.699095,0.313363,0.642705,0,0,0,-0.109177,0.880231,0.461816,0,0,0,0,0,0,0,0,0,0,0,0,0,0,0,0.847662,0.504155,0.165219,-0.940441,0.249737,0.230658,-0.938307,0.0661393,-0.339419,0.852776,0.323027,-0.410398,0.155083,0.987846,0.0104493,-0.438098,0.898342,0.0324378,-0.441759,0.71844,-0.537301,0,0,0
000367,0.504505,0.705334,0.504578,325.485,135.54,164.493,0.480458,0.801208,0.356686,-0.657854,0.638029,0.400184,0,0,0,0,0,0,0.989429,0.139974,-0.0379129,-0.158856,0.943278,-0.291532,0,0,0,0.589913,0.772523,-0.23497,-0.80563,0.565056,-0.177964,0.698891,0.313819,0.642704,-0.7015,0.116424,0.703096,-0.109124,0.879772,0.462703,0,0,0,0,0,0,0,0,0,0,0,0,0,0,0,0.848059,0.503809,0.164233,-0.939993,0.249618,0.232603,-0.93868,0.0656642,-0.338478,0.852022,0.323277,-0.411765,0.155083,0.987846,0.0104493,-0.438084,0.898312,0.0334373,-0.441183,0.719421,-0.536461,0,0,0
000368,0.504788,0.705322,0.505495,325.485,135.54,164.493,0.480551,0.801361,0.356219,-0.65814,0.638308,0.399267,-0.662872,0.288119,-0.691078,0,0,0,0.989378,0.140472,-0.0374133,-0.158901,0.943566,-0.290576,0,0,0,0.589985,0.772616,-0.234484,-0.80563,0.565056,-0.177964,0.699682,0.313625,0.641938,0,0,0,-0.109177,0.880231,0.461816,0,0,0,0.254138,0.601545,0.757336,0,0,0,0,0,0,0,0,0,0.847733,0.504197,0.164726,-0.940217,0.249678,0.231631,-0.93868,0.0656642,-0.338478,0.852584,0.322955,-0.410854,0.155083,0.987846,0.0104493,-0.438084,0.898312,0.0334373,-0.442463,0.718639,-0.536456,0,0,0
000369,0.504594,0.704674,0.50496,325.485,135.54,164.493,0.480643,0.801513,0.355752,-0.65814,0.638308,0.399267,0,0,0,0,0,0,0.989429,0.139974,-0.0379129,-0.158856,0.943278,-0.291532,0,0,0,0.589841,0.77243,-0.235456,-0.805557,0.565005,-0.178456,0.699682,0.313625,0.641938,0,0,0,-0.109177,0.880231,0.461816,0,0,0,0,0,0,0,0,0,0,0,0,0,0,0,0.84813,0.50385,0.16374,-0.940217,0.249678,0.231631,-0.93868,0.0656642,-0.338478,0.852199,0.322809,-0.411766,0.155085,0.987856,0.00944949,-0.438098,0.898342,0.0324378,-0.442185,0.718179,-0.5373,0,0,0
000370,0.50479,0.705176,0.505296,278.314,208.822,10.4741,0.52063,0.763646,0.381822,-0.626766,0.666922,0.402964,0,0,0,0,0,0,0.996442,0.0821451,-0.0188596,-0.0978648,0.957419,-0.271611,0,0,0,0.638394,0.741195,-0.207567,-0.76756,0.615892,-0.177564,0.705671,0.257842,0.659959,-0.705833,0.142926,0.69381,-0.0651954,0.874951,0.479803,0,0,0,0,0,0,0,0,0,0,0,0,0,0,0,0.872974,0.449628,0.189079,-0.927752,0.299589,0.222535,-0.927474,0.128795,-0.351004,0.876887,0.281326,-0.389775,0.212837,0.976451,0.035261,-0.384934,0.921759,0.0467674,-0.390324,0.754927,-0.527004,0,0,0
000371,0.504825,0.705273,0.504875,278.314,208.822,10.4741,0.52063,0.763646,0.381822,-0.626126,0.666969,0.40388,-0.631912,0.343152,-0.694934,0,0,0,0.996442,0.0821451,-0.0188596,-0.0978648,0.957419,-0.271611,0,0,0,0.638394,0.741195,-0.207567,-0.767803,0.615446,-0.178056,0.706013,0.256903,0.65996,-0.705932,0.142435,0.69381,-0.0651795,0.874711,0.480242,0,0,0,0,0,0,0,0,0,0,0,0,0,0,0,0.873203,0.449183,0.189079,-0.927906,0.299114,0.222535,-0.927405,0.12929,-0.351004,0.876887,0.281326,-0.389775,0.212837,0.976451,0.035261,-0.384934,0.921759,0.0467674,-0.389434,0.755383,-0.527008,0,0,0
000372,0.505235,0.705101,0.504843,278.314,208.822,10.4741,0.520522,0.763489,0.382284,-0.626401,0.667264,0.402965,0,0,0,0,0,0,0.996419,0.0826449,-0.0178599,-0.09784,0.957148,-0.272573,0,0,0,0.638772,0.740868,-0.207567,-0.767734,0.61539,-0.178548,0.704879,0.258086,0.66071,-0.706272,0.142504,0.69345,-0.0651795,0.874711,0.480242,0,0,0,0,0,0,0,0,0,0,0,0,0,0,0,0.873119,0.44914,0.18957,-0.927858,0.299623,0.222048,-0.927126,0.128746,-0.35194,0.877039,0.28085,-0.389776,0.212837,0.976451,0.035261,-0.384942,0.92178,0.046268,-0.388544,0.755839,-0.527011,0,0,0
000373,0.504941,0.705469,0.504502,278.314,208.822,10.4741,0.520413,0.763332,0.382746,-0.626126,0.666969,0.40388,0,0,0,0,0,0,0.99641,0.0826442,-0.0183598,-0.0978648,0.957419,-0.271611,0,0,0,0.638394,0.741195,-0.207567,-0.767803,0.615446,-0.178056,0.70505,0.257616,0.66071,0,0,0,-0.0651635,0.874471,0.48068,0,0,0,0,0,0,0,0,0,0,0,0,0,0,0,0.87289,0.449585,0.18957,-0.927906,0.299114,0.222535,-0.927194,0.128251,-0.35194,0.876887,0.281326,-0.389775,0.212833,0.976434,0.0357606,-0.384934,0.921759,0.0467674,-0.389434,0.755383,-0.527008,0,0,0
000374,0.504968,0.705465,0.50509,278.314,208.822,10.4741,0.520522,0.763489,0.382284,-0.626126,0.666969,0.40388,-0.632151,0.342712,-0.694934,0,0,0,0.99641,0.0826442,-0.0183598,-0.0978648,0.957419,-0.271611,0,0,0,0.638462,0.741273,-0.207077,-0.76756,0.615892,-0.177564,0.706013,0.256903,0.65996,-0.705833,0.142926,0.69381,-0.0651635,0.874471,0.48068,0,0,0,0,0,0,0,0,0,0,0,0,0,0,0,0.87289,0.449585,0.18957,-0.927599,0.300065,0.222535,-0.927405,0.12929,-0.351004,0.877039,0.28085,-0.389776,0.212833,0.976434,0.0357606,-0.384934,0.921759,0.0467674,-0.390324,0.754927,-0.527004,0,0,0
000375,0.504554,0.704629,0.504649,278.314,208.822,10.4741,0.520739,0.763803,0.38136,-0.626126,0.666969,0.40388,-0.632084,0.342107,-0.695294,0,0,0,0.996391,0.0826426,-0.0193595,-0.09784,0.957148,-0.272573,0,0,0,0.638567,0.740633,-0.209034,-0.767803,0.615446,-0.178056,0.705671,0.257842,0.659959,-0.705592,0.142367,0.69417,-0.0651954,0.874951,0.479803,0,0,0,0,0,0,0,0,0,0,0,0,0,0,0,0.873371,0.449269,0.188097,-0.927646,0.299555,0.223022,-0.927405,0.12929,-0.351004,0.876515,0.281208,-0.390696,0.212844,0.976485,0.0342617,-0.384942,0.92178,0.046268,-0.389315,0.755148,-0.527433,0,0,0
000376,0.505079,0.705313,0.504554,278.314,208.822,10.4741,0.520413,0.763332,0.382746,-0.626126,0.666969,0.40388,0,0,0,0,0,0,0.99641,0.0826442,-0.0183598,-0.0978524,0.957283,-0.272092,0,0,0,0.638394,0.741195,-0.207567,-0.767803,0.615446,-0.178056,0.70505,0.257616,0.66071,0,0,0,-0.0651635,0.874471,0.48068,0,0,0,0,0,0,0,0,0,0,0,0,0,0,0,0.873119,0.44914,0.18957,-0.927858,0.299623,0.222048,-0.927126,0.128746,-0.35194,0.876887,0.281326,-0.389775,0.212837,0.976451,0.035261,-0.384934,0.921759,0.0467674,-0.388544,0.755839,-0.527011,0,0,0
000377,0.504985,0.704902,0.505087,278.314,208.822,10.4741,0.52063,0.763646,0.381822,-0.626401,0.667264,0.402965,-0.631435,0.34403,-0.694934,0,0,0,0.99641,0.0826442,-0.0183598,-0.09784,0.957148,-0.272573,0,0,0,0.638704,0.74079,-0.208056,-0.767803,0.615446,-0.178056,0.705671,0.257842,0.659959,-0.706272,0.142504,0.69345,-0.0651954,0.874951,0.479803,0,0,0,0,0,0,0,0,0,0,0,0,0,0,0,0.873203,0.449183,0.189079,-0.927858,0.299623,0.222048,-0.927194,0.128251,-0.35194,0.876887,0.281326,-0.389775,0.212837,0.976451,0.035261,-0.384942,0.92178,0.046268,-0.388989,0.755611,-0.52701,0,0,0
000378,0.504963,0.704576,0.505062,278.314,208.822,10.4741,0.520739,0.763803,0.38136,-0.626401,0.667264,0.402965,-0.632084,0.342107,-0.695294,0,0,0,0.99641,0.0826442,-0.0183598,-0.09784,0.957148,-0.272573,0,0,0,0.638325,0.741116,-0.208056,-0.767734,0.61539,-0.178548,0.705671,0.257842,0.659959,-0.706272,0.142504,0.69345,-0.0652113,0.87519,0.479364,0,0,0,0,0,0,0,0,0,0,0,0,0,0,0,0.872974,0.449628,0.189079,-0.927858,0.299623,0.222048,-0.927194,0.128251,-0.35194,0.876887,0.281326,-0.389775,0.212844,0.976485,0.0342617,-0.384951,0.921801,0.0457685,-0.389315,0.755148,-0.527433,0,0,0
000379,0.504605,0.705027,0.50477,278.314,208.822,10.4741,0.52063,0.763646,0.381822,-0.626126,0.666969,0.40388,-0.631912,0.343152,-0.694934,0,0,0,0.996391,0.0826426,-0.0193595,-0.09784,0.957148,-0.272573,0,0,0,0.638325,0.741116,-0.208056,-0.76756,0.615892,-0.177564,0.705671,0.257842,0.659959,0,0,0,-0.0651795,0.874711,0.480242,0,0,0,0,0,0,0,0,0,0,0,0,0,0,0,0.873058,0.449671,0.188588,-0.927646,0.299555,0.223022,-0.927474,0.128795,-0.351004,0.876668,0.280732,-0.390696,0.212837,0.976451,0.035261,-0.384934,0.921759,0.0467674,-0.389434,0.755383,-0.527008,0,0,0
000380,0.505238,0.705177,0.504632,247.782,205.969,167.512,0.49552,0.782515,0.377002,-0.646575,0.643901,0.409063,-0.65093,0.31808,-0.689286,0,0,0,0.992437,0.11961,-0.0276207,-0.136217,0.952587,-0.272071,0,0,0,0.608555,0.763974,-0.214485,-0.791788,0.586243,-0.171436,0.701898,0.283733,0.653326,0,0,0,-0.0927308,0.872115,0.480434,0,0,0,0,0,0,0,0,0,0,0,0,0,0,0,0.857369,0.481871,0.180886,-0.936132,0.265182,0.230943,-0.934533,0.0933948,-0.343401,0.861943,0.312965,-0.398881,0.176662,0.983733,0.0325531,-0.41847,0.906895,0.0492447,-0.42242,0.739423,-0.524228,0,0,0
000381,0.504623,0.705444,0.504964,247.782,205.969,167.512,0.495724,0.782832,0.376075,-0.646286,0.643611,0.409975,-0.651329,0.318832,-0.688562,0,0,0,0.992454,0.119109,-0.0291199,-0.136252,0.952856,-0.271109,0,0,0,0.608164,0.764286,-0.214484,-0.791925,0.586345,-0.170451,0.702691,0.283514,0.652568,0,0,0,-0.0927308,0.872115,0.480434,0,0,0,0,0,0,0,0,0,0,0,0,0,0,0,0.857771,0.481523,0.179902,-0.936046,0.264638,0.231916,-0.935115,0.0944579,-0.341522,0.861756,0.312897,-0.39934,0.176662,0.983733,0.0325531,-0.418449,0.906849,0.0502434,-0.422676,0.73988,-0.523376,0,0,0
000382,0.505434,0.705132,0.505322,247.782,205.969,167.512,0.496146,0.782564,0.376076,-0.646864,0.64419,0.40815,-0.652245,0.315383,-0.689282,0,0,0,0.992437,0.11961,-0.0276207,-0.136217,0.952587,-0.272071,0,0,0,0.608232,0.764369,-0.213995,-0.791788,0.586243,-0.171436,0.702201,0.283855,0.652947,0,0,0,-0.0927543,0.872354,0.479996,0,0,0,0,0,0,0,0,0,0,0,0,0,0,0,0.857614,0.481435,0.180886,-0.936243,0.265213,0.230457,-0.934533,0.0933948,-0.343401,0.862148,0.31357,-0.397964,0.176662,0.983733,0.0325531,-0.41847,0.906895,0.0492447,-0.421806,0.740374,-0.523379,0,0,0
000383,0.505154,0.705127,0.504667,247.782,205.969,167.512,0.495622,0.782673,0.376539,-0.646575,0.643901,0.409063,-0.65093,0.31808,-0.689286,0,0,0,0.992483,0.119112,-0.0281204,-0.136217,0.952587,-0.272071,0,0,0,0.608164,0.764286,-0.214484,-0.791788,0.586243,-0.171436,0.701711,0.284197,0.653325,0,0,0,-0.0927308,0.872115,0.480434,0,0,0,0,0,0,0,0,0,0,0,0,0,0,0,0.857369,0.481871,0.180886,-0.936269,0.264701,0.230943,-0.934654,0.0939093,-0.342932,0.861773,0.313435,-0.398881,0.176662,0.983733,0.0325531,-0.41847,0.906895,0.0492447,-0.422854,0.739176,-0.524226,0,0,0
000384,0.5046,0.704516,0.505378,247.782,205.969,167.512,0.495927,0.783147,0.375149,-0.646575,0.643901,0.409063,-0.651549,0.318383,-0.688561,0,0,0,0.992394,0.119605,-0.0291199,-0.136217,0.952587,-0.272071,0,0,0,0.608029,0.764119,-0.21546,-0.791857,0.586294,-0.170944,0.703296,0.283758,0.65181,-0.703937,0.116752,0.700601,-0.0928012,0.872831,0.479118,0,0,0,0,0,0,0,0,0,0,0,0,0,0,0,0.857928,0.48161,0.178919,-0.936021,0.26515,0.23143,-0.935115,0.0944579,-0.341522,0.861585,0.313367,-0.39934,0.176668,0.983765,0.0315537,-0.41847,0.906895,0.0492447,-0.421806,0.740374,-0.523379,0,0,0
000385,0.505374,0.705161,0.50456,247.782,205.969,167.512,0.49552,0.782515,0.377002,-0.646575,0.643901,0.409063,-0.65027,0.319427,-0.689286,0,0,0,0.992437,0.11961,-0.0276207,-0.136217,0.952587,-0.272071,0,0,0,0.608232,0.764369,-0.213995,-0.791788,0.586243,-0.171436,0.702085,0.283269,0.653326,-0.70351,0.117188,0.700957,-0.0927308,0.872115,0.480434,0,0,0,0,0,0,0,0,0,0,0,0,0,0,0,0.857614,0.481435,0.180886,-0.936243,0.265213,0.230457,-0.934484,0.0938923,-0.343401,0.861943,0.312965,-0.398881,0.176662,0.983733,0.0325531,-0.41847,0.906895,0.0492447,-0.42242,0.739423,-0.524228,0,0,0
000386,0.504614,0.705085,0.504726,247.782,205.969,167.512,0.495724,0.782832,0.376075,-0.646286,0.643611,0.409975,-0.65102,0.31868,-0.688924,0,0,0,0.992394,0.119605,-0.0291199,-0.136217,0.952587,-0.272071,0,0,0,0.608097,0.764202,-0.214972,-0.791925,0.586345,-0.170451,0.702691,0.283514,0.652568,0,0,0,-0.0927308,0.872115,0.480434,0,0,0,0,0,0,0,0,0,0,0,0,0,0,0,0.857526,0.481959,0.179902,-0.936046,0.264638,0.231916,-0.934875,0.0934289,-0.342462,0.861568,0.312829,-0.399798,0.176662,0.983733,0.0325531,-0.41846,0.906872,0.0497441,-0.421806,0.740374,-0.523379,0,0,0
000387,0.504794,0.705264,0.504868,247.782,205.969,167.512,0.495724,0.782832,0.376075,-0.646928,0.643546,0.409063,-0.65102,0.31868,-0.688924,0,0,0,0.992409,0.119607,-0.0286202,-0.136217,0.952587,-0.272071,0,0,0,0.608164,0.764286,-0.214484,-0.791925,0.586345,-0.170451,0.702691,0.283514,0.652568,0,0,0,-0.0927308,0.872115,0.480434,0,0,0,0,0,0,0,0,0,0,0,0,0,0,0,0.857771,0.481523,0.179902,-0.936021,0.26515,0.23143,-0.934875,0.0934289,-0.342462,0.861773,0.313435,-0.398881,0.176662,0.983733,0.0325531,-0.418449,0.906849,0.0502434,-0.422241,0.740127,-0.523378,0,0,0
000388,0.504799,0.705416,0.505131,247.782,205.969,167.512,0.495724,0.782832,0.376075,-0.646575,0.643901,0.409063,-0.651329,0.318832,-0.688562,0,0,0,0.992409,0.119607,-0.0286202,-0.136252,0.952856,-0.271109,0,0,0,0.608164,0.764286,-0.214484,-0.791925,0.586345,-0.170451,0.702691,0.283514,0.652568,0,0,0,-0.0927308,0.872115,0.480434,0,0,0,0,0,0,0,0,0,0,0,0,0,0,0,0.857771,0.481523,0.179902,-0.936021,0.26515,0.23143,-0.934875,0.0934289,-0.342462,0.861773,0.313435,-0.398881,0.176662,0.983733,0.0325531,-0.418449,0.906849,0.0502434,-0.422676,0.73988,-0.523376,0,0,0
000389,0.505396,0.705147,0.504842,247.782,205.969,167.512,0.495098,0.782783,0.377,-0.646575,0.643901,0.409063,-0.65093,0.31808,-0.689286,0,0,0,0.992437,0.11961,-0.0276207,-0.136217,0.952587,-0.272071,0,0,0,0.608232,0.764369,-0.213995,-0.791788,0.586243,-0.171436,0.701898,0.283733,0.653326,0,0,0,-0.0927308,0.872115,0.480434,0,0,0,0,0,0,0,0,0,0,0,0,0,0,0,0.857614,0.481435,0.180886,-0.936243,0.265213,0.230457,-0.934533,0.0933948,-0.343401,0.862148,0.31357,-0.397964,0.176662,0.983733,0.0325531,-0.41847,0.906895,0.0492447,-0.422854,0.739176,-0.524226,0,0,0
000390,0.505499,0.705191,0.505208,38.1836,2.50697,204.72,0.526109,0.779668,0.339599,-0.622348,0.698013,0.354204,0,0,0,0,0,0,0.997501,0.0694996,-0.0127421,-0.0841273,0.939564,-0.331875,0,0,0,0.649487,0.719335,-0.246422,-0.758843,0.611612,-0.223804,0.702099,0.290282,0.650226,-0.710932,0.194295,0.675889,-0.0592413,0.903529,0.424413,0,0,0,0.274153,0.61382,0.740314,0,0,0,0,0,0,0,0,0,0.876807,0.449682,0.170281,-0.926313,0.323375,0.193321,-0.922292,0.117119,-0.368321,0.884283,0.245894,-0.396963,0.224149,0.974293,-0.0225804,-0.374527,0.927097,-0.0148577,0,0,0,0,0,0
000391,0.50522,0.705081,0.505163,38.1836,2.50697,204.72,0.525695,0.779948,0.339598,-0.621739,0.69808,0.355139,0,0,0,0,0,0,0.997459,0.0699979,-0.013242,-0.0841273,0.939564,-0.331875,0,0,0,0.649774,0.718909,-0.246907,-0.758843,0.611612,-0.223804,0.703081,0.289605,0.649466,-0.710474,0.194689,0.676257,-0.0592413,0.903529,0.424413,0,0,0,0,0,0,0,0,0,0,0,0,0,0,0,0.876883,0.449721,0.169789,-0.926057,0.323815,0.193811,-0.922355,0.116623,-0.368321,0.884034,0.245307,-0.397881,0.224146,0.974282,-0.0230802,-0.37453,0.927104,-0.0143578,0,0,0,0,0,0
000392,0.50468,0.70491,0.5047,38.1836,2.50697,204.72,0.526301,0.779947,0.338658,-0.622113,0.697748,0.355139,0,0,0,0,0,0,0.997473,0.0694977,-0.0147417,-0.0841013,0.939233,-0.332818,0,0,0,0.649236,0.719062,-0.247875,-0.758702,0.612142,-0.222829,0.703081,0.289605,0.649466,-0.709821,0.194511,0.676993,-0.0592413,0.903529,0.424413,0,0,0,0,0,0,-0.327433,0.572199,0.751915,0,0,0,0,0,0,0.87673,0.450204,0.169296,-0.925873,0.323751,0.194792,-0.922594,0.117661,-0.367391,0.883516,0.245683,-0.398798,0.224143,0.974271,-0.02358,-0.37453,0.927104,-0.0143578,0,0,0,0,0,0
000393,0.504726,0.705394,0.505124,38.1836,2.50697,204.72,0.526205,0.779808,0.339128,-0.621995,0.697615,0.355606,0,0,0,0,0,0,0.997446,0.0699969,-0.0142418,-0.0841273,0.939564,-0.331875,0,0,0,0.649403,0.719244,-0.246906,-0.759016,0.611753,-0.222829,0.7027,0.29053,0.649466,-0.710279,0.194117,0.676625,-0.059229,0.903317,0.424866,0,0,0,0,0,0,-0.328302,0.571704,0.751912,0,0,0,0,0,0,0.876958,0.449759,0.169296,-0.925873,0.323751,0.194792,-0.922657,0.117165,-0.367391,0.883842,0.245254,-0.398339,0.224149,0.974293,-0.0225804,-0.374533,0.92711,-0.0138579,0,0,0,0,0,0
000394,0.50502,0.704512,0.50487,38.1836,2.50697,204.72,0.526301,0.779947,0.338658,-0.622348,0.698013,0.354204,0,0,0,0,0,0,0.997487,0.0694987,-0.0137419,-0.0841013,0.939233,-0.332818,0,0,0,0.649607,0.718727,-0.247876,-0.758843,0.611612,-0.223804,0.703081,0.289605,0.649466,-0.710147,0.1946,0.676625,-0.0592535,0.90374,0.423961,0,0,0,0.274609,0.613615,0.740316,0,0,0,0,0,0,0,0,0,0.87673,0.450204,0.169296,-0.926057,0.323815,0.193811,-0.922355,0.116623,-0.368321,0.883842,0.245254,-0.398339,0.22414,0.974259,-0.0240798,-0.374527,0.927097,-0.0148577,0,0,0,0,0,0
000395,0.505153,0.705054,0.50458,38.1836,2.50697,204.72,0.526109,0.779668,0.339599,-0.621739,0.69808,0.355139,0,0,0,0,0,0,0.997487,0.0694987,-0.0137419,-0.0841013,0.939233,-0.332818,0,0,0,0.649403,0.719244,-0.246906,-0.758843,0.611612,-0.223804,0.702099,0.290282,0.650226,-0.710279,0.194117,0.676625,-0.059229,0.903317,0.424866,0,0,0,0.275213,0.612529,0.74099,-0.327433,0.572199,0.751915,0,0,0,0,0,0,0.876883,0.449721,0.169789,-0.925965,0.323783,0.194302,-0.922292,0.117119,-0.368321,0.8839,0.245788,-0.397881,0.224146,0.974282,-0.0230802,-0.37453,0.927104,-0.0143578,0,0,0,0,0,0
000396,0.504886,0.704871,0.50546,38.1836,2.50697,204.72,0.526301,0.779947,0.338658,-0.621739,0.69808,0.355139,0,0,0,0,0,0,0.997515,0.0689994,-0.0142418,-0.0841273,0.939564,-0.331875,0,0,0,0.64932,0.719153,-0.247391,-0.75893,0.611683,-0.223316,0.7027,0.29053,0.649466,-0.710474,0.194689,0.676257,-0.0592535,0.90374,0.423961,0,0,0,0.275217,0.613746,0.739981,-0.326934,0.573347,0.751257,0,0,0,0,0,0,0.87673,0.450204,0.169296,-0.92613,0.323311,0.194302,-0.922657,0.117165,-0.367391,0.8839,0.245788,-0.397881,0.224143,0.974271,-0.02358,-0.37453,0.927104,-0.0143578,0,0,0,0,0,0
000397,0.504503,0.704671,0.504806,38.1836,2.50697,204.72,0.525887,0.780227,0.338657,-0.621739,0.69808,0.355139,0,0,0,0,0,0,0.997473,0.0694977,-0.0147417,-0.0841013,0.939233,-0.332818,0,0,0,0.649152,0.718971,-0.24836,-0.759016,0.611753,-0.222829,0.7027,0.29053,0.649466,-0.709821,0.194511,0.676993,-0.0592413,0.903529,0.424413,0,0,0,0.275064,0.613409,0.740317,-0.328302,0.571704,0.751912,0,0,0,0,0,0,0.877109,0.449836,0.168311,-0.925873,0.323751,0.194792,-0.92272,0.116669,-0.367391,0.883457,0.245148,-0.399256,0.22414,0.974259,-0.0240798,-0.374527,0.927097,-0.0148577,0,0,0,0,0,0
000398,0.504782,0.705087,0.504724,38.1836,2.50697,204.72,0.526205,0.779808,0.339128,-0.622113,0.697748,0.355139,0,0,0,0,0,0,0.99748,0.0694982,-0.0142418,-0.0841273,0.939564,-0.331875,0,0,0,0.64932,0.719153,-0.247391,-0.758702,0.612142,-0.222829,0.703081,0.289605,0.649466,-0.709821,0.194511,0.676993,-0.0592413,0.903529,0.424413,0,0,0,0.273241,0.614231,0.74031,-0.327433,0.572199,0.751915,0,0,0,0,0,0,0.876958,0.449759,0.169296,-0.925873,0.323751,0.194792,-0.922594,0.117661,-0.367391,0.88365,0.245201,-0.398798,0.224143,0.974271,-0.02358,-0.374533,0.92711,-0.0138579,0,0,0,0,0,0
000399,0.504603,0.704955,0.504539,38.1836,2.50697,204.72,0.526301,0.779947,0.338658,-0.621504,0.697814,0.356074,0,0,0,0,0,0,0.997473,0.0694977,-0.0147417,-0.0841013,0.939233,-0.332818,0,0,0,0.649236,0.719062,-0.247875,-0.759016,0.611753,-0.222829,0.703081,0.289605,0.649466,-0.709494,0.194422,0.677361,-0.0592413,0.903529,0.424413,0,0,0,0.274911,0.613072,0.740653,0,0,0,0,0,0,0,0,0,0.87673,0.450204,0.169296,-0.925616,0.324191,0.195282,-0.922594,0.117661,-0.367391,0.883516,0.245683,-0.398798,0.224143,0.974271,-0.02358,-0.374533,0.92711,-0.0138579,0,0,0,0,0,0
000400,0.505141,0.704736,0.504916,253.2,250.646,275.832,0.473725,0.793684,0.381641,-0.6632,0.616895,0.4238,-0.668463,0.305804,-0.677969,0,0,0,0.987587,0.152821,-0.0362923,-0.170389,0.950891,-0.258406,0,0,0,0.580131,0.786782,-0.210767,-0.812304,0.561991,-0.155977,0.698842,0.298849,0.649853,0,0,0,-0.116149,0.86251,0.492531,0,0,0,0,0,0,0,0,0,0,0,0,0,0,0,0.843233,0.507192,0.178088,-0.941914,0.230929,0.243863,-0.94078,0.0670894,-0.332312,0.846535,0.347261,-0.403471,0.144515,0.988556,0.0432695,-0.44749,0.89191,0.0651915,-0.451726,0.732379,-0.509475,0,0,0
000401,0.504881,0.704574,0.505424,253.2,250.646,275.832,0.473923,0.79401,0.380717,-0.6632,0.616895,0.4238,-0.668771,0.305945,-0.677601,0,0,0,0.987493,0.153312,-0.0367919,-0.170389,0.950891,-0.258406,0,0,0,0.580131,0.786782,-0.210767,-0.812368,0.562035,-0.155484,0.699636,0.298644,0.649093,0,0,0,-0.11618,0.862754,0.492095,0,0,0,0,0,0,0,0,0,0,0,0,0,0,0,0.843051,0.507666,0.177596,-0.941914,0.230929,0.243863,-0.941076,0.0676117,-0.331369,0.846535,0.347261,-0.403471,0.144515,0.988556,0.0432695,-0.44749,0.89191,0.0651915,-0.452578,0.731855,-0.509472,0,0,0
000402,0.505482,0.705443,0.504507,253.2,250.646,275.832,0.473956,0.7931,0.382567,-0.66289,0.616605,0.424705,-0.668885,0.303247,-0.678701,0,0,0,0.987605,0.152823,-0.0357927,-0.170431,0.951145,-0.25744,0,0,0,0.580257,0.78695,-0.209789,-0.812304,0.561991,-0.155977,0.698244,0.298595,0.650612,0,0,0,-0.116087,0.862021,0.493401,0,0,0,0,0,0,0,0,0,0,0,0,0,0,0,0.842745,0.507482,0.179563,-0.941914,0.230929,0.243863,-0.940448,0.0670657,-0.333255,0.846908,0.347413,-0.402556,0.144508,0.988513,0.0442685,-0.447461,0.891851,0.0661893,-0.451726,0.732379,-0.509475,0,0,0
000403,0.504782,0.704668,0.505405,253.2,250.646,275.832,0.473923,0.79401,0.380717,-0.6632,0.616895,0.4238,-0.668979,0.30549,-0.677601,0,0,0,0.987551,0.152815,-0.0372915,-0.17041,0.951018,-0.257923,0,0,0,0.580131,0.786782,-0.210767,-0.812431,0.562079,-0.15499,0.699636,0.298644,0.649093,0,0,0,-0.11618,0.862754,0.492095,0,0,0,0,0,0,0,0,0,0,0,0,0,0,0,0.843385,0.507283,0.177104,-0.941796,0.2309,0.244348,-0.941111,0.067113,-0.331369,0.846535,0.347261,-0.403471,0.144515,0.988556,0.0432695,-0.447475,0.89188,0.0656904,-0.452578,0.731855,-0.509472,0,0,0
000404,0.504885,0.704587,0.505295,253.2,250.646,275.832,0.473923,0.79401,0.380717,-0.6632,0.616895,0.4238,-0.669501,0.30353,-0.677966,0,0,0,0.987493,0.153312,-0.0367919,-0.170389,0.950891,-0.258406,0,0,0,0.580131,0.786782,-0.210767,-0.812368,0.562035,-0.155484,0.699636,0.298644,0.649093,0,0,0,-0.11618,0.862754,0.492095,0,0,0,0,0,0,0,0,0,0,0,0,0,0,0,0.843051,0.507666,0.177596,-0.941914,0.230929,0.243863,-0.941076,0.0676117,-0.331369,0.846535,0.347261,-0.403471,0.144515,0.988556,0.0432695,-0.44749,0.89191,0.0651915,-0.452152,0.732117,-0.509474,0,0,0
000405,0.505376,0.705274,0.505227,253.2,250.646,275.832,0.473626,0.793521,0.382103,-0.6632,0.616895,0.4238,-0.668879,0.304895,-0.677968,0,0,0,0.987605,0.152823,-0.0357927,-0.170431,0.951145,-0.25744,0,0,0,0.580257,0.78695,-0.209789,-0.812083,0.562446,-0.155484,0.699038,0.298389,0.649853,0,0,0,-0.116118,0.862265,0.492966,0,0,0,0,0,0,0,0,0,0,0,0,0,0,0,0.843156,0.507146,0.17858,-0.942152,0.230473,0.243378,-0.940745,0.0675881,-0.332312,0.846908,0.347413,-0.402556,0.144508,0.988513,0.0442685,-0.447475,0.89188,0.0656904,-0.452578,0.731855,-0.509472,0,0,0
000406,0.505109,0.704804,0.505393,253.2,250.646,275.832,0.473824,0.793847,0.381179,-0.6632,0.616895,0.4238,-0.669501,0.30353,-0.677966,0,0,0,0.987587,0.152821,-0.0362923,-0.17041,0.951018,-0.257923,0,0,0,0.580194,0.786866,-0.210278,-0.812368,0.562035,-0.155484,0.700028,0.297723,0.649093,0,0,0,-0.11618,0.862754,0.492095,0,0,0,0,0,0,0,0,0,0,0,0,0,0,0,0.842975,0.50762,0.178088,-0.941914,0.230929,0.243863,-0.94104,0.0681104,-0.331369,0.846911,0.346875,-0.403014,0.144515,0.988556,0.0432695,-0.44749,0.89191,0.0651915,-0.452578,0.731855,-0.509472,0,0,0
000407,0.504854,0.705497,0.504708,253.2,250.646,275.832,0.473626,0.793521,0.382103,-0.66289,0.616605,0.424705,-0.669086,0.30444,-0.677968,0,0,0,0.987569,0.152818,-0.0367919,-0.170431,0.951145,-0.25744,0,0,0,0.580194,0.786866,-0.210278,-0.812431,0.562079,-0.15499,0.699038,0.298389,0.649853,0,0,0,-0.116087,0.862021,0.493401,0,0,0,0,0,0,0,0,0,0,0,0,0,0,0,0.843233,0.507192,0.178088,-0.941677,0.230871,0.244832,-0.94104,0.0681104,-0.331369,0.846535,0.347261,-0.403471,0.144508,0.988513,0.0442685,-0.447446,0.891821,0.0666882,-0.453004,0.731593,-0.50947,0,0,0
000408,0.505313,0.704785,0.504699,253.2,250.646,275.832,0.473725,0.793684,0.381641,-0.6632,0.616895,0.4238,-0.669092,0.302792,-0.6787,0,0,0,0.987587,0.152821,-0.0362923,-0.170389,0.950891,-0.258406,0,0,0,0.580131,0.786782,-0.210767,-0.812304,0.561991,-0.155977,0.699234,0.297929,0.649853,0,0,0,-0.116645,0.862444,0.492529,0,0,0,0,0,0,0,0,0,0,0,0,0,0,0,0.842898,0.507574,0.17858,-0.941914,0.230929,0.243863,-0.940709,0.0680868,-0.332312,0.846724,0.346799,-0.403471,0.144515,0.988556,0.0432695,-0.44749,0.89191,0.0651915,-0.452739,0.731157,-0.51033,0,0,0
000409,0.505358,0.704826,0.50509,253.2,250.646,275.832,0.473725,0.793684,0.381641,-0.6632,0.616895,0.4238,-0.668463,0.305804,-0.677969,0,0,0,0.987529,0.153317,-0.0357927,-0.170389,0.950891,-0.258406,0,0,0,0.580194,0.786866,-0.210278,-0.812304,0.561991,-0.155977,0.699038,0.298389,0.649853,0,0,0,-0.116149,0.86251,0.492531,0,0,0,0,0,0,0,0,0,0,0,0,0,0,0,0.842898,0.507574,0.17858,-0.942152,0.230473,0.243378,-0.940745,0.0675881,-0.332312,0.846908,0.347413,-0.402556,0.144515,0.988556,0.0432695,-0.44749,0.89191,0.0651915,-0.451726,0.732379,-0.509475,0,0,0
000410,0.505274,0.705418,0.505433,81.7027,213.77,222.644,0.515814,0.76566,0.384318,-0.631124,0.662953,0.402711,-0.633008,0.339436,-0.695762,0,0,0,0.99601,0.0878917,-0.0154734,-0.10271,0.957323,-0.270154,0,0,0,0.63506,0.744941,-0.204356,-0.770914,0.611353,-0.178716,0.702875,0.26026,0.66199,-0.708974,0.137299,0.69174,-0.0712764,0.873719,0.481181,0,0,0,0,0,0,0,0,0,0,0,0,0,0,0,0.870105,0.4538,0.192309,-0.930316,0.293461,0.219986,-0.927123,0.123548,-0.353806,0.876498,0.287143,-0.386394,0.207182,0.977586,0.0374432,-0.390299,0.919461,0.0475115,-0.392993,0.753852,-0.526558,0,0,0
000411,0.504846,0.704894,0.505374,81.7027,213.77,222.644,0.515508,0.766098,0.383855,-0.631124,0.662953,0.402711,0,0,0,0,0,0,0.995958,0.088389,-0.0159733,-0.102684,0.957054,-0.271116,0,0,0,0.634545,0.745111,-0.205334,-0.770914,0.611353,-0.178716,0.703012,0.260844,0.661615,-0.708635,0.137233,0.692101,-0.0712764,0.873719,0.481181,0,0,0,0,0,0,0,0,0,0,0,0,0,0,0,0.870275,0.453889,0.191328,-0.93006,0.293904,0.220473,-0.927407,0.12409,-0.35287,0.87613,0.287024,-0.387316,0.207186,0.977604,0.0369436,-0.390308,0.919483,0.0470121,-0.392549,0.754082,-0.52656,0,0,0
000412,0.505376,0.705004,0.504649,81.7027,213.77,222.644,0.515292,0.765781,0.384778,-0.631124,0.662953,0.402711,-0.632158,0.339546,-0.69648,0,0,0,0.995973,0.0883904,-0.0149736,-0.102684,0.957054,-0.271116,0,0,0,0.634993,0.744864,-0.204846,-0.770774,0.611242,-0.179699,0.70208,0.260499,0.662739,-0.708635,0.137233,0.692101,-0.0712587,0.873479,0.481619,0,0,0,0,0,0,0,0,0,0,0,0,0,0,0,0.869788,0.454199,0.192799,-0.930316,0.293461,0.219986,-0.926882,0.12402,-0.354273,0.876285,0.286549,-0.387316,0.207182,0.977586,0.0374432,-0.390317,0.919505,0.0465127,-0.39231,0.753613,-0.52741,0,0,0
000413,0.505187,0.70458,0.504711,81.7027,213.77,222.644,0.5154,0.76594,0.384317,-0.631124,0.662953,0.402711,0,0,0,0,0,0,0.995921,0.0888877,-0.0154734,-0.102658,0.956783,-0.272079,0,0,0,0.634545,0.745111,-0.205334,-0.770774,0.611242,-0.179699,0.703049,0.259791,0.66199,-0.7082,0.137658,0.692462,-0.0712764,0.873719,0.481181,0,0,0,0,0,0,0,0,0,0,0,0,0,0,0,0.87019,0.453844,0.191818,-0.930316,0.293461,0.219986,-0.926991,0.124539,-0.353805,0.87613,0.287024,-0.387316,0.20719,0.977622,0.036444,-0.390317,0.919505,0.0465127,-0.39231,0.753613,-0.52741,0,0,0
000414,0.505055,0.704559,0.504768,81.7027,213.77,222.644,0.5154,0.76594,0.384317,-0.631124,0.662953,0.402711,0,0,0,0,0,0,0.995958,0.088389,-0.0159733,-0.102671,0.956919,-0.271597,0,0,0,0.634545,0.745111,-0.205334,-0.770774,0.611242,-0.179699,0.703049,0.259791,0.66199,-0.708295,0.137167,0.692462,-0.0712764,0.873719,0.481181,0,0,0,0,0,0,0,0,0,0,0,0,0,0,0,0.87019,0.453844,0.191818,-0.93006,0.293904,0.220473,-0.927057,0.124043,-0.353806,0.87613,0.287024,-0.387316,0.20719,0.977622,0.036444,-0.390317,0.919505,0.0465127,-0.39231,0.753613,-0.52741,0,0,0
000415,0.504758,0.704973,0.505452,81.7027,213.77,222.644,0.515508,0.766098,0.383855,-0.631124,0.662953,0.402711,0,0,0,0,0,0,0.99595,0.0883883,-0.0164732,-0.102697,0.957189,-0.270635,0,0,0,0.634545,0.745111,-0.205334,-0.770914,0.611353,-0.178716,0.703669,0.26002,0.66124,-0.708635,0.137233,0.692101,-0.0712764,0.873719,0.481181,0,0,0,0,0,0,0,0,0,0,0,0,0,0,0,0.870044,0.454332,0.191327,-0.93006,0.293904,0.220473,-0.927407,0.12409,-0.35287,0.87613,0.287024,-0.387316,0.207182,0.977586,0.0374432,-0.390308,0.919483,0.0470121,-0.392993,0.753852,-0.526558,0,0,0
000416,0.505185,0.704975,0.504835,81.7027,213.77,222.644,0.5154,0.76594,0.384317,-0.631124,0.662953,0.402711,0,0,0,0,0,0,0.995921,0.0888877,-0.0154734,-0.102684,0.957054,-0.271116,0,0,0,0.634612,0.745188,-0.204845,-0.770533,0.611689,-0.179208,0.703049,0.259791,0.66199,-0.708635,0.137233,0.692101,-0.0712764,0.873719,0.481181,0,0,0,0,0,0,0,0,0,0,0,0,0,0,0,0.869874,0.454244,0.192309,-0.93006,0.293904,0.220473,-0.927057,0.124043,-0.353806,0.87613,0.287024,-0.387316,0.207182,0.977586,0.0374432,-0.390317,0.919505,0.0465127,-0.393198,0.753153,-0.527406,0,0,0
000417,0.505032,0.705106,0.505206,81.7027,213.77,222.644,0.5154,0.76594,0.384317,-0.631124,0.662953,0.402711,-0.632534,0.340317,-0.695762,0,0,0,0.995958,0.088389,-0.0159733,-0.102697,0.957189,-0.270635,0,0,0,0.634612,0.745188,-0.204845,-0.770914,0.611353,-0.178716,0.702702,0.260729,0.66199,-0.708635,0.137233,0.692101,-0.0712764,0.873719,0.481181,0,0,0,0,0,0,0,0,0,0,0,0,0,0,0,0.87019,0.453844,0.191818,-0.93006,0.293904,0.220473,-0.927232,0.124067,-0.353338,0.876285,0.286549,-0.387316,0.207182,0.977586,0.0374432,-0.390308,0.919483,0.0470121,-0.392549,0.754082,-0.52656,0,0,0
000418,0.505267,0.704789,0.504643,81.7027,213.77,222.644,0.5154,0.76594,0.384317,-0.631124,0.662953,0.402711,-0.632158,0.339546,-0.69648,0,0,0,0.995966,0.0883897,-0.0154734,-0.102684,0.957054,-0.271116,0,0,0,0.634926,0.744786,-0.205335,-0.770774,0.611242,-0.179699,0.70208,0.260499,0.662739,-0.7082,0.137658,0.692462,-0.0712764,0.873719,0.481181,0,0,0,0,0,0,0,0,0,0,0,0,0,0,0,0.870105,0.4538,0.192309,-0.930316,0.293461,0.219986,-0.926991,0.124539,-0.353805,0.87613,0.287024,-0.387316,0.207186,0.977604,0.0369436,-0.390317,0.919505,0.0465127,-0.39231,0.753613,-0.52741,0,0,0
000419,0.505247,0.705084,0.504886,81.7027,213.77,222.644,0.515814,0.76566,0.384318,-0.631124,0.662953,0.402711,0,0,0,0,0,0,0.995966,0.0883897,-0.0154734,-0.102684,0.957054,-0.271116,0,0,0,0.634993,0.744864,-0.204846,-0.770533,0.611689,-0.179208,0.703049,0.259791,0.66199,-0.708635,0.137233,0.692101,-0.0712587,0.873479,0.481619,0,0,0,0,0,0,0,0,0,0,0,0,0,0,0,0.870105,0.4538,0.192309,-0.93006,0.293904,0.220473,-0.927057,0.124043,-0.353806,0.876285,0.286549,-0.387316,0.207182,0.977586,0.0374432,-0.390308,0.919483,0.0470121,-0.39243,0.753848,-0.526985,0,0,0
000420,0.505157,0.704556,0.50543,308.323,345.472,176.725,0.485176,0.776083,0.402864,-0.655052,0.61372,0.440743,-0.665202,0.332417,-0.668585,0.507837,0.49984,-0.701614,0.989611,0.140061,-0.0324488,-0.156824,0.960224,-0.231031,0,0,0,0.591078,0.784238,-0.188675,-0.80428,0.577675,-0.139378,0.704066,0.269656,0.656945,0,0,0,-0.103836,0.850168,0.516171,0,0,0,0,0,0,0,0,0,0,0,0,0,0,0,0.850343,0.490155,0.191481,-0.938575,0.236965,0.250847,-0.940024,0.090773,-0.328809,0.851563,0.346469,-0.393447,0.158561,0.984769,0.0713335,-0.434738,0.896003,0.0904529,-0.441238,0.753085,-0.488029,0,0,0
000421,0.504932,0.705462,0.504736,308.323,345.472,176.725,0.484851,0.775572,0.404236,-0.654068,0.613479,0.442538,-0.664753,0.33331,-0.668587,0.507947,0.499236,-0.701964,0.989595,0.140059,-0.0329484,-0.156859,0.960452,-0.230058,0,0,0,0.591192,0.784387,-0.187693,-0.804392,0.577756,-0.138388,0.703094,0.270355,0.657698,0,0,0,-0.103719,0.849141,0.517883,0,0,0,0,0,0,0,0,0,0,0,0,0,0,0,0.85026,0.490108,0.191972,-0.938331,0.236904,0.251815,-0.940024,0.090773,-0.328809,0.851192,0.346858,-0.393906,0.158549,0.984698,0.0723308,-0.434679,0.895879,0.0919466,-0.442533,0.752328,-0.488024,0,0,0
000422,0.504612,0.70498,0.504518,308.323,345.472,176.725,0.48496,0.775743,0.403779,-0.654068,0.613479,0.442538,-0.664528,0.333757,-0.668587,0.507482,0.500192,-0.701619,0.989632,0.139559,-0.0339477,-0.156842,0.960338,-0.230545,0,0,0,0.591078,0.784238,-0.188675,-0.804392,0.577756,-0.138388,0.704244,0.269189,0.656945,0,0,0,-0.103748,0.849398,0.517455,0,0,0,0,0,0,0,0,0,0,0,0,0,0,0,0.850093,0.490588,0.191481,-0.938331,0.236904,0.251815,-0.940119,0.0897776,-0.328809,0.851015,0.346247,-0.394825,0.158561,0.984769,0.0713335,-0.434679,0.895879,0.0919466,-0.44167,0.752833,-0.488027,0,0,0
000423,0.505099,0.70465,0.504747,308.323,345.472,176.725,0.48496,0.775743,0.403779,-0.654389,0.613782,0.441641,-0.663853,0.335096,-0.668588,0.507238,0.49994,-0.701975,0.989595,0.140059,-0.0329484,-0.156824,0.960224,-0.231031,0,0,0,0.591078,0.784238,-0.188675,-0.80428,0.577675,-0.139378,0.704423,0.268721,0.656945,0,0,0,-0.103777,0.849655,0.517027,0,0,0,0,0,0,0,0,0,0,0,0,0,0,0,0.85001,0.490541,0.191972,-0.938575,0.236965,0.250847,-0.939792,0.0897463,-0.329754,0.851192,0.346858,-0.393906,0.158561,0.984769,0.0713335,-0.434719,0.895962,0.0909508,-0.441548,0.752621,-0.488464,0,0,0
000424,0.505131,0.704875,0.50459,308.323,345.472,176.725,0.48496,0.775743,0.403779,-0.654389,0.613782,0.441641,-0.664229,0.333606,-0.668959,0.507238,0.49994,-0.701975,0.989665,0.139564,-0.0329484,-0.156824,0.960224,-0.231031,0,0,0,0.591078,0.784238,-0.188675,-0.80428,0.577675,-0.139378,0.703273,0.269888,0.657699,0,0,0,-0.103748,0.849398,0.517455,0,0,0,0,0,0,0,0,0,0,0,0,0,0,0,0.85026,0.490108,0.191972,-0.938575,0.236965,0.250847,-0.939792,0.0897463,-0.329754,0.851192,0.346858,-0.393906,0.158561,0.984769,0.0713335,-0.434719,0.895962,0.0909508,-0.440806,0.753337,-0.48803,0,0,0
000425,0.505364,0.704723,0.504544,308.323,345.472,176.725,0.48496,0.775743,0.403779,-0.654389,0.613782,0.441641,-0.664604,0.332115,-0.669328,0.509583,0.496617,-0.702636,0.989611,0.140061,-0.0324488,-0.156824,0.960224,-0.231031,0,0,0,0.591477,0.783937,-0.188675,-0.80428,0.577675,-0.139378,0.703452,0.269421,0.657699,0,0,0,-0.103777,0.849655,0.517027,0,0,0,0,0,0,0,0,0,0,0,0,0,0,0,0.849926,0.490493,0.192462,-0.938575,0.236965,0.250847,-0.939696,0.0907417,-0.329753,0.85138,0.346395,-0.393906,0.158561,0.984769,0.0713335,-0.434719,0.895962,0.0909508,-0.441858,0.752157,-0.488898,0,0,0
000426,0.504599,0.70469,0.505237,308.323,345.472,176.725,0.485176,0.776083,0.402864,-0.654389,0.613782,0.441641,-0.664449,0.335397,-0.667844,0.509583,0.496617,-0.702636,0.989632,0.139559,-0.0339477,-0.156824,0.960224,-0.231031,0,0,0,0.59102,0.784163,-0.189165,-0.804392,0.577756,-0.138388,0.705036,0.268956,0.656191,0,0,0,-0.103806,0.849912,0.516599,0,0,0,0,0,0,0,0,0,0,0,0,0,0,0,0.850176,0.490636,0.19099,-0.938331,0.236904,0.251815,-0.940351,0.0908042,-0.327865,0.851198,0.346321,-0.394366,0.158561,0.984769,0.0713335,-0.434699,0.895921,0.0914487,-0.442101,0.752581,-0.488025,0,0,0
000427,0.50549,0.704576,0.505283,308.323,345.472,176.725,0.485068,0.775913,0.403321,-0.65471,0.614085,0.440743,-0.664078,0.33465,-0.668588,0.510181,0.496516,-0.702273,0.989627,0.140064,-0.0319491,-0.156824,0.960224,-0.231031,0,0,0,0.591135,0.784313,-0.188184,-0.804223,0.577634,-0.139873,0.704244,0.269189,0.656945,0,0,0,-0.103806,0.849912,0.516599,0,0,0,0,0,0,0,0,0,0,0,0,0,0,0,0.85026,0.490108,0.191972,-0.938818,0.237027,0.249879,-0.939744,0.090244,-0.329754,0.851556,0.347006,-0.392987,0.158561,0.984769,0.0713335,-0.434738,0.896003,0.0904529,-0.440806,0.753337,-0.48803,0,0,0
000428,0.504544,0.705109,0.505049,308.323,345.472,176.725,0.485068,0.775913,0.403321,-0.654068,0.613479,0.442538,-0.664449,0.335397,-0.667844,0.508766,0.497927,-0.702301,0.989632,0.139559,-0.0339477,-0.156859,0.960452,-0.230058,0,0,0,0.591078,0.784238,-0.188675,-0.804448,0.577796,-0.137893,0.703887,0.270123,0.656945,0,0,0,-0.103748,0.849398,0.517455,0,0,0,0,0,0,0,0,0,0,0,0,0,0,0,0.850426,0.490203,0.190991,-0.938331,0.236904,0.251815,-0.940351,0.0908042,-0.327865,0.851003,0.347321,-0.393906,0.158561,0.984769,0.0713335,-0.434679,0.895879,0.0919466,-0.441049,0.753759,-0.487157,0,0,0
000429,0.50507,0.704883,0.504587,308.323,345.472,176.725,0.48496,0.775743,0.403779,-0.654731,0.613417,0.44164,-0.663627,0.335542,-0.668588,0.508058,0.498632,-0.702313,0.989595,0.140059,-0.0329484,-0.156824,0.960224,-0.231031,0,0,0,0.591078,0.784238,-0.188675,-0.804044,0.578121,-0.138883,0.703273,0.269888,0.657699,0,0,0,-0.103748,0.849398,0.517455,0,0,0,0,0,0,0,0,0,0,0,0,0,0,0,0.85026,0.490108,0.191972,-0.938697,0.236481,0.250847,-0.939792,0.0897463,-0.329754,0.851192,0.346858,-0.393906,0.158561,0.984769,0.0713335,-0.434719,0.895962,0.0909508,-0.440806,0.753337,-0.48803,0,0,0
000430,0.505111,0.704618,0.505188,345.709,110.344,196.576,0.469705,0.811333,0.348018,-0.666398,0.631492,0.396398,-0.669568,0.272312,-0.691032,0,0,0,0.986985,0.155272,-0.0418554,-0.174612,0.938306,-0.298485,0,0,0,0.57696,0.77966,-0.243407,-0.814751,0.55111,-0.180162,0.69797,0.328283,0.636449,0,0,0,-0.120734,0.882196,0.455142,0,0,0,0.248122,0.611138,0.751629,0,0,0,0,0,0,0,0,0,0.840609,0.51834,0.157166,-0.943142,0.237126,0.232927,-0.940692,0.0486997,-0.335748,0.845586,0.33325,-0.417047,0.139895,0.990166,0.00125956,-0.451727,0.891747,0.0270272,-0.4551,0.707394,-0.540813,0,0,0
000431,0.505017,0.704654,0.504955,345.709,110.344,196.576,0.469705,0.811333,0.348018,-0.666742,0.631129,0.396398,-0.66919,0.273238,-0.691032,0,0,0,0.986964,0.155269,-0.0423548,-0.175078,0.938067,-0.298961,0,0,0,0.57696,0.77966,-0.243407,-0.814751,0.55111,-0.180162,0.696968,0.328917,0.63722,0,0,0,-0.120705,0.88197,0.455587,0,0,0,0,0,0,0,0,0,0,0,0,0,0,0,0.840609,0.51834,0.157166,-0.943142,0.237126,0.232927,-0.940692,0.0486997,-0.335748,0.845586,0.33325,-0.417047,0.139895,0.990166,0.00125956,-0.451721,0.891734,0.027527,-0.4551,0.707394,-0.540813,0,0,0
000432,0.505196,0.704658,0.50465,345.709,110.344,196.576,0.469705,0.811333,0.348018,-0.666742,0.631129,0.396398,0,0,0,0,0,0,0.986985,0.155272,-0.0418554,-0.174586,0.938158,-0.298962,0,0,0,0.57696,0.77966,-0.243407,-0.814677,0.551059,-0.180653,0.697181,0.328465,0.63722,0,0,0,-0.120705,0.88197,0.455587,0,0,0,0,0,0,0,0,0,0,0,0,0,0,0,0.840542,0.518299,0.157659,-0.943142,0.237126,0.232927,-0.940666,0.049199,-0.335748,0.845586,0.33325,-0.417047,0.139895,0.990166,0.00125956,-0.451727,0.891747,0.0270272,-0.454258,0.707932,-0.540816,0,0,0
000433,0.504978,0.705131,0.504877,345.709,110.344,196.576,0.469617,0.811182,0.348487,-0.66611,0.631218,0.397316,-0.669568,0.272312,-0.691032,0,0,0,0.987041,0.154775,-0.0423548,-0.174638,0.938452,-0.298008,0,0,0,0.577034,0.779757,-0.242922,-0.814826,0.55116,-0.17967,0.696968,0.328917,0.63722,0,0,0,-0.120676,0.881744,0.456032,0,0,0,0,0,0,0,0,0,0,0,0,0,0,0,0.840542,0.518299,0.157659,-0.94315,0.236613,0.233414,-0.940692,0.0486997,-0.335748,0.845586,0.33325,-0.417047,0.139895,0.990164,0.00225945,-0.451721,0.891734,0.027527,-0.455521,0.707124,-0.540811,0,0,0
000434,0.504897,0.705271,0.505268,345.709,110.344,196.576,0.470138,0.811082,0.348019,-0.66611,0.631218,0.397316,0,0,0,0,0,0,0.986964,0.155269,-0.0423548,-0.174663,0.938599,-0.297531,0,0,0,0.577034,0.779757,-0.242922,-0.81462,0.551625,-0.179178,0.69797,0.328283,0.636449,0,0,0,-0.120676,0.881744,0.456032,0,0,0,0,0,0,0,0,0,0,0,0,0,0,0,0.840871,0.517914,0.157166,-0.94315,0.236613,0.233414,-0.941001,0.0492163,-0.334806,0.845769,0.332785,-0.417047,0.139895,0.990164,0.00225945,-0.451715,0.891722,0.0280268,-0.454967,0.70812,-0.539973,0,0,0
000435,0.505016,0.704504,0.504551,345.709,110.344,196.576,0.469705,0.811333,0.348018,-0.66611,0.631218,0.397316,0,0,0,0,0,0,0.986964,0.155269,-0.0423548,-0.174586,0.938158,-0.298962,0,0,0,0.576887,0.779563,-0.243892,-0.814471,0.551524,-0.180162,0.696968,0.328917,0.63722,0,0,0,-0.120705,0.88197,0.455587,0,0,0,0,0,0,0,0,0,0,0,0,0,0,0,0.840609,0.51834,0.157166,-0.943029,0.237097,0.233414,-0.940692,0.0486997,-0.335748,0.845563,0.332167,-0.417956,0.139895,0.990166,0.00125956,-0.451281,0.891972,0.0270273,-0.455653,0.706397,-0.541649,0,0,0
000436,0.505184,0.704609,0.505186,345.709,110.344,196.576,0.469705,0.811333,0.348018,-0.666398,0.631492,0.396398,-0.669379,0.272775,-0.691032,0,0,0,0.986985,0.155272,-0.0418554,-0.175078,0.938067,-0.298961,0,0,0,0.57696,0.77966,-0.243407,-0.814471,0.551524,-0.180162,0.696755,0.329369,0.63722,0,0,0,-0.120734,0.882196,0.455142,0,0,0,0.248122,0.611138,0.751629,0,0,0,0,0,0,0,0,0,0.840871,0.517914,0.157166,-0.943142,0.237126,0.232927,-0.940692,0.0486997,-0.335748,0.845769,0.332785,-0.417047,0.139895,0.990166,0.00125956,-0.451281,0.891972,0.0270273,-0.4551,0.707394,-0.540813,0,0,0
000437,0.505034,0.705373,0.50476,345.709,110.344,196.576,0.469529,0.811032,0.348955,-0.66611,0.631218,0.397316,-0.66919,0.273238,-0.691032,0,0,0,0.986985,0.155272,-0.0418554,-0.174638,0.938452,-0.298008,0,0,0,0.577034,0.779757,-0.242922,-0.814826,0.55116,-0.17967,0.697181,0.328465,0.63722,0,0,0,-0.120647,0.881517,0.456477,0,0,0,0.248762,0.610064,0.75229,0,0,0,0,0,0,0,0,0,0.840804,0.517873,0.15766,-0.94315,0.236613,0.233414,-0.940692,0.0486997,-0.335748,0.845586,0.33325,-0.417047,0.139895,0.990164,0.00225945,-0.451715,0.891722,0.0280268,-0.455942,0.706854,-0.540809,0,0,0
000438,0.505358,0.704605,0.504766,345.709,110.344,196.576,0.469705,0.811333,0.348018,-0.666398,0.631492,0.396398,0,0,0,0,0,0,0.986927,0.155769,-0.0413559,-0.174586,0.938158,-0.298962,0,0,0,0.57696,0.77966,-0.243407,-0.814677,0.551059,-0.180653,0.697394,0.328012,0.63722,0,0,0,-0.120705,0.88197,0.455587,0,0,0,0,0,0,0,0,0,0,0,0,0,0,0,0.840542,0.518299,0.157659,-0.943142,0.237126,0.232927,-0.94064,0.0496983,-0.335748,0.845586,0.33325,-0.417047,0.139895,0.990166,0.00125956,-0.451733,0.891759,0.0265274,-0.454956,0.707165,-0.541233,0,0,0
000439,0.504689,0.705116,0.505317,345.709,110.344,196.576,0.469705,0.811333,0.348018,-0.66611,0.631218,0.397316,-0.669261,0.274887,-0.690309,0,0,0,0.986943,0.155265,-0.0428543,-0.174638,0.938452,-0.298008,0,0,0,0.57696,0.77966,-0.243407,-0.8149,0.551211,-0.179178,0.697757,0.328736,0.636449,0,0,0,-0.120705,0.88197,0.455587,0,0,0,0,0,0,0,0,0,0,0,0,0,0,0,0.840938,0.517955,0.156672,-0.942915,0.237069,0.2339,-0.941027,0.048717,-0.334806,0.845586,0.33325,-0.417047,0.139895,0.990164,0.00225945,-0.451715,0.891722,0.0280268,-0.455389,0.70785,-0.539971,0,0,0
000440,0.505039,0.70502,0.505003,219.504,326.572,123.757,0.510886,0.757647,0.406161,-0.634349,0.642366,0.430079,-0.641266,0.357121,-0.679148,0.524745,0.487758,-0.697664,0.994852,0.0992139,-0.0206212,-0.114186,0.96467,-0.237431,0,0,0,0.625383,0.758238,-0.184312,-0.778128,0.609273,-0.152654,0.70575,0.244179,0.665051,0,0,0,-0.0758732,0.856038,0.511314,0,0,0,0,0,0,0,0,0,0,0,0,0,0,0,0.86709,0.456047,0.200441,-0.931156,0.276609,0.237563,-0.931125,0.126115,-0.342201,0.869975,0.309238,-0.384077,0.197861,0.977824,0.0686445,-0.398831,0.913438,0.0810264,-0.403141,0.768208,-0.497327,0,0,0
000441,0.505022,0.704628,0.504883,219.504,326.572,123.757,0.511001,0.757815,0.405704,-0.634499,0.642519,0.429628,-0.641943,0.355208,-0.679512,0.524828,0.487155,-0.698023,0.994852,0.0992139,-0.0206212,-0.114161,0.964433,-0.238402,0,0,0,0.625324,0.758167,-0.184803,-0.778128,0.609273,-0.152654,0.70575,0.244179,0.665051,0,0,0,-0.0758937,0.856293,0.510884,0,0,0,0,0,0,0,0,0,0,0,0,0,0,0,0.866857,0.456489,0.200441,-0.931156,0.276609,0.237563,-0.931058,0.126611,-0.342201,0.869975,0.309238,-0.384077,0.197868,0.977857,0.0681458,-0.398846,0.913475,0.080528,-0.403799,0.767302,-0.498191,0,0,0
000442,0.504785,0.705224,0.50465,219.504,326.572,123.757,0.510886,0.757647,0.406161,-0.634198,0.642212,0.430531,-0.642428,0.354334,-0.67951,0.523726,0.488857,-0.697661,0.994892,0.0987154,-0.021121,-0.114186,0.96467,-0.237431,0,0,0,0.62571,0.757849,-0.184804,-0.778248,0.609367,-0.151665,0.70575,0.244179,0.665051,0,0,0,-0.0758527,0.855783,0.511743,0,0,0,0,0,0,0,0,0,0,0,0,0,0,0,0.86709,0.456047,0.200441,-0.931042,0.276575,0.238048,-0.931125,0.126115,-0.342201,0.869808,0.309709,-0.384077,0.197854,0.97779,0.0691433,-0.398815,0.913401,0.0815247,-0.403141,0.768208,-0.497327,0,0,0
000443,0.505023,0.705492,0.505042,219.504,326.572,123.757,0.5113,0.757367,0.406162,-0.634349,0.642366,0.430079,-0.641075,0.35816,-0.678781,0.525424,0.487024,-0.697665,0.994852,0.0992139,-0.0206212,-0.114211,0.964905,-0.23646,0,0,0,0.625443,0.758308,-0.18382,-0.778248,0.609367,-0.151665,0.70575,0.244179,0.665051,0,0,0,-0.0758732,0.856038,0.511314,0,0,0,0,0,0,0,0,0,0,0,0,0,0,0,0.866768,0.456443,0.200931,-0.931156,0.276609,0.237563,-0.931125,0.126115,-0.342201,0.870142,0.308767,-0.384078,0.197854,0.97779,0.0691433,-0.398815,0.913401,0.0815247,-0.404027,0.767744,-0.497324,0,0,0
000444,0.505146,0.704573,0.505428,219.504,326.572,123.757,0.511115,0.757982,0.405247,-0.63465,0.642672,0.429176,-0.640831,0.358596,-0.678781,0.525424,0.487024,-0.697665,0.994813,0.0997124,-0.0201213,-0.114173,0.964552,-0.237917,0,0,0,0.62571,0.757849,-0.184804,-0.778128,0.609273,-0.152654,0.705423,0.245124,0.665051,0,0,0,-0.0759141,0.856547,0.510454,0,0,0,0,0,0,0,0,0,0,0,0,0,0,0,0.866857,0.456489,0.200441,-0.931383,0.276676,0.236591,-0.931125,0.126115,-0.342201,0.870156,0.309302,-0.383616,0.197868,0.977857,0.0681458,-0.398862,0.913512,0.0800297,-0.404242,0.76707,-0.498189,0,0,0
000445,0.504587,0.705067,0.504858,219.504,326.572,123.757,0.511001,0.757815,0.405704,-0.634349,0.642366,0.430079,-0.641319,0.357723,-0.678781,0.523726,0.488857,-0.697661,0.994792,0.0997104,-0.021121,-0.114186,0.96467,-0.237431,0,0,0,0.625324,0.758167,-0.184803,-0.778248,0.609367,-0.151665,0.705423,0.245124,0.665051,0,0,0,-0.0758732,0.856038,0.511314,0,0,0,0,0,0,0,0,0,0,0,0,0,0,0,0.866946,0.456536,0.199951,-0.931184,0.276096,0.238048,-0.931396,0.126657,-0.341261,0.86978,0.308639,-0.385001,0.197868,0.977857,0.0681458,-0.398815,0.913401,0.0815247,-0.403584,0.767976,-0.497325,0,0,0
000446,0.504678,0.705047,0.504816,219.504,326.572,123.757,0.510886,0.757647,0.406161,-0.634349,0.642366,0.430079,-0.641075,0.35816,-0.678781,0.523726,0.488857,-0.697661,0.994842,0.0992129,-0.021121,-0.114186,0.96467,-0.237431,0,0,0,0.625324,0.758167,-0.184803,-0.778248,0.609367,-0.151665,0.705423,0.245124,0.665051,0,0,0,-0.0758732,0.856038,0.511314,0,0,0,0,0,0,0,0,0,0,0,0,0,0,0,0.867178,0.456093,0.199952,-0.931042,0.276575,0.238048,-0.931329,0.127152,-0.341261,0.869794,0.309174,-0.384539,0.197868,0.977857,0.0681458,-0.398831,0.913438,0.0810264,-0.403141,0.768208,-0.497327,0,0,0
000447,0.50461,0.705213,0.505046,219.504,326.572,123.757,0.510472,0.757927,0.406159,-0.634349,0.642366,0.430079,-0.641806,0.35685,-0.678781,0.524405,0.488124,-0.697663,0.994792,0.0997104,-0.021121,-0.114186,0.96467,-0.237431,0,0,0,0.625324,0.758167,-0.184803,-0.778248,0.609367,-0.151665,0.705423,0.245124,0.665051,0,0,0,-0.0758732,0.856038,0.511314,0,0,0,0,0,0,0,0,0,0,0,0,0,0,0,0.866946,0.456536,0.199951,-0.931184,0.276096,0.238048,-0.931396,0.126657,-0.341261,0.869961,0.308703,-0.384539,0.197854,0.97779,0.0691433,-0.398815,0.913401,0.0815247,-0.404027,0.767744,-0.497324,0,0,0
000448,0.504809,0.705404,0.505,219.504,326.572,123.757,0.510886,0.757647,0.406161,-0.634349,0.642366,0.430079,-0.641319,0.357723,-0.678781,0.524745,0.487758,-0.697664,0.994852,0.0992139,-0.0206212,-0.114211,0.964905,-0.23646,0,0,0,0.625383,0.758238,-0.184312,-0.778248,0.609367,-0.151665,0.705587,0.244652,0.665051,0,0,0,-0.0758732,0.856038,0.511314,0,0,0,0,0,0,0,0,0,0,0,0,0,0,0,0.86709,0.456047,0.200441,-0.931156,0.276609,0.237563,-0.931329,0.127152,-0.341261,0.869975,0.309238,-0.384077,0.197854,0.97779,0.0691433,-0.398798,0.913363,0.082023,-0.404027,0.767744,-0.497324,0,0,0
000449,0.504716,0.70538,0.505449,219.504,326.572,123.757,0.511001,0.757815,0.405704,-0.634349,0.642366,0.430079,-0.642778,0.355102,-0.678777,0,0,0,0.994892,0.0987154,-0.021121,-0.114211,0.964905,-0.23646,0,0,0,0.625383,0.758238,-0.184312,-0.778248,0.609367,-0.151665,0.706378,0.244396,0.664304,0,0,0,-0.0758732,0.856038,0.511314,0,0,0,0,0,0,0,0,0,0,0,0,0,0,0,0.867178,0.456093,0.199952,-0.931156,0.276609,0.237563,-0.931396,0.126657,-0.341261,0.869975,0.309238,-0.384077,0.197854,0.97779,0.0691433,-0.398815,0.913401,0.0815247,-0.403369,0.76865,-0.496459,0,0,0
000450,0.505434,0.70459,0.504768,51.814,48.8178,188.566,0.526767,0.774579,0.350063,-0.62148,0.693725,0.364018,0,0,0,0,0,0,0.997573,0.0685489,-0.01222,-0.0833226,0.943906,-0.319529,0,0,0,0.649812,0.722113,-0.237268,-0.758186,0.615175,-0.216134,0.702279,0.280595,0.654271,-0.710531,0.185066,0.678893,-0.0585508,0.897715,0.436669,0,0,0,0,0,0,0,0,0,0,0,0,0,0,0,0.876864,0.447122,0.176611,-0.926111,0.321223,0.197825,-0.922121,0.123455,-0.366676,0.884193,0.250355,-0.394366,0.224898,0.974332,-0.00985958,-0.373774,0.927517,-0.00225533,0,0,0,0,0,0
000451,0.505353,0.705387,0.504701,51.814,48.8178,188.566,0.526668,0.774434,0.350531,-0.621237,0.693453,0.364949,0,0,0,0,0,0,0.997573,0.0685489,-0.01222,-0.0833472,0.944224,-0.318582,0,0,0,0.649972,0.722288,-0.236297,-0.758353,0.615311,-0.215157,0.702279,0.280595,0.654271,-0.710076,0.185465,0.67926,-0.0585258,0.897278,0.437568,0,0,0,0.275663,0.601819,0.749549,-0.32748,0.5615,0.759917,0,0,0,0,0,0,0.877091,0.446677,0.176611,-0.925853,0.321663,0.198315,-0.922121,0.123455,-0.366676,0.884193,0.250355,-0.394366,0.2249,0.974342,-0.00885976,-0.373775,0.927519,-0.00125537,0,0,0,0,0,0
000452,0.505317,0.704815,0.504585,51.814,48.8178,188.566,0.526255,0.774716,0.35053,-0.621359,0.693589,0.364483,0,0,0,0,0,0,0.997539,0.0690477,-0.01222,-0.0833226,0.943906,-0.319529,0,0,0,0.649812,0.722113,-0.237268,-0.75827,0.615243,-0.215646,0.702279,0.280595,0.654271,-0.710202,0.184981,0.67926,-0.0585383,0.897497,0.437119,0,0,0,0.275366,0.602368,0.749217,-0.326804,0.56233,0.759595,0,0,0,0,0,0,0.876864,0.447122,0.176611,-0.925853,0.321663,0.198315,-0.922121,0.123455,-0.366676,0.884057,0.250836,-0.394365,0.224898,0.974332,-0.00985958,-0.373774,0.927518,-0.00175535,0,0,0,0,0,0
000453,0.504754,0.705246,0.50547,51.814,48.8178,188.566,0.526867,0.774723,0.349595,-0.621237,0.693453,0.364949,0,0,0,0,0,0,0.997491,0.0695456,-0.0132198,-0.0833472,0.944224,-0.318582,0,0,0,0.649892,0.722201,-0.236782,-0.75852,0.615447,-0.214181,0.702702,0.281301,0.653514,-0.710076,0.185465,0.67926,-0.0585383,0.897497,0.437119,0,0,0,0.275978,0.602499,0.748887,0,0,0,0,0,0,0,0,0,0.877021,0.447202,0.175627,-0.925665,0.321598,0.199295,-0.922616,0.122512,-0.365745,0.884057,0.250836,-0.394365,0.224898,0.974332,-0.00985958,-0.373775,0.927519,-0.000755386,0,0,0,0,0,0
000454,0.504976,0.705084,0.504624,51.814,48.8178,188.566,0.526767,0.774579,0.350063,-0.621237,0.693453,0.364949,0,0,0,0,0,0,0.997532,0.0690473,-0.0127199,-0.0833349,0.944065,-0.319056,0,0,0,0.649812,0.722113,-0.237268,-0.758353,0.615311,-0.215157,0.702094,0.281059,0.65427,-0.709748,0.185379,0.679627,-0.0585383,0.897497,0.437119,0,0,0,0.275366,0.602368,0.749217,-0.327047,0.561751,0.759919,0,0,0,0,0,0,0.876943,0.447162,0.176119,-0.925923,0.321158,0.198805,-0.922253,0.122464,-0.366676,0.884004,0.250302,-0.394825,0.224898,0.974332,-0.00985958,-0.373775,0.927519,-0.00125537,0,0,0,0,0,0
000455,0.505315,0.704532,0.504719,51.814,48.8178,188.566,0.526867,0.774723,0.349595,-0.62148,0.693725,0.364018,0,0,0,0,0,0,0.997539,0.0690477,-0.01222,-0.0833226,0.943906,-0.319529,0,0,0,0.649812,0.722113,-0.237268,-0.757955,0.615631,-0.215646,0.702279,0.280595,0.654271,-0.710531,0.185066,0.678893,-0.0585508,0.897715,0.436669,0,0,0,0,0,0,0,0,0,0,0,0,0,0,0,0.876943,0.447162,0.176119,-0.925853,0.321663,0.198315,-0.922121,0.123455,-0.366676,0.884057,0.250836,-0.394365,0.224897,0.974328,-0.0103595,-0.373774,0.927517,-0.00225533,0,0,0,0,0,0
000456,0.504992,0.704514,0.505041,51.814,48.8178,188.566,0.526454,0.775004,0.349593,-0.62148,0.693725,0.364018,0,0,0,0,0,0,0.997532,0.0690473,-0.0127199,-0.0833226,0.943906,-0.319529,0,0,0,0.649812,0.722113,-0.237268,-0.758353,0.615311,-0.215157,0.702887,0.280837,0.653514,-0.710076,0.185465,0.67926,-0.0585633,0.897933,0.436219,0,0,0,0.275978,0.602499,0.748887,0,0,0,0,0,0,0,0,0,0.877021,0.447202,0.175627,-0.925853,0.321663,0.198315,-0.922369,0.122983,-0.366211,0.884004,0.250302,-0.394825,0.224897,0.974328,-0.0103595,-0.373774,0.927517,-0.00225533,0,0,0,0,0,0
000457,0.504952,0.704606,0.505162,51.814,48.8178,188.566,0.526454,0.775004,0.349593,-0.621852,0.693391,0.364017,0,0,0,0,0,0,0.997532,0.0690473,-0.0127199,-0.0833226,0.943906,-0.319529,0,0,0,0.649812,0.722113,-0.237268,-0.758353,0.615311,-0.215157,0.702887,0.280837,0.653514,-0.710531,0.185066,0.678893,-0.0585633,0.897933,0.436219,0,0,0,0.276432,0.602289,0.748888,0,0,0,0,0,0,0,0,0,0.877021,0.447202,0.175627,-0.925853,0.321663,0.198315,-0.922484,0.123503,-0.365745,0.884004,0.250302,-0.394825,0.224897,0.974328,-0.0103595,-0.373774,0.927518,-0.00175535,0,0,0,0,0,0
000458,0.50469,0.704602,0.505154,51.814,48.8178,188.566,0.526966,0.774866,0.349126,-0.621237,0.693453,0.364949,0,0,0,0,0,0,0.997519,0.0690464,-0.0137197,-0.0833226,0.943906,-0.319529,0,0,0,0.649732,0.722026,-0.237754,-0.758436,0.615379,-0.214669,0.702887,0.280837,0.653514,-0.710202,0.184981,0.67926,-0.0585633,0.897933,0.436219,0,0,0,0.275681,0.603048,0.748554,0,0,0,0,0,0,0,0,0,0.877099,0.447241,0.175135,-0.925665,0.321598,0.199295,-0.922551,0.123007,-0.365745,0.883813,0.250248,-0.395284,0.224897,0.974328,-0.0103595,-0.373774,0.927518,-0.00175535,0,0,0,0,0,0
000459,0.504801,0.704987,0.505479,51.814,48.8178,188.566,0.526454,0.775004,0.349593,-0.621237,0.693453,0.364949,0,0,0,0,0,0,0.997526,0.0690468,-0.0132198,-0.0833472,0.944224,-0.318582,0,0,0,0.650184,0.721779,-0.237269,-0.75852,0.615447,-0.214181,0.702702,0.281301,0.653514,-0.710531,0.185066,0.678893,-0.0585508,0.897715,0.436669,0,0,0,0.275681,0.603048,0.748554,0,0,0,0,0,0,0,0,0,0.877326,0.446796,0.175135,-0.925923,0.321158,0.198805,-0.922616,0.122512,-0.365745,0.884057,0.250836,-0.394365,0.224898,0.974332,-0.00985958,-0.373775,0.927519,-0.00125537,0,0,0,0,0,0
000460,0.504779,0.704937,0.504599,179.152,256.044,143.173,0.513505,0.763327,0.391976,-0.632803,0.654542,0.413685,-0.637864,0.343013,-0.689544,0,0,0,0.995509,0.0926816,-0.019294,-0.108018,0.959965,-0.258455,0,0,0,0.630306,0.750574,-0.198378,-0.774324,0.610138,-0.16779,0.704535,0.254498,0.662466,0,0,0,-0.073172,0.866934,0.493023,0,0,0,0,0,0,0,0,0,0,0,0,0,0,0,0.868647,0.455816,0.194125,-0.930378,0.286766,0.228391,-0.929086,0.123853,-0.34851,0.873014,0.295426,-0.388032,0.202966,0.97798,0.0485703,-0.394167,0.917056,0.0603421,-0.398626,0.758092,-0.516134,0,0,0
000461,0.505283,0.704508,0.505436,179.152,256.044,143.173,0.51414,0.76337,0.391057,-0.63273,0.655187,0.412775,-0.636975,0.345376,-0.689187,0,0,0,0.995528,0.0926833,-0.0182943,-0.108018,0.959965,-0.258455,0,0,0,0.630688,0.750252,-0.198379,-0.774192,0.610034,-0.168776,0.704195,0.255438,0.662466,-0.706813,0.12513,0.696245,-0.0732282,0.86767,0.491718,0,0,0,0,0,0,0,0,0,0,0,0,0,0,0,0.868879,0.455373,0.194125,-0.930704,0.286866,0.226931,-0.92902,0.124348,-0.34851,0.873565,0.295612,-0.38665,0.202971,0.978004,0.0480709,-0.39419,0.917111,0.0593439,-0.398183,0.758323,-0.516136,0,0,0
000462,0.505302,0.704944,0.505271,179.152,256.044,143.173,0.513505,0.763327,0.391976,-0.633089,0.65484,0.412775,-0.636736,0.345815,-0.689187,0,0,0,0.995528,0.0926833,-0.0182943,-0.108018,0.959965,-0.258455,0,0,0,0.630434,0.750724,-0.197398,-0.774192,0.610034,-0.168776,0.704535,0.254498,0.662466,0,0,0,-0.0732095,0.867425,0.492153,0,0,0,0,0,0,0,0,0,0,0,0,0,0,0,0.868561,0.455771,0.194615,-0.930704,0.286866,0.226931,-0.92902,0.124348,-0.34851,0.873588,0.296147,-0.386188,0.202961,0.977957,0.0490696,-0.394178,0.917084,0.059843,-0.397089,0.759475,-0.515284,0,0,0
000463,0.505449,0.70528,0.504639,179.152,256.044,143.173,0.513283,0.763003,0.392896,-0.632443,0.654889,0.413686,-0.636434,0.34565,-0.689549,0,0,0,0.99549,0.093182,-0.0177945,-0.108018,0.959965,-0.258455,0,0,0,0.630434,0.750724,-0.197398,-0.774192,0.610034,-0.168776,0.703742,0.254743,0.663215,-0.706471,0.125069,0.696604,-0.073172,0.866934,0.493023,0,0,0,0,0,0,0,0,0,0,0,0,0,0,0,0.868706,0.455283,0.195106,-0.930596,0.286833,0.227418,-0.92874,0.123807,-0.349447,0.873588,0.296147,-0.386188,0.202961,0.977957,0.0490696,-0.394178,0.917084,0.059843,-0.398183,0.758323,-0.516136,0,0,0
000464,0.504969,0.705486,0.505444,179.152,256.044,143.173,0.513505,0.763327,0.391976,-0.632443,0.654889,0.413686,-0.637993,0.344223,-0.688822,0,0,0,0.995472,0.0931803,-0.0187942,-0.108044,0.960222,-0.257489,0,0,0,0.630434,0.750724,-0.197398,-0.774324,0.610138,-0.16779,0.704195,0.255438,0.662466,0,0,0,-0.0731908,0.867179,0.492588,0,0,0,0,0,0,0,0,0,0,0,0,0,0,0,0.868879,0.455373,0.194125,-0.930487,0.286799,0.227904,-0.929299,0.12489,-0.347573,0.873405,0.296085,-0.386649,0.202961,0.977957,0.0490696,-0.394155,0.917028,0.0608412,-0.397324,0.759933,-0.514427,0,0,0
000465,0.505418,0.704835,0.504655,179.152,256.044,143.173,0.513919,0.763047,0.391977,-0.632443,0.654889,0.413686,-0.635956,0.346529,-0.689549,0,0,0,0.99549,0.093182,-0.0177945,-0.108018,0.959965,-0.258455,0,0,0,0.63037,0.750649,-0.197888,-0.774192,0.610034,-0.168776,0.703572,0.255213,0.663214,-0.706471,0.125069,0.696604,-0.0731908,0.867179,0.492588,0,0,0,0,0,0,0,0,0,0,0,0,0,0,0,0.868474,0.455726,0.195106,-0.930704,0.286866,0.226931,-0.92874,0.123807,-0.349447,0.873382,0.29555,-0.387111,0.202966,0.97798,0.0485703,-0.394178,0.917084,0.059843,-0.39774,0.758555,-0.516137,0,0,0
000466,0.505077,0.705381,0.5047,179.152,256.044,143.173,0.513394,0.763165,0.392436,-0.632803,0.654542,0.413685,-0.637864,0.343013,-0.689544,0,0,0,0.995434,0.0936789,-0.0182943,-0.108031,0.960093,-0.257972,0,0,0,0.630434,0.750724,-0.197398,-0.774324,0.610138,-0.16779,0.703401,0.255683,0.663214,-0.706128,0.125009,0.696963,-0.073172,0.866934,0.493023,0,0,0,0,0,0,0,0,0,0,0,0,0,0,0,0.868793,0.455328,0.194616,-0.930487,0.286799,0.227904,-0.92902,0.124348,-0.34851,0.873221,0.296024,-0.38711,0.202961,0.977957,0.0490696,-0.394155,0.917028,0.0608412,-0.397089,0.759475,-0.515284,0,0,0
000467,0.505387,0.705085,0.504992,179.152,256.044,143.173,0.513919,0.763047,0.391977,-0.632443,0.654889,0.413686,-0.637388,0.343893,-0.689546,0,0,0,0.99549,0.093182,-0.0177945,-0.108018,0.959965,-0.258455,0,0,0,0.630434,0.750724,-0.197398,-0.774192,0.610034,-0.168776,0.704223,0.254385,0.662841,0,0,0,-0.0731908,0.867179,0.492588,0,0,0,0,0,0,0,0,0,0,0,0,0,0,0,0.868474,0.455726,0.195106,-0.930704,0.286866,0.226931,-0.928954,0.124844,-0.34851,0.873588,0.296147,-0.386188,0.202961,0.977957,0.0490696,-0.394178,0.917084,0.059843,-0.397858,0.758784,-0.515709,0,0,0
000468,0.504745,0.705286,0.504702,179.152,256.044,143.173,0.513505,0.763327,0.391976,-0.632157,0.65459,0.414596,-0.636082,0.347736,-0.688825,0,0,0,0.995509,0.0926816,-0.019294,-0.108018,0.959965,-0.258455,0,0,0,0.630306,0.750574,-0.198378,-0.774324,0.610138,-0.16779,0.704535,0.254498,0.662466,0,0,0,-0.073172,0.866934,0.493023,0,0,0,0,0,0,0,0,0,0,0,0,0,0,0,0.868879,0.455373,0.194125,-0.930269,0.286732,0.228878,-0.929299,0.12489,-0.347573,0.873198,0.295488,-0.387572,0.202961,0.977957,0.0490696,-0.394155,0.917028,0.0608412,-0.397976,0.759013,-0.515281,0,0,0
000469,0.505221,0.704551,0.504918,179.152,256.044,143.173,0.513505,0.763327,0.391976,-0.633089,0.65484,0.412775,-0.636911,0.344772,-0.689548,0,0,0,0.995481,0.0931811,-0.0182943,-0.107992,0.959707,-0.259421,0,0,0,0.630306,0.750574,-0.198378,-0.774192,0.610034,-0.168776,0.704535,0.254498,0.662466,0,0,0,-0.0732095,0.867425,0.492153,0,0,0,0,0,0,0,0,0,0,0,0,0,0,0,0.868879,0.455373,0.194125,-0.930596,0.286833,0.227418,-0.928954,0.124844,-0.34851,0.873221,0.296024,-0.38711,0.202971,0.978004,0.0480709,-0.39419,0.917111,0.0593439,-0.39774,0.758555,-0.516137,0,0,0
000470,0.504541,0.705201,0.505365,278.758,36.4505,22.3716,0.515753,0.785043,0.343084,-0.6306,0.684092,0.366554,0,0,0,0,0,0,0.996068,0.0861255,-0.020762,-0.101827,0.941383,-0.321603,0,0,0,0.635624,0.732292,-0.244397,-0.770443,0.601462,-0.211332,0.702133,0.295871,0.647665,-0.708679,0.175396,0.683382,-0.071067,0.898056,0.434102,0,0,0,0.270588,0.610058,0.744723,0,0,0,0,0,0,0,0,0,0.870652,0.462506,0.167494,-0.929693,0.306426,0.204387,-0.927032,0.105219,-0.359917,0.876691,0.263885,-0.402216,0.207942,0.978025,-0.0150862,-0.389732,0.920926,-0.0017358,0,0,0,0,0,0
000471,0.504925,0.70537,0.504905,278.758,36.4505,22.3716,0.515144,0.785032,0.344022,-0.6306,0.684092,0.366554,0,0,0,0,0,0,0.996088,0.0861273,-0.0197624,-0.101827,0.941383,-0.321603,0,0,0,0.635705,0.732384,-0.243912,-0.77036,0.601397,-0.211821,0.701535,0.29562,0.648426,-0.708679,0.175396,0.683382,-0.071067,0.898056,0.434102,0,0,0,0.269979,0.609922,0.745055,-0.331953,0.558759,0.759997,0,0,0,0,0,0,0.870269,0.462869,0.168479,-0.929946,0.305983,0.203897,-0.926674,0.105178,-0.36085,0.876932,0.264479,-0.4013,0.207945,0.978039,-0.0140864,-0.389732,0.920926,-0.0017358,0,0,0,0,0,0
000472,0.505499,0.705032,0.505362,278.758,36.4505,22.3716,0.515144,0.785032,0.344022,-0.630848,0.684362,0.365623,0,0,0,0,0,0,0.996107,0.0861289,-0.0187627,-0.101827,0.941383,-0.321603,0,0,0,0.635785,0.732475,-0.243428,-0.770193,0.601266,-0.212798,0.701535,0.29562,0.648426,-0.709342,0.17556,0.682652,-0.0710824,0.898273,0.433651,0,0,0,0.269675,0.610465,0.74472,-0.331476,0.559922,0.759349,0,0,0,0,0,0,0.870429,0.462388,0.168972,-0.930079,0.306554,0.202429,-0.926561,0.106171,-0.360849,0.877316,0.264594,-0.400384,0.207942,0.978025,-0.0150862,-0.389732,0.920924,-0.00273576,0,0,0,0,0,0
000473,0.505491,0.705498,0.504851,278.758,36.4505,22.3716,0.515467,0.784614,0.344492,-0.6306,0.684092,0.366554,0,0,0,0,0,0,0.996107,0.0861289,-0.0187627,-0.101827,0.941383,-0.321603,0,0,0,0.635866,0.732566,-0.242943,-0.770276,0.601331,-0.21231,0.702116,0.294237,0.648427,-0.70901,0.175478,0.683017,-0.0710516,0.89784,0.434552,0,0,0,0.270283,0.609378,0.74539,-0.330853,0.559849,0.759675,0,0,0,0,0,0,0.870354,0.462348,0.169465,-0.930139,0.306047,0.202918,-0.926315,0.105137,-0.361782,0.877316,0.264594,-0.400384,0.207945,0.978039,-0.0140864,-0.389732,0.920926,-0.00223578,0,0,0,0,0,0
000474,0.504861,0.704614,0.505315,278.758,36.4505,22.3716,0.515848,0.785186,0.342614,-0.630848,0.684362,0.365623,0,0,0,0,0,0,0.996088,0.0861273,-0.0197624,-0.101796,0.941063,-0.32255,0,0,0,0.635624,0.732292,-0.244397,-0.770276,0.601331,-0.21231,0.702327,0.29541,0.647665,-0.70901,0.175478,0.683017,-0.0710979,0.898489,0.433201,0,0,0,0.270284,0.610601,0.744388,-0.331476,0.559922,0.759349,0,0,0,0,0,0,0.870343,0.462908,0.167986,-0.929887,0.30649,0.203408,-0.926919,0.106212,-0.359917,0.876883,0.263943,-0.401758,0.20794,0.978017,-0.0155861,-0.389732,0.920924,-0.00273576,0,0,0,0,0,0
000475,0.50482,0.705177,0.504531,278.758,36.4505,22.3716,0.515144,0.785032,0.344022,-0.6306,0.684092,0.366554,0,0,0,0,0,0,0.996121,0.0856283,-0.0202622,-0.101827,0.941383,-0.321603,0,0,0,0.635624,0.732292,-0.244397,-0.770052,0.601791,-0.211821,0.701729,0.295159,0.648427,-0.708227,0.1758,0.683747,-0.0710516,0.89784,0.434552,0,0,0,0.270739,0.609174,0.745391,0,0,0,0,0,0,0,0,0,0.870578,0.462466,0.167987,-0.929693,0.306426,0.204387,-0.926674,0.105178,-0.36085,0.876691,0.263885,-0.402216,0.207942,0.978025,-0.0150862,-0.389732,0.920926,-0.00223578,0,0,0,0,0,0
000476,0.505477,0.705115,0.505456,278.758,36.4505,22.3716,0.515144,0.785032,0.344022,-0.630848,0.684362,0.365623,0,0,0,0,0,0,0.996107,0.0861289,-0.0187627,-0.101827,0.941383,-0.321603,0,0,0,0.635785,0.732475,-0.243428,-0.7705,0.600871,-0.212798,0.702221,0.294824,0.648046,-0.709342,0.17556,0.682652,-0.0710824,0.898273,0.433651,0,0,0,0.270131,0.610261,0.744721,-0.332337,0.559415,0.759347,0,0,0,0,0,0,0.870429,0.462388,0.168972,-0.930079,0.306554,0.202429,-0.926618,0.105675,-0.360849,0.877316,0.264594,-0.400384,0.207944,0.978032,-0.0145863,-0.389732,0.920924,-0.00273576,0,0,0,0,0,0
000477,0.504693,0.705042,0.504554,278.758,36.4505,22.3716,0.51524,0.785175,0.343552,-0.6306,0.684092,0.366554,0,0,0,0,0,0,0.996078,0.0861264,-0.0202622,-0.101796,0.941063,-0.32255,0,0,0,0.63592,0.731873,-0.244883,-0.77036,0.601397,-0.211821,0.702028,0.295285,0.648046,-0.708347,0.175314,0.683747,-0.071067,0.898056,0.434102,0,0,0,0.269979,0.609922,0.745055,0,0,0,0,0,0,0,0,0,0.870343,0.462908,0.167986,-0.929693,0.306426,0.204387,-0.926919,0.106212,-0.359917,0.876547,0.264364,-0.402216,0.207942,0.978025,-0.0150862,-0.389732,0.920926,-0.00223578,0,0,0,0,0,0
000478,0.50509,0.705375,0.504841,278.758,36.4505,22.3716,0.515562,0.784757,0.344023,-0.6306,0.684092,0.366554,0,0,0,0,0,0,0.996088,0.0861273,-0.0197624,-0.101827,0.941383,-0.321603,0,0,0,0.636082,0.732056,-0.243913,-0.770276,0.601331,-0.21231,0.701729,0.295159,0.648427,-0.708679,0.175396,0.683382,-0.0710516,0.89784,0.434552,0,0,0,0.269979,0.609922,0.745055,-0.331953,0.558759,0.759997,0,0,0,0,0,0,0.870194,0.462829,0.168972,-0.929633,0.306933,0.203897,-0.926618,0.105675,-0.360849,0.876932,0.264479,-0.4013,0.207945,0.978039,-0.0140864,-0.389732,0.920926,-0.00223578,0,0,0,0,0,0
000479,0.504905,0.704628,0.504562,278.758,36.4505,22.3716,0.515753,0.785043,0.343084,-0.6306,0.684092,0.366554,0,0,0,0,0,0,0.996088,0.0861273,-0.0197624,-0.101796,0.941063,-0.32255,0,0,0,0.635543,0.732201,-0.244882,-0.770276,0.601331,-0.21231,0.701535,0.29562,0.648426,-0.708227,0.1758,0.683747,-0.0710824,0.898273,0.433651,0,0,0,0,0,0,-0.330853,0.559849,0.759675,0,0,0,0,0,0,0.870343,0.462908,0.167986,-0.92979,0.306458,0.203897,-0.926674,0.105178,-0.36085,0.876691,0.263885,-0.402216,0.20794,0.978017,-0.0155861,-0.389732,0.920924,-0.00273576,0,0,0,0,0,0
000480,0.505376,0.704599,0.50489,6.21417,50.7755,328.631,0.508727,0.788678,0.34523,-0.63673,0.676394,0.370225,0,0,0,0,0,0,0.99514,0.0962322,-0.0208742,-0.112036,0.941397,-0.318151,0,0,0,0.627598,0.739714,-0.242783,-0.776624,0.594392,-0.208694,0.700385,0.299343,0.647962,-0.708885,0.165815,0.685556,-0.0789719,0.895827,0.43733,0,0,0,0,0,0,0,0,0,0,0,0,0,0,0,0.865923,0.470825,0.168823,-0.932742,0.295825,0.206107,-0.928241,0.0974228,-0.358994,0.873345,0.274587,-0.40233,0.198086,0.980113,-0.0118163,-0.398926,0.916982,0.00130642,0,0,0,0,0,0
000481,0.505087,0.704501,0.504801,6.21417,50.7755,328.631,0.508727,0.788678,0.34523,-0.63673,0.676394,0.370225,0,0,0,0,0,0,0.995119,0.0962302,-0.0218738,-0.112036,0.941397,-0.318151,0,0,0,0.6279,0.739298,-0.243269,-0.776402,0.594853,-0.208205,0.700188,0.299803,0.647962,-0.708552,0.165737,0.68592,-0.0789719,0.895827,0.43733,0,0,0,0,0,0,0,0,0,0,0,0,0,0,0,0.86631,0.470466,0.167838,-0.932394,0.296239,0.207085,-0.928545,0.0979575,-0.358061,0.873153,0.274527,-0.402788,0.198085,0.980107,-0.0123162,-0.398926,0.916982,0.00130642,0,0,0,0,0,0
000482,0.505129,0.705455,0.505265,6.21417,50.7755,328.631,0.508537,0.788389,0.346168,-0.636476,0.676123,0.371154,0,0,0,0,0,0,0.995129,0.0962312,-0.021374,-0.11207,0.941713,-0.317203,0,0,0,0.627756,0.739898,-0.241813,-0.776789,0.594519,-0.207716,0.701373,0.298677,0.647201,-0.708885,0.165815,0.685556,-0.0789368,0.89539,0.438229,0,0,0,0,0,0,0,0,0,0,0,0,0,0,0,0.865923,0.470825,0.168823,-0.932394,0.296239,0.207085,-0.928598,0.0974602,-0.358061,0.873495,0.27411,-0.402331,0.19809,0.98013,-0.0103166,-0.398924,0.91698,0.00280637,-0.401234,0.722635,-0.56286,0,0,0
000483,0.50521,0.705431,0.505127,6.21417,50.7755,328.631,0.508537,0.788389,0.346168,-0.636476,0.676123,0.371154,0,0,0,0,0,0,0.995177,0.0957335,-0.021374,-0.11207,0.941713,-0.317203,0,0,0,0.627756,0.739898,-0.241813,-0.776789,0.594519,-0.207716,0.700188,0.299803,0.647962,-0.708999,0.165328,0.685556,-0.0789368,0.89539,0.438229,0,0,0,0.265001,0.610073,0.746717,0,0,0,0,0,0,0,0,0,0.865923,0.470825,0.168823,-0.932394,0.296239,0.207085,-0.928545,0.0979575,-0.358061,0.873495,0.27411,-0.402331,0.19809,0.98013,-0.0103166,-0.398924,0.91698,0.00280637,0,0,0,0,0,0
000484,0.505239,0.704734,0.504857,6.21417,50.7755,328.631,0.508727,0.788678,0.34523,-0.63673,0.676394,0.370225,0,0,0,0,0,0,0.995129,0.0962312,-0.021374,-0.112036,0.941397,-0.318151,0,0,0,0.627598,0.739714,-0.242783,-0.776402,0.594853,-0.208205,0.700385,0.299343,0.647962,-0.708999,0.165328,0.685556,-0.0789543,0.895609,0.43778,0,0,0,0,0,0,0,0,0,0,0,0,0,0,0,0.866236,0.470426,0.168331,-0.932644,0.295793,0.206596,-0.928493,0.0984547,-0.358061,0.873195,0.275064,-0.40233,0.198088,0.980119,-0.0113164,-0.398925,0.916982,0.00180641,-0.400527,0.722381,-0.563688,0,0,0
000485,0.504747,0.704774,0.505367,6.21417,50.7755,328.631,0.508821,0.788823,0.344761,-0.63673,0.676394,0.370225,0,0,0,0,0,0,0.995156,0.0957314,-0.0223736,-0.112036,0.941397,-0.318151,0,0,0,0.627598,0.739714,-0.242783,-0.776567,0.594979,-0.207227,0.70098,0.299597,0.6472,-0.708999,0.165328,0.685556,-0.0789719,0.895827,0.43733,0,0,0,0.266068,0.610012,0.746387,0,0,0,0,0,0,0,0,0,0.866384,0.470505,0.167345,-0.932144,0.296684,0.207574,-0.928901,0.0979948,-0.357127,0.873153,0.274527,-0.402788,0.198088,0.980119,-0.0113164,-0.398925,0.916981,0.00230639,-0.400358,0.723117,-0.562864,0,0,0
000486,0.505049,0.705324,0.504946,6.21417,50.7755,328.631,0.508537,0.788389,0.346168,-0.636476,0.676123,0.371154,0,0,0,0,0,0,0.995081,0.0967288,-0.021374,-0.11207,0.941713,-0.317203,0,0,0,0.628058,0.739482,-0.242299,-0.776789,0.594519,-0.207716,0.700188,0.299803,0.647962,-0.708552,0.165737,0.68592,-0.0789368,0.89539,0.438229,0,0,0,0.264085,0.610474,0.746713,-0.332551,0.554779,0.762646,0,0,0,0,0,0,0.866236,0.470426,0.168331,-0.932394,0.296239,0.207085,-0.928545,0.0979575,-0.358061,0.873195,0.275064,-0.40233,0.198089,0.980124,-0.0108165,-0.398924,0.91698,0.00280637,-0.400358,0.723117,-0.562864,0,0,0
000487,0.504996,0.705124,0.505347,6.21417,50.7755,328.631,0.508727,0.788678,0.34523,-0.637094,0.676051,0.370225,0,0,0,0,0,0,0.995119,0.0962302,-0.0218738,-0.11207,0.941713,-0.317203,0,0,0,0.627677,0.739806,-0.242298,-0.776789,0.594519,-0.207716,0.70098,0.299597,0.6472,-0.708885,0.165815,0.685556,-0.0789543,0.895609,0.43778,0,0,0,0.266374,0.609469,0.746721,0,0,0,0,0,0,0,0,0,0.865997,0.470865,0.16833,-0.932394,0.296239,0.207085,-0.928723,0.0979761,-0.357594,0.873345,0.274587,-0.40233,0.198088,0.980119,-0.0113164,-0.398925,0.916981,0.00230639,-0.400796,0.722876,-0.562862,0,0,0
000488,0.505203,0.704778,0.505236,6.21417,50.7755,328.631,0.508727,0.788678,0.34523,-0.63673,0.676394,0.370225,0,0,0,0,0,0,0.995129,0.0962312,-0.021374,-0.112036,0.941397,-0.318151,0,0,0,0.627677,0.739806,-0.242298,-0.776707,0.594456,-0.208205,0.701373,0.298677,0.647201,-0.708885,0.165815,0.685556,-0.0789719,0.895827,0.43733,0,0,0,0.266374,0.609469,0.746721,-0.335122,0.553233,0.762644,0,0,0,0,0,0,0.865997,0.470865,0.16833,-0.932644,0.295793,0.206596,-0.928545,0.0979575,-0.358061,0.873345,0.274587,-0.40233,0.198088,0.980119,-0.0113164,-0.398925,0.916982,0.00180641,0,0,0,0,0,0
000489,0.505003,0.705106,0.505079,6.21417,50.7755,328.631,0.508212,0.788805,0.345698,-0.636476,0.676123,0.371154,0,0,0,0,0,0,0.995119,0.0962302,-0.0218738,-0.11207,0.941713,-0.317203,0,0,0,0.627677,0.739806,-0.242298,-0.776789,0.594519,-0.207716,0.701373,0.298677,0.647201,-0.708552,0.165737,0.68592,-0.0789368,0.89539,0.438229,0,0,0,0,0,0,0,0,0,0,0,0,0,0,0,0.865997,0.470865,0.16833,-0.932394,0.296239,0.207085,-0.928598,0.0974602,-0.358061,0.873195,0.275064,-0.40233,0.198088,0.980119,-0.0113164,-0.398925,0.916981,0.00230639,-0.400358,0.723117,-0.562864,0,0,0
000490,0.505188,0.704527,0.504584,146.136,328.595,136.875,0.521116,0.748506,0.410092,-0.625748,0.653209,0.42633,-0.630231,0.368305,-0.683491,0,0,0,0.996487,0.0826569,-0.0134666,-0.0959864,0.966408,-0.238417,0,0,0,0.639482,0.747413,-0.180098,-0.766551,0.622604,-0.157366,0.705409,0.231652,0.669878,-0.706789,0.117629,0.697576,-0.0645994,0.857143,0.511011,0,0,0,0,0,0,0,0,0,0,0,0,0,0,0,0.873442,0.440974,0.206499,-0.927842,0.292367,0.231584,-0.926387,0.143236,-0.348269,0.877682,0.294484,-0.378092,0.214186,0.974267,0.0701963,-0.383654,0.920129,0.078568,-0.386796,0.774668,-0.500278,0,0,0
000491,0.504682,0.705391,0.505379,146.136,328.595,136.875,0.521235,0.748674,0.409636,-0.626109,0.652863,0.42633,-0.631115,0.368823,-0.682395,0,0,0,0.996473,0.0826558,-0.0144664,-0.0960283,0.966881,-0.236474,0,0,0,0.639541,0.747481,-0.179607,-0.766733,0.622753,-0.155885,0.706045,0.231861,0.669135,-0.707133,0.117686,0.697218,-0.0645823,0.856888,0.511441,0,0,0,0,0,0,0,0,0,0,0,0,0,0,0,0.873308,0.441466,0.20601,-0.927881,0.291855,0.232071,-0.926883,0.1423,-0.347332,0.877682,0.294484,-0.378092,0.21417,0.974198,0.0711937,-0.383609,0.920018,0.0800633,-0.386788,0.775787,-0.498547,0,0,0
000492,0.505293,0.70523,0.504751,146.136,328.595,136.875,0.520998,0.748339,0.410548,-0.626109,0.652863,0.42633,-0.63124,0.366578,-0.683488,0,0,0,0.996528,0.0821587,-0.0134667,-0.0960074,0.966645,-0.237445,0,0,0,0.6396,0.747549,-0.179115,-0.766551,0.622604,-0.157366,0.705564,0.231177,0.669877,-0.707133,0.117686,0.697218,-0.0645823,0.856888,0.511441,0,0,0,0,0,0,0,0,0,0,0,0,0,0,0,0.873349,0.440927,0.206988,-0.927842,0.292367,0.231584,-0.926463,0.142742,-0.348269,0.877861,0.294543,-0.377629,0.21417,0.974198,0.0711937,-0.383639,0.920092,0.0790665,-0.387354,0.77467,-0.499843,0,0,0
000493,0.50476,0.704996,0.504773,146.136,328.595,136.875,0.521116,0.748506,0.410092,-0.626109,0.652863,0.42633,-0.630315,0.369513,-0.682761,0,0,0,0.996514,0.0821575,-0.0144664,-0.0960074,0.966645,-0.237445,0,0,0,0.639482,0.747413,-0.180098,-0.766672,0.622703,-0.156379,0.705096,0.232602,0.669877,0,0,0,-0.0645823,0.856888,0.511441,0,0,0,0,0,0,0,0,0,0,0,0,0,0,0,0.873534,0.44102,0.20601,-0.927881,0.291855,0.232071,-0.92673,0.143289,-0.347332,0.877503,0.294424,-0.378555,0.214178,0.974233,0.070695,-0.383624,0.920055,0.0795649,-0.386568,0.775339,-0.499414,0,0,0
000494,0.504625,0.705282,0.504955,146.136,328.595,136.875,0.521116,0.748506,0.410092,-0.625815,0.652554,0.427234,-0.631325,0.367787,-0.68276,0,0,0,0.996507,0.0821569,-0.0149663,-0.0960179,0.966763,-0.23696,0,0,0,0.639862,0.747088,-0.180099,-0.766733,0.622753,-0.155885,0.705096,0.232602,0.669877,0,0,0,-0.0645823,0.856888,0.511441,0,0,0,0,0,0,0,0,0,0,0,0,0,0,0,0.873308,0.441466,0.20601,-0.92762,0.292297,0.232557,-0.926883,0.1423,-0.347332,0.877661,0.29395,-0.378555,0.21417,0.974198,0.0711937,-0.383609,0.920018,0.0800633,-0.387464,0.774894,-0.49941,0,0,0
000495,0.50501,0.704993,0.505371,146.136,328.595,136.875,0.521235,0.748674,0.409636,-0.626109,0.652863,0.42633,-0.631073,0.368219,-0.68276,0,0,0,0.996521,0.0821581,-0.0139665,-0.0960074,0.966645,-0.237445,0,0,0,0.639541,0.747481,-0.179607,-0.766927,0.622266,-0.156872,0.705727,0.231757,0.669506,0,0,0,-0.0645994,0.857143,0.511011,0,0,0,0,0,0,0,0,0,0,0,0,0,0,0,0.873216,0.44142,0.206499,-0.927842,0.292367,0.231584,-0.92673,0.143289,-0.347332,0.877841,0.29401,-0.378093,0.214186,0.974267,0.0701963,-0.383639,0.920092,0.0790665,-0.387464,0.774894,-0.49941,0,0,0
000496,0.505333,0.704951,0.505171,146.136,328.595,136.875,0.521116,0.748506,0.410092,-0.626403,0.653171,0.425425,-0.630526,0.368478,-0.683126,0,0,0,0.996569,0.0816604,-0.0134666,-0.0960074,0.966645,-0.237445,0,0,0,0.6396,0.747549,-0.179115,-0.766551,0.622604,-0.157366,0.705409,0.231652,0.669878,0,0,0,-0.0645994,0.857143,0.511011,0,0,0,0,0,0,0,0,0,0,0,0,0,0,0,0.873124,0.441374,0.206988,-0.928062,0.292436,0.230612,-0.926463,0.142742,-0.348269,0.87804,0.294603,-0.377166,0.21417,0.974198,0.0711937,-0.383639,0.920092,0.0790665,-0.386568,0.775339,-0.499414,0,0,0
000497,0.505268,0.704789,0.504824,146.136,328.595,136.875,0.521116,0.748506,0.410092,-0.625748,0.653209,0.42633,-0.630988,0.36701,-0.683489,0,0,0,0.996528,0.0821587,-0.0134667,-0.0960074,0.966645,-0.237445,0,0,0,0.639541,0.747481,-0.179607,-0.766551,0.622604,-0.157366,0.705409,0.231652,0.669878,0,0,0,-0.0645994,0.857143,0.511011,0,0,0,0,0,0,0,0,0,0,0,0,0,0,0,0.873124,0.441374,0.206988,-0.927952,0.292402,0.231098,-0.926463,0.142742,-0.348269,0.877841,0.29401,-0.378093,0.214186,0.974267,0.0701963,-0.383639,0.920092,0.0790665,-0.387244,0.774445,-0.500276,0,0,0
000498,0.504895,0.704581,0.505193,146.136,328.595,136.875,0.521353,0.748841,0.40918,-0.625748,0.653209,0.42633,-0.630568,0.369082,-0.682761,0,0,0,0.996555,0.0816592,-0.0144664,-0.0960074,0.966645,-0.237445,0,0,0,0.639482,0.747413,-0.180098,-0.766611,0.622654,-0.156873,0.706201,0.231386,0.669135,0,0,0,-0.0646166,0.857398,0.510582,0,0,0,0,0,0,0,0,0,0,0,0,0,0,0,0.873308,0.441466,0.20601,-0.927842,0.292367,0.231584,-0.92673,0.143289,-0.347332,0.877682,0.294484,-0.378092,0.214186,0.974267,0.0701963,-0.383654,0.920129,0.078568,-0.387354,0.77467,-0.499843,0,0,0
000499,0.505344,0.704897,0.505484,146.136,328.595,136.875,0.521235,0.748674,0.409636,-0.626403,0.653171,0.425425,-0.630568,0.369082,-0.682761,0,0,0,0.996569,0.0816604,-0.0134666,-0.0960074,0.966645,-0.237445,0,0,0,0.6396,0.747549,-0.179115,-0.766551,0.622604,-0.157366,0.705096,0.232602,0.669877,-0.707477,0.117743,0.69686,-0.0646166,0.857398,0.510582,0,0,0,0,0,0,0,0,0,0,0,0,0,0,0,0.873124,0.441374,0.206988,-0.928062,0.292436,0.230612,-0.926463,0.142742,-0.348269,0.87804,0.294603,-0.377166,0.214186,0.974267,0.0701963,-0.383654,0.920129,0.078568,-0.387016,0.775117,-0.499412,0,0,0
000500,0.505181,0.705264,0.504795,180.578,302.951,56.6362,0.530058,0.744336,0.406205,-0.61831,0.664739,0.419304,-0.623495,0.371591,-0.687877,0,0,0,0.997594,0.0683312,-0.011676,-0.082088,0.96608,-0.244848,0,0,0,0.650353,0.737242,-0.183071,-0.757628,0.631859,-0.163563,0.706619,0.227267,0.670104,-0.706981,0.133378,0.694541,-0.0542909,0.861461,0.504913,0,0,0,0,0,0,0,0,0,0,0,0,0,0,0,0.87853,0.43094,0.206095,-0.924386,0.306908,0.226534,-0.923506,0.152165,-0.352113,0.88289,0.278877,-0.3778,0.227315,0.971704,0.0641749,-0.371224,0.925812,0.0711622,-0.374959,0.776336,-0.506663,0,0,0
000501,0.504504,0.705219,0.505081,180.578,302.951,56.6362,0.530296,0.744665,0.405291,-0.618025,0.66443,0.420211,-0.625069,0.36962,-0.68751,0,0,0,0.997582,0.0683304,-0.0126759,-0.082097,0.966202,-0.244363,0,0,0,0.65023,0.737106,-0.184054,-0.757753,0.631964,-0.162576,0.707256,0.227472,0.669362,0,0,0,-0.0543047,0.861713,0.504482,0,0,0,0,0,0,0,0,0,0,0,0,0,0,0,0.879027,0.430626,0.204627,-0.924171,0.306836,0.227508,-0.924036,0.153265,-0.35024,0.882529,0.278764,-0.378725,0.227315,0.971704,0.0641749,-0.371211,0.925779,0.0716609,-0.376311,0.775686,-0.506657,0,0,0
000502,0.504627,0.704554,0.504839,180.578,302.951,56.6362,0.530414,0.744829,0.404834,-0.61831,0.664739,0.419304,-0.623277,0.372626,-0.687514,0,0,0,0.997582,0.0683304,-0.0126759,-0.0820789,0.965958,-0.245332,0,0,0,0.650169,0.737037,-0.184545,-0.757628,0.631859,-0.163563,0.706631,0.228321,0.669733,0,0,0,-0.0543186,0.861965,0.50405,0,0,0,0,0,0,0,0,0,0,0,0,0,0,0,0.879027,0.430626,0.204627,-0.924171,0.306836,0.227508,-0.923771,0.152715,-0.351177,0.882379,0.279241,-0.378725,0.22733,0.971766,0.0631771,-0.371237,0.925845,0.0706635,-0.375301,0.775891,-0.507092,0,0,0
000503,0.504967,0.705132,0.504569,180.578,302.951,56.6362,0.530177,0.7445,0.405748,-0.617659,0.664771,0.420212,-0.624734,0.368837,-0.688234,0,0,0,0.997594,0.0683312,-0.011676,-0.0820789,0.965958,-0.245332,0,0,0,0.650292,0.737174,-0.183562,-0.757628,0.631859,-0.163563,0.706619,0.227267,0.670104,0,0,0,-0.0542909,0.861461,0.504913,0,0,0,0,0,0,0,0,0,0,0,0,0,0,0,0.878843,0.430536,0.205606,-0.924279,0.306872,0.227021,-0.923506,0.152165,-0.352113,0.88274,0.279354,-0.377799,0.227315,0.971704,0.0641749,-0.371211,0.925779,0.0716609,-0.374509,0.776553,-0.506665,0,0,0
000504,0.505306,0.704885,0.504656,180.578,302.951,56.6362,0.530177,0.7445,0.405748,-0.61831,0.664739,0.419304,-0.623712,0.370556,-0.688238,0,0,0,0.9976,0.0683316,-0.0111762,-0.0820789,0.965958,-0.245332,0,0,0,0.650292,0.737174,-0.183562,-0.757503,0.631754,-0.164549,0.706772,0.226791,0.670104,-0.706981,0.133378,0.694541,-0.0543047,0.861713,0.504482,0,0,0,0,0,0,0,0,0,0,0,0,0,0,0,0.87853,0.43094,0.206095,-0.924386,0.306908,0.226534,-0.923424,0.152658,-0.352113,0.88289,0.278877,-0.3778,0.227315,0.971704,0.0641749,-0.371237,0.925845,0.0706635,-0.375643,0.775445,-0.507521,0,0,0
000505,0.505177,0.705407,0.505144,180.578,302.951,56.6362,0.530584,0.74421,0.405749,-0.61831,0.664739,0.419304,-0.62379,0.371768,-0.687514,0,0,0,0.997594,0.0683312,-0.011676,-0.082097,0.966202,-0.244363,0,0,0,0.650353,0.737242,-0.183071,-0.757628,0.631859,-0.163563,0.706465,0.227743,0.670104,0,0,0,-0.0542909,0.861461,0.504913,0,0,0,0,0,0,0,0,0,0,0,0,0,0,0,0.87853,0.43094,0.206095,-0.924386,0.306908,0.226534,-0.923598,0.152686,-0.351645,0.88307,0.278934,-0.377337,0.227315,0.971704,0.0641749,-0.371211,0.925779,0.0716609,-0.37586,0.775903,-0.506659,0,0,0
000506,0.504775,0.704657,0.504799,180.578,302.951,56.6362,0.530296,0.744665,0.405291,-0.61831,0.664739,0.419304,-0.622764,0.373484,-0.687514,0,0,0,0.997554,0.0688296,-0.0121759,-0.0820789,0.965958,-0.245332,0,0,0,0.650169,0.737037,-0.184545,-0.757628,0.631859,-0.163563,0.706312,0.228219,0.670104,0,0,0,-0.0543047,0.861713,0.504482,0,0,0,0,0,0,0,0,0,0,0,0,0,0,0,0.878715,0.43103,0.205117,-0.924279,0.306872,0.227021,-0.923689,0.153208,-0.351177,0.882529,0.278764,-0.378725,0.22733,0.971766,0.0631771,-0.371237,0.925845,0.0706635,-0.376094,0.775228,-0.507519,0,0,0
000507,0.505389,0.704785,0.505437,180.578,302.951,56.6362,0.52977,0.744791,0.405747,-0.618594,0.665046,0.418396,-0.623277,0.372626,-0.687514,0,0,0,0.997634,0.0678328,-0.0111761,-0.0820789,0.965958,-0.245332,0,0,0,0.650353,0.737242,-0.183071,-0.757503,0.631754,-0.164549,0.706312,0.228219,0.670104,-0.707756,0.133014,0.693822,-0.0543186,0.861965,0.50405,0,0,0,0,0,0,0,0,0,0,0,0,0,0,0,0.87853,0.43094,0.206095,-0.924601,0.306979,0.22556,-0.923506,0.152165,-0.352113,0.8831,0.279467,-0.376873,0.22733,0.971766,0.0631771,-0.371237,0.925845,0.0706635,-0.374959,0.776336,-0.506663,0,0,0
000508,0.504971,0.704802,0.505198,180.578,302.951,56.6362,0.530296,0.744665,0.405291,-0.61831,0.664739,0.419304,-0.62379,0.371768,-0.687514,0,0,0,0.997594,0.0683312,-0.011676,-0.0820789,0.965958,-0.245332,0,0,0,0.650605,0.736775,-0.184054,-0.757628,0.631859,-0.163563,0.706159,0.228695,0.670104,-0.707415,0.13295,0.694182,-0.0543186,0.861965,0.50405,0,0,0,0,0,0,0,0,0,0,0,0,0,0,0,0.878935,0.430581,0.205117,-0.924386,0.306908,0.226534,-0.923689,0.153208,-0.351177,0.88274,0.279354,-0.377799,0.22733,0.971766,0.0631771,-0.371237,0.925845,0.0706635,-0.374959,0.776336,-0.506663,0,0,0
000509,0.504814,0.70486,0.504645,180.578,302.951,56.6362,0.530177,0.7445,0.405748,-0.618676,0.664398,0.419303,-0.623751,0.371162,-0.687876,0,0,0,0.997588,0.0683308,-0.0121759,-0.0820789,0.965958,-0.245332,0,0,0,0.65023,0.737106,-0.184054,-0.757628,0.631859,-0.163563,0.706465,0.227743,0.670104,0,0,0,-0.0543047,0.861713,0.504482,0,0,0,0,0,0,0,0,0,0,0,0,0,0,0,0.878935,0.430581,0.205117,-0.924436,0.306398,0.227021,-0.923689,0.153208,-0.351177,0.882529,0.278764,-0.378725,0.22733,0.971766,0.0631771,-0.371224,0.925812,0.0711622,-0.375301,0.775891,-0.507092,0,0,0
000510,0.504708,0.70514,0.504875,342.766,296.22,356.585,0.440841,0.810834,0.384976,-0.68507,0.577823,0.443621,-0.694219,0.281875,-0.662274,0,0,0,0.97811,0.201743,-0.0510027,-0.221128,0.944759,-0.241937,0,0,0,0.537073,0.817188,-0.20918,-0.8414,0.523581,-0.133824,0.695973,0.322471,0.641587,0,0,0,-0.149504,0.848816,0.507109,0,0,0,0,0,0,0,0,0,0,0,0,0,0,0,0.820025,0.546096,0.171284,-0.947813,0.180526,0.262794,-0.948549,0.0252969,-0.315618,0.821339,0.394032,-0.412481,0.0966911,0.993798,0.0549256,-0.48883,0.868138,0.0859142,-0.495712,0.716151,-0.491321,0,0,0
000511,0.504881,0.705337,0.505063,342.766,296.22,356.585,0.440841,0.810834,0.384976,-0.68507,0.577823,0.443621,-0.694407,0.281411,-0.662274,0,0,0,0.978134,0.201748,-0.0505034,-0.22118,0.944994,-0.240966,0,0,0,0.537131,0.817275,-0.208692,-0.841136,0.524005,-0.133824,0.694548,0.324014,0.642353,0,0,0,-0.149504,0.848816,0.507109,0,0,0,0,0,0,0,0,0,0,0,0,0,0,0,0.820302,0.54568,0.171285,-0.94772,0.181017,0.262794,-0.948549,0.0252969,-0.315618,0.821555,0.393581,-0.412482,0.0966882,0.99377,0.0554248,-0.48883,0.868138,0.0859142,-0.496124,0.715868,-0.49132,0,0,0
000512,0.504603,0.704796,0.504677,342.766,296.22,356.585,0.440934,0.811003,0.384515,-0.68507,0.577823,0.443621,-0.694031,0.282338,-0.662274,0,0,0,0.978084,0.201738,-0.0515019,-0.221128,0.944759,-0.241937,0,0,0,0.537015,0.817101,-0.209669,-0.841343,0.523545,-0.13432,0.695763,0.322924,0.641587,0,0,0,-0.149546,0.849066,0.506678,0,0,0,0,0,0,0,0,0,0,0,0,0,0,0,0.820096,0.546143,0.170792,-0.94759,0.180992,0.263276,-0.948837,0.0263049,-0.314669,0.821182,0.393403,-0.413392,0.0966911,0.993798,0.0549256,-0.489286,0.86793,0.0854158,-0.495985,0.715664,-0.491755,0,0,0
000513,0.504579,0.705414,0.504668,342.766,296.22,356.585,0.44128,0.810595,0.384977,-0.684731,0.577536,0.444517,-0.694219,0.281875,-0.662274,0,0,0,0.978008,0.202233,-0.0510026,-0.22118,0.944994,-0.240966,0,0,0,0.537073,0.817188,-0.20918,-0.841457,0.523616,-0.133329,0.694759,0.323561,0.642354,0,0,0,-0.149504,0.848816,0.507109,0,0,0,0,0,0,0,0,0,0,0,0,0,0,0,0.820025,0.546096,0.171284,-0.947461,0.180967,0.263758,-0.948837,0.0263049,-0.314669,0.821339,0.394032,-0.412481,0.0966882,0.99377,0.0554248,-0.489244,0.867855,0.0864121,-0.496124,0.715868,-0.49132,0,0,0
000514,0.505328,0.704907,0.504559,342.766,296.22,356.585,0.44128,0.810595,0.384977,-0.68507,0.577823,0.443621,-0.693605,0.281625,-0.663023,0,0,0,0.978159,0.201754,-0.0500041,-0.221128,0.944759,-0.241937,0,0,0,0.537073,0.817188,-0.20918,-0.841229,0.523474,-0.13531,0.69518,0.322654,0.642354,0,0,0,-0.150039,0.848981,0.506676,0,0,0,0,0,0,0,0,0,0,0,0,0,0,0,0.82023,0.545632,0.171777,-0.948071,0.180575,0.261829,-0.948233,0.0252885,-0.316567,0.821555,0.393581,-0.412482,0.0966911,0.993798,0.0549256,-0.489307,0.867968,0.0849176,-0.495435,0.715745,-0.492192,0,0,0
000515,0.505193,0.705151,0.504995,342.766,296.22,356.585,0.44128,0.810595,0.384977,-0.68507,0.577823,0.443621,-0.693912,0.28175,-0.662648,0,0,0,0.978159,0.201754,-0.0500041,-0.221128,0.944759,-0.241937,0,0,0,0.537131,0.817275,-0.208692,-0.84155,0.523085,-0.134815,0.69497,0.323107,0.642354,0,0,0,-0.149546,0.849066,0.506678,0,0,0,0,0,0,0,0,0,0,0,0,0,0,0,0.82023,0.545632,0.171777,-0.947848,0.181041,0.262311,-0.948522,0.0262965,-0.315618,0.821711,0.394209,-0.41157,0.0966911,0.993798,0.0549256,-0.489286,0.86793,0.0854158,-0.4953,0.716435,-0.491323,0,0,0
000516,0.50481,0.705327,0.504582,342.766,296.22,356.585,0.440748,0.810666,0.385437,-0.684731,0.577536,0.444517,-0.6941,0.281286,-0.662648,0,0,0,0.97821,0.201254,-0.0510026,-0.221154,0.944877,-0.241452,0,0,0,0.537073,0.817188,-0.20918,-0.841136,0.524005,-0.133824,0.69497,0.323107,0.642354,0,0,0,-0.149504,0.848816,0.507109,0,0,0,0,0,0,0,0,0,0,0,0,0,0,0,0.819953,0.546048,0.171777,-0.947813,0.180526,0.262794,-0.948549,0.0252969,-0.315618,0.821339,0.394032,-0.412481,0.0966882,0.99377,0.0554248,-0.489265,0.867893,0.0859139,-0.495712,0.716151,-0.491321,0,0,0
000517,0.505005,0.704622,0.505234,342.766,296.22,356.585,0.441466,0.810932,0.384054,-0.685408,0.57811,0.442724,-0.694219,0.281875,-0.662274,0,0,0,0.978134,0.201748,-0.0505034,-0.221128,0.944759,-0.241937,0,0,0,0.537073,0.817188,-0.20918,-0.841286,0.52351,-0.134815,0.695763,0.322924,0.641587,0,0,0,-0.149588,0.849316,0.506247,0,0,0,0,0,0,0,0,0,0,0,0,0,0,0,0.820373,0.545727,0.170792,-0.947848,0.181041,0.262311,-0.948549,0.0252969,-0.315618,0.821555,0.393581,-0.412482,0.0966968,0.993852,0.0539272,-0.488871,0.868213,0.0849179,-0.495574,0.715948,-0.491757,0,0,0
000518,0.505366,0.70505,0.505269,342.766,296.22,356.585,0.440841,0.810834,0.384976,-0.685408,0.57811,0.442724,-0.6941,0.281286,-0.662648,0,0,0,0.978183,0.201759,-0.0495048,-0.221128,0.944759,-0.241937,0,0,0,0.537189,0.817361,-0.208203,-0.841022,0.523934,-0.134815,0.694759,0.323561,0.642354,0,0,0,-0.149588,0.849316,0.506247,0,0,0,0,0,0,0,0,0,0,0,0,0,0,0,0.82023,0.545632,0.171777,-0.947977,0.181066,0.261829,-0.948522,0.0262965,-0.315618,0.821711,0.394209,-0.41157,0.0966911,0.993798,0.0549256,-0.489307,0.867968,0.0849176,-0.4953,0.716435,-0.491323,0,0,0
000519,0.504954,0.705404,0.505298,342.766,296.22,356.585,0.440841,0.810834,0.384976,-0.68507,0.577823,0.443621,-0.694595,0.280948,-0.662273,0,0,0,0.978134,0.201748,-0.0505034,-0.22118,0.944994,-0.240966,0,0,0,0.537189,0.817361,-0.208203,-0.841136,0.524005,-0.133824,0.695763,0.322924,0.641587,0,0,0,-0.150039,0.848981,0.506676,0,0,0,0,0,0,0,0,0,0,0,0,0,0,0,0.819953,0.546048,0.171777,-0.94772,0.181017,0.262794,-0.948549,0.0252969,-0.315618,0.821711,0.394209,-0.41157,0.0966882,0.99377,0.0554248,-0.48883,0.868138,0.0859142,-0.496535,0.715583,-0.491318,0,0,0
000520,0.505202,0.704757,0.504867,270.767,178.858,170.692,0.490427,0.78969,0.368607,-0.650674,0.642282,0.405089,-0.654785,0.307313,-0.690519,0,0,0,0.991436,0.12694,-0.0306784,-0.144141,0.949082,-0.280119,0,0,0,0.601764,0.767057,-0.222492,-0.796564,0.578639,-0.175105,0.700824,0.294938,0.649505,0,0,0,-0.0985281,0.875546,0.472981,0,0,0,0,0,0,0,0,0,0,0,0,0,0,0,0.85434,0.48949,0.174651,-0.937772,0.259957,0.230231,-0.935918,0.0834022,-0.342202,0.858549,0.316699,-0.403231,0.16911,0.985327,0.023091,-0.42538,0.90401,0.0426236,-0.429221,0.73175,-0.529444,0,0,0
000521,0.505218,0.704674,0.504738,270.767,178.858,170.692,0.490427,0.78969,0.368607,-0.650674,0.642282,0.405089,-0.654146,0.30867,-0.690518,0,0,0,0.991436,0.12694,-0.0306784,-0.144121,0.948943,-0.280598,0,0,0,0.601764,0.767057,-0.222492,-0.796564,0.578639,-0.175105,0.700824,0.294938,0.649505,-0.703377,0.117179,0.701092,-0.0985281,0.875546,0.472981,0,0,0,0,0,0,0,0,0,0,0,0,0,0,0,0.85434,0.48949,0.174651,-0.937772,0.259957,0.230231,-0.935918,0.0834022,-0.342202,0.858549,0.316699,-0.403231,0.16911,0.985327,0.023091,-0.425389,0.90403,0.0421241,-0.428789,0.732002,-0.529446,0,0,0
000522,0.504824,0.704756,0.504614,270.767,178.858,170.692,0.490427,0.78969,0.368607,-0.650674,0.642282,0.405089,-0.655209,0.306408,-0.690518,0,0,0,0.991405,0.126936,-0.0316778,-0.144141,0.949082,-0.280119,0,0,0,0.602088,0.766662,-0.22298,-0.796635,0.578691,-0.174613,0.702003,0.293806,0.648744,0,0,0,-0.0985281,0.875546,0.472981,0,0,0,0,0,0,0,0,0,0,0,0,0,0,0,0.854415,0.489533,0.174159,-0.937549,0.259896,0.231204,-0.936213,0.0839305,-0.341263,0.858343,0.316091,-0.404147,0.16911,0.985327,0.023091,-0.42538,0.90401,0.0426236,-0.429221,0.73175,-0.529444,0,0,0
000523,0.505222,0.705396,0.505019,270.767,178.858,170.692,0.490231,0.789377,0.369537,-0.650674,0.642282,0.405089,-0.655846,0.305049,-0.690516,0,0,0,0.991436,0.12694,-0.0306784,-0.14418,0.949359,-0.279159,0,0,0,0.601903,0.767231,-0.221517,-0.796635,0.578691,-0.174613,0.700824,0.294938,0.649505,0,0,0,-0.0985035,0.875311,0.473422,0,0,0,0,0,0,0,0,0,0,0,0,0,0,0,0.854264,0.489447,0.175144,-0.937661,0.259927,0.230717,-0.936043,0.0839153,-0.341732,0.858911,0.316299,-0.402774,0.169106,0.985303,0.0240906,-0.425371,0.903991,0.0431231,-0.428621,0.732712,-0.528599,0,0,0
000524,0.504555,0.705152,0.505148,270.767,178.858,170.692,0.490427,0.78969,0.368607,-0.650674,0.642282,0.405089,-0.655409,0.307606,-0.689795,0,0,0,0.991389,0.126934,-0.0321775,-0.14416,0.949221,-0.279639,0,0,0,0.601764,0.767057,-0.222492,-0.796776,0.578793,-0.173628,0.701423,0.295189,0.648744,0,0,0,-0.0985281,0.875546,0.472981,0,0,0,0,0,0,0,0,0,0,0,0,0,0,0,0.854167,0.489967,0.174159,-0.937438,0.259865,0.23169,-0.936508,0.0844587,-0.340322,0.858532,0.316161,-0.403689,0.169106,0.985303,0.0240906,-0.425362,0.903971,0.0436226,-0.429484,0.732209,-0.528596,0,0,0
000525,0.504817,0.705422,0.505129,270.767,178.858,170.692,0.490852,0.789425,0.368608,-0.650674,0.642282,0.405089,-0.654771,0.308964,-0.689795,0,0,0,0.991405,0.126936,-0.0316778,-0.144199,0.949497,-0.278678,0,0,0,0.601834,0.767144,-0.222004,-0.796776,0.578793,-0.173628,0.70181,0.294267,0.648745,0,0,0,-0.0985035,0.875311,0.473422,0,0,0,0,0,0,0,0,0,0,0,0,0,0,0,0.854091,0.489924,0.174651,-0.937549,0.259896,0.231204,-0.936258,0.0834325,-0.341263,0.858549,0.316699,-0.403231,0.169106,0.985303,0.0240906,-0.425362,0.903971,0.0436226,-0.429484,0.732209,-0.528596,0,0,0
000526,0.505183,0.704683,0.505428,270.767,178.858,170.692,0.490003,0.789954,0.368606,-0.650961,0.642567,0.404175,0,0,0,0,0,0,0.991436,0.12694,-0.0306784,-0.14416,0.949221,-0.279639,0,0,0,0.601834,0.767144,-0.222004,-0.796635,0.578691,-0.174613,0.70181,0.294267,0.648745,0,0,0,-0.0985526,0.875781,0.472541,0,0,0,0,0,0,0,0,0,0,0,0,0,0,0,0.854091,0.489924,0.174651,-0.937772,0.259957,0.230231,-0.936169,0.0844285,-0.341262,0.858911,0.316299,-0.402774,0.16911,0.985327,0.023091,-0.425389,0.90403,0.0421241,-0.429652,0.731498,-0.529443,0,0,0
000527,0.505391,0.704632,0.505162,270.767,178.858,170.692,0.490427,0.78969,0.368607,-0.650961,0.642567,0.404175,-0.654997,0.30686,-0.690518,0,0,0,0.991436,0.12694,-0.0306784,-0.144141,0.949082,-0.280119,0,0,0,0.601834,0.767144,-0.222004,-0.79627,0.579044,-0.175105,0.701511,0.294142,0.649125,0,0,0,-0.0985526,0.875781,0.472541,0,0,0,0,0,0,0,0,0,0,0,0,0,0,0,0.85434,0.48949,0.174651,-0.937772,0.259957,0.230231,-0.935918,0.0834022,-0.342202,0.858911,0.316299,-0.402774,0.16911,0.985327,0.023091,-0.425389,0.90403,0.0421241,-0.429221,0.73175,-0.529444,0,0,0
000528,0.504878,0.704552,0.505443,270.767,178.858,170.692,0.490624,0.790001,0.367678,-0.650961,0.642567,0.404175,-0.654771,0.308964,-0.689795,0,0,0,0.991405,0.126936,-0.0316778,-0.14416,0.949221,-0.279639,0,0,0,0.601764,0.767057,-0.222492,-0.796635,0.578691,-0.174613,0.701423,0.295189,0.648744,0,0,0,-0.0985772,0.876016,0.4721,0,0,0,0,0,0,0,0,0,0,0,0,0,0,0,0.854491,0.489576,0.173667,-0.937794,0.259445,0.230717,-0.936258,0.0834325,-0.341263,0.858549,0.316699,-0.403231,0.16911,0.985327,0.023091,-0.425389,0.90403,0.0421241,-0.429353,0.731979,-0.52902,0,0,0
000529,0.504861,0.70548,0.505263,270.767,178.858,170.692,0.490852,0.789425,0.368608,-0.650674,0.642282,0.405089,-0.655197,0.308059,-0.689795,0,0,0,0.991405,0.126936,-0.0316778,-0.144199,0.949497,-0.278678,0,0,0,0.601903,0.767231,-0.221517,-0.796776,0.578793,-0.173628,0.70181,0.294267,0.648745,0,0,0,-0.0985035,0.875311,0.473422,0,0,0,0,0,0,0,0,0,0,0,0,0,0,0,0.854091,0.489924,0.174651,-0.937549,0.259896,0.231204,-0.936258,0.0834325,-0.341263,0.858722,0.31623,-0.403232,0.169106,0.985303,0.0240906,-0.425362,0.903971,0.0436226,-0.429916,0.731957,-0.528594,0,0,0
000530,0.505164,0.704504,0.505365,66.6106,85.5568,339.186,0.494752,0.795522,0.349808,-0.64776,0.659639,0.38116,0,0,0,0,0,0,0.992771,0.116796,-0.0276404,-0.133523,0.942192,-0.30732,0,0,0,0.610509,0.754909,-0.239564,-0.79006,0.580638,-0.196631,0.69962,0.307018,0.645191,-0.707372,0.143628,0.692095,-0.0938144,0.889632,0.446938,0,0,0,0.259302,0.60745,0.750844,0,0,0,0,0,0,0,0,0,0.857778,0.486321,0.166461,-0.936844,0.275011,0.216084,-0.933018,0.082764,-0.350183,0.864484,0.296654,-0.405787,0.178029,0.984019,-0.0034035,-0.417394,0.908618,0.0139957,-0.419027,0.720457,-0.552592,0,0,0
000531,0.505096,0.704675,0.50491,66.6106,85.5568,339.186,0.495176,0.795257,0.349809,-0.647493,0.659366,0.382084,0,0,0,0,0,0,0.992771,0.116796,-0.0276404,-0.133523,0.942192,-0.30732,0,0,0,0.610509,0.754909,-0.239564,-0.79006,0.580638,-0.196631,0.698828,0.307217,0.645955,-0.707033,0.143559,0.692456,-0.0937927,0.889409,0.447386,0,0,0,0,0,0,0,0,0,0,0,0,0,0,0,0.857458,0.486715,0.166954,-0.936881,0.274501,0.216572,-0.932973,0.0832621,-0.350183,0.864322,0.297127,-0.405787,0.178029,0.984021,-0.00290356,-0.417394,0.908618,0.0139957,-0.418161,0.720957,-0.552596,0,0,0
000532,0.505276,0.705086,0.504732,66.6106,85.5568,339.186,0.494989,0.794961,0.350746,-0.647493,0.659366,0.382084,0,0,0,0,0,0,0.992785,0.116798,-0.0271406,-0.133523,0.942192,-0.30732,0,0,0,0.610585,0.755001,-0.239079,-0.79006,0.580638,-0.196631,0.699028,0.306759,0.645955,-0.707033,0.143559,0.692456,-0.0937492,0.888964,0.44828,0,0,0,0.259004,0.606761,0.751504,0,0,0,0,0,0,0,0,0,0.857385,0.486674,0.167447,-0.936881,0.274501,0.216572,-0.932712,0.0822352,-0.35112,0.864484,0.296654,-0.405787,0.178029,0.984022,-0.00240362,-0.417391,0.908611,0.0144957,-0.419322,0.719967,-0.553007,0,0,0
000533,0.504987,0.704654,0.5048,66.6106,85.5568,339.186,0.495176,0.795257,0.349809,-0.647493,0.659366,0.382084,0,0,0,0,0,0,0.992757,0.116794,-0.0281401,-0.133523,0.942192,-0.30732,0,0,0,0.610509,0.754909,-0.239564,-0.79006,0.580638,-0.196631,0.698828,0.307217,0.645955,-0.706694,0.143491,0.692816,-0.0937927,0.889409,0.447386,0,0,0,0,0,0,0,0,0,0,0,0,0,0,0,0.857778,0.486321,0.166461,-0.936636,0.27495,0.21706,-0.932973,0.0832621,-0.350183,0.864292,0.296588,-0.406244,0.178029,0.984019,-0.0034035,-0.417394,0.908618,0.0139957,-0.418161,0.720957,-0.552596,0,0,0
000534,0.50518,0.705334,0.504881,66.6106,85.5568,339.186,0.494989,0.794961,0.350746,-0.647493,0.659366,0.382084,0,0,0,0,0,0,0.99283,0.116299,-0.0276404,-0.133563,0.942496,-0.306368,0,0,0,0.610661,0.755093,-0.238593,-0.790139,0.580697,-0.19614,0.699028,0.306759,0.645955,-0.707033,0.143559,0.692456,-0.0937492,0.888964,0.44828,0,0,0,0.259004,0.606761,0.751504,0,0,0,0,0,0,0,0,0,0.857385,0.486674,0.167447,-0.936636,0.27495,0.21706,-0.932973,0.0832621,-0.350183,0.864484,0.296654,-0.405787,0.178029,0.984023,-0.00190369,-0.417388,0.908605,0.0149956,-0.418298,0.721197,-0.552179,0,0,0
000535,0.505321,0.705393,0.504625,66.6106,85.5568,339.186,0.494989,0.794961,0.350746,-0.64785,0.659016,0.382084,0,0,0,0,0,0,0.992785,0.116798,-0.0271406,-0.134018,0.942122,-0.307318,0,0,0,0.610661,0.755093,-0.238593,-0.79006,0.580638,-0.196631,0.699429,0.305843,0.645955,-0.706594,0.143981,0.692816,-0.0937492,0.888964,0.44828,0,0,0,0,0,0,-0.341346,0.536807,0.771571,0,0,0,0,0,0,0.857312,0.486633,0.16794,-0.936881,0.274501,0.216572,-0.932712,0.0822352,-0.35112,0.864484,0.296654,-0.405787,0.178029,0.984023,-0.00190369,-0.417388,0.908605,0.0149956,-0.419755,0.719716,-0.553005,0,0,0
000536,0.50484,0.704951,0.505298,66.6106,85.5568,339.186,0.495176,0.795257,0.349809,-0.647493,0.659366,0.382084,0,0,0,0,0,0,0.992757,0.116794,-0.0281401,-0.133523,0.942192,-0.30732,0,0,0,0.610509,0.754909,-0.239564,-0.790218,0.580755,-0.19565,0.69962,0.307018,0.645191,-0.707033,0.143559,0.692456,-0.0937927,0.889409,0.447386,0,0,0,0.259612,0.606908,0.751175,0,0,0,0,0,0,0,0,0,0.857778,0.486321,0.166461,-0.936636,0.27495,0.21706,-0.933062,0.082266,-0.350184,0.864322,0.297127,-0.405787,0.178029,0.984022,-0.00240362,-0.417388,0.908605,0.0149956,-0.419163,0.720697,-0.552175,0,0,0
000537,0.504922,0.705229,0.505183,66.6106,85.5568,339.186,0.495176,0.795257,0.349809,-0.647493,0.659366,0.382084,0,0,0,0,0,0,0.992757,0.116794,-0.0281401,-0.133563,0.942496,-0.306368,0,0,0,0.610585,0.755001,-0.239079,-0.790218,0.580755,-0.19565,0.700021,0.306102,0.645192,-0.707033,0.143559,0.692456,-0.093771,0.889187,0.447833,0,0,0,0,0,0,0,0,0,0,0,0,0,0,0,0.857458,0.486715,0.166954,-0.936636,0.27495,0.21706,-0.933062,0.082266,-0.350184,0.864322,0.297127,-0.405787,0.178029,0.984022,-0.00240362,-0.417388,0.908605,0.0149956,-0.419163,0.720697,-0.552175,0,0,0
000538,0.50514,0.705346,0.505248,66.6106,85.5568,339.186,0.494565,0.795226,0.350744,-0.647493,0.659366,0.382084,0,0,0,0,0,0,0.99283,0.116299,-0.0276404,-0.133563,0.942496,-0.306368,0,0,0,0.610661,0.755093,-0.238593,-0.790218,0.580755,-0.19565,0.699525,0.306431,0.645573,0,0,0,-0.093771,0.889187,0.447833,0,0,0,0,0,0,0,0,0,0,0,0,0,0,0,0.857385,0.486674,0.167447,-0.936881,0.274501,0.216572,-0.933018,0.082764,-0.350183,0.864676,0.296719,-0.40533,0.178029,0.984023,-0.00190369,-0.417388,0.908605,0.0149956,-0.419163,0.720697,-0.552175,0,0,0
000539,0.504601,0.70485,0.504882,66.6106,85.5568,339.186,0.495176,0.795257,0.349809,-0.647226,0.659093,0.383008,0,0,0,0,0,0,0.992743,0.116793,-0.0286398,-0.133523,0.942192,-0.30732,0,0,0,0.610433,0.754816,-0.24005,-0.790218,0.580755,-0.19565,0.699821,0.30656,0.645192,0,0,0,-0.093771,0.889187,0.447833,0,0,0,0,0,0,0,0,0,0,0,0,0,0,0,0.85785,0.486362,0.165968,-0.936673,0.27444,0.217548,-0.933322,0.0832928,-0.349246,0.8641,0.296523,-0.406701,0.178029,0.984021,-0.00290356,-0.417388,0.908605,0.0149956,-0.418298,0.721197,-0.552179,0,0,0
000540,0.505417,0.705281,0.504899,17.4072,285.272,288.899,0.514155,0.757762,0.401798,-0.632191,0.653346,0.416501,-0.632763,0.352433,-0.689494,0,0,0,0.99588,0.0898698,-0.0120878,-0.103295,0.962653,-0.250257,0,0,0,0.634033,0.750217,-0.187555,-0.771201,0.61429,-0.167026,0.701027,0.24722,0.668912,0,0,0,-0.0725393,0.862947,0.500061,0,0,0,0,0,0,0,0,0,0,0,0,0,0,0,0.869314,0.450454,0.203432,-0.930713,0.288011,0.225438,-0.926784,0.131253,-0.351916,0.876485,0.296563,-0.379242,0.206207,0.976734,0.0589041,-0.391205,0.917917,0.0662412,-0.391797,0.765565,-0.5103,0,0,0
000541,0.505002,0.704654,0.504656,17.4072,285.272,288.899,0.514268,0.757928,0.40134,-0.632191,0.653346,0.416501,-0.632519,0.35287,-0.689495,0,0,0,0.995868,0.0898687,-0.0130876,-0.103271,0.962404,-0.251225,0,0,0,0.63391,0.750074,-0.188537,-0.771201,0.61429,-0.167026,0.702155,0.246026,0.668169,-0.709123,0.12116,0.694596,-0.0725393,0.862947,0.500061,0,0,0,0,0,0,0,0,0,0,0,0,0,0,0,0.869264,0.450991,0.202452,-0.930606,0.287977,0.225925,-0.926923,0.130263,-0.351916,0.876125,0.296442,-0.380167,0.20622,0.976791,0.0579059,-0.391205,0.917917,0.0662412,-0.392458,0.764654,-0.511156,0,0,0
000542,0.504836,0.704538,0.504531,17.4072,285.272,288.899,0.514382,0.758093,0.400882,-0.632191,0.653346,0.416501,-0.632519,0.35287,-0.689495,0,0,0,0.995861,0.0898681,-0.0135875,-0.103271,0.962404,-0.251225,0,0,0,0.633849,0.750003,-0.189028,-0.771201,0.61429,-0.167026,0.702155,0.246026,0.668169,0,0,0,-0.0725393,0.862947,0.500061,0,0,0,0,0,0,0,0,0,0,0,0,0,0,0,0.869584,0.450593,0.201963,-0.930606,0.287977,0.225925,-0.926923,0.130263,-0.351916,0.875924,0.295848,-0.381092,0.20622,0.976791,0.0579059,-0.391205,0.917917,0.0662412,-0.392458,0.764654,-0.511156,0,0,0
000543,0.504848,0.705384,0.505018,17.4072,285.272,288.899,0.514268,0.757928,0.40134,-0.632191,0.653346,0.416501,-0.63263,0.35408,-0.688772,0,0,0,0.995868,0.0898687,-0.0130876,-0.103319,0.962902,-0.249289,0,0,0,0.633972,0.750146,-0.188046,-0.771331,0.614394,-0.16604,0.701989,0.246498,0.668169,-0.709123,0.12116,0.694596,-0.0725204,0.862697,0.500494,0,0,0,0,0,0,0,0,0,0,0,0,0,0,0,0.869494,0.450547,0.202453,-0.930498,0.287944,0.226412,-0.927132,0.131302,-0.35098,0.876125,0.296442,-0.380167,0.206207,0.976734,0.0589041,-0.391179,0.917855,0.067239,-0.392688,0.76511,-0.510296,0,0,0
000544,0.505358,0.704797,0.504512,17.4072,285.272,288.899,0.514682,0.757646,0.401341,-0.632191,0.653346,0.416501,-0.631295,0.35505,-0.689497,0,0,0,0.995919,0.0893713,-0.0125877,-0.103283,0.962529,-0.250741,0,0,0,0.633972,0.750146,-0.188046,-0.771201,0.61429,-0.167026,0.701193,0.246748,0.668912,-0.709466,0.121219,0.694237,-0.0725393,0.862947,0.500061,0,0,0,0,0,0,0,0,0,0,0,0,0,0,0,0.869404,0.4505,0.202942,-0.930713,0.288011,0.225438,-0.926574,0.130214,-0.352852,0.876125,0.296442,-0.380167,0.206214,0.976762,0.058405,-0.391205,0.917917,0.0662412,-0.392013,0.764881,-0.511158,0,0,0
000545,0.504505,0.704904,0.505349,17.4072,285.272,288.899,0.514496,0.758258,0.400424,-0.632191,0.653346,0.416501,-0.633852,0.351898,-0.688767,0,0,0,0.995854,0.0898675,-0.0140874,-0.103295,0.962653,-0.250257,0,0,0,0.63391,0.750074,-0.188537,-0.771084,0.614836,-0.165547,0.702785,0.246247,0.667425,-0.709039,0.121653,0.694596,-0.0725582,0.863196,0.499628,0,0,0,0,0,0,0,0,0,0,0,0,0,0,0,0.869674,0.450639,0.201473,-0.930645,0.287466,0.226412,-0.927271,0.130312,-0.35098,0.875945,0.296382,-0.380629,0.20622,0.976791,0.0579059,-0.391192,0.917886,0.0667401,-0.393133,0.764883,-0.510295,0,0,0
000546,0.505303,0.704537,0.505403,17.4072,285.272,288.899,0.514909,0.757977,0.400425,-0.63248,0.653646,0.415592,-0.63233,0.353911,-0.689134,0,0,0,0.995874,0.0898693,-0.0125877,-0.103283,0.962529,-0.250741,0,0,0,0.634292,0.749751,-0.188538,-0.771201,0.61429,-0.167026,0.701824,0.246969,0.668169,-0.709808,0.121277,0.693877,-0.0725771,0.863445,0.499195,0,0,0,0,0,0,0,0,0,0,0,0,0,0,0,0.869494,0.450547,0.202453,-0.930821,0.288044,0.224951,-0.926853,0.130758,-0.351916,0.876465,0.296029,-0.379705,0.20622,0.976791,0.0579059,-0.39123,0.917977,0.0652434,-0.392903,0.764427,-0.511154,0,0,0
000547,0.504992,0.704692,0.505165,17.4072,285.272,288.899,0.514909,0.757977,0.400425,-0.631832,0.653693,0.416502,-0.631651,0.355823,-0.688772,0,0,0,0.995868,0.0898687,-0.0130876,-0.103295,0.962653,-0.250257,0,0,0,0.63391,0.750074,-0.188537,-0.770954,0.614733,-0.166533,0.701824,0.246969,0.668169,0,0,0,-0.0725582,0.863196,0.499628,0,0,0,0,0,0,0,0,0,0,0,0,0,0,0,0.869584,0.450593,0.201963,-0.930606,0.287977,0.225925,-0.927028,0.130782,-0.351448,0.876125,0.296442,-0.380167,0.20622,0.976791,0.0579059,-0.391205,0.917917,0.0662412,-0.392573,0.764882,-0.510726,0,0,0
000548,0.505088,0.704912,0.505376,17.4072,285.272,288.899,0.514382,0.758093,0.400882,-0.632336,0.653496,0.416047,-0.632141,0.354952,-0.688772,0,0,0,0.995868,0.0898687,-0.0130876,-0.103295,0.962653,-0.250257,0,0,0,0.633972,0.750146,-0.188046,-0.771266,0.614342,-0.166533,0.701824,0.246969,0.668169,0,0,0,-0.0725582,0.863196,0.499628,0,0,0,0,0,0,0,0,0,0,0,0,0,0,0,0.869494,0.450547,0.202453,-0.930861,0.287533,0.225438,-0.927028,0.130782,-0.351448,0.876305,0.296503,-0.379705,0.20622,0.976791,0.0579059,-0.391205,0.917917,0.0662412,-0.392242,0.765338,-0.510298,0,0,0
000549,0.505206,0.704936,0.505183,17.4072,285.272,288.899,0.514268,0.757928,0.40134,-0.632336,0.653496,0.416047,-0.631405,0.356259,-0.688772,0,0,0,0.995874,0.0898693,-0.0125877,-0.103295,0.962653,-0.250257,0,0,0,0.633972,0.750146,-0.188046,-0.770954,0.614733,-0.166533,0.701989,0.246498,0.668169,0,0,0,-0.0725582,0.863196,0.499628,0,0,0,0,0,0,0,0,0,0,0,0,0,0,0,0.869494,0.450547,0.202453,-0.930861,0.287533,0.225438,-0.926923,0.130263,-0.351916,0.876305,0.296503,-0.379705,0.206214,0.976762,0.058405,-0.391205,0.917917,0.0662412,-0.391797,0.765565,-0.5103,0,0,0
000550,0.504936,0.704939,0.504649,275.162,313.032,250.879,0.475584,0.785669,0.395657,-0.661229,0.609422,0.437471,-0.669115,0.319681,-0.670886,0.499988,0.499898,-0.707187,0.987712,0.152172,-0.0356337,-0.169313,0.955872,-0.240086,0,0,0,0.580884,0.789792,-0.196983,-0.811765,0.56611,-0.143376,0.70042,0.285539,0.654125,0,0,0,-0.113894,0.852977,0.509371,0,0,0,0,0,0,0,0,0,0,0,0,0,0,0,0.843989,0.503036,0.186111,-0.941052,0.227522,0.25031,-0.941503,0.0757152,-0.328388,0.846281,0.353716,-0.398362,0.146128,0.987344,0.0616323,-0.445937,0.891174,0.0833616,-0.451399,0.742636,-0.494702,0,0,0
000551,0.504915,0.704773,0.505386,275.162,313.032,250.879,0.476218,0.785746,0.39474,-0.661549,0.609719,0.436572,-0.669633,0.319375,-0.670515,0.501415,0.4985,-0.707164,0.987712,0.152172,-0.0356337,-0.169332,0.955991,-0.239601,0,0,0,0.580884,0.789792,-0.196983,-0.811765,0.56611,-0.143376,0.701214,0.285321,0.653369,0,0,0,-0.113957,0.853482,0.508511,0,0,0,0,0,0,0,0,0,0,0,0,0,0,0,0.844069,0.503083,0.18562,-0.941173,0.227551,0.249826,-0.941543,0.0752168,-0.328388,0.846474,0.353255,-0.398363,0.146128,0.987344,0.0616323,-0.445955,0.891211,0.0828633,-0.452254,0.742118,-0.494699,0,0,0
000552,0.504694,0.705093,0.504822,275.162,313.032,250.879,0.475584,0.785669,0.395657,-0.661229,0.609422,0.437471,-0.669977,0.317876,-0.670884,0.501171,0.498244,-0.707517,0.987694,0.152169,-0.0361333,-0.169352,0.956109,-0.239115,0,0,0,0.580884,0.789792,-0.196983,-0.811824,0.566151,-0.142881,0.70159,0.284395,0.653369,0,0,0,-0.113894,0.852977,0.509371,0,0,0,0,0,0,0,0,0,0,0,0,0,0,0,0.844325,0.502654,0.18562,-0.94093,0.227492,0.250794,-0.941543,0.0752168,-0.328388,0.846281,0.353716,-0.398362,0.146128,0.987344,0.0616323,-0.445918,0.891137,0.0838598,-0.452254,0.742118,-0.494699,0,0,0
000553,0.505095,0.705004,0.505115,275.162,313.032,250.879,0.475584,0.785669,0.395657,-0.661549,0.609719,0.436572,-0.669762,0.318327,-0.670885,0.501415,0.4985,-0.707164,0.987729,0.152174,-0.035134,-0.169332,0.955991,-0.239601,0,0,0,0.580943,0.78987,-0.196493,-0.811765,0.56611,-0.143376,0.70159,0.284395,0.653369,0,0,0,-0.113925,0.853229,0.508941,0,0,0,0,0,0,0,0,0,0,0,0,0,0,0,0.843989,0.503036,0.186111,-0.941173,0.227551,0.249826,-0.94138,0.0752038,-0.32886,0.846474,0.353255,-0.398363,0.146128,0.987344,0.0616323,-0.445955,0.891211,0.0828633,-0.451827,0.742377,-0.494701,0,0,0
000554,0.504593,0.70508,0.505431,275.162,313.032,250.879,0.476218,0.785746,0.39474,-0.661389,0.609571,0.437022,-0.669936,0.319519,-0.670144,0.501415,0.4985,-0.707164,0.987694,0.152169,-0.0361333,-0.169352,0.956109,-0.239115,0,0,0,0.580884,0.789792,-0.196983,-0.811882,0.566192,-0.142386,0.702383,0.284177,0.652612,0,0,0,-0.113925,0.853229,0.508941,0,0,0,0,0,0,0,0,0,0,0,0,0,0,0,0.844405,0.502701,0.185129,-0.94093,0.227492,0.250794,-0.94183,0.0757412,-0.327443,0.846281,0.353716,-0.398362,0.146128,0.987344,0.0616323,-0.445918,0.891137,0.0838598,-0.451653,0.74306,-0.493833,0,0,0
000555,0.504956,0.705178,0.505068,275.162,313.032,250.879,0.475584,0.785669,0.395657,-0.661888,0.609352,0.436571,-0.669977,0.317876,-0.670884,0.501415,0.4985,-0.707164,0.987712,0.152172,-0.0356337,-0.169352,0.956109,-0.239115,0,0,0,0.580943,0.78987,-0.196493,-0.811824,0.566151,-0.142881,0.70159,0.284395,0.653369,0,0,0,-0.113894,0.852977,0.509371,0,0,0,0,0,0,0,0,0,0,0,0,0,0,0,0.843989,0.503036,0.186111,-0.941291,0.227065,0.249826,-0.941503,0.0757152,-0.328388,0.846474,0.353255,-0.398363,0.146123,0.987313,0.0621313,-0.445918,0.891137,0.0838598,-0.452254,0.742118,-0.494699,0,0,0
000556,0.504667,0.705185,0.504995,275.162,313.032,250.879,0.475584,0.785669,0.395657,-0.661229,0.609422,0.437471,-0.669633,0.319375,-0.670515,0.500702,0.499199,-0.707176,0.987694,0.152169,-0.0361333,-0.169352,0.956109,-0.239115,0,0,0,0.580884,0.789792,-0.196983,-0.811824,0.566151,-0.142881,0.70159,0.284395,0.653369,0,0,0,-0.113894,0.852977,0.509371,0,0,0,0,0,0,0,0,0,0,0,0,0,0,0,0.844325,0.502654,0.18562,-0.94093,0.227492,0.250794,-0.941583,0.0747184,-0.328388,0.846281,0.353716,-0.398362,0.146128,0.987344,0.0616323,-0.445918,0.891137,0.0838598,-0.451225,0.743319,-0.493835,0,0,0
000557,0.504601,0.705439,0.504541,275.162,313.032,250.879,0.476011,0.785409,0.395658,-0.661568,0.609055,0.437471,-0.669977,0.317876,-0.670884,0.500814,0.498594,-0.707523,0.987694,0.152169,-0.0361333,-0.169352,0.956109,-0.239115,0,0,0,0.580884,0.789792,-0.196983,-0.811882,0.566192,-0.142386,0.701778,0.283931,0.653369,0,0,0,-0.113862,0.852724,0.509802,0,0,0,0,0,0,0,0,0,0,0,0,0,0,0,0.844325,0.502654,0.18562,-0.941047,0.227006,0.250794,-0.941543,0.0752168,-0.328388,0.84629,0.353179,-0.398821,0.146118,0.987283,0.0626303,-0.4459,0.891099,0.084358,-0.452682,0.741858,-0.494697,0,0,0
000558,0.504918,0.705435,0.504609,275.162,313.032,250.879,0.47548,0.7855,0.396116,-0.661229,0.609422,0.437471,-0.669331,0.31923,-0.670886,0.501527,0.497894,-0.707511,0.987712,0.152172,-0.0356337,-0.169352,0.956109,-0.239115,0,0,0,0.580943,0.78987,-0.196493,-0.811824,0.566151,-0.142881,0.700608,0.285076,0.654126,0,0,0,-0.113862,0.852724,0.509802,0,0,0,0,0,0,0,0,0,0,0,0,0,0,0,0.844245,0.502606,0.186112,-0.94093,0.227492,0.250794,-0.941503,0.0757152,-0.328388,0.846281,0.353716,-0.398362,0.146118,0.987283,0.0626303,-0.445918,0.891137,0.0838598,-0.452254,0.742118,-0.494699,0,0,0
000559,0.505436,0.704524,0.505413,275.162,313.032,250.879,0.475688,0.785837,0.395198,-0.661869,0.610016,0.435672,-0.669115,0.319681,-0.670886,0.502128,0.4978,-0.707151,0.98767,0.152671,-0.0346344,-0.169313,0.955872,-0.240086,0,0,0,0.580943,0.78987,-0.196493,-0.811648,0.566027,-0.144365,0.70159,0.284395,0.653369,0,0,0,-0.113988,0.853734,0.50808,0,0,0,0,0,0,0,0,0,0,0,0,0,0,0,0.844245,0.502606,0.186112,-0.941416,0.22761,0.248858,-0.941216,0.0751908,-0.329332,0.846649,0.353869,-0.397445,0.146128,0.987344,0.0616323,-0.445973,0.891249,0.0823651,-0.450972,0.742895,-0.494704,0,0,0
000560,0.504741,0.705235,0.504863,182.285,104.133,85.053,0.52262,0.772652,0.360385,-0.624759,0.682629,0.379069,0,0,0,0,0,0,0.996923,0.0767271,-0.0160485,-0.0915125,0.948797,-0.302341,0,0,0,0.643444,0.730815,-0.227791,-0.763519,0.613796,-0.200731,0.703876,0.274093,0.655311,-0.708311,0.168602,0.68547,-0.0632261,0.889588,0.452367,0,0,0,0,0,0,-0.328846,0.545958,0.770578,0,0,0,0,0,0,0.874399,0.450759,0.179564,-0.927181,0.311312,0.208374,-0.924859,0.122813,-0.359936,0.880272,0.263494,-0.394578,0.217737,0.975992,0.00555641,-0.380469,0.924658,0.0158652,-0.382844,0.740108,-0.552874,0,0,0
000561,0.504763,0.704628,0.50511,182.285,104.133,85.053,0.522722,0.7728,0.359918,-0.625383,0.682572,0.378143,0,0,0,0,0,0,0.996923,0.0767271,-0.0160485,-0.0914866,0.948495,-0.303294,0,0,0,0.643743,0.7304,-0.228278,-0.763676,0.61328,-0.20171,0.703512,0.275024,0.655311,-0.708645,0.168681,0.685105,-0.0632546,0.890039,0.451475,0,0,0,0.275161,0.59166,0.757776,0,0,0,0,0,0,0,0,0,0.874479,0.4508,0.179073,-0.927439,0.310871,0.207885,-0.924924,0.122317,-0.359936,0.880272,0.263494,-0.394578,0.217738,0.975997,0.00455653,-0.380472,0.924665,0.0153653,-0.382844,0.740108,-0.552874,0,0,0
000562,0.505073,0.705026,0.505298,182.285,104.133,85.053,0.52262,0.772652,0.360385,-0.625014,0.682909,0.378144,0,0,0,0,0,0,0.996931,0.0767277,-0.0155486,-0.0915125,0.948797,-0.302341,0,0,0,0.64352,0.7309,-0.227304,-0.763676,0.61328,-0.20171,0.703512,0.275024,0.655311,-0.708978,0.168759,0.684741,-0.0632404,0.889813,0.451921,0,0,0,0.274709,0.591872,0.757775,0,0,0,0,0,0,0,0,0,0.874628,0.450314,0.179565,-0.927378,0.311378,0.207396,-0.924746,0.122293,-0.360402,0.88065,0.263606,-0.393659,0.217737,0.975992,0.00555641,-0.380472,0.924665,0.0153653,0,0,0,0,0,0
000563,0.505043,0.705002,0.50528,182.285,104.133,85.053,0.52262,0.772652,0.360385,-0.625014,0.682909,0.378144,0,0,0,0,0,0,0.996931,0.0767277,-0.0155486,-0.0915125,0.948797,-0.302341,0,0,0,0.64352,0.7309,-0.227304,-0.763676,0.61328,-0.20171,0.703512,0.275024,0.655311,-0.709093,0.168273,0.684741,-0.0632404,0.889813,0.451921,0,0,0,0.274709,0.591872,0.757775,0,0,0,0,0,0,0,0,0,0.874628,0.450314,0.179565,-0.927378,0.311378,0.207396,-0.924859,0.122813,-0.359936,0.880507,0.264085,-0.393658,0.217737,0.975992,0.00555641,-0.380472,0.924665,0.0153653,0,0,0,0,0,0
000564,0.504801,0.704965,0.505378,182.285,104.133,85.053,0.522206,0.772932,0.360383,-0.624887,0.682769,0.378606,0,0,0,0,0,0,0.996923,0.0767271,-0.0160485,-0.0915125,0.948797,-0.302341,0,0,0,0.643444,0.730815,-0.227791,-0.763754,0.613343,-0.20122,0.70333,0.27549,0.65531,-0.709093,0.168273,0.684741,-0.0632546,0.890039,0.451475,0,0,0,0.274417,0.592426,0.757447,0,0,0,0,0,0,0,0,0,0.874708,0.450355,0.179073,-0.927439,0.310871,0.207885,-0.924924,0.122317,-0.359936,0.880507,0.264085,-0.393658,0.217737,0.975992,0.00555641,-0.380472,0.924665,0.0153653,-0.383733,0.739651,-0.55287,0,0,0
000565,0.505015,0.704664,0.50548,182.285,104.133,85.053,0.522722,0.7728,0.359918,-0.625014,0.682909,0.378144,0,0,0,0,0,0,0.996931,0.0767277,-0.0155486,-0.0914866,0.948495,-0.303294,0,0,0,0.643444,0.730815,-0.227791,-0.763676,0.61328,-0.20171,0.703512,0.275024,0.655311,-0.708978,0.168759,0.684741,-0.0632546,0.890039,0.451475,0,0,0,0,0,0,-0.327289,0.548231,0.769626,0,0,0,0,0,0,0.874399,0.450759,0.179564,-0.927378,0.311378,0.207396,-0.924859,0.122813,-0.359936,0.880507,0.264085,-0.393658,0.217738,0.975994,0.00505647,-0.380475,0.924672,0.0148654,-0.382844,0.740108,-0.552874,0,0,0
000566,0.505465,0.704543,0.505316,182.285,104.133,85.053,0.52262,0.772652,0.360385,-0.625637,0.682851,0.377217,0,0,0,0,0,0,0.996946,0.0767289,-0.0145489,-0.0914866,0.948495,-0.303294,0,0,0,0.64352,0.7309,-0.227304,-0.763518,0.613153,-0.202689,0.703876,0.274093,0.655311,-0.709426,0.168352,0.684377,-0.0632546,0.890039,0.451475,0,0,0,0.275161,0.59166,0.757776,0,0,0,0,0,0,0,0,0,0.874548,0.450273,0.180056,-0.927574,0.311444,0.206418,-0.924501,0.122765,-0.360869,0.880839,0.263662,-0.393199,0.217738,0.975994,0.00505647,-0.380478,0.924679,0.0143654,-0.383483,0.739157,-0.553703,0,0,0
000567,0.505145,0.705241,0.505496,182.285,104.133,85.053,0.52262,0.772652,0.360385,-0.625014,0.682909,0.378144,0,0,0,0,0,0,0.996931,0.0767277,-0.0155486,-0.0915125,0.948797,-0.302341,0,0,0,0.643595,0.730985,-0.226817,-0.763441,0.613733,-0.20122,0.703512,0.275024,0.655311,-0.709542,0.167865,0.684377,-0.0632404,0.889813,0.451921,0,0,0,0.274709,0.591872,0.757775,0,0,0,0,0,0,0,0,0,0.874319,0.450718,0.180056,-0.927378,0.311378,0.207396,-0.924859,0.122813,-0.359936,0.880839,0.263662,-0.393199,0.217737,0.975992,0.00555641,-0.380472,0.924665,0.0153653,-0.382969,0.740355,-0.552458,0,0,0
000568,0.504969,0.704757,0.505291,182.285,104.133,85.053,0.522206,0.772932,0.360383,-0.625014,0.682909,0.378144,0,0,0,0,0,0,0.996931,0.0767277,-0.0155486,-0.0914866,0.948495,-0.303294,0,0,0,0.643444,0.730815,-0.227791,-0.763676,0.61328,-0.20171,0.703512,0.275024,0.655311,-0.709093,0.168273,0.684741,-0.0632546,0.890039,0.451475,0,0,0,0.273964,0.592638,0.757446,0,0,0,0,0,0,0,0,0,0.874399,0.450759,0.179564,-0.927378,0.311378,0.207396,-0.924859,0.122813,-0.359936,0.880507,0.264085,-0.393658,0.217737,0.975992,0.00555641,-0.380472,0.924665,0.0153653,-0.382844,0.740108,-0.552874,0,0,0
000569,0.505482,0.704569,0.505224,182.285,104.133,85.053,0.52262,0.772652,0.360385,-0.625637,0.682851,0.377217,0,0,0,0,0,0,0.996946,0.0767289,-0.0145489,-0.0914866,0.948495,-0.303294,0,0,0,0.64352,0.7309,-0.227304,-0.763518,0.613153,-0.202689,0.703876,0.274093,0.655311,-0.709426,0.168352,0.684377,-0.0632546,0.890039,0.451475,0,0,0,0.274709,0.591872,0.757775,-0.327289,0.548231,0.769626,0,0,0,0,0,0,0.874548,0.450273,0.180056,-0.927574,0.311444,0.206418,-0.924501,0.122765,-0.360869,0.880839,0.263662,-0.393199,0.217737,0.975992,0.00555641,-0.380478,0.924679,0.0143654,-0.383483,0.739157,-0.553703,0,0,0
000570,0.504672,0.704553,0.504808,206.638,313.693,346.986,0.469439,0.78971,0.394949,-0.66674,0.603752,0.436969,-0.672453,0.313203,-0.670605,0.499504,0.498654,-0.708407,0.986321,0.160792,-0.036294,-0.177694,0.954457,-0.239661,0,0,0,0.574217,0.794455,-0.197777,-0.816702,0.55907,-0.142962,0.699233,0.290237,0.653327,0,0,0,-0.121242,0.851998,0.509312,0,0,0,0,0,0,0,0,0,0,0,0,0,0,0,0.84003,0.509972,0.185142,-0.942821,0.219177,0.251099,-0.942239,0.0671372,-0.328145,0.842902,0.360631,-0.399327,0.137536,0.988617,0.0609998,-0.453688,0.887257,0.0833258,-0.457543,0.739136,-0.4943,0,0,0
000571,0.504514,0.704678,0.50465,206.638,313.693,346.986,0.469439,0.78971,0.394949,-0.666416,0.603457,0.437868,-0.672453,0.313203,-0.670605,0.501652,0.496565,-0.708356,0.986303,0.160789,-0.0367936,-0.177694,0.954457,-0.239661,0,0,0,0.573812,0.794748,-0.197777,-0.816761,0.55911,-0.142467,0.699233,0.290237,0.653327,0,0,0,-0.121242,0.851998,0.509312,0,0,0,0,0,0,0,0,0,0,0,0,0,0,0,0.839771,0.510399,0.185142,-0.942821,0.219177,0.251099,-0.942274,0.0666385,-0.328145,0.842705,0.36109,-0.399327,0.137532,0.988586,0.0614988,-0.453669,0.887219,0.0838241,-0.457969,0.738873,-0.494299,0,0,0
000572,0.505479,0.705206,0.504743,206.638,313.693,346.986,0.469133,0.789202,0.396327,-0.66674,0.603752,0.436969,-0.672479,0.311559,-0.671344,0.501304,0.498384,-0.707324,0.986373,0.160801,-0.0347952,-0.177715,0.954574,-0.239176,0,0,0,0.574044,0.795065,-0.195816,-0.816643,0.559029,-0.143457,0.698629,0.289987,0.654083,0,0,0,-0.121208,0.851746,0.509743,0,0,0,0,0,0,0,0,0,0,0,0,0,0,0,0.839452,0.510207,0.187106,-0.943187,0.219262,0.249647,-0.941875,0.0676127,-0.329089,0.843438,0.361402,-0.397493,0.137518,0.988494,0.0629957,-0.453688,0.887257,0.0833258,-0.457543,0.739136,-0.4943,0,0,0
000573,0.504811,0.705103,0.504569,206.638,313.693,346.986,0.468806,0.789627,0.395867,-0.666416,0.603457,0.437868,-0.67203,0.314109,-0.670606,0.501536,0.497172,-0.708013,0.986258,0.161289,-0.0357944,-0.177715,0.954574,-0.239176,0,0,0,0.573928,0.794907,-0.196797,-0.816761,0.55911,-0.142467,0.698245,0.29091,0.654083,0,0,0,-0.121208,0.851746,0.509743,0,0,0,0,0,0,0,0,0,0,0,0,0,0,0,0.839612,0.510303,0.186124,-0.942821,0.219177,0.251099,-0.942203,0.0676359,-0.328145,0.843072,0.361246,-0.39841,0.137527,0.988556,0.0619978,-0.45365,0.887182,0.0843223,-0.457969,0.738873,-0.494299,0,0,0
000574,0.504582,0.705347,0.50516,206.638,313.693,346.986,0.468806,0.789627,0.395867,-0.666416,0.603457,0.437868,-0.672425,0.314846,-0.669864,0.501778,0.49743,-0.70766,0.986321,0.160792,-0.036294,-0.177736,0.954692,-0.23869,0,0,0,0.574333,0.794614,-0.196797,-0.81682,0.55915,-0.141972,0.699041,0.290699,0.653326,0,0,0,-0.121208,0.851746,0.509743,0,0,0,0,0,0,0,0,0,0,0,0,0,0,0,0.839692,0.510351,0.185633,-0.942821,0.219177,0.251099,-0.942274,0.0666385,-0.328145,0.843072,0.361246,-0.39841,0.137523,0.988525,0.0624968,-0.45365,0.887182,0.0843223,-0.458226,0.739295,-0.493429,0,0,0
000575,0.504902,0.704607,0.504687,206.638,313.693,346.986,0.468908,0.789796,0.395407,-0.66674,0.603752,0.436969,-0.671818,0.314562,-0.670606,0.502735,0.49699,-0.707289,0.986258,0.161289,-0.0357944,-0.177694,0.954457,-0.239661,0,0,0,0.57387,0.794828,-0.197287,-0.816643,0.559029,-0.143457,0.699233,0.290237,0.653327,0,0,0,-0.121242,0.851998,0.509312,0,0,0,0,0,0,0,0,0,0,0,0,0,0,0,0.839951,0.509924,0.185633,-0.943178,0.218746,0.250131,-0.941946,0.0666153,-0.32909,0.843072,0.361246,-0.39841,0.137532,0.988586,0.0614988,-0.453688,0.887257,0.0833258,-0.458562,0.737925,-0.495164,0,0,0
000576,0.504679,0.70461,0.504763,206.638,313.693,346.986,0.469439,0.78971,0.394949,-0.667075,0.603381,0.436969,-0.672453,0.313203,-0.670605,0.499504,0.498654,-0.708407,0.986321,0.160792,-0.036294,-0.177694,0.954457,-0.239661,0,0,0,0.57387,0.794828,-0.197287,-0.816702,0.55907,-0.142962,0.699233,0.290237,0.653327,0,0,0,-0.121242,0.851998,0.509312,0,0,0,0,0,0,0,0,0,0,0,0,0,0,0,0.84003,0.509972,0.185142,-0.942821,0.219177,0.251099,-0.942239,0.0671372,-0.328145,0.842902,0.360631,-0.399327,0.137532,0.988586,0.0614988,-0.453688,0.887257,0.0833258,-0.457543,0.739136,-0.4943,0,0,0
000577,0.505155,0.704599,0.504603,206.638,313.693,346.986,0.468806,0.789627,0.395867,-0.66674,0.603752,0.436969,-0.672479,0.311559,-0.671344,0.501536,0.497172,-0.708013,0.986356,0.160798,-0.0352948,-0.177694,0.954457,-0.239661,0,0,0,0.573928,0.794907,-0.196797,-0.816643,0.559029,-0.143457,0.698245,0.29091,0.654083,0,0,0,-0.121242,0.851998,0.509312,0,0,0,0,0,0,0,0,0,0,0,0,0,0,0,0.839872,0.509876,0.186124,-0.943065,0.219233,0.250131,-0.941911,0.067114,-0.329089,0.843072,0.361246,-0.39841,0.137527,0.988556,0.0619978,-0.453688,0.887257,0.0833258,-0.458137,0.738188,-0.495166,0,0,0
000578,0.505498,0.705239,0.505497,206.638,313.693,346.986,0.468806,0.789627,0.395867,-0.667062,0.604046,0.43607,-0.672664,0.31275,-0.670604,0.503093,0.496642,-0.70728,0.986454,0.160307,-0.0347952,-0.177736,0.954692,-0.23869,0,0,0,0.57445,0.794773,-0.195817,-0.816643,0.559029,-0.143457,0.699233,0.290237,0.653327,0,0,0,-0.121275,0.852251,0.508882,0,0,0,0,0,0,0,0,0,0,0,0,0,0,0,0.839792,0.509828,0.186616,-0.943308,0.21929,0.249162,-0.941911,0.067114,-0.329089,0.843817,0.36102,-0.397034,0.137518,0.988494,0.0629957,-0.453688,0.887257,0.0833258,-0.458819,0.738348,-0.494295,0,0,0
000579,0.505094,0.704567,0.504879,206.638,313.693,346.986,0.468908,0.789796,0.395407,-0.66674,0.603752,0.436969,-0.671818,0.314562,-0.670606,0.502252,0.496475,-0.707994,0.986419,0.160302,-0.0357944,-0.177694,0.954457,-0.239661,0,0,0,0.573928,0.794907,-0.196797,-0.816643,0.559029,-0.143457,0.699233,0.290237,0.653327,0,0,0,-0.121275,0.852251,0.508882,0,0,0,0,0,0,0,0,0,0,0,0,0,0,0,0.839951,0.509924,0.185633,-0.943065,0.219233,0.250131,-0.941946,0.0666153,-0.32909,0.843072,0.361246,-0.39841,0.137532,0.988586,0.0614988,-0.453688,0.887257,0.0833258,-0.458562,0.737925,-0.495164,0,0,0
000580,0.504504,0.705241,0.504798,245.1,332.617,5.50632,0.529147,0.742605,0.410538,-0.618714,0.658656,0.428213,-0.628053,0.374633,-0.682056,0,0,0,0.997305,0.0717312,-0.0154245,-0.0860068,0.967948,-0.235964,0,0,0,0.647177,0.740853,-0.179719,-0.760244,0.63091,-0.154859,0.707851,0.224543,0.669723,0,0,0,-0.0553095,0.856759,0.512742,0,0,0,0,0,0,0,0,0,0,0,0,0,0,0,0.877993,0.432095,0.205967,-0.924384,0.301769,0.233345,-0.925525,0.152347,-0.346691,0.880309,0.285061,-0.379206,0.224403,0.971831,0.0720254,-0.3739,0.92391,0.0811715,-0.379584,0.779405,-0.498441,0,0,0
000581,0.505072,0.705168,0.505326,245.1,332.617,5.50632,0.529147,0.742605,0.410538,-0.619006,0.658968,0.427309,-0.627539,0.375491,-0.682057,0,0,0,0.99732,0.0717323,-0.0144247,-0.0860068,0.967948,-0.235964,0,0,0,0.647296,0.740987,-0.178735,-0.760185,0.63086,-0.155353,0.707851,0.224543,0.669723,0,0,0,-0.0553239,0.857015,0.512312,0,0,0,0,0,0,0,0,0,0,0,0,0,0,0,0.878121,0.431601,0.206457,-0.924605,0.301842,0.232372,-0.925362,0.153334,-0.346691,0.880695,0.28571,-0.377817,0.224403,0.971831,0.0720254,-0.373915,0.923948,0.0806732,-0.379584,0.779405,-0.498441,0,0,0
000582,0.504985,0.704992,0.50468,245.1,332.617,5.50632,0.529147,0.742605,0.410538,-0.619006,0.658968,0.427309,-0.628237,0.372994,-0.682783,0,0,0,0.99732,0.0717323,-0.0144247,-0.0859976,0.96783,-0.23645,0,0,0,0.647553,0.740524,-0.17972,-0.760125,0.63081,-0.155847,0.708152,0.223589,0.669723,0,0,0,-0.0553239,0.857015,0.512312,0,0,0,0,0,0,0,0,0,0,0,0,0,0,0,0.878121,0.431601,0.206457,-0.924605,0.301842,0.232372,-0.925182,0.152291,-0.347629,0.880515,0.285652,-0.37828,0.224403,0.971831,0.0720254,-0.37393,0.923985,0.0801748,-0.379476,0.77918,-0.498875,0,0,0
000583,0.505163,0.705276,0.505141,245.1,332.617,5.50632,0.529147,0.742605,0.410538,-0.619006,0.658968,0.427309,-0.627024,0.376348,-0.682058,0,0,0,0.99732,0.0717323,-0.0144247,-0.086016,0.968066,-0.235479,0,0,0,0.647296,0.740987,-0.178735,-0.760185,0.63086,-0.155353,0.708001,0.224066,0.669723,0,0,0,-0.0553239,0.857015,0.512312,0,0,0,0,0,0,0,0,0,0,0,0,0,0,0,0.877807,0.432004,0.206945,-0.924605,0.301842,0.232372,-0.925182,0.152291,-0.347629,0.880695,0.28571,-0.377817,0.224403,0.971831,0.0720254,-0.373915,0.923948,0.0806732,-0.379584,0.779405,-0.498441,0,0,0
000584,0.505334,0.704713,0.50508,245.1,332.617,5.50632,0.529147,0.742605,0.410538,-0.619297,0.65928,0.426404,-0.628237,0.372994,-0.682783,0,0,0,0.997327,0.0717328,-0.0139248,-0.0859976,0.96783,-0.23645,0,0,0,0.647237,0.74092,-0.179227,-0.760065,0.63076,-0.156341,0.708152,0.223589,0.669723,0,0,0,-0.0553384,0.857271,0.511883,0,0,0,0,0,0,0,0,0,0,0,0,0,0,0,0.877807,0.432004,0.206945,-0.924826,0.301913,0.2314,-0.925101,0.152784,-0.347629,0.880849,0.285235,-0.377817,0.22442,0.971901,0.0710281,-0.373945,0.924022,0.0796764,-0.379819,0.778737,-0.499306,0,0,0
000585,0.504784,0.705036,0.505107,245.1,332.617,5.50632,0.529267,0.742771,0.410082,-0.619006,0.658968,0.427309,-0.627539,0.375491,-0.682057,0,0,0,0.997312,0.0717317,-0.0149246,-0.0859976,0.96783,-0.23645,0,0,0,0.647553,0.740524,-0.17972,-0.760185,0.63086,-0.155353,0.7077,0.225019,0.669722,-0.705149,0.124335,0.698073,-0.0553239,0.857015,0.512312,0,0,0,0,0,0,0,0,0,0,0,0,0,0,0,0.878213,0.431646,0.205967,-0.924495,0.301806,0.232858,-0.925443,0.152841,-0.346691,0.880515,0.285652,-0.37828,0.224412,0.971866,0.0715268,-0.373915,0.923948,0.0806732,-0.379584,0.779405,-0.498441,0,0,0
000586,0.505153,0.704903,0.504931,245.1,332.617,5.50632,0.529147,0.742605,0.410538,-0.619006,0.658968,0.427309,-0.626989,0.375744,-0.682423,0,0,0,0.99732,0.0717323,-0.0144247,-0.0859976,0.96783,-0.23645,0,0,0,0.647237,0.74092,-0.179227,-0.759806,0.631195,-0.155847,0.708152,0.223589,0.669723,-0.705493,0.124395,0.697715,-0.0553239,0.857015,0.512312,0,0,0,0,0,0,0,0,0,0,0,0,0,0,0,0.878121,0.431601,0.206457,-0.924605,0.301842,0.232372,-0.925182,0.152291,-0.347629,0.880669,0.285177,-0.37828,0.224412,0.971866,0.0715268,-0.37393,0.923985,0.0801748,-0.379476,0.77918,-0.498875,0,0,0
000587,0.504732,0.705066,0.505211,245.1,332.617,5.50632,0.529267,0.742771,0.410082,-0.619006,0.658968,0.427309,-0.628053,0.374633,-0.682056,0,0,0,0.997276,0.0722304,-0.0149246,-0.0859976,0.96783,-0.23645,0,0,0,0.647553,0.740524,-0.17972,-0.760185,0.63086,-0.155353,0.70879,0.223791,0.66898,-0.705062,0.124827,0.698073,-0.0553239,0.857015,0.512312,0,0,0,0,0,0,0,0,0,0,0,0,0,0,0,0.877993,0.432095,0.205967,-0.92465,0.30133,0.232858,-0.925525,0.152347,-0.346691,0.880515,0.285652,-0.37828,0.224412,0.971866,0.0715268,-0.373915,0.923948,0.0806732,-0.379584,0.779405,-0.498441,0,0,0
000588,0.5054,0.704934,0.505466,245.1,332.617,5.50632,0.529147,0.742605,0.410538,-0.619297,0.65928,0.426404,-0.627024,0.376348,-0.682058,0,0,0,0.997362,0.0712341,-0.0139248,-0.0859976,0.96783,-0.23645,0,0,0,0.647296,0.740987,-0.178735,-0.760065,0.63076,-0.156341,0.707851,0.224543,0.669723,-0.705836,0.124455,0.697357,-0.0553384,0.857271,0.511883,0,0,0,0,0,0,0,0,0,0,0,0,0,0,0,0.877807,0.432004,0.206945,-0.924826,0.301913,0.2314,-0.925101,0.152784,-0.347629,0.880875,0.285768,-0.377354,0.224403,0.971831,0.0720254,-0.37393,0.923985,0.0801748,-0.379134,0.779623,-0.498443,0,0,0
000589,0.505441,0.70478,0.50504,245.1,332.617,5.50632,0.529147,0.742605,0.410538,-0.619297,0.65928,0.426404,-0.627724,0.373853,-0.682786,0,0,0,0.997334,0.0717333,-0.013425,-0.0859976,0.96783,-0.23645,0,0,0,0.647296,0.740987,-0.178735,-0.760065,0.63076,-0.156341,0.708152,0.223589,0.669723,0,0,0,-0.0553384,0.857271,0.511883,0,0,0,0,0,0,0,0,0,0,0,0,0,0,0,0.878028,0.431556,0.206946,-0.924826,0.301913,0.2314,-0.925019,0.153278,-0.347629,0.880875,0.285768,-0.377354,0.224412,0.971866,0.0715268,-0.373945,0.924022,0.0796764,-0.379819,0.778737,-0.499306,0,0,0
000590,0.504525,0.705413,0.504974,0.855993,134.915,210.172,0.532168,0.760897,0.371259,-0.616383,0.688489,0.382172,0,0,0,0,0,0,0.998084,0.061222,-0.00898383,-0.0743924,0.952939,-0.293891,0,0,0,0.656424,0.722672,-0.216455,-0.752429,0.627693,-0.199631,0.703136,0.25777,0.662687,-0.710395,0.173238,0.682149,-0.0523936,0.886178,0.460374,0,0,0,0,0,0,0,0,0,0,0,0,0,0,0,0.880159,0.435296,0.189308,-0.923713,0.323347,0.205431,-0.920633,0.140766,-0.364171,0.887022,0.253324,-0.38603,0.233049,0.972328,0.0163316,-0.365958,0.930357,0.0225802,-0.367326,0.751535,-0.547966,0,0,0
000591,0.504677,0.704628,0.505284,0.855993,134.915,210.172,0.532382,0.761199,0.37033,-0.617263,0.688725,0.380322,0,0,0,0,0,0,0.998084,0.061222,-0.00898383,-0.0743727,0.952646,-0.294847,0,0,0,0.65635,0.722593,-0.216943,-0.752596,0.62718,-0.20061,0.704102,0.257058,0.661938,-0.710726,0.173319,0.681784,-0.0524171,0.886637,0.459486,0,0,0,0,0,0,0,0,0,0,0,0,0,0,0,0.880465,0.43489,0.188818,-0.923644,0.323853,0.204942,-0.920423,0.139723,-0.365102,0.887022,0.253324,-0.38603,0.233053,0.972343,0.0153318,-0.365966,0.930378,0.0215805,0,0,0,0,0,0
000592,0.504988,0.70535,0.505168,0.855993,134.915,210.172,0.532168,0.760897,0.371259,-0.616637,0.688774,0.381247,0,0,0,0,0,0,0.998092,0.0612225,-0.00798398,-0.0743924,0.952939,-0.293891,0,0,0,0.656867,0.722415,-0.215968,-0.752673,0.627244,-0.200121,0.703136,0.25777,0.662687,-0.710726,0.173319,0.681784,-0.0523936,0.886178,0.460374,0,0,0,0,0,0,0,0,0,0,0,0,0,0,0,0.880295,0.434806,0.189799,-0.923906,0.323415,0.204452,-0.920347,0.140217,-0.365102,0.887255,0.25391,-0.385107,0.233047,0.97232,0.0168314,-0.365962,0.930368,0.0220804,-0.367326,0.751535,-0.547966,0,0,0
000593,0.505143,0.704637,0.505008,0.855993,134.915,210.172,0.532168,0.760897,0.371259,-0.61689,0.689058,0.380323,0,0,0,0,0,0,0.998092,0.0612225,-0.00798398,-0.0743727,0.952646,-0.294847,0,0,0,0.656424,0.722672,-0.216455,-0.752519,0.627116,-0.2011,0.703308,0.2573,0.662687,-0.711175,0.172913,0.681418,-0.0524171,0.886637,0.459486,0,0,0,0,0,0,0,0,0,0,0,0,0,0,0,0.880295,0.434806,0.189799,-0.923837,0.32392,0.203963,-0.920061,0.139668,-0.366033,0.887255,0.25391,-0.385107,0.233051,0.972336,0.0158317,-0.36597,0.930388,0.0210806,0,0,0,0,0,0
000594,0.504509,0.70526,0.505233,0.855993,134.915,210.172,0.531758,0.761184,0.371257,-0.616637,0.688774,0.381247,0,0,0,0,0,0,0.998084,0.061222,-0.00898383,-0.0743924,0.952939,-0.293891,0,0,0,0.656424,0.722672,-0.216455,-0.752429,0.627693,-0.199631,0.704102,0.257058,0.661938,-0.710962,0.172347,0.681784,-0.0523936,0.886178,0.460374,0,0,0,0,0,0,0,0,0,0,0,0,0,0,0,0.880465,0.43489,0.188818,-0.923382,0.32429,0.205431,-0.920633,0.140766,-0.364171,0.887022,0.253324,-0.38603,0.233049,0.972328,0.0163316,-0.365958,0.930357,0.0225802,-0.367444,0.751782,-0.547548,0,0,0
000595,0.504938,0.705201,0.505092,0.855993,134.915,210.172,0.532168,0.760897,0.371259,-0.616637,0.688774,0.381247,0,0,0,0,0,0,0.998119,0.0607232,-0.0084839,-0.0743924,0.952939,-0.293891,0,0,0,0.656497,0.722752,-0.215967,-0.752596,0.62718,-0.20061,0.703136,0.25777,0.662687,-0.710726,0.173319,0.681784,-0.0523936,0.886178,0.460374,0,0,0,0,0,0,0,0,0,0,0,0,0,0,0,0.880295,0.434806,0.189799,-0.923906,0.323415,0.204452,-0.920347,0.140217,-0.365102,0.887255,0.25391,-0.385107,0.233049,0.972328,0.0163316,-0.365962,0.930368,0.0220804,-0.367326,0.751535,-0.547966,0,0,0
000596,0.50536,0.704585,0.505364,0.855993,134.915,210.172,0.531758,0.761184,0.371257,-0.61689,0.689058,0.380323,0,0,0,0,0,0,0.998096,0.0612227,-0.00748407,-0.0743727,0.952646,-0.294847,0,0,0,0.656497,0.722752,-0.215967,-0.752442,0.627051,-0.20159,0.703136,0.25777,0.662687,-0.711506,0.172993,0.681052,-0.0524171,0.886637,0.459486,0,0,0,0,0,0,0,0,0,0,0,0,0,0,0,0.880295,0.434806,0.189799,-0.924098,0.323482,0.203473,-0.920061,0.139668,-0.366033,0.887578,0.253481,-0.384646,0.233051,0.972336,0.0158317,-0.365974,0.930398,0.0205808,0,0,0,0,0,0
000597,0.504736,0.705327,0.504875,0.855993,134.915,210.172,0.532168,0.760897,0.371259,-0.616637,0.688774,0.381247,0,0,0,0,0,0,0.998057,0.0617213,-0.0084839,-0.0743924,0.952939,-0.293891,0,0,0,0.656793,0.722336,-0.216456,-0.752673,0.627244,-0.200121,0.703136,0.25777,0.662687,-0.710395,0.173238,0.682149,-0.0523936,0.886178,0.460374,0,0,0,0,0,0,0,0,0,0,0,0,0,0,0,0.880074,0.435254,0.189799,-0.923644,0.323853,0.204942,-0.920347,0.140217,-0.365102,0.887022,0.253324,-0.38603,0.233049,0.972328,0.0163316,-0.365958,0.930357,0.0225802,-0.367326,0.751535,-0.547966,0,0,0
000598,0.504831,0.704505,0.505116,0.855993,134.915,210.172,0.532382,0.761199,0.37033,-0.61689,0.689058,0.380323,0,0,0,0,0,0,0.998057,0.0617213,-0.0084839,-0.0743727,0.952646,-0.294847,0,0,0,0.65635,0.722593,-0.216943,-0.752519,0.627116,-0.2011,0.702964,0.258239,0.662687,-0.710726,0.173319,0.681784,-0.0524171,0.886637,0.459486,0,0,0,0,0,0,0,0,0,0,0,0,0,0,0,0.880159,0.435296,0.189308,-0.923906,0.323415,0.204452,-0.920347,0.140217,-0.365102,0.88707,0.253857,-0.385569,0.233053,0.972343,0.0153318,-0.36597,0.930388,0.0210806,-0.366758,0.751506,-0.548386,0,0,0
000599,0.504764,0.704829,0.505448,0.855993,134.915,210.172,0.532792,0.760912,0.370331,-0.617263,0.688725,0.380322,0,0,0,0,0,0,0.998084,0.061222,-0.00898383,-0.0743924,0.952939,-0.293891,0,0,0,0.656424,0.722672,-0.216455,-0.752596,0.62718,-0.20061,0.704102,0.257058,0.661938,-0.711175,0.172913,0.681418,-0.0524171,0.886637,0.459486,0,0,0,0,0,0,0,0,0,0,0,0,0,0,0,0.880159,0.435296,0.189308,-0.923906,0.323415,0.204452,-0.920423,0.139723,-0.365102,0.887207,0.253376,-0.385569,0.233049,0.972328,0.0163316,-0.365966,0.930378,0.0215805,-0.367326,0.751535,-0.547966,0,0,0
000600,0.504664,0.705432,0.505467,67.1183,310.902,275.474,0.508273,0.76024,0.404591,-0.637066,0.643551,0.42425,-0.638956,0.353992,-0.682953,0,0,0,0.994814,0.100271,-0.0170552,-0.114253,0.96369,-0.241347,0,0,0,0.625374,0.758105,-0.184887,-0.77834,0.607769,-0.157493,0.703064,0.24827,0.666381,0,0,0,-0.0792227,0.858255,0.507072,0,0,0,0,0,0,0,0,0,0,0,0,0,0,0,0.865509,0.458436,0.201816,-0.932436,0.276556,0.23255,-0.930049,0.123486,-0.346063,0.871372,0.308468,-0.38152,0.196412,0.978323,0.0656217,-0.400255,0.913243,0.0760494,-0.402011,0.765897,-0.501786,0,0,0
000601,0.505312,0.704505,0.504745,67.1183,310.902,275.474,0.508159,0.760072,0.405048,-0.637363,0.643853,0.423345,-0.63806,0.353495,-0.684047,0,0,0,0.99488,0.0997752,-0.0160555,-0.114201,0.963208,-0.243288,0,0,0,0.625315,0.758034,-0.185378,-0.777782,0.607968,-0.159468,0.702435,0.248048,0.667126,0,0,0,-0.0792439,0.858508,0.506641,0,0,0,0,0,0,0,0,0,0,0,0,0,0,0,0.86533,0.458342,0.202795,-0.93277,0.276654,0.231091,-0.929468,0.123913,-0.347469,0.871372,0.308468,-0.38152,0.196425,0.978387,0.0646239,-0.400314,0.913381,0.0740551,-0.40155,0.765004,-0.503515,0,0,0
000602,0.504583,0.704626,0.505474,67.1183,310.902,275.474,0.507971,0.760685,0.404132,-0.63671,0.643903,0.424251,-0.639868,0.351639,-0.683315,0,0,0,0.994805,0.10027,-0.0175551,-0.114227,0.963449,-0.242318,0,0,0,0.625255,0.757963,-0.18587,-0.778277,0.607721,-0.157987,0.702897,0.248742,0.666381,0,0,0,-0.0792651,0.85876,0.50621,0,0,0,0,0,0,0,0,0,0,0,0,0,0,0,0.865599,0.458483,0.201326,-0.932548,0.276589,0.232064,-0.930049,0.123486,-0.346063,0.871359,0.307933,-0.381983,0.196425,0.978387,0.0646239,-0.400284,0.913312,0.0750523,-0.402224,0.765219,-0.502649,0,0,0
000603,0.504684,0.70539,0.504759,67.1183,310.902,275.474,0.508159,0.760072,0.405048,-0.636768,0.643249,0.425156,-0.638415,0.354264,-0.683318,0,0,0,0.994814,0.100271,-0.0170552,-0.114227,0.963449,-0.242318,0,0,0,0.6257,0.757716,-0.185379,-0.778277,0.607721,-0.157987,0.702268,0.24852,0.667126,0,0,0,-0.0792014,0.858003,0.507503,0,0,0,0,0,0,0,0,0,0,0,0,0,0,0,0.86542,0.458389,0.202305,-0.932325,0.276523,0.233037,-0.929917,0.124477,-0.346062,0.871206,0.308939,-0.38152,0.196412,0.978323,0.0656217,-0.400255,0.913243,0.0760494,-0.402666,0.764987,-0.502647,0,0,0
000604,0.505026,0.70521,0.504821,67.1183,310.902,275.474,0.508159,0.760072,0.405048,-0.637066,0.643551,0.42425,-0.639753,0.350432,-0.684042,0,0,0,0.994822,0.100272,-0.0165553,-0.114227,0.963449,-0.242318,0,0,0,0.625374,0.758105,-0.184887,-0.778215,0.607672,-0.158481,0.702435,0.248048,0.667126,0,0,0,-0.0792227,0.858255,0.507072,0,0,0,0,0,0,0,0,0,0,0,0,0,0,0,0.86533,0.458342,0.202795,-0.932548,0.276589,0.232064,-0.929706,0.12344,-0.347001,0.871372,0.308468,-0.38152,0.196412,0.978323,0.0656217,-0.400284,0.913312,0.0750523,-0.40178,0.765451,-0.50265,0,0,0
000605,0.504745,0.704503,0.504946,67.1183,310.902,275.474,0.508387,0.760407,0.404134,-0.637066,0.643551,0.42425,-0.638601,0.353223,-0.683682,0,0,0,0.994814,0.100271,-0.0170552,-0.114201,0.963208,-0.243288,0,0,0,0.625255,0.757963,-0.18587,-0.778153,0.607623,-0.158974,0.702101,0.248991,0.667126,0,0,0,-0.0792439,0.858508,0.506641,0,0,0,0,0,0,0,0,0,0,0,0,0,0,0,0.865509,0.458436,0.201816,-0.932548,0.276589,0.232064,-0.929917,0.124477,-0.346062,0.871192,0.308405,-0.381982,0.196425,0.978387,0.0646239,-0.400299,0.913347,0.0745537,-0.402436,0.76454,-0.503511,0,0,0
000606,0.505045,0.704885,0.50456,67.1183,310.902,275.474,0.508159,0.760072,0.405048,-0.637066,0.643551,0.42425,-0.638545,0.35262,-0.684047,0,0,0,0.994822,0.100272,-0.0165553,-0.114227,0.963449,-0.242318,0,0,0,0.625315,0.758034,-0.185378,-0.778153,0.607623,-0.158974,0.702435,0.248048,0.667126,0,0,0,-0.0792227,0.858255,0.507072,0,0,0,0,0,0,0,0,0,0,0,0,0,0,0,0.865654,0.457947,0.202305,-0.932548,0.276589,0.232064,-0.92964,0.123936,-0.347001,0.871372,0.308468,-0.38152,0.196425,0.978387,0.0646239,-0.400284,0.913312,0.0750523,-0.402436,0.76454,-0.503511,0,0,0
000607,0.50547,0.70479,0.505362,67.1183,310.902,275.474,0.508159,0.760072,0.405048,-0.637363,0.643853,0.423345,-0.639753,0.350432,-0.684042,0,0,0,0.994838,0.100273,-0.0155556,-0.114227,0.963449,-0.242318,0,0,0,0.625434,0.758176,-0.184396,-0.77809,0.607574,-0.159468,0.702268,0.24852,0.667126,-0.708479,0.108058,0.69741,-0.0792651,0.85876,0.50621,0,0,0,0,0,0,0,0,0,0,0,0,0,0,0,0.86533,0.458342,0.202795,-0.93277,0.276654,0.231091,-0.929574,0.124431,-0.347,0.871732,0.308594,-0.380596,0.196425,0.978387,0.0646239,-0.400314,0.913381,0.0740551,-0.402879,0.764308,-0.503509,0,0,0
000608,0.504672,0.704709,0.505225,67.1183,310.902,275.474,0.508387,0.760407,0.404134,-0.637066,0.643551,0.42425,-0.639142,0.352952,-0.683317,0,0,0,0.994814,0.100271,-0.0170552,-0.114227,0.963449,-0.242318,0,0,0,0.625315,0.758034,-0.185378,-0.778277,0.607721,-0.157987,0.703064,0.24827,0.666381,-0.707714,0.108448,0.698126,-0.0792439,0.858508,0.506641,0,0,0,0,0,0,0,0,0,0,0,0,0,0,0,0.865832,0.458041,0.201326,-0.932548,0.276589,0.232064,-0.929984,0.123981,-0.346062,0.871359,0.307933,-0.381983,0.196425,0.978387,0.0646239,-0.400284,0.913312,0.0750523,-0.40178,0.765451,-0.50265,0,0,0
000609,0.505237,0.705017,0.505354,67.1183,310.902,275.474,0.508159,0.760072,0.405048,-0.637363,0.643853,0.423345,-0.638173,0.354701,-0.683318,0,0,0,0.99488,0.0997752,-0.0160555,-0.114227,0.963449,-0.242318,0,0,0,0.625434,0.758176,-0.184396,-0.778153,0.607623,-0.158974,0.702268,0.24852,0.667126,0,0,0,-0.0792439,0.858508,0.506641,0,0,0,0,0,0,0,0,0,0,0,0,0,0,0,0.86533,0.458342,0.202795,-0.93277,0.276654,0.231091,-0.92964,0.123936,-0.347001,0.871732,0.308594,-0.380596,0.196418,0.978355,0.0651228,-0.400284,0.913312,0.0750523,-0.402224,0.765219,-0.502649,0,0,0
000610,0.505029,0.704679,0.50482,339.363,312.005,21.0614,0.509477,0.761656,0.400392,-0.63512,0.641786,0.429807,-0.646104,0.349762,-0.678392,0,0,0,0.994338,0.103181,-0.0253997,-0.119229,0.962809,-0.242454,0,0,0,0.621361,0.759874,-0.191055,-0.781296,0.605336,-0.152136,0.7076,0.250198,0.660836,0,0,0,-0.0772408,0.858377,0.507171,0,0,0,0,0,0,0,0,0,0,0,0,0,0,0,0.866055,0.460541,0.194552,-0.931246,0.273923,0.240308,-0.933042,0.121184,-0.338744,0.867031,0.310993,-0.389282,0.194071,0.978983,0.0626868,-0.402292,0.912187,0.0779471,-0.409163,0.763237,-0.500054,0,0,0
000611,0.505261,0.705432,0.505127,339.363,312.005,21.0614,0.509365,0.76149,0.40085,-0.63512,0.641786,0.429807,-0.645685,0.351242,-0.678026,0,0,0,0.994363,0.103184,-0.0244002,-0.119284,0.963288,-0.240514,0,0,0,0.621869,0.759704,-0.190074,-0.781049,0.605778,-0.151642,0.7076,0.250198,0.660836,0,0,0,-0.0772201,0.858124,0.507602,0,0,0,0,0,0,0,0,0,0,0,0,0,0,0,0.865648,0.460891,0.195532,-0.931361,0.273956,0.239823,-0.933042,0.121184,-0.338744,0.867397,0.311124,-0.38836,0.194058,0.978921,0.0636847,-0.402261,0.912115,0.078944,-0.408955,0.763915,-0.49919,0,0,0
000612,0.504536,0.705316,0.504624,339.363,312.005,21.0614,0.509477,0.761656,0.400392,-0.634818,0.64148,0.430709,-0.645504,0.352283,-0.677659,0,0,0,0.994274,0.103677,-0.0258995,-0.119257,0.963049,-0.241484,0,0,0,0.621361,0.759874,-0.191055,-0.781415,0.605429,-0.151148,0.7076,0.250198,0.660836,0,0,0,-0.0771994,0.857871,0.508033,0,0,0,0,0,0,0,0,0,0,0,0,0,0,0,0.86582,0.460982,0.194551,-0.931015,0.273855,0.241279,-0.933313,0.121723,-0.337803,0.866833,0.310392,-0.390203,0.194058,0.978921,0.0636847,-0.402245,0.912079,0.0794424,-0.409396,0.763679,-0.499188,0,0,0
000613,0.50488,0.704527,0.50482,339.363,312.005,21.0614,0.50959,0.761821,0.399934,-0.63512,0.641786,0.429807,-0.646104,0.349762,-0.678392,0,0,0,0.994338,0.103181,-0.0253997,-0.119229,0.962809,-0.242454,0,0,0,0.6213,0.759801,-0.191546,-0.781296,0.605336,-0.152136,0.7076,0.250198,0.660836,0,0,0,-0.0772408,0.858377,0.507171,0,0,0,0,0,0,0,0,0,0,0,0,0,0,0,0.86582,0.460982,0.194551,-0.931246,0.273923,0.240308,-0.933106,0.120688,-0.338744,0.867016,0.310457,-0.389742,0.194071,0.978983,0.0626868,-0.402292,0.912187,0.0779471,-0.409163,0.763237,-0.500054,0,0,0
000614,0.505305,0.704879,0.505149,339.363,312.005,21.0614,0.509477,0.761656,0.400392,-0.635421,0.642092,0.428903,-0.646343,0.349323,-0.678391,0,0,0,0.994363,0.103184,-0.0244002,-0.119257,0.963049,-0.241484,0,0,0,0.621483,0.760021,-0.190073,-0.781296,0.605336,-0.152136,0.7076,0.250198,0.660836,0,0,0,-0.0772408,0.858377,0.507171,0,0,0,0,0,0,0,0,0,0,0,0,0,0,0,0.865969,0.460496,0.195042,-0.931476,0.27399,0.239337,-0.932977,0.12168,-0.338744,0.867397,0.311124,-0.38836,0.194071,0.978983,0.0626868,-0.402292,0.912187,0.0779471,-0.409605,0.763002,-0.500052,0,0,0
000615,0.505288,0.705414,0.505487,339.363,312.005,21.0614,0.509892,0.761377,0.400393,-0.635776,0.641741,0.428903,-0.645743,0.351844,-0.677659,0,0,0,0.994363,0.103184,-0.0244002,-0.119284,0.963288,-0.240514,0,0,0,0.621543,0.760094,-0.189583,-0.781049,0.605778,-0.151642,0.707433,0.250669,0.660836,0,0,0,-0.0772201,0.858124,0.507602,0,0,0,0,0,0,0,0,0,0,0,0,0,0,0,0.865969,0.460496,0.195042,-0.931476,0.27399,0.239337,-0.933042,0.121184,-0.338744,0.867397,0.311124,-0.38836,0.194058,0.978921,0.0636847,-0.402276,0.912151,0.0784455,-0.409396,0.763679,-0.499188,0,0,0
000616,0.504909,0.705113,0.505323,339.363,312.005,21.0614,0.509477,0.761656,0.400392,-0.63512,0.641786,0.429807,-0.645983,0.351405,-0.677659,0,0,0,0.994338,0.103181,-0.0253997,-0.119257,0.963049,-0.241484,0,0,0,0.621422,0.759948,-0.190564,-0.781356,0.605383,-0.151642,0.707266,0.25114,0.660835,0,0,0,-0.0772201,0.858124,0.507602,0,0,0,0,0,0,0,0,0,0,0,0,0,0,0,0.866055,0.460541,0.194552,-0.931246,0.273923,0.240308,-0.933313,0.121723,-0.337803,0.8672,0.310523,-0.389282,0.194058,0.978921,0.0636847,-0.402276,0.912151,0.0784455,-0.409396,0.763679,-0.499188,0,0,0
000617,0.504696,0.70544,0.50457,339.363,312.005,21.0614,0.509892,0.761377,0.400393,-0.634818,0.64148,0.430709,-0.645685,0.351242,-0.678026,0,0,0,0.994377,0.102683,-0.0258995,-0.119257,0.963049,-0.241484,0,0,0,0.621422,0.759948,-0.190564,-0.781415,0.605429,-0.151148,0.7076,0.250198,0.660836,0,0,0,-0.0771787,0.857618,0.508463,0,0,0,0,0,0,0,0,0,0,0,0,0,0,0,0.866055,0.460541,0.194552,-0.931015,0.273855,0.241279,-0.93321,0.121206,-0.338273,0.866848,0.310928,-0.389742,0.194058,0.978921,0.0636847,-0.402245,0.912079,0.0794424,-0.408955,0.763915,-0.49919,0,0,0
000618,0.505112,0.704646,0.504991,339.363,312.005,21.0614,0.50959,0.761821,0.399934,-0.635421,0.642092,0.428903,-0.646104,0.349762,-0.678392,0,0,0,0.994299,0.10368,-0.0248999,-0.119243,0.962929,-0.241969,0,0,0,0.621361,0.759874,-0.191055,-0.781296,0.605336,-0.152136,0.7076,0.250198,0.660836,0,0,0,-0.0772408,0.858377,0.507171,0,0,0,0,0,0,0,0,0,0,0,0,0,0,0,0.866055,0.460541,0.194552,-0.931361,0.273956,0.239823,-0.933042,0.121184,-0.338744,0.867031,0.310993,-0.389282,0.194071,0.978983,0.0626868,-0.402292,0.912187,0.0779471,-0.409163,0.763237,-0.500054,0,0,0
000619,0.504779,0.705321,0.505169,339.363,312.005,21.0614,0.509477,0.761656,0.400392,-0.63512,0.641786,0.429807,-0.646222,0.350965,-0.677658,0,0,0,0.994338,0.103181,-0.0253997,-0.119284,0.963288,-0.240514,0,0,0,0.621422,0.759948,-0.190564,-0.781415,0.605429,-0.151148,0.707266,0.25114,0.660835,0,0,0,-0.0772201,0.858124,0.507602,0,0,0,0,0,0,0,0,0,0,0,0,0,0,0,0.866055,0.460541,0.194552,-0.931246,0.273923,0.240308,-0.933313,0.121723,-0.337803,0.867031,0.310993,-0.389282,0.194058,0.978921,0.0636847,-0.402261,0.912115,0.078944,-0.409396,0.763679,-0.499188,0,0,0
000620,0.505294,0.704805,0.504792,333.259,37.0481,139.892,0.48216,0.809559,0.334866,-0.657274,0.652551,0.377052,0,0,0,0,0,0,0.990157,0.135203,-0.0361842,-0.153895,0.934741,-0.320273,0,0,0,0.59418,0.762794,-0.255137,-0.802365,0.562374,-0.199863,0.697788,0.329158,0.636198,-0.704692,0.140464,0.69547,-0.107703,0.893822,0.435295,0,0,0,0,0,0,0,0,0,0,0,0,0,0,0,0.849075,0.505342,0.153951,-0.94036,0.260379,0.218921,-0.936552,0.0597272,-0.345402,0.8556,0.307415,-0.416466,0.158985,0.987112,-0.0182669,-0.434719,0.900559,0.00358489,-0.436663,0.703637,-0.560554,0,0,0
000621,0.504737,0.704652,0.505455,333.259,37.0481,139.892,0.482333,0.809845,0.333924,-0.657274,0.652551,0.377052,0,0,0,0,0,0,0.990121,0.135198,-0.0371833,-0.153895,0.934741,-0.320273,0,0,0,0.59418,0.762794,-0.255137,-0.802528,0.562489,-0.198883,0.69815,0.329881,0.635426,-0.704692,0.140464,0.69547,-0.107727,0.894038,0.434845,0,0,0,0.252877,0.623414,0.739871,-0.346069,0.542623,0.765373,0,0,0,0,0,0,0.849207,0.50542,0.152963,-0.940148,0.26032,0.219897,-0.936928,0.05925,-0.344463,0.8556,0.307415,-0.416466,0.158981,0.987094,-0.0192666,-0.434268,0.900775,0.00408489,-0.436529,0.704378,-0.559727,0,0,0
000622,0.505174,0.705066,0.504781,333.259,37.0481,139.892,0.482073,0.809416,0.335337,-0.657274,0.652551,0.377052,0,0,0,0,0,0,0.990157,0.135203,-0.0361842,-0.153895,0.934741,-0.320273,0,0,0,0.594259,0.762894,-0.254654,-0.802447,0.562432,-0.199373,0.697788,0.329158,0.636198,-0.704254,0.140887,0.695829,-0.107679,0.893606,0.435745,0,0,0,0.252595,0.622729,0.740543,0,0,0,0,0,0,0,0,0,0.849075,0.505342,0.153951,-0.940254,0.260349,0.219409,-0.936584,0.0592283,-0.345402,0.8556,0.307415,-0.416466,0.158985,0.987112,-0.0182669,-0.434718,0.900557,0.00408487,-0.437088,0.703374,-0.560552,0,0,0
000623,0.50467,0.704677,0.50521,333.259,37.0481,139.892,0.482333,0.809845,0.333924,-0.657274,0.652551,0.377052,0,0,0,0,0,0,0.990121,0.135198,-0.0371833,-0.153895,0.934741,-0.320273,0,0,0,0.594101,0.762694,-0.255621,-0.802322,0.562956,-0.198393,0.69815,0.329881,0.635426,-0.704254,0.140887,0.695829,-0.107727,0.894038,0.434845,0,0,0,0.253662,0.622693,0.740209,0,0,0,0,0,0,0,0,0,0.849207,0.50542,0.152963,-0.940148,0.26032,0.219897,-0.936928,0.05925,-0.344463,0.855545,0.306333,-0.417376,0.158981,0.987094,-0.0192666,-0.434268,0.900775,0.00408489,-0.436103,0.70464,-0.559729,0,0,0
000624,0.504775,0.704946,0.504873,333.259,37.0481,139.892,0.482246,0.809703,0.334395,-0.657626,0.652197,0.377051,0,0,0,0,0,0,0.990121,0.135198,-0.0371833,-0.153895,0.934741,-0.320273,0,0,0,0.59418,0.762794,-0.255137,-0.802528,0.562489,-0.198883,0.697361,0.330062,0.636197,-0.704351,0.140396,0.695829,-0.107703,0.893822,0.435295,0,0,0,0,0,0,0,0,0,0,0,0,0,0,0,0.849463,0.50499,0.152963,-0.940148,0.26032,0.219897,-0.936897,0.059749,-0.344463,0.855545,0.306333,-0.417376,0.158985,0.987112,-0.0182669,-0.434717,0.900555,0.00458485,-0.436103,0.70464,-0.559729,0,0,0
000625,0.504926,0.704851,0.505308,333.259,37.0481,139.892,0.482246,0.809703,0.334395,-0.657274,0.652551,0.377052,0,0,0,0,0,0,0.990071,0.135696,-0.0366837,-0.153895,0.934741,-0.320273,0,0,0,0.59418,0.762794,-0.255137,-0.802528,0.562489,-0.198883,0.698576,0.328976,0.635426,0,0,0,-0.107727,0.894038,0.434845,0,0,0,0.253199,0.622882,0.740208,-0.345224,0.543158,0.765376,0,0,0,0,0,0,0.849142,0.505381,0.153457,-0.940387,0.259867,0.219409,-0.936897,0.059749,-0.344463,0.8556,0.307415,-0.416466,0.158985,0.987112,-0.0182669,-0.434268,0.900775,0.00408489,-0.436103,0.70464,-0.559729,0,0,0
000626,0.50535,0.705387,0.505076,333.259,37.0481,139.892,0.482073,0.809416,0.335337,-0.657274,0.652551,0.377052,0,0,0,0,0,0,0.990107,0.135701,-0.0356846,-0.153943,0.935057,-0.319326,0,0,0,0.594338,0.762994,-0.254171,-0.802447,0.562432,-0.199373,0.697788,0.329158,0.636198,0,0,0,-0.107679,0.893606,0.435745,0,0,0,0.252595,0.622729,0.740543,0,0,0,0,0,0,0,0,0,0.849009,0.505302,0.154445,-0.94036,0.260379,0.218921,-0.936552,0.0597272,-0.345402,0.855992,0.307555,-0.415557,0.158986,0.987121,-0.017767,-0.434717,0.900555,0.00458485,-0.436103,0.70464,-0.559729,0,0,0
000627,0.505115,0.704722,0.504976,333.259,37.0481,139.892,0.482246,0.809703,0.334395,-0.657274,0.652551,0.377052,0,0,0,0,0,0,0.990206,0.134705,-0.0366837,-0.153895,0.934741,-0.320273,0,0,0,0.59418,0.762794,-0.255137,-0.802447,0.562432,-0.199373,0.697574,0.32961,0.636197,-0.704692,0.140464,0.69547,-0.107727,0.894038,0.434845,0,0,0,0,0,0,0,0,0,0,0,0,0,0,0,0.849397,0.504951,0.153457,-0.940254,0.260349,0.219409,-0.936584,0.0592283,-0.345402,0.8556,0.307415,-0.416466,0.158983,0.987103,-0.0187668,-0.434719,0.900559,0.00358489,-0.435957,0.704401,-0.560143,0,0,0
000628,0.5046,0.7046,0.505045,333.259,37.0481,139.892,0.482333,0.809845,0.333924,-0.657274,0.652551,0.377052,0,0,0,0,0,0,0.99017,0.1347,-0.0376829,-0.153895,0.934741,-0.320273,0,0,0,0.594101,0.762694,-0.255621,-0.802528,0.562489,-0.198883,0.69815,0.329881,0.635426,-0.704351,0.140396,0.695829,-0.107727,0.894038,0.434845,0,0,0,0.253199,0.622882,0.740208,0,0,0,0,0,0,0,0,0,0.849529,0.505029,0.152469,-0.940148,0.26032,0.219897,-0.936928,0.05925,-0.344463,0.855377,0.306804,-0.417375,0.158981,0.987094,-0.0192666,-0.434268,0.900775,0.00408489,-0.436809,0.703876,-0.56014,0,0,0
000629,0.504984,0.704722,0.504946,333.259,37.0481,139.892,0.482246,0.809703,0.334395,-0.657274,0.652551,0.377052,0,0,0,0,0,0,0.990139,0.135201,-0.0366838,-0.153895,0.934741,-0.320273,0,0,0,0.59418,0.762794,-0.255137,-0.802447,0.562432,-0.199373,0.697574,0.32961,0.636197,-0.704254,0.140887,0.695829,-0.107727,0.894038,0.434845,0,0,0,0,0,0,0,0,0,0,0,0,0,0,0,0.849142,0.505381,0.153457,-0.940387,0.259867,0.219409,-0.936865,0.060248,-0.344463,0.8556,0.307415,-0.416466,0.158983,0.987103,-0.0187668,-0.434719,0.900559,0.00358489,-0.437088,0.703374,-0.560552,0,0,0
000630,0.504553,0.705305,0.50467,208.591,24.617,182.241,0.49804,0.799284,0.336304,-0.64527,0.668568,0.369652,0,0,0,0,0,0,0.993301,0.111794,-0.0292385,-0.129057,0.9372,-0.324037,0,0,0,0.614244,0.747634,-0.252482,-0.787489,0.58046,-0.207192,0.699695,0.315748,0.640882,-0.706718,0.159472,0.689288,-0.0905751,0.897316,0.431995,0,0,0,0.260486,0.619469,0.740544,0,0,0,0,0,0,0,0,0,0.859702,0.485485,0.158796,-0.935513,0.283044,0.211426,-0.93243,0.0808659,-0.352185,0.865899,0.285492,-0.410747,0.182306,0.983031,-0.0203466,-0.41351,0.910498,-0.00158438,-0.415281,0.712028,-0.566178,0,0,0
000631,0.505268,0.705391,0.505431,208.591,24.617,182.241,0.49795,0.799142,0.336775,-0.645166,0.669182,0.368723,0,0,0,0,0,0,0.993344,0.111799,-0.0277393,-0.129057,0.9372,-0.324037,0,0,0,0.614406,0.747828,-0.251514,-0.787405,0.580398,-0.207681,0.699198,0.316073,0.641265,-0.707726,0.159699,0.6882,-0.0905951,0.897531,0.431544,0,0,0,0,0,0,0,0,0,0,0,0,0,0,0,0.859563,0.485408,0.159783,-0.935961,0.282656,0.20996,-0.932122,0.0803377,-0.353121,0.866678,0.285747,-0.408922,0.18231,0.983051,-0.0193469,-0.413509,0.910496,-0.00258435,-0.415714,0.711777,-0.566176,0,0,0
000632,0.505027,0.704977,0.505086,208.591,24.617,182.241,0.49813,0.799426,0.335833,-0.645526,0.668835,0.368723,0,0,0,0,0,0,0.993274,0.112294,-0.028239,-0.129512,0.936811,-0.324981,0,0,0,0.61463,0.747317,-0.252483,-0.787405,0.580398,-0.207681,0.700398,0.314968,0.640498,-0.707391,0.159623,0.688563,-0.0906151,0.897746,0.431092,0,0,0,0,0,0,0,0,0,0,0,0,0,0,0,0.859387,0.485882,0.159289,-0.935715,0.283105,0.210449,-0.932122,0.0803377,-0.353121,0.866289,0.28562,-0.409835,0.182306,0.983031,-0.0203466,-0.413509,0.910496,-0.00258435,-0.415573,0.711531,-0.566588,0,0,0
000633,0.505278,0.704506,0.505264,208.591,24.617,182.241,0.49813,0.799426,0.335833,-0.645781,0.669101,0.367793,0,0,0,0,0,0,0.993344,0.111799,-0.0277393,-0.129016,0.936878,-0.324983,0,0,0,0.614244,0.747634,-0.252482,-0.787238,0.580274,-0.208659,0.700398,0.314968,0.640498,-0.707726,0.159699,0.6882,-0.090635,0.897961,0.430641,0,0,0,0.261091,0.619614,0.740209,-0.33861,0.554846,0.759927,0,0,0,0,0,0,0.859387,0.485882,0.159289,-0.935916,0.283165,0.209471,-0.932079,0.0808358,-0.353121,0.866445,0.285145,-0.409835,0.182304,0.983021,-0.0208464,-0.413508,0.910493,-0.00358431,-0.415433,0.711285,-0.567,0,0,0
000634,0.505096,0.705249,0.505042,208.591,24.617,182.241,0.497526,0.799407,0.336774,-0.645398,0.668702,0.369187,0,0,0,0,0,0,0.99333,0.111797,-0.028239,-0.129057,0.9372,-0.324037,0,0,0,0.614711,0.747413,-0.251999,-0.787405,0.580398,-0.207681,0.699403,0.315617,0.641265,-0.707391,0.159623,0.688563,-0.0905951,0.897531,0.431544,0,0,0,0.25971,0.620199,0.740205,0,0,0,0,0,0,0,0,0,0.859317,0.485843,0.159783,-0.935715,0.283105,0.210449,-0.932122,0.0803377,-0.353121,0.866445,0.285145,-0.409835,0.182308,0.983041,-0.0198468,-0.413509,0.910496,-0.00258435,-0.415281,0.712028,-0.566178,0,0,0
000635,0.505243,0.704924,0.505202,208.591,24.617,182.241,0.49804,0.799284,0.336304,-0.645166,0.669182,0.368723,0,0,0,0,0,0,0.993344,0.111799,-0.0277393,-0.129512,0.936811,-0.324981,0,0,0,0.614325,0.747731,-0.251998,-0.787025,0.580738,-0.20817,0.699198,0.316073,0.641265,-0.707281,0.160111,0.688563,-0.0906151,0.897746,0.431092,0,0,0,0.26017,0.620004,0.740207,-0.339267,0.554002,0.76025,0,0,0,0,0,0,0.859317,0.485843,0.159783,-0.935816,0.283135,0.20996,-0.932079,0.0808358,-0.353121,0.866601,0.28467,-0.409835,0.182306,0.983031,-0.0203466,-0.413509,0.910495,-0.00308433,-0.414416,0.712529,-0.566182,0,0,0
000636,0.504871,0.70527,0.50518,208.591,24.617,182.241,0.49804,0.799284,0.336304,-0.64491,0.668915,0.369652,0,0,0,0,0,0,0.993316,0.111796,-0.0287388,-0.129057,0.9372,-0.324037,0,0,0,0.614325,0.747731,-0.251998,-0.787405,0.580398,-0.207681,0.700398,0.314968,0.640498,-0.706945,0.160035,0.688925,-0.0905951,0.897531,0.431544,0,0,0,0,0,0,0,0,0,0,0,0,0,0,0,0.859387,0.485882,0.159289,-0.935715,0.283105,0.210449,-0.932165,0.0798395,-0.353121,0.866289,0.28562,-0.409835,0.182306,0.983031,-0.0203466,-0.41351,0.910497,-0.00208436,-0.414556,0.712775,-0.56577,0,0,0
000637,0.504743,0.705313,0.505493,208.591,24.617,182.241,0.49813,0.799426,0.335833,-0.64491,0.668915,0.369652,0,0,0,0,0,0,0.993316,0.111796,-0.0287388,-0.129057,0.9372,-0.324037,0,0,0,0.614325,0.747731,-0.251998,-0.787489,0.58046,-0.207192,0.699988,0.31588,0.640498,-0.707391,0.159623,0.688563,-0.0905951,0.897531,0.431544,0,0,0,0.261091,0.619614,0.740209,0,0,0,0,0,0,0,0,0,0.859702,0.485485,0.158796,-0.93547,0.283553,0.210937,-0.93243,0.0808659,-0.352185,0.866289,0.28562,-0.409835,0.182308,0.983041,-0.0198468,-0.41351,0.910497,-0.00208436,-0.414697,0.71302,-0.565357,0,0,0
000638,0.504551,0.704623,0.504661,208.591,24.617,182.241,0.497706,0.799691,0.335832,-0.64491,0.668915,0.369652,0,0,0,0,0,0,0.993245,0.112291,-0.0292385,-0.129016,0.936878,-0.324983,0,0,0,0.614082,0.74744,-0.253449,-0.787405,0.580398,-0.207681,0.700398,0.314968,0.640498,-0.706608,0.15996,0.689288,-0.0906151,0.897746,0.431092,0,0,0,0,0,0,-0.338642,0.553937,0.760576,0,0,0,0,0,0,0.859771,0.485524,0.158302,-0.935513,0.283044,0.211426,-0.932298,0.0803527,-0.352653,0.865899,0.285492,-0.410747,0.182302,0.983011,-0.0213463,-0.413509,0.910496,-0.00258435,-0.415865,0.711034,-0.566998,0,0,0
000639,0.505023,0.705391,0.50451,208.591,24.617,182.241,0.49795,0.799142,0.336775,-0.64491,0.668915,0.369652,0,0,0,0,0,0,0.993274,0.112294,-0.028239,-0.129057,0.9372,-0.324037,0,0,0,0.614325,0.747731,-0.251998,-0.787405,0.580398,-0.207681,0.699814,0.314705,0.641266,-0.706608,0.15996,0.689288,-0.0905751,0.897316,0.431995,0,0,0,0.25988,0.619323,0.740879,0,0,0,0,0,0,0,0,0,0.859317,0.485843,0.159783,-0.935715,0.283105,0.210449,-0.932079,0.0808358,-0.353121,0.866289,0.28562,-0.409835,0.182308,0.983041,-0.0198468,-0.41351,0.910497,-0.00208436,-0.414416,0.712529,-0.566182,0,0,0
000640,0.504973,0.704894,0.504895,250.446,19.8062,57.0795,0.51426,0.787778,0.33903,-0.631883,0.684688,0.363216,0,0,0,0,0,0,0.995915,0.0879616,-0.0203987,-0.103747,0.939214,-0.327281,0,0,0,0.634143,0.7323,-0.248194,-0.771515,0.598712,-0.215195,0.702256,0.299138,0.646029,-0.708881,0.177477,0.682634,-0.0727811,0.900093,0.429575,0,0,0,0,0,0,0,0,0,0,0,0,0,0,0,0.869705,0.465003,0.165485,-0.930443,0.305699,0.20205,-0.926949,0.101531,-0.361188,0.876296,0.263609,-0.403256,0.205989,0.978349,-0.0200544,-0.391579,0.920116,-0.00731961,0,0,0,0,0,0
000641,0.504616,0.704538,0.505336,250.446,19.8062,57.0795,0.514447,0.78806,0.33809,-0.632496,0.684616,0.362284,0,0,0,0,0,0,0.995894,0.0879598,-0.0213983,-0.103747,0.939214,-0.327281,0,0,0,0.63406,0.732206,-0.248679,-0.7716,0.598778,-0.214707,0.702161,0.300185,0.645647,-0.70876,0.177962,0.682634,-0.0728124,0.900521,0.428672,0,0,0,0.269659,0.614681,0.74125,-0.332432,0.563103,0.756574,0,0,0,0,0,0,0.869851,0.465081,0.164499,-0.930503,0.305192,0.202539,-0.927253,0.102067,-0.360255,0.876103,0.263551,-0.403713,0.205984,0.978329,-0.021054,-0.391579,0.920116,-0.00731961,0,0,0,0,0,0
000642,0.505391,0.70486,0.505357,250.446,19.8062,57.0795,0.51426,0.787778,0.33903,-0.632128,0.684955,0.362284,0,0,0,0,0,0,0.995935,0.0879634,-0.019399,-0.103764,0.939377,-0.326808,0,0,0,0.634602,0.732065,-0.247711,-0.77143,0.598646,-0.215683,0.702256,0.299138,0.646029,-0.709543,0.177642,0.681903,-0.0727968,0.900307,0.429124,0,0,0,0.269509,0.614342,0.741586,-0.333294,0.562596,0.756572,0,0,0,0,0,0,0.869323,0.465366,0.166471,-0.930383,0.306205,0.20156,-0.926895,0.102028,-0.361188,0.876682,0.263724,-0.402341,0.205989,0.978349,-0.0200544,-0.391579,0.920116,-0.00731961,0,0,0,0,0,0
000643,0.504817,0.704888,0.505334,250.446,19.8062,57.0795,0.51426,0.787778,0.33903,-0.632373,0.684483,0.36275,0,0,0,0,0,0,0.995949,0.0874627,-0.0208985,-0.10378,0.93954,-0.326336,0,0,0,0.634143,0.7323,-0.248194,-0.7716,0.598778,-0.214707,0.701863,0.300058,0.646028,-0.709212,0.17756,0.682269,-0.0727968,0.900307,0.429124,0,0,0,0.269509,0.614342,0.741586,0,0,0,0,0,0,0,0,0,0.869469,0.465444,0.165485,-0.930347,0.305667,0.202539,-0.927198,0.102564,-0.360255,0.876345,0.264145,-0.402798,0.205989,0.978349,-0.0200544,-0.391579,0.920116,-0.00731961,0,0,0,0,0,0
000644,0.50495,0.704957,0.505133,250.446,19.8062,57.0795,0.51426,0.787778,0.33903,-0.631883,0.684688,0.363216,0,0,0,0,0,0,0.995915,0.0879616,-0.0203987,-0.10378,0.93954,-0.326336,0,0,0,0.634143,0.7323,-0.248194,-0.771515,0.598712,-0.215195,0.70206,0.299598,0.646029,-0.70876,0.177962,0.682634,-0.0727968,0.900307,0.429124,0,0,0,0.268594,0.614746,0.741583,0,0,0,0,0,0,0,0,0,0.869705,0.465003,0.165485,-0.930443,0.305699,0.20205,-0.926949,0.101531,-0.361188,0.876345,0.264145,-0.402798,0.205989,0.978349,-0.0200544,-0.391579,0.920116,-0.00731961,0,0,0,0,0,0
000645,0.505228,0.704769,0.504656,250.446,19.8062,57.0795,0.514167,0.787637,0.339501,-0.632496,0.684616,0.362284,0,0,0,0,0,0,0.995925,0.0879625,-0.0198988,-0.103747,0.939214,-0.327281,0,0,0,0.634143,0.7323,-0.248194,-0.77143,0.598646,-0.215683,0.701269,0.299805,0.646791,-0.708881,0.177477,0.682634,-0.0727811,0.900093,0.429575,0,0,0,0.268901,0.614205,0.74192,0,0,0,0,0,0,0,0,0,0.869632,0.464964,0.165978,-0.930443,0.305699,0.20205,-0.92684,0.102525,-0.361188,0.876345,0.264145,-0.402798,0.205989,0.978349,-0.0200544,-0.391579,0.920116,-0.00731961,0,0,0,0,0,0
000646,0.505446,0.704526,0.505284,250.446,19.8062,57.0795,0.51426,0.787778,0.33903,-0.63274,0.684883,0.361351,0,0,0,0,0,0,0.995935,0.0879634,-0.019399,-0.103747,0.939214,-0.327281,0,0,0,0.634224,0.732393,-0.24771,-0.771345,0.598579,-0.216172,0.702256,0.299138,0.646029,-0.709543,0.177642,0.681903,-0.0728124,0.900521,0.428672,0,0,0,0.269509,0.614342,0.741586,-0.331761,0.563935,0.756249,0,0,0,0,0,0,0.869632,0.464964,0.165978,-0.930634,0.305762,0.20107,-0.92684,0.102525,-0.361188,0.876682,0.263724,-0.402341,0.205989,0.978349,-0.0200544,-0.391576,0.920108,-0.00831955,0,0,0,0,0,0
000647,0.504585,0.705382,0.505142,250.446,19.8062,57.0795,0.51426,0.787778,0.33903,-0.632251,0.684349,0.363215,0,0,0,0,0,0,0.995861,0.0884587,-0.0208985,-0.10378,0.93954,-0.326336,0,0,0,0.634143,0.7323,-0.248194,-0.771684,0.598844,-0.214218,0.701863,0.300058,0.646028,-0.709002,0.176992,0.682634,-0.0727811,0.900093,0.429575,0,0,0,0,0,0,-0.333343,0.561689,0.757224,0,0,0,0,0,0,0.869469,0.465444,0.165485,-0.930251,0.305636,0.203029,-0.927308,0.10157,-0.360255,0.876103,0.263551,-0.403713,0.205991,0.978359,-0.0195545,-0.391581,0.920122,-0.00631966,0,0,0,0,0,0
000648,0.504906,0.704655,0.504983,250.446,19.8062,57.0795,0.51426,0.787778,0.33903,-0.632496,0.684616,0.362284,0,0,0,0,0,0,0.995915,0.0879616,-0.0203987,-0.103747,0.939214,-0.327281,0,0,0,0.634438,0.731879,-0.248679,-0.771515,0.598712,-0.215195,0.70206,0.299598,0.646029,-0.70876,0.177962,0.682634,-0.0727968,0.900307,0.429124,0,0,0,0.269051,0.614544,0.741584,0,0,0,0,0,0,0,0,0,0.869469,0.465444,0.165485,-0.930443,0.305699,0.20205,-0.926949,0.101531,-0.361188,0.876296,0.263609,-0.403256,0.205986,0.978339,-0.0205542,-0.391579,0.920116,-0.00731961,0,0,0,0,0,0
000649,0.504855,0.705208,0.504644,250.446,19.8062,57.0795,0.513654,0.787769,0.33997,-0.631883,0.684688,0.363216,0,0,0,0,0,0,0.995915,0.0879616,-0.0203987,-0.10378,0.93954,-0.326336,0,0,0,0.634143,0.7323,-0.248194,-0.771293,0.599173,-0.214707,0.701269,0.299805,0.646791,-0.708429,0.177879,0.682999,-0.0727655,0.899879,0.430027,0,0,0,0.270122,0.61326,0.742258,-0.33205,0.562449,0.757228,0,0,0,0,0,0,0.869396,0.465405,0.165978,-0.930251,0.305636,0.203029,-0.926949,0.101531,-0.361188,0.876103,0.263551,-0.403713,0.205991,0.978359,-0.0195545,-0.39158,0.920119,-0.00681964,0,0,0,0,0,0
000650,0.505128,0.705057,0.504765,250.118,13.5212,134.509,0.498655,0.799665,0.334484,-0.644526,0.671066,0.36641,0,0,0,0,0,0,0.993548,0.109948,-0.0278297,-0.127141,0.935998,-0.328243,0,0,0,0.615842,0.745798,-0.254014,-0.786152,0.580987,-0.210758,0.699448,0.316557,0.640753,-0.70731,0.163125,0.687824,-0.089385,0.899137,0.428442,0,0,0,0.260972,0.621509,0.738661,-0.336333,0.558709,0.758106,0,0,0,0,0,0,0.860048,0.484861,0.158832,-0.935381,0.285455,0.208752,-0.93166,0.0812676,-0.354126,0.86712,0.282698,-0.410104,0.18403,0.98264,-0.0235074,-0.411937,0.911193,-0.00599127,-0.412747,0.711317,-0.568919,0,0,0
000651,0.504567,0.704721,0.504842,250.118,13.5212,134.509,0.499258,0.799682,0.333542,-0.644038,0.67128,0.366876,0,0,0,0,0,0,0.993464,0.110442,-0.0288291,-0.127141,0.935998,-0.328243,0,0,0,0.615679,0.745603,-0.254981,-0.786237,0.58105,-0.210269,0.700237,0.316364,0.639985,-0.706863,0.163536,0.688187,-0.0894045,0.899351,0.42799,0,0,0,0.260656,0.622043,0.738323,-0.336333,0.558709,0.758106,0,0,0,0,0,0,0.8605,0.484541,0.157351,-0.935181,0.285394,0.209729,-0.932012,0.081298,-0.353191,0.866729,0.282572,-0.411015,0.184027,0.982628,-0.0240072,-0.411937,0.911193,-0.00599127,-0.412747,0.711317,-0.568919,0,0,0
000652,0.504882,0.704604,0.505395,250.118,13.5212,134.509,0.498834,0.799947,0.333541,-0.644291,0.671545,0.365946,0,0,0,0,0,0,0.993534,0.109947,-0.0283294,-0.127141,0.935998,-0.328243,0,0,0,0.61576,0.745701,-0.254498,-0.786237,0.58105,-0.210269,0.700032,0.31682,0.639985,-0.707533,0.16369,0.687461,-0.089424,0.899564,0.427538,0,0,0,0.261261,0.622188,0.737987,-0.339756,0.55664,0.758101,0,0,0,0,0,0,0.860186,0.484938,0.157844,-0.935381,0.285455,0.208752,-0.931746,0.0802714,-0.354127,0.86712,0.282698,-0.410104,0.184027,0.982628,-0.0240072,-0.411935,0.91119,-0.00649124,-0.41318,0.711067,-0.568917,0,0,0
000653,0.505412,0.704887,0.50456,250.118,13.5212,134.509,0.499079,0.7994,0.334485,-0.644291,0.671545,0.365946,0,0,0,0,0,0,0.993561,0.10995,-0.0273299,-0.127141,0.935998,-0.328243,0,0,0,0.615842,0.745798,-0.254014,-0.786068,0.580924,-0.211246,0.699859,0.315645,0.640753,-0.707198,0.163613,0.687824,-0.089385,0.899137,0.428442,0,0,0,0.261287,0.620974,0.738999,-0.336333,0.558709,0.758106,0,0,0,0,0,0,0.860293,0.484426,0.158832,-0.935481,0.285485,0.208263,-0.93135,0.0807391,-0.355061,0.86712,0.282698,-0.410104,0.18403,0.98264,-0.0235074,-0.411935,0.91119,-0.00649124,-0.413331,0.710322,-0.569737,0,0,0
000654,0.505364,0.705033,0.505141,250.118,13.5212,134.509,0.498655,0.799665,0.334484,-0.644291,0.671545,0.365946,0,0,0,0,0,0,0.993561,0.10995,-0.0273299,-0.127637,0.935931,-0.328241,0,0,0,0.616227,0.74548,-0.254015,-0.785855,0.581389,-0.210758,0.699448,0.316557,0.640753,-0.707533,0.16369,0.687461,-0.0894045,0.899351,0.42799,0,0,0,0,0,0,0,0,0,0,0,0,0,0,0,0.860293,0.484426,0.158832,-0.93558,0.285516,0.207774,-0.931527,0.0807543,-0.354594,0.867469,0.282286,-0.409648,0.18403,0.98264,-0.0235074,-0.411937,0.911193,-0.00599127,-0.412747,0.711317,-0.568919,0,0,0
000655,0.505219,0.705323,0.504703,250.118,13.5212,134.509,0.499079,0.7994,0.334485,-0.644038,0.67128,0.366876,0,0,0,0,0,0,0.993602,0.109451,-0.0278297,-0.127182,0.936323,-0.327298,0,0,0,0.616227,0.74548,-0.254015,-0.786152,0.580987,-0.210758,0.699859,0.315645,0.640753,-0.70731,0.163125,0.687824,-0.0893654,0.898924,0.428893,0,0,0,0.261287,0.620974,0.738999,-0.339364,0.555991,0.758753,0,0,0,0,0,0,0.860293,0.484426,0.158832,-0.935381,0.285455,0.208752,-0.931393,0.0802409,-0.355062,0.86712,0.282698,-0.410104,0.184032,0.982651,-0.0230076,-0.411937,0.911193,-0.00599127,-0.412747,0.711317,-0.568919,0,0,0
000656,0.504691,0.704857,0.505187,250.118,13.5212,134.509,0.499258,0.799682,0.333542,-0.644038,0.67128,0.366876,0,0,0,0,0,0,0.993574,0.109448,-0.0288291,-0.127637,0.935931,-0.328241,0,0,0,0.61576,0.745701,-0.254498,-0.786237,0.58105,-0.210269,0.700032,0.31682,0.639985,-0.707198,0.163613,0.687824,-0.0894045,0.899351,0.42799,0,0,0,0.261577,0.621654,0.738325,0,0,0,0,0,0,0,0,0,0.860186,0.484938,0.157844,-0.935281,0.285425,0.209241,-0.932012,0.081298,-0.353191,0.867038,0.281621,-0.411016,0.18403,0.98264,-0.0235074,-0.411937,0.911193,-0.00599127,-0.413613,0.710817,-0.568915,0,0,0
000657,0.505125,0.704629,0.505296,250.118,13.5212,134.509,0.499258,0.799682,0.333542,-0.644291,0.671545,0.365946,0,0,0,0,0,0,0.993548,0.109948,-0.0278297,-0.127141,0.935998,-0.328243,0,0,0,0.61576,0.745701,-0.254498,-0.785855,0.581389,-0.210758,0.700443,0.315909,0.639985,-0.707533,0.16369,0.687461,-0.089424,0.899564,0.427538,0,0,0,0.261577,0.621654,0.738325,-0.339756,0.55664,0.758101,0,0,0,0,0,0,0.860117,0.4849,0.158338,-0.935627,0.285007,0.208263,-0.931703,0.0807695,-0.354127,0.867274,0.282223,-0.410104,0.184027,0.982628,-0.0240072,-0.41148,0.911396,-0.00649126,-0.412747,0.711317,-0.568919,0,0,0
000658,0.505455,0.705281,0.504731,250.118,13.5212,134.509,0.499079,0.7994,0.334485,-0.644652,0.671199,0.365945,0,0,0,0,0,0,0.993561,0.10995,-0.0273299,-0.127637,0.935931,-0.328241,0,0,0,0.615924,0.745895,-0.253531,-0.786068,0.580924,-0.211246,0.699859,0.315645,0.640753,-0.707645,0.163203,0.687461,-0.089385,0.899137,0.428442,0,0,0,0.261287,0.620974,0.738999,-0.338705,0.556834,0.75843,0,0,0,0,0,0,0.859978,0.484822,0.159325,-0.935481,0.285485,0.208263,-0.93135,0.0807391,-0.355061,0.867429,0.281747,-0.410104,0.184032,0.982651,-0.0230076,-0.411937,0.911193,-0.00599127,-0.414196,0.709821,-0.569733,0,0,0
000659,0.505399,0.704786,0.504726,250.118,13.5212,134.509,0.498655,0.799665,0.334484,-0.644291,0.671545,0.365946,0,0,0,0,0,0,0.993561,0.10995,-0.0273299,-0.127141,0.935998,-0.328243,0,0,0,0.615842,0.745798,-0.254014,-0.786068,0.580924,-0.211246,0.699654,0.316101,0.640753,-0.707645,0.163203,0.687461,-0.0894045,0.899351,0.42799,0,0,0,0.260972,0.621509,0.738661,0,0,0,0,0,0,0,0,0,0.860048,0.484861,0.158832,-0.935726,0.285038,0.207774,-0.93135,0.0807391,-0.355061,0.867274,0.282223,-0.410104,0.18403,0.98264,-0.0235074,-0.411934,0.911187,-0.00699121,-0.413331,0.710322,-0.569737,0,0,0
000660,0.504634,0.705024,0.504889,86.9452,178.646,102.148,0.536665,0.752573,0.381607,-0.612209,0.687802,0.390036,0,0,0,0,0,0,0.998477,0.0546401,-0.00758523,-0.0676625,0.957255,-0.281221,0,0,0,0.661412,0.721034,-0.206506,-0.748235,0.634991,-0.192174,0.704426,0.244175,0.666455,-0.709698,0.168885,0.683964,-0.0466531,0.880548,0.471655,0,0,0,0,0,0,0,0,0,0,0,0,0,0,0,0.882936,0.426826,0.19556,-0.921587,0.327305,0.208684,-0.919209,0.1508,-0.36375,0.888945,0.252498,-0.382127,0.239659,0.970413,0.0293703,-0.3596,0.932495,0.0337776,-0.36165,0.761059,-0.538515,0,0,0
000661,0.504624,0.705425,0.505085,86.9452,178.646,102.148,0.537071,0.752283,0.381609,-0.612209,0.687802,0.390036,0,0,0,0,0,0,0.998477,0.0546401,-0.00758523,-0.0676625,0.957255,-0.281221,0,0,0,0.661482,0.721109,-0.206017,-0.748235,0.634991,-0.192174,0.704263,0.244647,0.666455,-0.710261,0.167991,0.6836,-0.0466425,0.880312,0.472096,0,0,0,0,0,0,0,0,0,0,0,0,0,0,0,0.882936,0.426826,0.19556,-0.921321,0.327741,0.209173,-0.919405,0.151845,-0.362818,0.888992,0.253031,-0.381665,0.239659,0.970413,0.0293703,-0.359588,0.932463,0.034777,-0.361877,0.761547,-0.537672,0,0,0
000662,0.504937,0.704945,0.50519,86.9452,178.646,102.148,0.536665,0.752573,0.381607,-0.612841,0.687762,0.389115,0,0,0,0,0,0,0.998508,0.0541411,-0.0070853,-0.0676625,0.957255,-0.281221,0,0,0,0.66178,0.720696,-0.206507,-0.748162,0.634929,-0.192665,0.704426,0.244175,0.666455,-0.710478,0.168556,0.683235,-0.0466637,0.880783,0.471214,0,0,0,0,0,0,0,0,0,0,0,0,0,0,0,0.883153,0.426376,0.19556,-0.921852,0.326869,0.208195,-0.919128,0.151293,-0.36375,0.889176,0.253082,-0.381203,0.239659,0.970413,0.0293703,-0.3596,0.932495,0.0337776,0,0,0,0,0,0
000663,0.50538,0.705267,0.504891,86.9452,178.646,102.148,0.536441,0.752264,0.382531,-0.612841,0.687762,0.389115,0,0,0,0,0,0,0.998488,0.0546407,-0.00608545,-0.0676625,0.957255,-0.281221,0,0,0,0.661552,0.721185,-0.205528,-0.748088,0.634866,-0.193156,0.703632,0.24443,0.6672,-0.710478,0.168556,0.683235,-0.0466425,0.880312,0.472096,0,0,0,0,0,0,0,0,0,0,0,0,0,0,0,0.882671,0.426698,0.19703,-0.921783,0.327375,0.207706,-0.918769,0.151234,-0.364681,0.889496,0.252653,-0.380741,0.239656,0.970398,0.02987,-0.3596,0.932495,0.0337776,-0.36165,0.761059,-0.538515,0,0,0
000664,0.504781,0.704916,0.504577,86.9452,178.646,102.148,0.537071,0.752283,0.381609,-0.612209,0.687802,0.390036,0,0,0,0,0,0,0.998454,0.0551396,-0.0070853,-0.0676457,0.956973,-0.282181,0,0,0,0.661412,0.721034,-0.206506,-0.748162,0.634929,-0.192665,0.704753,0.24323,0.666455,-0.709698,0.168885,0.683964,-0.0466531,0.880548,0.471655,0,0,0,0,0,0,0,0,0,0,0,0,0,0,0,0.883153,0.426376,0.19556,-0.921587,0.327305,0.208684,-0.919047,0.151786,-0.363749,0.888945,0.252498,-0.382127,0.239659,0.970413,0.0293703,-0.3596,0.932495,0.0337776,-0.360746,0.761486,-0.538519,0,0,0
000665,0.504849,0.705115,0.50498,86.9452,178.646,102.148,0.537071,0.752283,0.381609,-0.612209,0.687802,0.390036,0,0,0,0,0,0,0.998454,0.0551396,-0.0070853,-0.0676625,0.957255,-0.281221,0,0,0,0.66178,0.720696,-0.206507,-0.748162,0.634929,-0.192665,0.704426,0.244175,0.666455,-0.710146,0.168478,0.6836,-0.0466531,0.880548,0.471655,0,0,0,0,0,0,0,0,0,0,0,0,0,0,0,0.882848,0.426783,0.19605,-0.921587,0.327305,0.208684,-0.919128,0.151293,-0.36375,0.889129,0.25255,-0.381665,0.239659,0.970413,0.0293703,-0.3596,0.932495,0.0337776,-0.361311,0.761517,-0.538095,0,0,0
000666,0.505182,0.705499,0.505023,86.9452,178.646,102.148,0.536441,0.752264,0.382531,-0.612209,0.687802,0.390036,0,0,0,0,0,0,0.998484,0.0546405,-0.00658537,-0.0676625,0.957255,-0.281221,0,0,0,0.661552,0.721185,-0.205528,-0.748162,0.634929,-0.192665,0.704753,0.24323,0.666455,-0.710478,0.168556,0.683235,-0.0466425,0.880312,0.472096,0,0,0,0,0,0,0,0,0,0,0,0,0,0,0,0.882977,0.426291,0.196541,-0.921518,0.327811,0.208195,-0.919047,0.151786,-0.363749,0.889312,0.252601,-0.381203,0.239652,0.970384,0.0303697,-0.359594,0.932479,0.0342773,-0.360972,0.761974,-0.537676,0,0,0
000667,0.504695,0.704582,0.504963,86.9452,178.646,102.148,0.537295,0.752591,0.380684,-0.611835,0.688134,0.390037,0,0,0,0,0,0,0.998477,0.0546401,-0.00758523,-0.0676457,0.956973,-0.282181,0,0,0,0.661341,0.720958,-0.206995,-0.747838,0.63531,-0.192665,0.704263,0.244647,0.666455,-0.710146,0.168478,0.6836,-0.0466637,0.880783,0.471214,0,0,0,0,0,0,0,0,0,0,0,0,0,0,0,0.883242,0.426418,0.19507,-0.921587,0.327305,0.208684,-0.919209,0.1508,-0.36375,0.888945,0.252498,-0.382127,0.239667,0.970441,0.0283708,-0.359606,0.932511,0.0332779,-0.36165,0.761059,-0.538515,0,0,0
000668,0.504649,0.704768,0.505438,86.9452,178.646,102.148,0.537295,0.752591,0.380684,-0.612841,0.687762,0.389115,0,0,0,0,0,0,0.998477,0.0546401,-0.00758523,-0.0676541,0.957114,-0.281701,0,0,0,0.661412,0.721034,-0.206506,-0.748235,0.634991,-0.192174,0.705382,0.243447,0.665709,-0.71003,0.168964,0.683599,-0.0466637,0.880783,0.471214,0,0,0,0,0,0,0,0,0,0,0,0,0,0,0,0.883242,0.426418,0.19507,-0.921587,0.327305,0.208684,-0.919405,0.151845,-0.362818,0.888992,0.253031,-0.381665,0.239667,0.970441,0.0283708,-0.3596,0.932495,0.0337776,-0.361763,0.761303,-0.538094,0,0,0
000669,0.505271,0.704902,0.504977,86.9452,178.646,102.148,0.537071,0.752283,0.381609,-0.612467,0.688094,0.389115,0,0,0,0,0,0,0.998484,0.0546405,-0.00658537,-0.0676457,0.956973,-0.282181,0,0,0,0.661482,0.721109,-0.206017,-0.748088,0.634866,-0.193156,0.704753,0.24323,0.666455,-0.710478,0.168556,0.683235,-0.0466531,0.880548,0.471655,0,0,0,0,0,0,0,0,0,0,0,0,0,0,0,0.882759,0.426741,0.19654,-0.921783,0.327375,0.207706,-0.91885,0.150741,-0.364681,0.889312,0.252601,-0.381203,0.239659,0.970413,0.0293703,-0.359606,0.932511,0.0332779,-0.361198,0.761272,-0.538517,0,0,0
000670,0.504784,0.705085,0.505315,71.1654,341.152,173.832,0.527624,0.741398,0.41466,-0.621305,0.657783,0.425796,-0.624772,0.375829,-0.684407,0,0,0,0.997384,0.0716859,-0.00924625,-0.0845566,0.968528,-0.234103,0,0,0,0.648625,0.740943,-0.174037,-0.759263,0.631385,-0.15771,0.705129,0.221806,0.673495,-0.709309,0.122444,0.694182,-0.058067,0.855792,0.514052,0,0,0,0,0,0,0,0,0,0,0,0,0,0,0,0.876891,0.431407,0.212013,-0.925743,0.301207,0.228638,-0.923595,0.153424,-0.35133,0.882602,0.28664,-0.372628,0.224148,0.97162,0.0755731,-0.374251,0.923757,0.0812983,-0.377175,0.780697,-0.498249,0,0,0
000671,0.505369,0.704959,0.505099,71.1654,341.152,173.832,0.526974,0.741351,0.415568,-0.62196,0.65775,0.42489,-0.623184,0.377789,-0.684775,0,0,0,0.997393,0.0716865,-0.00824642,-0.0845566,0.968528,-0.234103,0,0,0,0.648364,0.741402,-0.173051,-0.759142,0.631283,-0.158698,0.704486,0.221603,0.674234,0,0,0,-0.058067,0.855792,0.514052,0,0,0,0,0,0,0,0,0,0,0,0,0,0,0,0.876701,0.431314,0.21299,-0.92596,0.301277,0.227664,-0.923166,0.153859,-0.352266,0.882956,0.286754,-0.3717,0.224139,0.971584,0.0760716,-0.374266,0.923795,0.0808,-0.375822,0.781345,-0.498254,0,0,0
000672,0.505081,0.704891,0.505428,71.1654,341.152,173.832,0.527624,0.741398,0.41466,-0.62196,0.65775,0.42489,-0.623995,0.377112,-0.68441,0,0,0,0.997389,0.0716862,-0.00874633,-0.0845566,0.968528,-0.234103,0,0,0,0.648307,0.741337,-0.173544,-0.759522,0.630949,-0.158204,0.705129,0.221806,0.673495,0,0,0,-0.058067,0.855792,0.514052,0,0,0,0,0,0,0,0,0,0,0,0,0,0,0,0.877112,0.430958,0.212013,-0.925851,0.301242,0.228151,-0.923431,0.15441,-0.35133,0.882779,0.286697,-0.372164,0.224157,0.971657,0.0750745,-0.374266,0.923795,0.0808,-0.376724,0.780913,-0.498251,0,0,0
000673,0.505454,0.705229,0.505156,71.1654,341.152,173.832,0.527381,0.741061,0.415569,-0.620941,0.658126,0.425796,-0.622697,0.379249,-0.684411,0,0,0,0.997397,0.0716868,-0.00774651,-0.0845566,0.968528,-0.234103,0,0,0,0.64874,0.741073,-0.173052,-0.758883,0.631718,-0.158204,0.704486,0.221603,0.674234,0,0,0,-0.0580517,0.855535,0.51448,0,0,0,0,0,0,0,0,0,0,0,0,0,0,0,0.876921,0.430865,0.21299,-0.926068,0.301312,0.227177,-0.923166,0.153859,-0.352266,0.882956,0.286754,-0.3717,0.224139,0.971584,0.0760716,-0.374266,0.923795,0.0808,-0.376273,0.781129,-0.498253,0,0,0
000674,0.504542,0.705408,0.504527,71.1654,341.152,173.832,0.526974,0.741351,0.415568,-0.621013,0.657472,0.4267,-0.623476,0.377967,-0.684411,0,0,0,0.99738,0.0716856,-0.00974617,-0.0845744,0.968761,-0.233131,0,0,0,0.648249,0.741272,-0.174036,-0.759064,0.63187,-0.156723,0.704336,0.22208,0.674234,-0.708624,0.122327,0.694901,-0.0580211,0.855021,0.515338,0,0,0,0,0,0,0,0,0,0,0,0,0,0,0,0.877112,0.430958,0.212013,-0.925634,0.301171,0.229124,-0.923595,0.153424,-0.35133,0.882247,0.286526,-0.373556,0.224139,0.971584,0.0760716,-0.374236,0.923719,0.0817966,-0.376724,0.780913,-0.498251,0,0,0
000675,0.50533,0.705001,0.505219,71.1654,341.152,173.832,0.526974,0.741351,0.415568,-0.62196,0.65775,0.42489,-0.622957,0.378822,-0.684411,0,0,0,0.997393,0.0716865,-0.00824642,-0.0845566,0.968528,-0.234103,0,0,0,0.648364,0.741402,-0.173051,-0.758883,0.631718,-0.158204,0.704336,0.22208,0.674234,0,0,0,-0.058067,0.855792,0.514052,0,0,0,0,0,0,0,0,0,0,0,0,0,0,0,0.876701,0.431314,0.21299,-0.92596,0.301277,0.227664,-0.923248,0.153366,-0.352266,0.882956,0.286754,-0.3717,0.224139,0.971584,0.0760716,-0.374266,0.923795,0.0808,-0.376273,0.781129,-0.498253,0,0,0
000676,0.504895,0.704672,0.504595,71.1654,341.152,173.832,0.527095,0.74152,0.415113,-0.621305,0.657783,0.425796,-0.624187,0.375473,-0.685135,0,0,0,0.997384,0.0716859,-0.00924625,-0.0845476,0.968411,-0.234589,0,0,0,0.648249,0.741272,-0.174036,-0.759203,0.631334,-0.158204,0.704336,0.22208,0.674234,0,0,0,-0.0580517,0.855535,0.51448,0,0,0,0,0,0,0,0,0,0,0,0,0,0,0,0.877112,0.430958,0.212013,-0.926006,0.300766,0.228151,-0.923248,0.153366,-0.352266,0.882424,0.286583,-0.373092,0.224157,0.971657,0.0750745,-0.374266,0.923795,0.0808,-0.376511,0.780462,-0.499118,0,0,0
000677,0.505488,0.704599,0.505316,71.1654,341.152,173.832,0.527095,0.74152,0.415113,-0.621596,0.658093,0.424891,-0.623184,0.377789,-0.684775,0,0,0,0.997397,0.0716868,-0.00774651,-0.0845566,0.968528,-0.234103,0,0,0,0.647988,0.741731,-0.173051,-0.759142,0.631283,-0.158698,0.704186,0.222557,0.674233,-0.709651,0.122503,0.693822,-0.0580823,0.856048,0.513623,0,0,0,0,0,0,0,0,0,0,0,0,0,0,0,0.876701,0.431314,0.21299,-0.926068,0.301312,0.227177,-0.923166,0.153859,-0.352266,0.882956,0.286754,-0.3717,0.224157,0.971657,0.0750745,-0.374295,0.923869,0.0798032,-0.376962,0.780246,-0.499116,0,0,0
000678,0.504813,0.70542,0.504796,71.1654,341.152,173.832,0.526974,0.741351,0.415568,-0.621013,0.657472,0.4267,-0.623476,0.377967,-0.684411,0,0,0,0.997384,0.0716859,-0.00924625,-0.0845744,0.968761,-0.233131,0,0,0,0.648307,0.741337,-0.173544,-0.759004,0.631819,-0.157217,0.704336,0.22208,0.674234,0,0,0,-0.0580364,0.855278,0.514909,0,0,0,0,0,0,0,0,0,0,0,0,0,0,0,0.877017,0.430912,0.212501,-0.925634,0.301171,0.229124,-0.923513,0.153917,-0.35133,0.882602,0.28664,-0.372628,0.224139,0.971584,0.0760716,-0.374236,0.923719,0.0817966,-0.376724,0.780913,-0.498251,0,0,0
000679,0.50459,0.705208,0.505124,71.1654,341.152,173.832,0.527095,0.74152,0.415113,-0.621159,0.657627,0.426248,-0.624772,0.375829,-0.684407,0,0,0,0.99738,0.0716856,-0.00974617,-0.0845655,0.968644,-0.233617,0,0,0,0.648249,0.741272,-0.174036,-0.759324,0.631435,-0.157216,0.705129,0.221806,0.673495,-0.708967,0.122385,0.694542,-0.0580517,0.855535,0.51448,0,0,0,0,0,0,0,0,0,0,0,0,0,0,0,0.876891,0.431407,0.212013,-0.925634,0.301171,0.229124,-0.923595,0.153424,-0.35133,0.882424,0.286583,-0.373092,0.224139,0.971584,0.0760716,-0.374236,0.923719,0.0817966,-0.377625,0.78048,-0.498247,0,0,0
000680,0.50469,0.704888,0.504545,131.642,199.509,286.546,0.493786,0.784279,0.375608,-0.648226,0.643491,0.40709,-0.65097,0.313991,-0.69112,0,0,0,0.992324,0.120589,-0.0274273,-0.137169,0.951879,-0.274065,0,0,0,0.607274,0.76466,-0.215671,-0.792442,0.584738,-0.173546,0.70099,0.285801,0.653399,0,0,0,-0.0950216,0.872841,0.478664,0,0,0,0,0,0,0,0,0,0,0,0,0,0,0,0.856436,0.483605,0.180676,-0.936766,0.264087,0.229626,-0.934356,0.0913441,-0.344434,0.861859,0.31342,-0.398708,0.175084,0.984093,0.0301097,-0.419982,0.906326,0.0467802,-0.42256,0.737804,-0.526392,0,0,0
000681,0.504997,0.704794,0.505056,131.642,199.509,286.546,0.493786,0.784279,0.375608,-0.64837,0.643634,0.406633,-0.651406,0.313091,-0.691118,0,0,0,0.992229,0.121585,-0.0264278,-0.137169,0.951879,-0.274065,0,0,0,0.607341,0.764744,-0.215183,-0.792372,0.584686,-0.174039,0.70099,0.285801,0.653399,0,0,0,-0.0950456,0.873079,0.478225,0,0,0,0,0,0,0,0,0,0,0,0,0,0,0,0.856681,0.48317,0.180677,-0.937122,0.263668,0.228653,-0.934307,0.0918417,-0.344434,0.862062,0.314025,-0.39779,0.175084,0.984093,0.0301097,-0.419982,0.906326,0.0467802,-0.422994,0.737556,-0.52639,0,0,0
000682,0.505341,0.705223,0.504945,131.642,199.509,286.546,0.49316,0.784229,0.376534,-0.64837,0.643634,0.406633,-0.650752,0.314441,-0.691121,0,0,0,0.992303,0.12109,-0.0259281,-0.137169,0.951879,-0.274065,0,0,0,0.607476,0.764911,-0.214207,-0.792372,0.584686,-0.174039,0.700007,0.28648,0.654156,0,0,0,-0.0950216,0.872841,0.478664,0,0,0,0,0,0,0,0,0,0,0,0,0,0,0,0.856523,0.483081,0.18166,-0.937096,0.26418,0.228166,-0.934013,0.0913105,-0.345372,0.862436,0.314161,-0.396873,0.175078,0.984063,0.0311091,-0.419982,0.906326,0.0467802,-0.423428,0.737308,-0.526388,0,0,0
000683,0.505074,0.705108,0.504629,131.642,199.509,286.546,0.493685,0.784121,0.376072,-0.64837,0.643634,0.406633,-0.650316,0.31534,-0.691122,0,0,0,0.99229,0.121088,-0.0264278,-0.137169,0.951879,-0.274065,0,0,0,0.607409,0.764827,-0.214695,-0.792372,0.584686,-0.174039,0.700007,0.28648,0.654156,0,0,0,-0.0950216,0.872841,0.478664,0,0,0,0,0,0,0,0,0,0,0,0,0,0,0,0.856602,0.483126,0.181168,-0.936876,0.264118,0.229139,-0.934258,0.0923393,-0.344434,0.862062,0.314025,-0.39779,0.175078,0.984063,0.0311091,-0.419982,0.906326,0.0467802,-0.422994,0.737556,-0.52639,0,0,0
000684,0.505133,0.705244,0.504577,131.642,199.509,286.546,0.493583,0.783962,0.376535,-0.64837,0.643634,0.406633,-0.650097,0.31579,-0.691123,0,0,0,0.99235,0.120592,-0.0264278,-0.137169,0.951879,-0.274065,0,0,0,0.607409,0.764827,-0.214695,-0.792372,0.584686,-0.174039,0.700007,0.28648,0.654156,0,0,0,-0.0950216,0.872841,0.478664,0,0,0,0,0,0,0,0,0,0,0,0,0,0,0,0.856278,0.483517,0.18166,-0.936876,0.264118,0.229139,-0.934136,0.0918249,-0.344903,0.862062,0.314025,-0.39779,0.175078,0.984063,0.0311091,-0.419972,0.906305,0.0472796,-0.422994,0.737556,-0.52639,0,0,0
000685,0.505091,0.705235,0.504927,131.642,199.509,286.546,0.493685,0.784121,0.376072,-0.64837,0.643634,0.406633,-0.651406,0.313091,-0.691118,0,0,0,0.99229,0.121088,-0.0264278,-0.137169,0.951879,-0.274065,0,0,0,0.607409,0.764827,-0.214695,-0.792145,0.58514,-0.173547,0.699818,0.286943,0.654155,-0.705466,0.116949,0.699028,-0.0950216,0.872841,0.478664,0,0,0,0,0,0,0,0,0,0,0,0,0,0,0,0.856602,0.483126,0.181168,-0.936876,0.264118,0.229139,-0.934258,0.0923393,-0.344434,0.862233,0.313556,-0.39779,0.175078,0.984063,0.0311091,-0.419972,0.906305,0.0472796,-0.421948,0.738757,-0.525545,0,0,0
000686,0.504616,0.704701,0.505445,131.642,199.509,286.546,0.493988,0.784595,0.374682,-0.64837,0.643634,0.406633,-0.651155,0.315193,-0.690399,0,0,0,0.992263,0.121085,-0.0274273,-0.137169,0.951879,-0.274065,0,0,0,0.607341,0.764744,-0.215183,-0.792511,0.584789,-0.173054,0.701595,0.286048,0.652642,0,0,0,-0.0950696,0.873317,0.477786,0,0,0,0,0,0,0,0,0,0,0,0,0,0,0,0.856514,0.483649,0.180185,-0.936876,0.264118,0.229139,-0.93465,0.0918752,-0.343495,0.862046,0.313488,-0.398249,0.175084,0.984093,0.0301097,-0.419982,0.906326,0.0467802,-0.422817,0.738262,-0.525542,0,0,0
000687,0.505215,0.704583,0.505101,131.642,199.509,286.546,0.493786,0.784279,0.375608,-0.648658,0.643921,0.40572,-0.650752,0.314441,-0.691121,0,0,0,0.99235,0.120592,-0.0264278,-0.137132,0.951606,-0.275027,0,0,0,0.607341,0.764744,-0.215183,-0.792302,0.584634,-0.174531,0.70099,0.285801,0.653399,0,0,0,-0.0950696,0.873317,0.477786,0,0,0,0,0,0,0,0,0,0,0,0,0,0,0,0.856357,0.483561,0.181168,-0.937096,0.26418,0.228166,-0.934258,0.0923393,-0.344434,0.862233,0.313556,-0.39779,0.175084,0.984093,0.0301097,-0.419991,0.906347,0.0462807,-0.42256,0.737804,-0.526392,0,0,0
000688,0.505367,0.705039,0.504697,131.642,199.509,286.546,0.493685,0.784121,0.376072,-0.64837,0.643634,0.406633,-0.64966,0.316689,-0.691123,0,0,0,0.992303,0.12109,-0.0259281,-0.137169,0.951879,-0.274065,0,0,0,0.6078,0.764516,-0.214696,-0.792302,0.584634,-0.174531,0.700196,0.286017,0.654156,0,0,0,-0.0950216,0.872841,0.478664,0,0,0,0,0,0,0,0,0,0,0,0,0,0,0,0.856523,0.483081,0.18166,-0.937096,0.26418,0.228166,-0.933964,0.0918081,-0.345372,0.862233,0.313556,-0.39779,0.175078,0.984063,0.0311091,-0.419982,0.906326,0.0467802,-0.42256,0.737804,-0.526392,0,0,0
000689,0.50458,0.704794,0.505184,131.642,199.509,286.546,0.494411,0.784328,0.374683,-0.64837,0.643634,0.406633,-0.650718,0.316092,-0.6904,0,0,0,0.992263,0.121085,-0.0274273,-0.137169,0.951879,-0.274065,0,0,0,0.607274,0.76466,-0.215671,-0.792511,0.584789,-0.173054,0.700612,0.286727,0.653399,0,0,0,-0.0950456,0.873079,0.478225,0,0,0,0,0,0,0,0,0,0,0,0,0,0,0,0.856514,0.483649,0.180185,-0.936876,0.264118,0.229139,-0.934601,0.0923728,-0.343495,0.861875,0.313958,-0.398249,0.175084,0.984093,0.0301097,-0.419982,0.906326,0.0467802,-0.422383,0.73851,-0.525544,0,0,0
000690,0.505495,0.704613,0.505124,343.493,67.8005,144.485,0.479855,0.808485,0.340723,-0.659192,0.64666,0.383793,-0.660116,0.275242,-0.698919,0,0,0,0.989531,0.139549,-0.0368091,-0.158316,0.936914,-0.311655,0,0,0,0.590562,0.767611,-0.249018,-0.804978,0.560985,-0.19315,0.697819,0.326463,0.63755,0,0,0,-0.110158,0.889523,0.443412,0,0,0,0,0,0,-0.344856,0.535485,0.770928,0,0,0,0,0,0,0.847667,0.506895,0.156582,-0.941096,0.254083,0.223115,-0.937624,0.059195,-0.342575,0.853708,0.314903,-0.414752,0.155044,0.987857,-0.00998404,-0.438228,0.898776,0.0125442,-0.440344,0.707392,-0.552896,0,0,0
000691,0.505265,0.705404,0.504775,343.493,67.8005,144.485,0.479678,0.808193,0.341663,-0.658918,0.64639,0.384716,-0.660308,0.274781,-0.698919,0,0,0,0.989512,0.139546,-0.0373086,-0.158833,0.936984,-0.311179,0,0,0,0.590638,0.767709,-0.248534,-0.805135,0.561096,-0.192169,0.698242,0.325557,0.637551,-0.703556,0.131105,0.698442,-0.110107,0.889082,0.444308,0,0,0,0.25229,0.616282,0.746021,0,0,0,0,0,0,0,0,0,0.847343,0.507284,0.157075,-0.94075,0.254507,0.224089,-0.937624,0.059195,-0.342575,0.853663,0.313822,-0.415662,0.155046,0.987866,-0.0089842,-0.43822,0.898758,0.014044,-0.441619,0.706602,-0.55289,0,0,0
000692,0.505405,0.704884,0.504986,343.493,67.8005,144.485,0.479767,0.808339,0.341193,-0.659192,0.64666,0.383793,-0.660116,0.275242,-0.698919,0,0,0,0.989461,0.140044,-0.0368091,-0.15834,0.937067,-0.31118,0,0,0,0.590562,0.767611,-0.249018,-0.805057,0.56104,-0.19266,0.697819,0.326463,0.63755,0,0,0,-0.110158,0.889523,0.443412,0,0,0,0,0,0,0,0,0,0,0,0,0,0,0,0.847667,0.506895,0.156582,-0.940858,0.254536,0.223602,-0.937624,0.059195,-0.342575,0.853685,0.314363,-0.415207,0.155045,0.987862,-0.00948412,-0.438226,0.89877,0.0130441,-0.440769,0.707129,-0.552894,0,0,0
000693,0.505028,0.705029,0.505478,343.493,67.8005,144.485,0.479855,0.808485,0.340723,-0.658918,0.64639,0.384716,-0.660184,0.276895,-0.698203,0,0,0,0.989564,0.139049,-0.0378082,-0.158833,0.936984,-0.311179,0,0,0,0.590562,0.767611,-0.249018,-0.804928,0.561561,-0.191678,0.698819,0.325826,0.63678,0,0,0,-0.110158,0.889523,0.443412,0,0,0,0.252576,0.61697,0.745354,-0.34633,0.534079,0.771242,0,0,0,0,0,0,0.847478,0.507364,0.156088,-0.94075,0.254507,0.224089,-0.937965,0.0592163,-0.341636,0.853663,0.313822,-0.415662,0.155045,0.987862,-0.00948412,-0.438223,0.898764,0.0135441,-0.441057,0.7076,-0.552061,0,0,0
000694,0.504725,0.704581,0.504807,343.493,67.8005,144.485,0.479855,0.808485,0.340723,-0.658918,0.64639,0.384716,0,0,0,0,0,0,0.989475,0.139541,-0.0383078,-0.158316,0.936914,-0.311655,0,0,0,0.590408,0.767415,-0.249987,-0.805135,0.561096,-0.192169,0.698819,0.325826,0.63678,0,0,0,-0.110158,0.889523,0.443412,0,0,0,0,0,0,0,0,0,0,0,0,0,0,0,0.847545,0.507404,0.155594,-0.940641,0.254478,0.224577,-0.937965,0.0592163,-0.341636,0.8531,0.314148,-0.416571,0.155043,0.987852,-0.010484,-0.438226,0.89877,0.0130441,-0.440769,0.707129,-0.552894,0,0,0
000695,0.504821,0.704501,0.505296,343.493,67.8005,144.485,0.479942,0.808631,0.340253,-0.658918,0.64639,0.384716,0,0,0,0,0,0,0.989475,0.139541,-0.0383078,-0.15834,0.937067,-0.31118,0,0,0,0.590408,0.767415,-0.249987,-0.805135,0.561096,-0.192169,0.698396,0.326733,0.63678,-0.703556,0.131105,0.698442,-0.110183,0.889743,0.442964,0,0,0,0.252256,0.617505,0.74502,-0.34633,0.534079,0.771242,0,0,0,0,0,0,0.847545,0.507404,0.155594,-0.94088,0.254025,0.224089,-0.937965,0.0592163,-0.341636,0.853318,0.31476,-0.415662,0.155043,0.987852,-0.010484,-0.438226,0.89877,0.0130441,-0.441619,0.706602,-0.55289,0,0,0
000696,0.504789,0.704711,0.504946,343.493,67.8005,144.485,0.479855,0.808485,0.340723,-0.658918,0.64639,0.384716,0,0,0,0,0,0,0.989475,0.139541,-0.0383078,-0.15834,0.937067,-0.31118,0,0,0,0.590804,0.76711,-0.249988,-0.804928,0.561561,-0.191678,0.698819,0.325826,0.63678,0,0,0,-0.110158,0.889523,0.443412,0,0,0,0,0,0,0,0,0,0,0,0,0,0,0,0.847545,0.507404,0.155594,-0.940641,0.254478,0.224577,-0.937965,0.0592163,-0.341636,0.853272,0.313679,-0.416572,0.155043,0.987852,-0.010484,-0.438226,0.89877,0.0130441,-0.441194,0.706865,-0.552892,0,0,0
000697,0.504503,0.705131,0.505405,343.493,67.8005,144.485,0.479855,0.808485,0.340723,-0.658918,0.64639,0.384716,0,0,0,0,0,0,0.989526,0.139043,-0.0388073,-0.158389,0.937374,-0.31023,0,0,0,0.590485,0.767513,-0.249503,-0.805084,0.56167,-0.190697,0.698396,0.326733,0.63678,-0.703121,0.131533,0.698799,-0.110132,0.889303,0.44386,0,0,0,0.253038,0.61678,0.745355,0,0,0,0,0,0,0,0,0,0.847545,0.507404,0.155594,-0.940533,0.254449,0.225064,-0.938274,0.0597366,-0.340696,0.853295,0.31422,-0.416117,0.155045,0.987862,-0.00948412,-0.43822,0.898758,0.014044,-0.441482,0.707337,-0.552059,0,0,0
000698,0.504923,0.705101,0.505068,343.493,67.8005,144.485,0.479855,0.808485,0.340723,-0.658918,0.64639,0.384716,0,0,0,0,0,0,0.989494,0.139544,-0.0378082,-0.15834,0.937067,-0.31118,0,0,0,0.590562,0.767611,-0.249018,-0.805214,0.561151,-0.191678,0.697607,0.326916,0.63755,-0.703121,0.131533,0.698799,-0.110132,0.889303,0.44386,0,0,0,0,0,0,0,0,0,0,0,0,0,0,0,0.847478,0.507364,0.156088,-0.940641,0.254478,0.224577,-0.937965,0.0592163,-0.341636,0.853318,0.31476,-0.415662,0.155045,0.987862,-0.00948412,-0.438223,0.898764,0.0135441,-0.440207,0.708126,-0.552064,0,0,0
000699,0.504705,0.705404,0.504992,343.493,67.8005,144.485,0.479767,0.808339,0.341193,-0.658644,0.64612,0.385639,0,0,0,0,0,0,0.989475,0.139541,-0.0383078,-0.158389,0.937374,-0.31023,0,0,0,0.590562,0.767611,-0.249018,-0.805292,0.561206,-0.191187,0.698319,0.326145,0.637165,0,0,0,-0.110107,0.889082,0.444308,0,0,0,0,0,0,-0.345281,0.534295,0.771563,0,0,0,0,0,0,0.847478,0.507364,0.156088,-0.940641,0.254478,0.224577,-0.937996,0.0587173,-0.341636,0.853318,0.31476,-0.415662,0.155045,0.987862,-0.00948412,-0.43822,0.898758,0.014044,-0.441057,0.7076,-0.552061,0,0,0
000700,0.504561,0.705413,0.505457,341.466,273.813,135.315,0.48588,0.783336,0.387693,-0.653541,0.624373,0.427834,-0.663763,0.319672,-0.676187,0,0,0,0.989948,0.137102,-0.0347343,-0.154587,0.955747,-0.250301,0,0,0,0.593186,0.778764,-0.204101,-0.803092,0.576285,-0.151455,0.703116,0.283391,0.652164,0,0,0,-0.102947,0.860701,0.498594,0,0,0,0,0,0,0,0,0,0,0,0,0,0,0,0.850845,0.492779,0.182298,-0.938235,0.244394,0.24492,-0.939639,0.0850724,-0.331422,0.852686,0.336254,-0.399826,0.160437,0.98572,0.051149,-0.433039,0.898493,0.0720297,-0.440477,0.742717,-0.504333,0,0,0
000701,0.504592,0.704929,0.505148,341.466,273.813,135.315,0.485983,0.7835,0.387232,-0.653541,0.624373,0.427834,-0.662673,0.321921,-0.676189,0,0,0,0.989999,0.136604,-0.035234,-0.15455,0.955499,-0.251269,0,0,0,0.593123,0.778683,-0.20459,-0.80303,0.576241,-0.151949,0.703303,0.282927,0.652164,0,0,0,-0.102975,0.860948,0.498161,0,0,0,0,0,0,0,0,0,0,0,0,0,0,0,0.851174,0.492392,0.181806,-0.938235,0.244394,0.24492,-0.939594,0.0855703,-0.331422,0.852683,0.335716,-0.400284,0.160446,0.98577,0.0501504,-0.433054,0.898525,0.071531,-0.438753,0.743732,-0.50434,0,0,0
000702,0.505263,0.704977,0.504588,341.466,273.813,135.315,0.485776,0.783172,0.388154,-0.653195,0.624734,0.427835,-0.662197,0.320578,-0.677293,0,0,0,0.989982,0.137107,-0.0337351,-0.154531,0.955375,-0.251753,0,0,0,0.593186,0.778764,-0.204101,-0.802615,0.576558,-0.152938,0.702883,0.28222,0.652922,0,0,0,-0.102947,0.860701,0.498594,0,0,0,0,0,0,0,0,0,0,0,0,0,0,0,0.850686,0.492688,0.183281,-0.938472,0.244456,0.243951,-0.938977,0.0850128,-0.333308,0.852686,0.336254,-0.399826,0.160442,0.985745,0.0506497,-0.43307,0.898557,0.0710322,-0.4385,0.743295,-0.505203,0,0,0
000703,0.504821,0.70485,0.504531,341.466,273.813,135.315,0.48588,0.783336,0.387693,-0.653541,0.624373,0.427834,-0.662283,0.321176,-0.676925,0,0,0,0.989948,0.137102,-0.0347343,-0.154512,0.95525,-0.252237,0,0,0,0.593123,0.778683,-0.20459,-0.802969,0.576196,-0.152443,0.70251,0.283148,0.652921,0,0,0,-0.102947,0.860701,0.498594,0,0,0,0,0,0,0,0,0,0,0,0,0,0,0,0.851095,0.492346,0.182298,-0.938235,0.244394,0.24492,-0.939264,0.0855406,-0.332365,0.852683,0.335716,-0.400284,0.160446,0.98577,0.0501504,-0.433054,0.898525,0.071531,-0.438931,0.743042,-0.505201,0,0,0
000704,0.50495,0.705082,0.50546,341.466,273.813,135.315,0.48588,0.783336,0.387693,-0.653849,0.624669,0.42693,-0.662673,0.321921,-0.676189,0,0,0,0.989965,0.137104,-0.0342347,-0.15455,0.955499,-0.251269,0,0,0,0.593186,0.778764,-0.204101,-0.802969,0.576196,-0.152443,0.703303,0.282927,0.652164,0,0,0,-0.102975,0.860948,0.498161,0,0,0,0,0,0,0,0,0,0,0,0,0,0,0,0.851095,0.492346,0.182298,-0.938354,0.244425,0.244435,-0.939309,0.0850426,-0.332365,0.852872,0.336327,-0.399367,0.160442,0.985745,0.0506497,-0.433054,0.898525,0.071531,-0.439184,0.743479,-0.504338,0,0,0
000705,0.505366,0.704804,0.504787,341.466,273.813,135.315,0.486304,0.783072,0.387694,-0.653849,0.624669,0.42693,-0.662197,0.320578,-0.677293,0,0,0,0.989982,0.137107,-0.0337351,-0.154512,0.95525,-0.252237,0,0,0,0.593186,0.778764,-0.204101,-0.802845,0.576107,-0.153432,0.702697,0.282684,0.652922,0,0,0,-0.103471,0.86089,0.498159,0,0,0,0,0,0,0,0,0,0,0,0,0,0,0,0.850686,0.492688,0.183281,-0.938472,0.244456,0.243951,-0.938977,0.0850128,-0.333308,0.853052,0.335323,-0.399826,0.160446,0.98577,0.0501504,-0.433085,0.898589,0.0705335,-0.4385,0.743295,-0.505203,0,0,0
000706,0.504783,0.704537,0.505202,341.466,273.813,135.315,0.486086,0.783664,0.386771,-0.653849,0.624669,0.42693,-0.663807,0.318025,-0.67692,0,0,0,0.989948,0.137102,-0.0347343,-0.154512,0.95525,-0.252237,0,0,0,0.59306,0.778603,-0.205079,-0.802969,0.576196,-0.152443,0.703303,0.282927,0.652164,0,0,0,-0.103002,0.861196,0.497727,0,0,0,0,0,0,0,0,0,0,0,0,0,0,0,0.851174,0.492392,0.181806,-0.93848,0.243941,0.244435,-0.939354,0.0845447,-0.332365,0.852686,0.336254,-0.399826,0.160446,0.98577,0.0501504,-0.433085,0.898589,0.0705335,-0.439362,0.742789,-0.5052,0,0,0
000707,0.505093,0.704535,0.505252,341.466,273.813,135.315,0.486511,0.7834,0.386772,-0.653849,0.624669,0.42693,-0.663155,0.319376,-0.676923,0,0,0,0.989965,0.137104,-0.0342347,-0.154512,0.95525,-0.252237,0,0,0,0.593123,0.778683,-0.20459,-0.802615,0.576558,-0.152938,0.703489,0.282463,0.652164,0,0,0,-0.103002,0.861196,0.497727,0,0,0,0,0,0,0,0,0,0,0,0,0,0,0,0.851095,0.492346,0.182298,-0.938472,0.244456,0.243951,-0.939264,0.0855406,-0.332365,0.852869,0.335789,-0.399826,0.160446,0.98577,0.0501504,-0.433085,0.898589,0.0705335,-0.439362,0.742789,-0.5052,0,0,0
000708,0.504831,0.705101,0.50505,341.466,273.813,135.315,0.48588,0.783336,0.387693,-0.653541,0.624373,0.427834,-0.663807,0.318025,-0.67692,0,0,0,0.989948,0.137102,-0.0347343,-0.15455,0.955499,-0.251269,0,0,0,0.593521,0.77838,-0.204591,-0.802969,0.576196,-0.152443,0.703675,0.281999,0.652164,0,0,0,-0.102947,0.860701,0.498594,0,0,0,0,0,0,0,0,0,0,0,0,0,0,0,0.851095,0.492346,0.182298,-0.938235,0.244394,0.24492,-0.939309,0.0850426,-0.332365,0.852686,0.336254,-0.399826,0.160442,0.985745,0.0506497,-0.433054,0.898525,0.071531,-0.438753,0.743732,-0.50434,0,0,0
000709,0.50493,0.704725,0.504825,341.466,273.813,135.315,0.48588,0.783336,0.387693,-0.653195,0.624734,0.427835,-0.662719,0.320276,-0.676924,0,0,0,0.989896,0.137599,-0.0342347,-0.154512,0.95525,-0.252237,0,0,0,0.593123,0.778683,-0.20459,-0.802677,0.576602,-0.152444,0.703675,0.281999,0.652164,0,0,0,-0.102975,0.860948,0.498161,0,0,0,0,0,0,0,0,0,0,0,0,0,0,0,0.851095,0.492346,0.182298,-0.938354,0.244425,0.244435,-0.939264,0.0855406,-0.332365,0.852686,0.336254,-0.399826,0.160446,0.98577,0.0501504,-0.43307,0.898557,0.0710322,-0.439362,0.742789,-0.5052,0,0,0
000710,0.505108,0.705333,0.505359,355.419,313.771,147.366,0.481684,0.782081,0.395385,-0.656724,0.614728,0.436833,-0.66751,0.32438,-0.67023,0.505406,0.493102,-0.708107,0.988834,0.144708,-0.0355959,-0.162239,0.957344,-0.239105,0,0,0,0.586858,0.785528,-0.196323,-0.80759,0.572258,-0.142547,0.704017,0.279129,0.653029,0,0,0,-0.107741,0.854038,0.508932,0,0,0,0,0,0,0,0,0,0,0,0,0,0,0,0.848101,0.496229,0.185692,-0.939313,0.23467,0.250242,-0.941055,0.0828041,-0.327962,0.849114,0.347441,-0.397856,0.153595,0.986156,0.062494,-0.439137,0.894484,0.0840018,-0.446257,0.746416,-0.493678,0,0,0
000711,0.504677,0.704638,0.50491,355.419,313.771,147.366,0.482318,0.782153,0.394468,-0.656063,0.614793,0.437733,-0.667864,0.322884,-0.670599,0.505373,0.491633,-0.709151,0.988798,0.144703,-0.0365951,-0.162202,0.957107,-0.240076,0,0,0,0.586679,0.785293,-0.197794,-0.80759,0.572258,-0.142547,0.703832,0.279594,0.653029,0,0,0,-0.107244,0.854099,0.508934,0,0,0,0,0,0,0,0,0,0,0,0,0,0,0,0.848261,0.496322,0.184709,-0.93907,0.23461,0.25121,-0.941142,0.0818079,-0.327962,0.848561,0.347216,-0.399231,0.153605,0.986217,0.061496,-0.439173,0.89456,0.0830053,-0.446436,0.745734,-0.494546,0,0,0
000712,0.504936,0.704984,0.504863,355.419,313.771,147.366,0.481684,0.782081,0.395385,-0.656063,0.614793,0.437733,-0.667427,0.323783,-0.670601,0.500304,0.49717,-0.708885,0.988816,0.144705,-0.0360955,-0.16222,0.957226,-0.239591,0,0,0,0.586739,0.785372,-0.197304,-0.80759,0.572258,-0.142547,0.704017,0.279129,0.653029,0,0,0,-0.107215,0.853846,0.509364,0,0,0,0,0,0,0,0,0,0,0,0,0,0,0,0.847848,0.496661,0.185691,-0.939191,0.23464,0.250726,-0.941055,0.0828041,-0.327962,0.848746,0.347291,-0.398773,0.153605,0.986217,0.061496,-0.439155,0.894522,0.0835036,-0.446436,0.745734,-0.494546,0,0,0
000713,0.504581,0.704575,0.505352,355.419,313.771,147.366,0.481893,0.782416,0.394467,-0.656724,0.614728,0.436833,-0.667373,0.325426,-0.669859,0.500304,0.49717,-0.708885,0.988852,0.144205,-0.0370947,-0.162202,0.957107,-0.240076,0,0,0,0.586679,0.785293,-0.197794,-0.80759,0.572258,-0.142547,0.704623,0.27937,0.652272,0,0,0,-0.107274,0.854352,0.508503,0,0,0,0,0,0,0,0,0,0,0,0,0,0,0,0.848341,0.496369,0.184218,-0.93907,0.23461,0.25121,-0.941381,0.0828324,-0.327017,0.84875,0.346753,-0.399232,0.15361,0.986247,0.060997,-0.439173,0.89456,0.0830053,-0.446865,0.745478,-0.494544,0,0,0
000714,0.505306,0.705499,0.504981,355.419,313.771,147.366,0.481474,0.781746,0.396304,-0.657065,0.614363,0.436833,-0.667427,0.323783,-0.670601,0.505866,0.492142,-0.708446,0.988779,0.145205,-0.0350963,-0.162239,0.957344,-0.239105,0,0,0,0.587259,0.785229,-0.196324,-0.807532,0.572216,-0.143042,0.703225,0.279353,0.653786,0,0,0,-0.107215,0.853846,0.509364,0,0,0,0,0,0,0,0,0,0,0,0,0,0,0,0.848021,0.496182,0.186183,-0.939313,0.23467,0.250242,-0.940772,0.0822775,-0.328906,0.849114,0.347441,-0.397856,0.153595,0.986156,0.062494,-0.439137,0.894484,0.0840018,-0.446865,0.745478,-0.494544,0,0,0
000715,0.50476,0.705488,0.504562,355.419,313.771,147.366,0.481579,0.781914,0.395845,-0.656405,0.614428,0.437733,-0.667646,0.323334,-0.6706,0.504913,0.492593,-0.708812,0.988798,0.144703,-0.0365951,-0.162239,0.957344,-0.239105,0,0,0,0.586799,0.78545,-0.196814,-0.807359,0.572707,-0.142053,0.70304,0.279818,0.653786,0,0,0,-0.107185,0.853593,0.509794,0,0,0,0,0,0,0,0,0,0,0,0,0,0,0,0.847848,0.496661,0.185691,-0.93907,0.23461,0.25121,-0.941099,0.082306,-0.327962,0.848746,0.347291,-0.398773,0.153595,0.986156,0.062494,-0.439119,0.894446,0.0845,-0.447294,0.745222,-0.494542,0,0,0
000716,0.504629,0.704802,0.505057,355.419,313.771,147.366,0.482318,0.782153,0.394468,-0.656405,0.614428,0.437733,-0.66751,0.32438,-0.67023,0.504913,0.492593,-0.708812,0.988798,0.144703,-0.0365951,-0.16222,0.957226,-0.239591,0,0,0,0.586739,0.785372,-0.197304,-0.80759,0.572258,-0.142547,0.703648,0.280058,0.653029,0,0,0,-0.107244,0.854099,0.508934,0,0,0,0,0,0,0,0,0,0,0,0,0,0,0,0.848261,0.496322,0.184709,-0.93907,0.23461,0.25121,-0.941142,0.0818079,-0.327962,0.84875,0.346753,-0.399232,0.153605,0.986217,0.061496,-0.439155,0.894522,0.0835036,-0.446865,0.745478,-0.494544,0,0,0
000717,0.504732,0.704688,0.504873,355.419,313.771,147.366,0.481788,0.782249,0.394926,-0.656063,0.614793,0.437733,-0.667646,0.323334,-0.6706,0.505373,0.491633,-0.709151,0.988798,0.144703,-0.0365951,-0.162202,0.957107,-0.240076,0,0,0,0.586679,0.785293,-0.197794,-0.80759,0.572258,-0.142547,0.704017,0.279129,0.653029,0,0,0,-0.107244,0.854099,0.508934,0,0,0,0,0,0,0,0,0,0,0,0,0,0,0,0.847929,0.496707,0.1852,-0.93907,0.23461,0.25121,-0.941099,0.082306,-0.327962,0.84875,0.346753,-0.399232,0.153605,0.986217,0.061496,-0.439155,0.894522,0.0835036,-0.446436,0.745734,-0.494546,0,0,0
000718,0.504669,0.70453,0.50472,355.419,313.771,147.366,0.482318,0.782153,0.394468,-0.656405,0.614428,0.437733,-0.667427,0.323783,-0.670601,0.50548,0.491026,-0.709495,0.988798,0.144703,-0.0365951,-0.162202,0.957107,-0.240076,0,0,0,0.58702,0.784915,-0.198284,-0.80759,0.572258,-0.142547,0.704017,0.279129,0.653029,0,0,0,-0.107244,0.854099,0.508934,0,0,0,0,0,0,0,0,0,0,0,0,0,0,0,0.848261,0.496322,0.184709,-0.93907,0.23461,0.25121,-0.941099,0.082306,-0.327962,0.848565,0.346678,-0.39969,0.15361,0.986247,0.060997,-0.439173,0.89456,0.0830053,-0.445577,0.746246,-0.494549,0,0,0
000719,0.50495,0.704522,0.504801,355.419,313.771,147.366,0.481788,0.782249,0.394926,-0.656724,0.614728,0.436833,-0.66699,0.324682,-0.670601,0.505373,0.491633,-0.709151,0.988744,0.1452,-0.0360955,-0.162202,0.957107,-0.240076,0,0,0,0.586679,0.785293,-0.197794,-0.807473,0.572175,-0.143537,0.704017,0.279129,0.653029,0,0,0,-0.107244,0.854099,0.508934,0,0,0,0,0,0,0,0,0,0,0,0,0,0,0,0.848181,0.496276,0.1852,-0.939434,0.234185,0.250242,-0.941055,0.0828041,-0.327962,0.848746,0.347291,-0.398773,0.153605,0.986217,0.061496,-0.439173,0.89456,0.0830053,-0.44631,0.745521,-0.49498,0,0,0
000720,0.505385,0.705296,0.505091,77.0958,73.0595,349.793,0.490848,0.799289,0.346707,-0.650703,0.656888,0.380898,0,0,0,0,0,0,0.992003,0.122691,-0.0296261,-0.139951,0.94048,-0.309695,0,0,0,0.60557,0.757877,-0.242709,-0.793977,0.57507,-0.19722,0.698462,0.313453,0.643349,0,0,0,-0.0987762,0.890253,0.444626,0,0,0,0,0,0,0,0,0,0,0,0,0,0,0,0.854684,0.492453,0.164333,-0.938048,0.27017,0.216967,-0.933906,0.0752443,-0.34951,0.862069,0.300933,-0.407771,0.172012,0.985076,-0.00602029,-0.422894,0.906095,0.0123774,-0.423831,0.716497,-0.554074,0,0,0
000721,0.505194,0.705431,0.504964,77.0958,73.0595,349.793,0.490848,0.799289,0.346707,-0.650703,0.656888,0.380898,0,0,0,0,0,0,0.992003,0.122691,-0.0296261,-0.139951,0.94048,-0.309695,0,0,0,0.60557,0.757877,-0.242709,-0.794056,0.575128,-0.196729,0.698462,0.313453,0.643349,-0.706474,0.141938,0.69336,-0.0982565,0.890086,0.445075,0,0,0,0.256828,0.611187,0.748658,0,0,0,0,0,0,0,0,0,0.855005,0.49206,0.16384,-0.938082,0.269659,0.217455,-0.934173,0.076269,-0.348573,0.862012,0.299855,-0.408684,0.172012,0.985076,-0.00602029,-0.422894,0.906095,0.0123774,-0.424262,0.716244,-0.554073,0,0,0
000722,0.504523,0.705387,0.504577,77.0958,73.0595,349.793,0.49094,0.799436,0.346238,-0.650791,0.656265,0.381822,0,0,0,0,0,0,0.991957,0.122686,-0.0311252,-0.139951,0.94048,-0.309695,0,0,0,0.605416,0.757688,-0.243679,-0.794215,0.575244,-0.195749,0.698258,0.31391,0.643348,-0.705793,0.141802,0.694081,-0.0982338,0.889865,0.445523,0,0,0,0.258062,0.610257,0.748993,0,0,0,0,0,0,0,0,0,0.855146,0.492141,0.162854,-0.937629,0.270049,0.218918,-0.934254,0.0752723,-0.348573,0.861297,0.300665,-0.409596,0.172011,0.985073,-0.00652022,-0.422891,0.906089,0.0128774,-0.424693,0.71599,-0.554071,0,0,0
000723,0.505293,0.705248,0.505113,77.0958,73.0595,349.793,0.490848,0.799289,0.346707,-0.650703,0.656888,0.380898,0,0,0,0,0,0,0.992003,0.122691,-0.0296261,-0.13993,0.940326,-0.310171,0,0,0,0.60557,0.757877,-0.242709,-0.793763,0.575533,-0.19673,0.698462,0.313453,0.643349,0,0,0,-0.0982792,0.890308,0.444627,0,0,0,0,0,0,0,0,0,0,0,0,0,0,0,0.855005,0.49206,0.16384,-0.938048,0.27017,0.216967,-0.93404,0.0757567,-0.349042,0.862041,0.300394,-0.408228,0.172011,0.985073,-0.00652022,-0.422894,0.906095,0.0123774,-0.423831,0.716497,-0.554074,0,0,0
000724,0.505084,0.704598,0.505035,77.0958,73.0595,349.793,0.491031,0.799583,0.345769,-0.650703,0.656888,0.380898,0,0,0,0,0,0,0.991988,0.122689,-0.0301258,-0.139909,0.940173,-0.310646,0,0,0,0.605416,0.757688,-0.243679,-0.793977,0.57507,-0.19722,0.699458,0.312803,0.642583,-0.706474,0.141938,0.69336,-0.0983019,0.890529,0.444179,0,0,0,0,0,0,0,0,0,0,0,0,0,0,0,0.854826,0.492534,0.163347,-0.937944,0.27014,0.217455,-0.934173,0.076269,-0.348573,0.861683,0.300799,-0.408684,0.17201,0.985066,-0.00752008,-0.422899,0.906105,0.0113775,-0.424845,0.715257,-0.554901,0,0,0
000725,0.504512,0.704564,0.505269,77.0958,73.0595,349.793,0.491214,0.799876,0.34483,-0.650703,0.656888,0.380898,0,0,0,0,0,0,0.991896,0.123182,-0.0311252,-0.139909,0.940173,-0.310646,0,0,0,0.605653,0.757186,-0.244649,-0.794136,0.575186,-0.196239,0.698845,0.314172,0.642582,-0.706035,0.14236,0.69372,-0.0983019,0.890529,0.444179,0,0,0,0.257122,0.611876,0.747995,0,0,0,0,0,0,0,0,0,0.855287,0.492222,0.161867,-0.937734,0.270079,0.218431,-0.934561,0.0757986,-0.347636,0.861461,0.300193,-0.409596,0.17201,0.985066,-0.00752008,-0.422443,0.906311,0.0118775,-0.424262,0.716244,-0.554073,0,0,0
000726,0.505036,0.705388,0.505282,77.0958,73.0595,349.793,0.49094,0.799436,0.346238,-0.650703,0.656888,0.380898,0,0,0,0,0,0,0.991988,0.122689,-0.0301258,-0.139951,0.94048,-0.309695,0,0,0,0.60557,0.757877,-0.242709,-0.794136,0.575186,-0.196239,0.699458,0.312803,0.642583,-0.706474,0.141938,0.69336,-0.0982565,0.890086,0.445075,0,0,0,0,0,0,0,0,0,0,0,0,0,0,0,0.854755,0.492494,0.16384,-0.937839,0.27011,0.217943,-0.934214,0.0757707,-0.348573,0.861848,0.300327,-0.408684,0.172012,0.985076,-0.00602029,-0.422894,0.906095,0.0123774,-0.423971,0.716737,-0.553658,0,0,0
000727,0.50499,0.704983,0.504768,77.0958,73.0595,349.793,0.49094,0.799436,0.346238,-0.650703,0.656888,0.380898,0,0,0,0,0,0,0.991926,0.123186,-0.0301258,-0.139909,0.940173,-0.310646,0,0,0,0.605416,0.757688,-0.243679,-0.794056,0.575128,-0.196729,0.698462,0.313453,0.643349,-0.706134,0.14187,0.693721,-0.0982792,0.890308,0.444627,0,0,0,0,0,0,0,0,0,0,0,0,0,0,0,0.854826,0.492534,0.163347,-0.937839,0.27011,0.217943,-0.934173,0.076269,-0.348573,0.861683,0.300799,-0.408684,0.172011,0.985073,-0.00652022,-0.422896,0.9061,0.0118775,-0.425275,0.715002,-0.554899,0,0,0
000728,0.505176,0.705236,0.505307,77.0958,73.0595,349.793,0.49094,0.799436,0.346238,-0.650703,0.656888,0.380898,0,0,0,0,0,0,0.992003,0.122691,-0.0296261,-0.139951,0.94048,-0.309695,0,0,0,0.60557,0.757877,-0.242709,-0.794056,0.575128,-0.196729,0.69896,0.313128,0.642966,0,0,0,-0.0982792,0.890308,0.444627,0,0,0,0,0,0,0,0,0,0,0,0,0,0,0,0.854755,0.492494,0.16384,-0.937944,0.27014,0.217455,-0.934214,0.0757707,-0.348573,0.862041,0.300394,-0.408228,0.172011,0.985073,-0.00652022,-0.422894,0.906095,0.0123774,-0.424693,0.71599,-0.554071,0,0,0
000729,0.504958,0.704648,0.504791,77.0958,73.0595,349.793,0.491031,0.799583,0.345769,-0.650703,0.656888,0.380898,0,0,0,0,0,0,0.991973,0.122688,-0.0306255,-0.139909,0.940173,-0.310646,0,0,0,0.60573,0.757281,-0.244165,-0.793977,0.57507,-0.19722,0.698258,0.31391,0.643348,-0.706134,0.14187,0.693721,-0.0983019,0.890529,0.444179,0,0,0,0,0,0,0,0,0,0,0,0,0,0,0,0.855146,0.492141,0.162854,-0.937839,0.27011,0.217943,-0.934173,0.076269,-0.348573,0.861654,0.30026,-0.40914,0.17201,0.985066,-0.00752008,-0.422899,0.906105,0.0113775,-0.424414,0.715511,-0.554903,0,0,0
000730,0.504952,0.704908,0.50473,231.824,31.2645,107.921,0.507659,0.791443,0.340442,-0.636859,0.677593,0.367803,0,0,0,0,0,0,0.994985,0.0972159,-0.0235441,-0.113525,0.93934,-0.323655,0,0,0,0.626477,0.73898,-0.24786,-0.777721,0.592346,-0.210416,0.700743,0.304009,0.645398,-0.708093,0.168561,0.685705,-0.0795301,0.8979,0.432955,0,0,0,0,0,0,-0.334299,0.557334,0.760015,0,0,0,0,0,0,0.865642,0.47284,0.164578,-0.932501,0.296417,0.206345,-0.929051,0.094749,-0.357612,0.872406,0.273095,-0.405372,0.196903,0.980269,-0.0173802,-0.400026,0.9165,-0.00274966,-0.400989,0.719719,-0.566756,0,0,0
000731,0.504832,0.705016,0.504896,231.824,31.2645,107.921,0.508173,0.791315,0.339973,-0.636859,0.677593,0.367803,0,0,0,0,0,0,0.994985,0.0972159,-0.0235441,-0.114022,0.93928,-0.323654,0,0,0,0.626477,0.73898,-0.24786,-0.777721,0.592346,-0.210416,0.701732,0.303347,0.644634,-0.708093,0.168561,0.685705,-0.0795301,0.8979,0.432955,0,0,0,0,0,0,-0.332347,0.558941,0.759691,0,0,0,0,0,0,0.865954,0.472441,0.164085,-0.932554,0.29591,0.206834,-0.929102,0.0942516,-0.357612,0.872406,0.273095,-0.405372,0.196903,0.980269,-0.0173802,-0.400026,0.9165,-0.00274966,-0.401863,0.719234,-0.566753,0,0,0
000732,0.504982,0.704652,0.504599,231.824,31.2645,107.921,0.508173,0.791315,0.339973,-0.637474,0.677519,0.366872,0,0,0,0,0,0,0.994985,0.0972159,-0.0235441,-0.113525,0.93934,-0.323655,0,0,0,0.626778,0.738562,-0.248345,-0.777638,0.592282,-0.210905,0.700743,0.304009,0.645398,-0.708093,0.168561,0.685705,-0.0795475,0.898116,0.432505,0,0,0,0,0,0,-0.334729,0.557078,0.760014,0,0,0,0,0,0,0.865954,0.472441,0.164085,-0.932501,0.296417,0.206345,-0.929051,0.094749,-0.357612,0.872362,0.272557,-0.40583,0.196901,0.98026,-0.01788,-0.400025,0.916498,-0.00324965,0,0,0,0,0,0
000733,0.504565,0.705058,0.50505,231.824,31.2645,107.921,0.508173,0.791315,0.339973,-0.636859,0.677593,0.367803,0,0,0,0,0,0,0.994924,0.0977123,-0.0240439,-0.11356,0.939661,-0.322709,0,0,0,0.626477,0.73898,-0.24786,-0.777585,0.592872,-0.209439,0.701335,0.304265,0.644634,-0.708208,0.168075,0.685706,-0.0795301,0.8979,0.432955,0,0,0,0.265545,0.614626,0.742779,-0.332347,0.558941,0.759691,0,0,0,0,0,0,0.866026,0.47248,0.163592,-0.932304,0.296355,0.207323,-0.929406,0.094785,-0.356678,0.872213,0.273034,-0.405829,0.196903,0.980269,-0.0173802,-0.400026,0.916501,-0.00224968,-0.401125,0.719967,-0.566344,0,0,0
000734,0.50495,0.705269,0.50482,231.824,31.2645,107.921,0.507566,0.7913,0.340912,-0.636859,0.677593,0.367803,0,0,0,0,0,0,0.994985,0.0972159,-0.0235441,-0.11356,0.939661,-0.322709,0,0,0,0.626558,0.739074,-0.247376,-0.777721,0.592346,-0.210416,0.700743,0.304009,0.645398,-0.708093,0.168561,0.685705,-0.0795301,0.8979,0.432955,0,0,0,0.265854,0.614086,0.743115,-0.335392,0.556238,0.760336,0,0,0,0,0,0,0.865642,0.47284,0.164578,-0.932403,0.296386,0.206834,-0.929102,0.0942516,-0.357612,0.87245,0.273632,-0.404915,0.196905,0.980277,-0.0168803,-0.400026,0.916501,-0.00224968,-0.401863,0.719234,-0.566753,0,0,0
000735,0.505209,0.705224,0.505478,231.824,31.2645,107.921,0.50808,0.791172,0.340443,-0.63711,0.677861,0.366873,0,0,0,0,0,0,0.995045,0.0967194,-0.0230444,-0.11356,0.939661,-0.322709,0,0,0,0.626639,0.739167,-0.246892,-0.777721,0.592346,-0.210416,0.701732,0.303347,0.644634,-0.708759,0.168719,0.684977,-0.0795475,0.898116,0.432505,0,0,0,0.266003,0.614426,0.74278,-0.334923,0.557404,0.759689,0,0,0,0,0,0,0.86557,0.472801,0.165071,-0.932751,0.295972,0.205856,-0.929051,0.094749,-0.357612,0.872793,0.273215,-0.404458,0.196905,0.980277,-0.0168803,-0.400026,0.9165,-0.00274966,-0.402737,0.718748,-0.566748,0,0,0
000736,0.5047,0.704921,0.504945,231.824,31.2645,107.921,0.508173,0.791315,0.339973,-0.636859,0.677593,0.367803,0,0,0,0,0,0,0.994973,0.0972147,-0.0240439,-0.113525,0.93934,-0.323655,0,0,0,0.626477,0.73898,-0.24786,-0.777502,0.592808,-0.209928,0.701533,0.303806,0.644634,-0.708093,0.168561,0.685705,-0.0795301,0.8979,0.432955,0,0,0,0,0,0,-0.332776,0.558685,0.759691,0,0,0,0,0,0,0.865714,0.472879,0.164085,-0.932304,0.296355,0.207323,-0.929356,0.0952824,-0.356678,0.872213,0.273034,-0.405829,0.196903,0.980269,-0.0173802,-0.400026,0.9165,-0.00274966,-0.401863,0.719234,-0.566753,0,0,0
000737,0.505478,0.705105,0.505404,231.824,31.2645,107.921,0.507566,0.7913,0.340912,-0.63711,0.677861,0.366873,0,0,0,0,0,0,0.995008,0.0972181,-0.0225446,-0.11356,0.939661,-0.322709,0,0,0,0.626639,0.739167,-0.246892,-0.777638,0.592282,-0.210905,0.700544,0.304468,0.645397,-0.708759,0.168719,0.684977,-0.0795475,0.898116,0.432505,0,0,0,0.265545,0.614626,0.742779,-0.335781,0.556891,0.759687,0,0,0,0,0,0,0.865809,0.472362,0.165071,-0.932697,0.29648,0.205366,-0.929,0.0952464,-0.357612,0.872836,0.273752,-0.404001,0.196905,0.980277,-0.0168803,-0.400026,0.9165,-0.00274966,-0.401863,0.719234,-0.566753,0,0,0
000738,0.504867,0.704675,0.504698,231.824,31.2645,107.921,0.508173,0.791315,0.339973,-0.636859,0.677593,0.367803,0,0,0,0,0,0,0.994985,0.0972159,-0.0235441,-0.113525,0.93934,-0.323655,0,0,0,0.626397,0.738886,-0.248345,-0.777721,0.592346,-0.210416,0.701732,0.303347,0.644634,-0.708093,0.168561,0.685705,-0.0795475,0.898116,0.432505,0,0,0,0,0,0,-0.334729,0.557078,0.760014,0,0,0,0,0,0,0.865714,0.472879,0.164085,-0.932403,0.296386,0.206834,-0.929102,0.0942516,-0.357612,0.872213,0.273034,-0.405829,0.196901,0.98026,-0.01788,-0.400026,0.9165,-0.00274966,-0.402465,0.718251,-0.567572,0,0,0
000739,0.505012,0.705158,0.50527,231.824,31.2645,107.921,0.50808,0.791172,0.340443,-0.637349,0.677385,0.367337,0,0,0,0,0,0,0.994985,0.0972159,-0.0235441,-0.11356,0.939661,-0.322709,0,0,0,0.626558,0.739074,-0.247376,-0.777721,0.592346,-0.210416,0.701732,0.303347,0.644634,-0.708426,0.16864,0.685341,-0.0795301,0.8979,0.432955,0,0,0,0.265545,0.614626,0.742779,0,0,0,0,0,0,0,0,0,0.865642,0.47284,0.164578,-0.932501,0.296417,0.206345,-0.929102,0.0942516,-0.357612,0.8726,0.273155,-0.404915,0.196903,0.980269,-0.0173802,-0.400026,0.9165,-0.00274966,0,0,0,0,0,0
000740,0.505214,0.705275,0.505289,115.818,76.8702,306.303,0.491537,0.798429,0.34771,-0.649805,0.657404,0.38154,0,0,0,0,0,0,0.992186,0.121274,-0.0293077,-0.138503,0.941043,-0.308634,0,0,0,0.606725,0.757265,-0.241732,-0.793172,0.576525,-0.196206,0.698603,0.312143,0.643832,0,0,0,-0.0970445,0.889938,0.445637,0,0,0,0,0,0,0,0,0,0,0,0,0,0,0,0.855447,0.491052,0.164557,-0.937586,0.271262,0.217598,-0.933997,0.078043,-0.348653,0.862551,0.299603,-0.407729,0.173467,0.984825,-0.00535549,-0.421557,0.906704,0.0133501,-0.423531,0.71726,-0.553317,0,0,0
000741,0.505281,0.704949,0.504711,115.818,76.8702,306.303,0.491537,0.798429,0.34771,-0.649805,0.657404,0.38154,0,0,0,0,0,0,0.992186,0.121274,-0.0293077,-0.138462,0.940737,-0.309585,0,0,0,0.606649,0.757171,-0.242217,-0.793093,0.576467,-0.196697,0.698807,0.311686,0.643833,-0.706392,0.142169,0.693397,-0.0970445,0.889938,0.445637,0,0,0,0.257596,0.609946,0.749406,0,0,0,0,0,0,0,0,0,0.855447,0.491052,0.164557,-0.937586,0.271262,0.217598,-0.933732,0.0770178,-0.34959,0.862195,0.300009,-0.408185,0.173467,0.984825,-0.00535549,-0.421562,0.906716,0.0123502,-0.423253,0.716781,-0.554149,0,0,0
000742,0.505265,0.704541,0.50532,115.818,76.8702,306.303,0.492147,0.798461,0.346774,-0.650428,0.657324,0.380615,0,0,0,0,0,0,0.992186,0.121274,-0.0293077,-0.138462,0.940737,-0.309585,0,0,0,0.606572,0.757077,-0.242702,-0.793093,0.576467,-0.196697,0.699801,0.311034,0.643068,-0.706731,0.142237,0.693036,-0.0970893,0.890381,0.444741,0,0,0,0.257431,0.610831,0.748743,-0.341298,0.539344,0.76982,0,0,0,0,0,0,0.855518,0.491093,0.164064,-0.937691,0.271292,0.21711,-0.933997,0.078043,-0.348653,0.862522,0.299064,-0.408186,0.173466,0.984819,-0.00635536,-0.421562,0.906716,0.0123502,-0.423685,0.716528,-0.554147,0,0,0
000743,0.50477,0.705326,0.504656,115.818,76.8702,306.303,0.491537,0.798429,0.34771,-0.649537,0.657132,0.382464,0,0,0,0,0,0,0.992157,0.12127,-0.0303071,-0.138482,0.94089,-0.309109,0,0,0,0.606572,0.757077,-0.242702,-0.793251,0.576583,-0.195716,0.698807,0.311686,0.643833,0,0,0,-0.0970221,0.889717,0.446084,0,0,0,0.257596,0.609946,0.749406,0,0,0,0,0,0,0,0,0,0.855518,0.491093,0.164064,-0.937516,0.270721,0.218573,-0.934038,0.0775448,-0.348653,0.862136,0.298931,-0.409098,0.173467,0.984825,-0.00535549,-0.421557,0.906704,0.0133501,-0.422668,0.717766,-0.55332,0,0,0
000744,0.50471,0.704765,0.504774,115.818,76.8702,306.303,0.492147,0.798461,0.346774,-0.650161,0.657053,0.38154,0,0,0,0,0,0,0.992157,0.12127,-0.0303071,-0.138462,0.940737,-0.309585,0,0,0,0.606496,0.756983,-0.243187,-0.793172,0.576525,-0.196206,0.699801,0.311034,0.643068,0,0,0,-0.0970445,0.889938,0.445637,0,0,0,0,0,0,0,0,0,0,0,0,0,0,0,0.855589,0.491133,0.163571,-0.937621,0.270751,0.218086,-0.93408,0.0770465,-0.348653,0.861972,0.299403,-0.409098,0.173466,0.984822,-0.00585542,-0.421559,0.90671,0.0128502,-0.424116,0.716274,-0.554145,0,0,0
000745,0.505175,0.704845,0.505461,115.818,76.8702,306.303,0.492147,0.798461,0.346774,-0.649805,0.657404,0.38154,0,0,0,0,0,0,0.992232,0.120776,-0.0298074,-0.138462,0.940737,-0.309585,0,0,0,0.606649,0.757171,-0.242217,-0.792878,0.57693,-0.196207,0.699801,0.311034,0.643068,-0.706731,0.142237,0.693036,-0.0970669,0.89016,0.445189,0,0,0,0.258663,0.609899,0.749078,-0.341298,0.539344,0.76982,0,0,0,0,0,0,0.855518,0.491093,0.164064,-0.937691,0.271292,0.21711,-0.934038,0.0775448,-0.348653,0.862551,0.299603,-0.407729,0.173467,0.984825,-0.00535549,-0.421562,0.906716,0.0123502,-0.4231,0.717513,-0.553319,0,0,0
000746,0.505123,0.705058,0.50484,115.818,76.8702,306.303,0.492055,0.798314,0.347243,-0.649805,0.657404,0.38154,0,0,0,0,0,0,0.992232,0.120776,-0.0298074,-0.138462,0.940737,-0.309585,0,0,0,0.606649,0.757171,-0.242217,-0.792878,0.57693,-0.196207,0.698807,0.311686,0.643833,-0.705953,0.142591,0.693757,-0.0970445,0.889938,0.445637,0,0,0,0,0,0,0,0,0,0,0,0,0,0,0,0.855447,0.491052,0.164557,-0.937482,0.271232,0.218086,-0.933997,0.078043,-0.348653,0.862195,0.300009,-0.408185,0.173467,0.984825,-0.00535549,-0.421559,0.90671,0.0128502,-0.424116,0.716274,-0.554145,0,0,0
000747,0.504888,0.705061,0.505179,115.818,76.8702,306.303,0.492147,0.798461,0.346774,-0.650161,0.657053,0.38154,0,0,0,0,0,0,0.992157,0.12127,-0.0303071,-0.138956,0.940664,-0.309583,0,0,0,0.606962,0.756764,-0.242703,-0.793251,0.576583,-0.195716,0.699801,0.311034,0.643068,-0.706392,0.142169,0.693397,-0.0970445,0.889938,0.445637,0,0,0,0,0,0,0,0,0,0,0,0,0,0,0,0.855518,0.491093,0.164064,-0.937482,0.271232,0.218086,-0.93408,0.0770465,-0.348653,0.862195,0.300009,-0.408185,0.173467,0.984825,-0.00535549,-0.421557,0.906704,0.0133501,-0.423531,0.71726,-0.553317,0,0,0
000748,0.505238,0.705258,0.50509,115.818,76.8702,306.303,0.491962,0.798166,0.347712,-0.649805,0.657404,0.38154,0,0,0,0,0,0,0.992186,0.121274,-0.0293077,-0.138503,0.941043,-0.308634,0,0,0,0.606725,0.757265,-0.241732,-0.792878,0.57693,-0.196207,0.698807,0.311686,0.643833,0,0,0,-0.0970445,0.889938,0.445637,0,0,0,0,0,0,0,0,0,0,0,0,0,0,0,0.855695,0.490618,0.164557,-0.937586,0.271262,0.217598,-0.933997,0.078043,-0.348653,0.862522,0.299064,-0.408186,0.173467,0.984825,-0.00535549,-0.421557,0.906704,0.0133501,-0.4231,0.717513,-0.553319,0,0,0
000749,0.505043,0.704706,0.504715,115.818,76.8702,306.303,0.492147,0.798461,0.346774,-0.649805,0.657404,0.38154,0,0,0,0,0,0,0.992111,0.121768,-0.0298074,-0.138462,0.940737,-0.309585,0,0,0,0.606572,0.757077,-0.242702,-0.793093,0.576467,-0.196697,0.698807,0.311686,0.643833,-0.706052,0.142101,0.693757,-0.0970445,0.889938,0.445637,0,0,0,0,0,0,0,0,0,0,0,0,0,0,0,0.855518,0.491093,0.164064,-0.937482,0.271232,0.218086,-0.933997,0.078043,-0.348653,0.862195,0.300009,-0.408185,0.173466,0.984822,-0.00585542,-0.421562,0.906716,0.0123502,-0.423253,0.716781,-0.554149,0,0,0
000750,0.504916,0.705228,0.505261,329.068,336.802,99.0785,0.496501,0.768566,0.403476,-0.644928,0.626086,0.438275,-0.656135,0.344643,-0.671348,0.514062,0.492506,-0.702266,0.991931,0.123168,-0.03003,-0.139682,0.962308,-0.233348,0,0,0,0.605084,0.773625,-0.188089,-0.793727,0.591315,-0.142629,0.706027,0.259597,0.65889,0,0,0,-0.0913304,0.852512,0.514667,0,0,0,0,0,0,0,0,0,0,0,0,0,0,0,0.857803,0.476214,0.193379,-0.935385,0.253033,0.247041,-0.937206,0.104722,-0.332684,0.858634,0.330757,-0.391595,0.174946,0.982073,0.0701936,-0.419803,0.903364,0.0877483,-0.426799,0.759465,-0.490975,0,0,0
000751,0.505308,0.705368,0.50462,329.068,336.802,99.0785,0.496279,0.768228,0.404391,-0.644928,0.626086,0.438275,-0.655773,0.343888,-0.672089,0.512568,0.494543,-0.701927,0.991961,0.123171,-0.0290306,-0.139682,0.962308,-0.233348,0,0,0,0.605142,0.773699,-0.187598,-0.793969,0.590872,-0.143124,0.705408,0.259369,0.659642,0,0,0,-0.0913051,0.852256,0.515095,0,0,0,0,0,0,0,0,0,0,0,0,0,0,0,0.857633,0.47612,0.19436,-0.935373,0.253548,0.246556,-0.936875,0.104685,-0.333627,0.85864,0.33183,-0.390674,0.174946,0.982073,0.0701936,-0.419803,0.903364,0.0877483,-0.426998,0.75879,-0.491844,0,0,0
000752,0.505324,0.704618,0.505194,329.068,336.802,99.0785,0.496611,0.768735,0.403019,-0.645241,0.626391,0.437376,-0.656237,0.343002,-0.672088,0.510971,0.497179,-0.701229,0.991961,0.123171,-0.0290306,-0.139651,0.962077,-0.23432,0,0,0,0.605084,0.773625,-0.188089,-0.793854,0.590786,-0.144114,0.706199,0.259127,0.65889,0,0,0,-0.091381,0.853024,0.513809,0,0,0,0,0,0,0,0,0,0,0,0,0,0,0,0.857475,0.476604,0.193869,-0.935373,0.253548,0.246556,-0.936875,0.104685,-0.333627,0.85882,0.331364,-0.390675,0.174959,0.982141,0.0691961,-0.419839,0.903443,0.0867522,-0.426561,0.759034,-0.491846,0,0,0
000753,0.504566,0.705423,0.504731,329.068,336.802,99.0785,0.496501,0.768566,0.403476,-0.644614,0.62578,0.439173,-0.655902,0.345085,-0.671348,0.511521,0.495615,-0.701935,0.991916,0.123166,-0.0305297,-0.139682,0.962308,-0.233348,0,0,0,0.605419,0.773244,-0.188581,-0.794083,0.590957,-0.142134,0.706199,0.259127,0.65889,0,0,0,-0.0913051,0.852256,0.515095,0,0,0,0,0,0,0,0,0,0,0,0,0,0,0,0.85756,0.476651,0.193379,-0.935146,0.252969,0.248009,-0.937424,0.105753,-0.331741,0.858272,0.331153,-0.392055,0.174946,0.982073,0.0701936,-0.419784,0.903324,0.0882464,-0.426799,0.759465,-0.490975,0,0,0
000754,0.50476,0.704569,0.505071,329.068,336.802,99.0785,0.496722,0.768903,0.402561,-0.645589,0.626033,0.437375,-0.657395,0.340787,-0.672084,0.513464,0.492618,-0.702626,0.991931,0.123168,-0.03003,-0.139651,0.962077,-0.23432,0,0,0,0.604966,0.773478,-0.189071,-0.793969,0.590872,-0.143124,0.705854,0.260066,0.658889,0,0,0,-0.091381,0.853024,0.513809,0,0,0,0,0,0,0,0,0,0,0,0,0,0,0,0.857887,0.47626,0.192888,-0.935135,0.253484,0.247525,-0.937206,0.104722,-0.332684,0.858455,0.331224,-0.391595,0.174959,0.982141,0.0691961,-0.419839,0.903443,0.0867522,-0.426998,0.75879,-0.491844,0,0,0
000755,0.50511,0.704714,0.504934,329.068,336.802,99.0785,0.496501,0.768566,0.403476,-0.645589,0.626033,0.437375,-0.656237,0.343002,-0.672088,0.510271,0.497893,-0.701232,0.991946,0.12317,-0.0295303,-0.139651,0.962077,-0.23432,0,0,0,0.605025,0.773552,-0.18858,-0.793911,0.590829,-0.143619,0.706199,0.259127,0.65889,0,0,0,-0.0913557,0.852768,0.514238,0,0,0,0,0,0,0,0,0,0,0,0,0,0,0,0.857803,0.476214,0.193379,-0.935373,0.253548,0.246556,-0.937094,0.105716,-0.332684,0.858455,0.331224,-0.391595,0.174959,0.982141,0.0691961,-0.419839,0.903443,0.0867522,-0.426561,0.759034,-0.491846,0,0,0
000756,0.505293,0.705377,0.50499,329.068,336.802,99.0785,0.49639,0.768397,0.403934,-0.645433,0.62588,0.437825,-0.656469,0.342559,-0.672088,0.512469,0.495146,-0.701574,0.991961,0.123171,-0.0290306,-0.139682,0.962308,-0.233348,0,0,0,0.605142,0.773699,-0.187598,-0.793969,0.590872,-0.143124,0.705063,0.260308,0.659641,0,0,0,-0.0913304,0.852512,0.514667,0,0,0,0,0,0,0,0,0,0,0,0,0,0,0,0.857633,0.47612,0.19436,-0.935373,0.253548,0.246556,-0.936985,0.105201,-0.333155,0.85882,0.331364,-0.390675,0.174946,0.982073,0.0701936,-0.419803,0.903364,0.0877483,-0.427117,0.759005,-0.491409,0,0,0
000757,0.505267,0.70474,0.504976,329.068,336.802,99.0785,0.496501,0.768566,0.403476,-0.645589,0.626033,0.437375,-0.656237,0.343002,-0.672088,0.513365,0.493222,-0.702274,0.991961,0.123171,-0.0290306,-0.139651,0.962077,-0.23432,0,0,0,0.605084,0.773625,-0.188089,-0.793854,0.590786,-0.144114,0.706199,0.259127,0.65889,0,0,0,-0.0913557,0.852768,0.514238,0,0,0,0,0,0,0,0,0,0,0,0,0,0,0,0.857718,0.476167,0.193869,-0.935373,0.253548,0.246556,-0.936875,0.104685,-0.333627,0.858637,0.331294,-0.391135,0.174959,0.982141,0.0691961,-0.419839,0.903443,0.0867522,-0.426561,0.759034,-0.491846,0,0,0
000758,0.505173,0.704898,0.504892,329.068,336.802,99.0785,0.496501,0.768566,0.403476,-0.645589,0.626033,0.437375,-0.656237,0.343002,-0.672088,0.513365,0.493222,-0.702274,0.992008,0.122673,-0.0295303,-0.139667,0.962193,-0.233834,0,0,0,0.605084,0.773625,-0.188089,-0.793911,0.590829,-0.143619,0.706199,0.259127,0.65889,0,0,0,-0.0913557,0.852768,0.514238,0,0,0,0,0,0,0,0,0,0,0,0,0,0,0,0.857718,0.476167,0.193869,-0.935373,0.253548,0.246556,-0.937094,0.105716,-0.332684,0.858634,0.330757,-0.391595,0.174959,0.982141,0.0691961,-0.419821,0.903404,0.0872502,-0.426998,0.75879,-0.491844,0,0,0
000759,0.504821,0.704638,0.505095,329.068,336.802,99.0785,0.497142,0.768631,0.402562,-0.645589,0.626033,0.437375,-0.657164,0.34123,-0.672085,0.51187,0.495258,-0.701932,0.991931,0.123168,-0.03003,-0.139651,0.962077,-0.23432,0,0,0,0.605025,0.773552,-0.18858,-0.793969,0.590872,-0.143124,0.705854,0.260066,0.658889,0,0,0,-0.091381,0.853024,0.513809,0,0,0,0,0,0,0,0,0,0,0,0,0,0,0,0.857887,0.47626,0.192888,-0.935135,0.253484,0.247525,-0.937206,0.104722,-0.332684,0.858455,0.331224,-0.391595,0.174959,0.982141,0.0691961,-0.419839,0.903443,0.0867522,-0.427434,0.758546,-0.491842,0,0,0
000760,0.504815,0.70451,0.50476,139.878,8.33314,65.9371,0.532901,0.773969,0.342035,-0.615616,0.704025,0.354069,0,0,0,0,0,0,0.99818,0.0594022,-0.0103829,-0.0728062,0.940674,-0.331409,0,0,0,0.657802,0.712524,-0.244143,-0.751441,0.620056,-0.225537,0.703492,0.281421,0.652611,-0.710857,0.199983,0.674307,-0.0512168,0.903564,0.425381,0,0,0,0.278339,0.609343,0.742447,-0.321915,0.576432,0.751064,0,0,0,0,0,0,0.881134,0.440126,0.172891,-0.923108,0.333235,0.191903,-0.9199,0.128121,-0.370633,0.887574,0.236957,-0.395048,0.234621,0.97185,-0.0214626,-0.364564,0.931064,-0.0145675,0,0,0,0,0,0
000761,0.505096,0.704679,0.505313,139.878,8.33314,65.9371,0.533313,0.773685,0.342036,-0.616225,0.703963,0.353133,0,0,0,0,0,0,0.998215,0.0589034,-0.00988295,-0.0728172,0.940839,-0.330937,0,0,0,0.657886,0.712613,-0.243658,-0.751209,0.620513,-0.225051,0.703306,0.281886,0.652611,-0.71091,0.201036,0.673937,-0.0512168,0.903564,0.425381,0,0,0,0.279701,0.608715,0.742451,-0.324097,0.575211,0.751061,0,0,0,0,0,0,0.880833,0.440534,0.173384,-0.923288,0.3333,0.190921,-0.9199,0.128121,-0.370633,0.887956,0.237058,-0.394129,0.234623,0.97186,-0.0209628,-0.364564,0.931064,-0.0145675,0,0,0,0,0,0
000762,0.504659,0.705197,0.504808,139.878,8.33314,65.9371,0.532803,0.773829,0.342505,-0.615384,0.703758,0.355004,0,0,0,0,0,0,0.998204,0.0589028,-0.0108828,-0.0728282,0.941004,-0.330465,0,0,0,0.657886,0.712613,-0.243658,-0.751614,0.6202,-0.224563,0.703492,0.281421,0.652611,-0.710261,0.200854,0.674676,-0.051196,0.903138,0.426286,0,0,0,0,0,0,-0.32373,0.574555,0.751721,0,0,0,0,0,0,0.880833,0.440534,0.173384,-0.922847,0.333673,0.192393,-0.919969,0.127626,-0.370633,0.887703,0.236474,-0.395048,0.234626,0.97187,-0.0204629,-0.364569,0.931078,-0.0135676,0,0,0,0,0,0
000763,0.505476,0.70546,0.504754,139.878,8.33314,65.9371,0.533018,0.773264,0.343445,-0.615616,0.704025,0.354069,0,0,0,0,0,0,0.998224,0.058904,-0.00888314,-0.0728282,0.941004,-0.330465,0,0,0,0.658052,0.71279,-0.242688,-0.751441,0.620056,-0.225537,0.702699,0.281644,0.653369,-0.710585,0.200945,0.674307,-0.0511856,0.902925,0.426738,0,0,0,0.278935,0.608251,0.743119,-0.324166,0.574311,0.75172,0,0,0,0,0,0,0.8806,0.440418,0.17486,-0.923288,0.3333,0.190921,-0.919533,0.12807,-0.371561,0.888213,0.236092,-0.39413,0.234628,0.97188,-0.0199631,-0.364569,0.931078,-0.0135676,0,0,0,0,0,0
000764,0.504513,0.705081,0.504955,139.878,8.33314,65.9371,0.533313,0.773685,0.342036,-0.615384,0.703758,0.355004,0,0,0,0,0,0,0.998204,0.0589028,-0.0108828,-0.0728282,0.941004,-0.330465,0,0,0,0.658169,0.712185,-0.244143,-0.751382,0.620657,-0.224076,0.703306,0.281886,0.652611,-0.710261,0.200854,0.674676,-0.0512064,0.903351,0.425834,0,0,0,0.278339,0.609343,0.742447,-0.324166,0.574311,0.75172,0,0,0,0,0,0,0.880911,0.440573,0.172891,-0.923187,0.332732,0.192394,-0.920038,0.127131,-0.370633,0.887574,0.236957,-0.395048,0.234623,0.97186,-0.0209628,-0.364569,0.931078,-0.0135676,0,0,0,0,0,0
000765,0.504854,0.705425,0.505489,139.878,8.33314,65.9371,0.533313,0.773685,0.342036,-0.615616,0.704025,0.354069,0,0,0,0,0,0,0.99821,0.0589031,-0.0103829,-0.07285,0.941333,-0.329521,0,0,0,0.658336,0.712362,-0.243174,-0.751382,0.620657,-0.224076,0.703306,0.281886,0.652611,-0.711045,0.200555,0.673938,-0.0512064,0.903351,0.425834,0,0,0,0.279247,0.608925,0.74245,-0.322788,0.575944,0.751063,0,0,0,0,0,0,0.881057,0.440087,0.173384,-0.923108,0.333235,0.191903,-0.920038,0.127131,-0.370633,0.887956,0.237058,-0.394129,0.234628,0.97188,-0.0199631,-0.364569,0.931078,-0.0135676,0,0,0,0,0,0
000766,0.505056,0.704838,0.504837,139.878,8.33314,65.9371,0.533313,0.773685,0.342036,-0.615616,0.704025,0.354069,0,0,0,0,0,0,0.998215,0.0589034,-0.00988295,-0.0728062,0.940674,-0.331409,0,0,0,0.657886,0.712613,-0.243658,-0.751441,0.620056,-0.225537,0.703677,0.280957,0.652612,-0.710721,0.200464,0.674307,-0.0512064,0.903351,0.425834,0,0,0,0,0,0,-0.321915,0.576432,0.751064,0,0,0,0,0,0,0.881057,0.440087,0.173384,-0.923367,0.332797,0.191412,-0.91967,0.12708,-0.371562,0.887894,0.236525,-0.394589,0.234623,0.97186,-0.0209628,-0.364564,0.931064,-0.0145675,0,0,0,0,0,0
000767,0.504766,0.704801,0.504524,139.878,8.33314,65.9371,0.533313,0.773685,0.342036,-0.615993,0.703696,0.354069,0,0,0,0,0,0,0.99818,0.0594022,-0.0103829,-0.0728062,0.940674,-0.331409,0,0,0,0.657802,0.712524,-0.244143,-0.751528,0.620128,-0.22505,0.703677,0.280957,0.652612,-0.710396,0.200373,0.674676,-0.0512064,0.903351,0.425834,0,0,0,0.276976,0.60997,0.742442,-0.32373,0.574555,0.751721,0,0,0,0,0,0,0.880833,0.440534,0.173384,-0.923108,0.333235,0.191903,-0.9199,0.128121,-0.370633,0.887574,0.236957,-0.395048,0.234623,0.97186,-0.0209628,-0.364566,0.931071,-0.0140676,0,0,0,0,0,0
000768,0.504543,0.704748,0.505197,139.878,8.33314,65.9371,0.533411,0.773825,0.341567,-0.615616,0.704025,0.354069,0,0,0,0,0,0,0.998204,0.0589028,-0.0108828,-0.0728282,0.941004,-0.330465,0,0,0,0.657802,0.712524,-0.244143,-0.751614,0.6202,-0.224563,0.703609,0.282007,0.652232,-0.710721,0.200464,0.674307,-0.0512168,0.903564,0.425381,0,0,0,0.279701,0.608715,0.742451,-0.322788,0.575944,0.751063,0,0,0,0,0,0,0.881212,0.440164,0.172399,-0.923108,0.333235,0.191903,-0.920152,0.127651,-0.370168,0.887574,0.236957,-0.395048,0.234623,0.97186,-0.0209628,-0.364566,0.931071,-0.0140676,0,0,0,0,0,0
000769,0.505222,0.70548,0.505106,139.878,8.33314,65.9371,0.533116,0.773404,0.342976,-0.615616,0.704025,0.354069,0,0,0,0,0,0,0.998215,0.0589034,-0.00988295,-0.0728282,0.941004,-0.330465,0,0,0,0.658052,0.71279,-0.242688,-0.751614,0.6202,-0.224563,0.703188,0.2813,0.65299,-0.711045,0.200555,0.673938,-0.051196,0.903138,0.426286,0,0,0,0.276976,0.60997,0.742442,-0.321915,0.576432,0.751064,0,0,0,0,0,0,0.880678,0.440457,0.174368,-0.923198,0.333268,0.191412,-0.91967,0.12708,-0.371562,0.888085,0.236575,-0.394129,0.234628,0.97188,-0.0199631,-0.364569,0.931078,-0.0135676,0,0,0,0,0,0
000770,0.505437,0.704596,0.504793,52.9748,108.442,84.8318,0.546056,0.752282,0.368638,-0.604357,0.705159,0.370814,0,0,0,0,0,0,0.99919,0.0402169,-0.00154747,-0.0520528,0.951607,-0.302878,0,0,0,0.67327,0.706702,-0.217438,-0.737557,0.641326,-0.211449,0.704354,0.246973,0.665499,-0.711542,0.193682,0.675422,-0.0362867,0.891019,0.452514,0,0,0,0,0,0,0,0,0,0,0,0,0,0,0,0.887946,0.417731,0.192492,-0.917927,0.345289,0.195414,-0.914456,0.156845,-0.373055,0.89505,0.231147,-0.381388,0.253783,0.967208,0.0101293,-0.346077,0.938138,0.0112987,0,0,0,0,0,0
000771,0.505135,0.704687,0.504714,52.9748,108.442,84.8318,0.546056,0.752282,0.368638,-0.604116,0.704877,0.371742,0,0,0,0,0,0,0.999209,0.0397173,-0.0020474,-0.0520528,0.951607,-0.302878,0,0,0,0.673194,0.706624,-0.217926,-0.737637,0.641395,-0.21096,0.704668,0.247083,0.665126,-0.711216,0.193593,0.675791,-0.0362867,0.891019,0.452514,0,0,0,0,0,0,0,0,0,0,0,0,0,0,0,0.888246,0.417319,0.192002,-0.917835,0.345254,0.195904,-0.91454,0.156352,-0.373056,0.894865,0.2311,-0.38185,0.253783,0.967208,0.0101293,-0.346075,0.938132,0.0117986,0,0,0,0,0,0
000772,0.504921,0.705402,0.504909,52.9748,108.442,84.8318,0.545947,0.752133,0.369103,-0.604496,0.704551,0.371742,0,0,0,0,0,0,0.999188,0.0402168,-0.00254734,-0.0520661,0.951909,-0.301925,0,0,0,0.67327,0.706702,-0.217438,-0.737795,0.641534,-0.209982,0.704668,0.247083,0.665126,-0.711347,0.193111,0.675791,-0.0362793,0.890792,0.45296,0,0,0,0,0,0,-0.318349,0.557109,0.766996,0,0,0,0,0,0,0.888246,0.417319,0.192002,-0.917743,0.34522,0.196394,-0.914823,0.156908,-0.372128,0.894865,0.2311,-0.38185,0.25378,0.967198,0.0111292,-0.346071,0.938121,0.0127985,0,0,0,0,0,0
000773,0.504596,0.705388,0.505093,52.9748,108.442,84.8318,0.546056,0.752282,0.368638,-0.603875,0.704593,0.37267,0,0,0,0,0,0,0.999206,0.0397172,-0.00304728,-0.0520661,0.951909,-0.301925,0,0,0,0.673556,0.706279,-0.217927,-0.737874,0.641603,-0.209493,0.704171,0.248498,0.665125,-0.710759,0.193987,0.676159,-0.0362793,0.890792,0.45296,0,0,0,0,0,0,-0.318784,0.556862,0.766995,0,0,0,0,0,0,0.88812,0.417812,0.191511,-0.917827,0.344717,0.196884,-0.915105,0.157464,-0.371199,0.89468,0.231052,-0.382312,0.253781,0.967203,0.0106292,-0.346071,0.938121,0.0127985,0,0,0,0,0,0
000774,0.50522,0.704671,0.505072,52.9748,108.442,84.8318,0.546056,0.752282,0.368638,-0.604357,0.705159,0.370814,0,0,0,0,0,0,0.999209,0.0397173,-0.0020474,-0.0520528,0.951607,-0.302878,0,0,0,0.673556,0.706279,-0.217927,-0.737637,0.641395,-0.21096,0.704337,0.248027,0.665125,-0.711542,0.193682,0.675422,-0.0362941,0.891245,0.452068,0,0,0,0,0,0,0,0,0,0,0,0,0,0,0,0.888246,0.417319,0.192002,-0.917927,0.345289,0.195414,-0.914738,0.157401,-0.372127,0.894925,0.231631,-0.381388,0.253783,0.967208,0.0101293,-0.346075,0.938132,0.0117986,0,0,0,0,0,0
000775,0.504951,0.705354,0.504545,52.9748,108.442,84.8318,0.545433,0.752279,0.369567,-0.603875,0.704593,0.37267,0,0,0,0,0,0,0.999208,0.0397173,-0.00254734,-0.0520661,0.951909,-0.301925,0,0,0,0.67327,0.706702,-0.217438,-0.737795,0.641534,-0.209982,0.704668,0.247083,0.665126,-0.710759,0.193987,0.676159,-0.0362718,0.890566,0.453406,0,0,0,0.285155,0.580533,0.762672,0,0,0,0,0,0,0,0,0,0.888246,0.417319,0.192002,-0.917743,0.34522,0.196394,-0.914738,0.157401,-0.372127,0.89468,0.231052,-0.382312,0.25378,0.967198,0.0111292,-0.346071,0.938121,0.0127985,0,0,0,0,0,0
000776,0.504682,0.704913,0.504503,52.9748,108.442,84.8318,0.546056,0.752282,0.368638,-0.603996,0.704735,0.372206,0,0,0,0,0,0,0.999206,0.0397172,-0.00304728,-0.0520528,0.951607,-0.302878,0,0,0,0.673118,0.706546,-0.218414,-0.737795,0.641534,-0.209982,0.704503,0.247555,0.665126,-0.710432,0.193899,0.676527,-0.0362793,0.890792,0.45296,0,0,0,0,0,0,0,0,0,0,0,0,0,0,0,0.88812,0.417812,0.191511,-0.917651,0.345185,0.196884,-0.914907,0.156415,-0.372128,0.894555,0.231536,-0.382312,0.253783,0.967208,0.0101293,-0.346073,0.938127,0.0122986,0,0,0,0,0,0
000777,0.504622,0.705464,0.505141,52.9748,108.442,84.8318,0.546056,0.752282,0.368638,-0.603875,0.704593,0.37267,0,0,0,0,0,0,0.999206,0.0397172,-0.00304728,-0.0520727,0.95206,-0.301448,0,0,0,0.67327,0.706702,-0.217438,-0.737953,0.641672,-0.209004,0.704171,0.248498,0.665125,-0.711347,0.193111,0.675791,-0.0362793,0.890792,0.45296,0,0,0,0,0,0,-0.318784,0.556862,0.766995,0,0,0,0,0,0,0.88812,0.417812,0.191511,-0.917827,0.344717,0.196884,-0.915105,0.157464,-0.371199,0.89468,0.231052,-0.382312,0.25378,0.967198,0.0111292,-0.346071,0.938121,0.0127985,0,0,0,0,0,0
000778,0.50488,0.704569,0.504668,52.9748,108.442,84.8318,0.545652,0.752576,0.368637,-0.604116,0.704877,0.371742,0,0,0,0,0,0,0.999188,0.0402168,-0.00254734,-0.0520528,0.951607,-0.302878,0,0,0,0.673118,0.706546,-0.218414,-0.737637,0.641395,-0.21096,0.704337,0.248027,0.665125,-0.711347,0.193111,0.675791,-0.0362867,0.891019,0.452514,0,0,0,0,0,0,0,0,0,0,0,0,0,0,0,0.888332,0.41736,0.191511,-0.917743,0.34522,0.196394,-0.914738,0.157401,-0.372127,0.89468,0.231052,-0.382312,0.253784,0.967213,0.00962942,-0.346075,0.938132,0.0117986,0,0,0,0,0,0
000779,0.505159,0.704958,0.504707,52.9748,108.442,84.8318,0.545947,0.752133,0.369103,-0.604116,0.704877,0.371742,0,0,0,0,0,0,0.999209,0.0397173,-0.0020474,-0.0520594,0.951758,-0.302401,0,0,0,0.67327,0.706702,-0.217438,-0.737637,0.641395,-0.21096,0.704668,0.247083,0.665126,-0.711216,0.193593,0.675791,-0.0362793,0.890792,0.45296,0,0,0,0,0,0,-0.317232,0.558182,0.766679,0,0,0,0,0,0,0.888246,0.417319,0.192002,-0.918011,0.344786,0.195904,-0.91454,0.156352,-0.373056,0.894925,0.231631,-0.381388,0.253783,0.967208,0.0101293,-0.346075,0.938132,0.0117986,0,0,0,0,0,0
000780,0.504551,0.704915,0.504742,329.315,128.367,236.918,0.46506,0.812619,0.35124,-0.669352,0.624457,0.402518,-0.673399,0.271098,-0.687779,0,0,0,0.985738,0.162286,-0.0445486,-0.181808,0.938858,-0.292391,0,0,0,0.570876,0.784832,-0.241119,-0.818822,0.547035,-0.17402,0.697377,0.329552,0.636444,0,0,0,-0.125473,0.878387,0.461186,0,0,0,0,0,0,0,0,0,0,0,0,0,0,0,0.837505,0.523289,0.157337,-0.943901,0.229302,0.237638,-0.942189,0.0446121,-0.332098,0.841781,0.341209,-0.418308,0.133137,0.991078,0.00632542,-0.4577,0.888471,0.0336139,-0.461732,0.706973,-0.535717,0,0,0
000781,0.505306,0.704887,0.505293,329.315,128.367,236.918,0.46506,0.812619,0.35124,-0.669646,0.624732,0.401602,-0.672836,0.272489,-0.68778,0,0,0,0.985721,0.16279,-0.0430502,-0.181808,0.938858,-0.292391,0,0,0,0.571019,0.785026,-0.240149,-0.818677,0.546938,-0.175005,0.696373,0.330184,0.637214,0,0,0,-0.126029,0.878774,0.460297,0,0,0,0,0,0,0,0,0,0,0,0,0,0,0,0.83737,0.523206,0.158324,-0.944364,0.2289,0.236181,-0.941857,0.0445966,-0.333041,0.842555,0.34152,-0.41649,0.133136,0.991074,0.00682535,-0.457708,0.888486,0.0331142,-0.461313,0.707245,-0.535719,0,0,0
000782,0.50539,0.705301,0.50489,329.315,128.367,236.918,0.464884,0.812315,0.352176,-0.669987,0.624367,0.401602,-0.672705,0.271896,-0.688143,0,0,0,0.985802,0.162297,-0.0430502,-0.181808,0.938858,-0.292391,0,0,0,0.571091,0.785122,-0.239663,-0.818677,0.546938,-0.175005,0.696801,0.32928,0.637215,0,0,0,-0.125473,0.878387,0.461186,0,0,0,0.245328,0.608528,0.754657,0,0,0,0,0,0,0,0,0,0.837568,0.52274,0.158818,-0.944131,0.229358,0.236667,-0.941833,0.045096,-0.333041,0.842555,0.34152,-0.41649,0.133136,0.991071,0.00732528,-0.4577,0.888471,0.0336139,-0.461313,0.707245,-0.535719,0,0,0
000783,0.505142,0.704976,0.505439,329.315,128.367,236.918,0.46506,0.812619,0.35124,-0.669646,0.624732,0.401602,0,0,0,0,0,0,0.985781,0.162294,-0.0435497,-0.181808,0.938858,-0.292391,0,0,0,0.571019,0.785026,-0.240149,-0.819232,0.546106,-0.175004,0.697377,0.329552,0.636444,0,0,0,-0.125504,0.878616,0.460742,0,0,0,0.246397,0.6085,0.754331,0,0,0,0,0,0,0,0,0,0.837702,0.522823,0.157831,-0.944131,0.229358,0.236667,-0.94188,0.0440971,-0.333041,0.84255,0.340979,-0.416945,0.133136,0.991071,0.00732528,-0.4577,0.888471,0.0336139,-0.461457,0.707471,-0.535297,0,0,0
000784,0.505235,0.705255,0.505277,329.315,128.367,236.918,0.464972,0.812467,0.351708,-0.669646,0.624732,0.401602,-0.673399,0.271098,-0.687779,0,0,0,0.985721,0.16279,-0.0430502,-0.181808,0.938858,-0.292391,0,0,0,0.571091,0.785122,-0.239663,-0.819028,0.546571,-0.174512,0.696373,0.330184,0.637214,0,0,0,-0.125504,0.878616,0.460742,0,0,0,0,0,0,0,0,0,0,0,0,0,0,0,0.837635,0.522782,0.158324,-0.944131,0.229358,0.236667,-0.941857,0.0445966,-0.333041,0.842555,0.34152,-0.41649,0.133136,0.991071,0.00732528,-0.4577,0.888471,0.0336139,-0.461457,0.707471,-0.535297,0,0,0
000785,0.504965,0.705128,0.505006,329.315,128.367,236.918,0.465494,0.81237,0.351241,-0.669352,0.624457,0.402518,-0.673211,0.271562,-0.68778,0,0,0,0.985841,0.161797,-0.0440491,-0.181808,0.938858,-0.292391,0,0,0,0.571019,0.785026,-0.240149,-0.819028,0.546571,-0.174512,0.696373,0.330184,0.637214,0,0,0,-0.125504,0.878616,0.460742,0,0,0,0,0,0,0,0,0,0,0,0,0,0,0,0.837702,0.522823,0.157831,-0.944016,0.22933,0.237153,-0.942023,0.0446043,-0.33257,0.842169,0.341365,-0.417399,0.133136,0.991071,0.00732528,-0.4577,0.888471,0.0336139,-0.461732,0.706973,-0.535717,0,0,0
000786,0.504967,0.705315,0.505145,329.315,128.367,236.918,0.464972,0.812467,0.351708,-0.669352,0.624457,0.402518,0,0,0,0,0,0,0.985781,0.162294,-0.0435497,-0.181808,0.938858,-0.292391,0,0,0,0.571019,0.785026,-0.240149,-0.819028,0.546571,-0.174512,0.696373,0.330184,0.637214,0,0,0,-0.125473,0.878387,0.461186,0,0,0,0,0,0,0,0,0,0,0,0,0,0,0,0.83737,0.523206,0.158324,-0.944016,0.22933,0.237153,-0.942165,0.0451115,-0.332098,0.842356,0.340901,-0.4174,0.133136,0.991071,0.00732528,-0.457693,0.888456,0.0341136,-0.460762,0.70824,-0.534878,0,0,0
000787,0.505205,0.704829,0.505225,329.315,128.367,236.918,0.46506,0.812619,0.35124,-0.669646,0.624732,0.401602,-0.673024,0.272025,-0.68778,0,0,0,0.985781,0.162294,-0.0435497,-0.181808,0.938858,-0.292391,0,0,0,0.571019,0.785026,-0.240149,-0.818677,0.546938,-0.175005,0.696373,0.330184,0.637214,0,0,0,-0.126029,0.878774,0.460297,0,0,0,0,0,0,0,0,0,0,0,0,0,0,0,0.83737,0.523206,0.158324,-0.944131,0.229358,0.236667,-0.941857,0.0445966,-0.333041,0.842544,0.340438,-0.4174,0.133137,0.991078,0.00632542,-0.457708,0.888486,0.0331142,-0.461313,0.707245,-0.535719,0,0,0
000788,0.504936,0.704894,0.504724,329.315,128.367,236.918,0.46506,0.812619,0.35124,-0.669352,0.624457,0.402518,-0.67246,0.273415,-0.68778,0,0,0,0.985759,0.16229,-0.0440491,-0.181782,0.938714,-0.292869,0,0,0,0.570948,0.784929,-0.240634,-0.81875,0.546986,-0.174512,0.696373,0.330184,0.637214,0,0,0,-0.125504,0.878616,0.460742,0,0,0,0,0,0,0,0,0,0,0,0,0,0,0,0.837702,0.522823,0.157831,-0.944016,0.22933,0.237153,-0.94188,0.0440971,-0.333041,0.842169,0.341365,-0.417399,0.133136,0.991074,0.00682535,-0.4577,0.888471,0.0336139,-0.461313,0.707245,-0.535719,0,0,0
000789,0.504615,0.704932,0.504582,329.315,128.367,236.918,0.46506,0.812619,0.35124,-0.669352,0.624457,0.402518,-0.672836,0.272489,-0.68778,0,0,0,0.985738,0.162286,-0.0445486,-0.181808,0.938858,-0.292391,0,0,0,0.570876,0.784832,-0.241119,-0.819028,0.546571,-0.174512,0.696373,0.330184,0.637214,0,0,0,-0.125473,0.878387,0.461186,0,0,0,0,0,0,0,0,0,0,0,0,0,0,0,0.837769,0.522865,0.157337,-0.943901,0.229302,0.237638,-0.942165,0.0451115,-0.332098,0.841781,0.341209,-0.418308,0.133136,0.991074,0.00682535,-0.4577,0.888471,0.0336139,-0.461313,0.707245,-0.535719,0,0,0
000790,0.505328,0.70454,0.505142,256.938,257.182,336.429,0.461321,0.80162,0.380247,-0.672635,0.603752,0.427837,-0.677908,0.293513,-0.674011,0,0,0,0.984254,0.171969,-0.040869,-0.189682,0.948025,-0.255478,0,0,0,0.564014,0.798011,-0.212291,-0.823503,0.546897,-0.15082,0.697574,0.309392,0.646272,0,0,0,-0.129651,0.859431,0.494539,0,0,0,0,0,0,0,0,0,0,0,0,0,0,0,0.834494,0.522641,0.174548,-0.945083,0.212238,0.248541,-0.943666,0.0505552,-0.327014,0.837984,0.36361,-0.406903,0.126107,0.991016,0.0445432,-0.463821,0.883236,0.069026,-0.468091,0.724555,-0.505876,0,0,0
000791,0.504751,0.705402,0.504967,256.938,257.182,336.429,0.461225,0.801456,0.38071,-0.671999,0.603178,0.429644,-0.678813,0.292271,-0.673639,0,0,0,0.984299,0.171469,-0.0418679,-0.189729,0.948276,-0.254511,0,0,0,0.564076,0.798097,-0.211803,-0.82369,0.547022,-0.149337,0.697869,0.309523,0.64589,0,0,0,-0.129581,0.858941,0.495408,0,0,0,0,0,0,0,0,0,0,0,0,0,0,0,0.834228,0.523064,0.174547,-0.944487,0.212616,0.250477,-0.943966,0.0510718,-0.326068,0.837598,0.363988,-0.407359,0.126101,0.990971,0.045542,-0.463773,0.883143,0.0705223,-0.468077,0.725465,-0.504583,0,0,0
000792,0.505037,0.705404,0.504514,256.938,257.182,336.429,0.460599,0.801377,0.381633,-0.671999,0.603178,0.429644,-0.677709,0.293972,-0.674011,0,0,0,0.98432,0.171473,-0.0413685,-0.189729,0.948276,-0.254511,0,0,0,0.564076,0.798097,-0.211803,-0.823628,0.546981,-0.149832,0.697279,0.309261,0.646653,0,0,0,-0.129546,0.858696,0.495842,0,0,0,0,0,0,0,0,0,0,0,0,0,0,0,0.83442,0.522594,0.17504,-0.94484,0.212183,0.249509,-0.943666,0.0505552,-0.327014,0.837598,0.363988,-0.407359,0.126101,0.990971,0.045542,-0.463773,0.883143,0.0705223,-0.468227,0.724768,-0.505445,0,0,0
000793,0.505231,0.704598,0.504503,256.938,257.182,336.429,0.460791,0.801706,0.380709,-0.672318,0.603465,0.428741,-0.677599,0.293378,-0.67438,0,0,0,0.98432,0.171473,-0.0413685,-0.189682,0.948025,-0.255478,0,0,0,0.564014,0.798011,-0.212291,-0.823503,0.546897,-0.15082,0.697279,0.309261,0.646653,0,0,0,-0.129616,0.859186,0.494974,0,0,0,0,0,0,0,0,0,0,0,0,0,0,0,0.834154,0.523018,0.17504,-0.944731,0.212671,0.249509,-0.94364,0.0510545,-0.327014,0.837598,0.363988,-0.407359,0.126107,0.991016,0.0445432,-0.463805,0.883205,0.0695247,-0.468376,0.724071,-0.506306,0,0,0
000794,0.504835,0.705318,0.504652,256.938,257.182,336.429,0.460695,0.801541,0.381171,-0.671999,0.603178,0.429644,-0.677818,0.294565,-0.673642,0,0,0,0.984299,0.171469,-0.0418679,-0.189729,0.948276,-0.254511,0,0,0,0.564076,0.798097,-0.211803,-0.82369,0.547022,-0.149337,0.696873,0.310175,0.646653,0,0,0,-0.129546,0.858696,0.495842,0,0,0,0,0,0,0,0,0,0,0,0,0,0,0,0.834494,0.522641,0.174548,-0.944487,0.212616,0.250477,-0.943693,0.0500559,-0.327014,0.837598,0.363988,-0.407359,0.126101,0.990971,0.045542,-0.463773,0.883143,0.0705223,-0.468647,0.724498,-0.505443,0,0,0
000795,0.504679,0.704597,0.504858,256.938,257.182,336.429,0.461416,0.801784,0.379785,-0.672318,0.603465,0.428741,-0.678217,0.293647,-0.673642,0,0,0,0.984279,0.171466,-0.0423674,-0.189682,0.948025,-0.255478,0,0,0,0.563952,0.797924,-0.21278,-0.823628,0.546981,-0.149832,0.697869,0.309523,0.64589,0,0,0,-0.129616,0.859186,0.494974,0,0,0,0,0,0,0,0,0,0,0,0,0,0,0,0.834302,0.52311,0.174055,-0.944719,0.212156,0.249993,-0.943966,0.0510718,-0.326068,0.837423,0.363368,-0.408272,0.12611,0.991038,0.0440437,-0.463805,0.883205,0.0695247,-0.468227,0.724768,-0.505445,0,0,0
000796,0.505197,0.705431,0.504786,256.938,257.182,336.429,0.460599,0.801377,0.381633,-0.672158,0.603322,0.429193,-0.677419,0.295482,-0.673642,0,0,0,0.984254,0.171969,-0.040869,-0.189729,0.948276,-0.254511,0,0,0,0.564137,0.798183,-0.211314,-0.823351,0.547397,-0.149832,0.697076,0.309718,0.646653,0,0,0,-0.129546,0.858696,0.495842,0,0,0,0,0,0,0,0,0,0,0,0,0,0,0,0.83442,0.522594,0.17504,-0.944731,0.212671,0.249509,-0.943666,0.0505552,-0.327014,0.837984,0.36361,-0.406903,0.126101,0.990971,0.045542,-0.463773,0.883143,0.0705223,-0.468647,0.724498,-0.505443,0,0,0
000797,0.505164,0.704689,0.505296,256.938,257.182,336.429,0.460887,0.80187,0.380246,-0.672318,0.603465,0.428741,-0.678217,0.293647,-0.673642,0,0,0,0.98432,0.171473,-0.0413685,-0.189682,0.948025,-0.255478,0,0,0,0.564014,0.798011,-0.212291,-0.823565,0.546939,-0.150326,0.697869,0.309523,0.64589,0,0,0,-0.129651,0.859431,0.494539,0,0,0,0,0,0,0,0,0,0,0,0,0,0,0,0.834228,0.523064,0.174547,-0.944962,0.21221,0.249025,-0.943693,0.0500559,-0.327014,0.837984,0.36361,-0.406903,0.126107,0.991016,0.0445432,-0.463805,0.883205,0.0695247,-0.468227,0.724768,-0.505445,0,0,0
000798,0.505081,0.704631,0.504887,256.938,257.182,336.429,0.460791,0.801706,0.380709,-0.672318,0.603465,0.428741,-0.677908,0.293513,-0.674011,0,0,0,0.98432,0.171473,-0.0413685,-0.189682,0.948025,-0.255478,0,0,0,0.564014,0.798011,-0.212291,-0.823565,0.546939,-0.150326,0.69667,0.310632,0.646652,0,0,0,-0.129616,0.859186,0.494974,0,0,0,0,0,0,0,0,0,0,0,0,0,0,0,0.834228,0.523064,0.174547,-0.944731,0.212671,0.249509,-0.943666,0.0505552,-0.327014,0.837598,0.363988,-0.407359,0.126107,0.991016,0.0445432,-0.463805,0.883205,0.0695247,-0.468512,0.724284,-0.505875,0,0,0
000799,0.50501,0.705252,0.504728,256.938,257.182,336.429,0.460695,0.801541,0.381171,-0.671999,0.603178,0.429644,-0.677619,0.295023,-0.673642,0,0,0,0.98432,0.171473,-0.0413685,-0.189729,0.948276,-0.254511,0,0,0,0.564076,0.798097,-0.211803,-0.823628,0.546981,-0.149832,0.696873,0.310175,0.646653,0,0,0,-0.129581,0.858941,0.495408,0,0,0,0,0,0,0,0,0,0,0,0,0,0,0,0.834154,0.523018,0.17504,-0.94484,0.212183,0.249509,-0.943693,0.0500559,-0.327014,0.837598,0.363988,-0.407359,0.126101,0.990971,0.045542,-0.463773,0.883143,0.0705223,-0.468647,0.724498,-0.505443,0,0,0
000800,0.504609,0.705147,0.505412,95.3455,297.943,97.1959,0.537709,0.738463,0.406868,-0.61229,0.672829,0.415215,-0.615192,0.379674,-0.690932,0,0,0,0.998412,0.0558932,-0.0069868,-0.0686126,0.966795,-0.24617,0,0,0,0.660818,0.728319,-0.181301,-0.748886,0.641083,-0.167873,0.706001,0.220147,0.673125,-0.709272,0.143205,0.690236,-0.0465065,0.86306,0.502956,0,0,0,0,0,0,0,0,0,0,0,0,0,0,0,0.883131,0.419943,0.209113,-0.921586,0.318634,0.2217,-0.920018,0.164205,-0.355815,0.888294,0.267224,-0.373532,0.239051,0.968886,0.0641525,-0.360071,0.930428,0.068209,-0.362068,0.780875,-0.509059,0,0,0
000801,0.504526,0.705022,0.504799,95.3455,297.943,97.1959,0.537184,0.738594,0.407324,-0.61215,0.672675,0.415669,-0.615915,0.377182,-0.691652,0,0,0,0.998412,0.0558932,-0.0069868,-0.0685978,0.966549,-0.247139,0,0,0,0.660448,0.728655,-0.1813,-0.748561,0.641463,-0.167873,0.705531,0.220525,0.673494,0,0,0,-0.0465065,0.86306,0.502956,0,0,0,0,0,0,0,0,0,0,0,0,0,0,0,0.883131,0.419943,0.209113,-0.921586,0.318634,0.2217,-0.919842,0.163158,-0.356749,0.887971,0.267649,-0.373995,0.239059,0.968916,0.0636536,-0.360071,0.930428,0.068209,-0.362765,0.779992,-0.509916,0,0,0
000802,0.505024,0.705196,0.50504,95.3455,297.943,97.1959,0.537063,0.73843,0.40778,-0.612429,0.672983,0.41476,-0.615391,0.378034,-0.691653,0,0,0,0.998419,0.0558935,-0.00598694,-0.0686126,0.966795,-0.24617,0,0,0,0.660509,0.728722,-0.180809,-0.748759,0.640974,-0.168859,0.705209,0.220425,0.673864,-0.709709,0.142782,0.689874,-0.0465065,0.86306,0.502956,0,0,0,0,0,0,0,0,0,0,0,0,0,0,0,0.882941,0.419854,0.21009,-0.921528,0.319143,0.221213,-0.919667,0.164143,-0.356749,0.888328,0.267756,-0.373068,0.239051,0.968886,0.0641525,-0.360071,0.930428,0.068209,-0.362765,0.779992,-0.509916,0,0,0
000803,0.504642,0.704724,0.505273,95.3455,297.943,97.1959,0.537305,0.738757,0.406867,-0.612429,0.672983,0.41476,-0.616438,0.37633,-0.69165,0,0,0,0.998412,0.0558932,-0.0069868,-0.0685978,0.966549,-0.247139,0,0,0,0.660448,0.728655,-0.1813,-0.748823,0.641029,-0.168366,0.70615,0.21967,0.673125,-0.709272,0.143205,0.690236,-0.046518,0.863311,0.502524,0,0,0,0,0,0,0,0,0,0,0,0,0,0,0,0.883131,0.419943,0.209113,-0.921586,0.318634,0.2217,-0.91993,0.163682,-0.356282,0.88815,0.267702,-0.373531,0.239067,0.968947,0.0631547,-0.360083,0.93046,0.0677102,-0.362765,0.779992,-0.509916,0,0,0
000804,0.505473,0.704807,0.505343,95.3455,297.943,97.1959,0.537063,0.73843,0.40778,-0.612707,0.67329,0.41385,-0.614604,0.379311,-0.691654,0,0,0,0.998449,0.0553945,-0.00548702,-0.0685978,0.966549,-0.247139,0,0,0,0.660571,0.728788,-0.180317,-0.748369,0.641298,-0.169352,0.705209,0.220425,0.673864,-0.710047,0.14285,0.689512,-0.046518,0.863311,0.502524,0,0,0,0,0,0,0,0,0,0,0,0,0,0,0,0.882631,0.42026,0.210579,-0.922004,0.318778,0.21975,-0.919403,0.163588,-0.357683,0.888685,0.267863,-0.37214,0.239051,0.968886,0.0641525,-0.360095,0.930491,0.0672113,-0.362311,0.780202,-0.509917,0,0,0
000805,0.504591,0.705077,0.504909,95.3455,297.943,97.1959,0.537184,0.738594,0.407324,-0.61215,0.672675,0.415669,-0.615915,0.377182,-0.691652,0,0,0,0.998412,0.0558932,-0.0069868,-0.0685978,0.966549,-0.247139,0,0,0,0.660448,0.728655,-0.1813,-0.748561,0.641463,-0.167873,0.706298,0.219193,0.673125,0,0,0,-0.0465065,0.86306,0.502956,0,0,0,0,0,0,0,0,0,0,0,0,0,0,0,0.883131,0.419943,0.209113,-0.921586,0.318634,0.2217,-0.919842,0.163158,-0.356749,0.888115,0.26717,-0.373995,0.239051,0.968886,0.0641525,-0.360071,0.930428,0.068209,-0.362765,0.779992,-0.509916,0,0,0
000806,0.504828,0.704642,0.505105,95.3455,297.943,97.1959,0.537305,0.738757,0.406867,-0.612429,0.672983,0.41476,-0.615391,0.378034,-0.691653,0,0,0,0.998388,0.0563925,-0.00648687,-0.0685978,0.966549,-0.247139,0,0,0,0.660448,0.728655,-0.1813,-0.748759,0.640974,-0.168859,0.70615,0.21967,0.673125,-0.709272,0.143205,0.690236,-0.046518,0.863311,0.502524,0,0,0,0,0,0,0,0,0,0,0,0,0,0,0,0.882821,0.42035,0.209601,-0.921691,0.31867,0.221213,-0.919755,0.163651,-0.356749,0.888294,0.267224,-0.373532,0.239067,0.968947,0.0631547,-0.360095,0.930491,0.0672113,-0.362311,0.780202,-0.509917,0,0,0
000807,0.504666,0.705062,0.505278,95.3455,297.943,97.1959,0.537709,0.738463,0.406868,-0.612799,0.672646,0.414759,-0.615423,0.378641,-0.691293,0,0,0,0.998412,0.0558932,-0.0069868,-0.0686126,0.966795,-0.24617,0,0,0,0.660448,0.728655,-0.1813,-0.749148,0.640649,-0.168366,0.70615,0.21967,0.673125,-0.709272,0.143205,0.690236,-0.0465065,0.86306,0.502956,0,0,0,0,0,0,0,0,0,0,0,0,0,0,0,0.883131,0.419943,0.209113,-0.921586,0.318634,0.2217,-0.920018,0.164205,-0.355815,0.888294,0.267224,-0.373532,0.239051,0.968886,0.0641525,-0.360071,0.930428,0.068209,-0.36287,0.780224,-0.509485,0,0,0
000808,0.50504,0.705425,0.505445,95.3455,297.943,97.1959,0.537063,0.73843,0.40778,-0.612429,0.672983,0.41476,-0.61516,0.379067,-0.691293,0,0,0,0.998419,0.0558935,-0.00598694,-0.0686126,0.966795,-0.24617,0,0,0,0.660571,0.728788,-0.180317,-0.748823,0.641029,-0.168366,0.706298,0.219193,0.673125,0,0,0,-0.0465065,0.86306,0.502956,0,0,0,0,0,0,0,0,0,0,0,0,0,0,0,0.882941,0.419854,0.21009,-0.921795,0.318706,0.220725,-0.919755,0.163651,-0.356749,0.888507,0.267809,-0.372604,0.239051,0.968886,0.0641525,-0.360071,0.930428,0.068209,-0.362522,0.780666,-0.509057,0,0,0
000809,0.505025,0.705013,0.50456,95.3455,297.943,97.1959,0.537063,0.73843,0.40778,-0.61178,0.673011,0.41567,-0.616111,0.37554,-0.692371,0,0,0,0.998419,0.0558935,-0.00598694,-0.0685978,0.966549,-0.247139,0,0,0,0.660818,0.728319,-0.181301,-0.748759,0.640974,-0.168859,0.705507,0.21947,0.673864,0,0,0,-0.046495,0.862809,0.503388,0,0,0,0,0,0,0,0,0,0,0,0,0,0,0,0.882941,0.419854,0.21009,-0.921691,0.31867,0.221213,-0.91949,0.163096,-0.357683,0.888328,0.267756,-0.373068,0.239051,0.968886,0.0641525,-0.360083,0.93046,0.0677102,-0.361857,0.780412,-0.509919,0,0,0
000810,0.505046,0.705101,0.505499,82.3287,180.456,185.617,0.522221,0.764286,0.378355,-0.625404,0.673652,0.39378,0,0,0,0,0,0,0.996893,0.0776124,-0.0134409,-0.0916692,0.955561,-0.280178,0,0,0,0.643292,0.736357,-0.209649,-0.763807,0.617587,-0.187574,0.703213,0.259991,0.661737,0,0,0,-0.0636489,0.879263,0.472064,0,0,0,0,0,0,0,0,0,0,0,0,0,0,0,0.874342,0.446475,0.190226,-0.927605,0.305993,0.214283,-0.924789,0.13079,-0.357295,0.880598,0.273218,-0.387168,0.217416,0.975669,0.0282939,-0.380724,0.923955,0.0368339,-0.383707,0.75231,-0.535536,0,0,0
000811,0.505037,0.704786,0.505434,82.3287,180.456,185.617,0.522329,0.764441,0.377892,-0.625404,0.673652,0.39378,0,0,0,0,0,0,0.996893,0.0776124,-0.0134409,-0.0916454,0.955282,-0.281137,0,0,0,0.643529,0.735871,-0.210628,-0.763807,0.617587,-0.187574,0.703213,0.259991,0.661737,-0.709318,0.152319,0.688235,-0.0636489,0.879263,0.472064,0,0,0,0,0,0,0,0,0,0,0,0,0,0,0,0.874115,0.44692,0.190225,-0.927605,0.305993,0.214283,-0.924789,0.13079,-0.357295,0.880598,0.273218,-0.387168,0.217419,0.975683,0.0277941,-0.380731,0.923972,0.0363343,-0.382815,0.752761,-0.53554,0,0,0
000812,0.504895,0.70514,0.505375,82.3287,180.456,185.617,0.522221,0.764286,0.378355,-0.625404,0.673652,0.39378,0,0,0,0,0,0,0.996893,0.0776124,-0.0134409,-0.0916692,0.955561,-0.280178,0,0,0,0.643223,0.736279,-0.210138,-0.763566,0.618035,-0.187083,0.703213,0.259991,0.661737,-0.709422,0.15183,0.688235,-0.0636489,0.879263,0.472064,0,0,0,0,0,0,0,0,0,0,0,0,0,0,0,0.874115,0.44692,0.190225,-0.927605,0.305993,0.214283,-0.924859,0.130294,-0.357295,0.88045,0.273696,-0.387168,0.217416,0.975669,0.0282939,-0.380724,0.923955,0.0368339,-0.383707,0.75231,-0.535536,0,0,0
000813,0.504655,0.704771,0.505075,82.3287,180.456,185.617,0.522329,0.764441,0.377892,-0.62577,0.673312,0.39378,0,0,0,0,0,0,0.996879,0.0776113,-0.0144406,-0.0916454,0.955282,-0.281137,0,0,0,0.643459,0.735792,-0.211116,-0.763566,0.618035,-0.187083,0.70304,0.26046,0.661736,-0.709086,0.151759,0.688598,-0.0636489,0.879263,0.472064,0,0,0,0,0,0,0,0,0,0,0,0,0,0,0,0.8742,0.446963,0.189734,-0.92766,0.305484,0.214771,-0.924859,0.130294,-0.357295,0.880228,0.273104,-0.38809,0.217422,0.975696,0.0272944,-0.380731,0.923972,0.0363343,-0.382815,0.752761,-0.53554,0,0,0
000814,0.50472,0.704972,0.504776,82.3287,180.456,185.617,0.522221,0.764286,0.378355,-0.625136,0.673363,0.394699,0,0,0,0,0,0,0.996847,0.0781103,-0.0139408,-0.0916454,0.955282,-0.281137,0,0,0,0.643153,0.7362,-0.210627,-0.763807,0.617587,-0.187574,0.703213,0.259991,0.661737,0,0,0,-0.0636337,0.879028,0.472505,0,0,0,0,0,0,0,0,0,0,0,0,0,0,0,0.874427,0.446518,0.189735,-0.927401,0.305925,0.215259,-0.924789,0.13079,-0.357295,0.880228,0.273104,-0.38809,0.217416,0.975669,0.0282939,-0.380724,0.923955,0.0368339,-0.382815,0.752761,-0.53554,0,0,0
000815,0.505247,0.705195,0.505369,82.3287,180.456,185.617,0.522221,0.764286,0.378355,-0.625404,0.673652,0.39378,0,0,0,0,0,0,0.9969,0.0776129,-0.012941,-0.0916692,0.955561,-0.280178,0,0,0,0.643292,0.736357,-0.209649,-0.763807,0.617587,-0.187574,0.703386,0.259522,0.661737,-0.709863,0.151413,0.687872,-0.0636489,0.879263,0.472064,0,0,0,0,0,0,0,0,0,0,0,0,0,0,0,0.87403,0.446877,0.190716,-0.927863,0.305551,0.213794,-0.924574,0.12975,-0.358229,0.880783,0.273276,-0.386707,0.217416,0.975669,0.0282939,-0.380724,0.923955,0.0368339,-0.383261,0.752536,-0.535538,0,0,0
000816,0.504667,0.705124,0.505475,82.3287,180.456,185.617,0.522329,0.764441,0.377892,-0.62527,0.673507,0.39424,0,0,0,0,0,0,0.996847,0.0781103,-0.0139408,-0.0916692,0.955561,-0.280178,0,0,0,0.643529,0.735871,-0.210628,-0.763953,0.617705,-0.186592,0.70418,0.259282,0.660987,-0.709422,0.15183,0.688235,-0.0636489,0.879263,0.472064,0,0,0,0,0,0,0,0,0,0,0,0,0,0,0,0.8742,0.446963,0.189734,-0.92766,0.305484,0.214771,-0.924928,0.129799,-0.357295,0.88045,0.273696,-0.387168,0.217416,0.975669,0.0282939,-0.380724,0.923955,0.0368339,-0.382161,0.753691,-0.534699,0,0,0
000817,0.505124,0.705268,0.50527,82.3287,180.456,185.617,0.522221,0.764286,0.378355,-0.625404,0.673652,0.39378,0,0,0,0,0,0,0.996893,0.0776124,-0.0134409,-0.0916692,0.955561,-0.280178,0,0,0,0.643292,0.736357,-0.209649,-0.763807,0.617587,-0.187574,0.703386,0.259522,0.661737,-0.709318,0.152319,0.688235,-0.0636337,0.879028,0.472505,0,0,0,0,0,0,0,0,0,0,0,0,0,0,0,0.87403,0.446877,0.190716,-0.927605,0.305993,0.214283,-0.924682,0.13027,-0.357762,0.880598,0.273218,-0.387168,0.217416,0.975669,0.0282939,-0.380724,0.923955,0.0368339,-0.383261,0.752536,-0.535538,0,0,0
000818,0.505226,0.705091,0.50524,82.3287,180.456,185.617,0.522221,0.764286,0.378355,-0.625404,0.673652,0.39378,0,0,0,0,0,0,0.996861,0.0781113,-0.012941,-0.0916692,0.955561,-0.280178,0,0,0,0.643292,0.736357,-0.209649,-0.763807,0.617587,-0.187574,0.703559,0.259053,0.661737,-0.709318,0.152319,0.688235,-0.0636489,0.879263,0.472064,0,0,0,0,0,0,0,0,0,0,0,0,0,0,0,0.87403,0.446877,0.190716,-0.927605,0.305993,0.214283,-0.924574,0.12975,-0.358229,0.880783,0.273276,-0.386707,0.217416,0.975669,0.0282939,-0.380731,0.923972,0.0363343,-0.382815,0.752761,-0.53554,0,0,0
000819,0.504706,0.705024,0.504937,82.3287,180.456,185.617,0.522221,0.764286,0.378355,-0.625136,0.673363,0.394699,0,0,0,0,0,0,0.996847,0.0781103,-0.0139408,-0.0916454,0.955282,-0.281137,0,0,0,0.643153,0.7362,-0.210627,-0.76388,0.617647,-0.187083,0.703213,0.259991,0.661737,-0.709086,0.151759,0.688598,-0.0636337,0.879028,0.472505,0,0,0,0,0,0,0,0,0,0,0,0,0,0,0,0.874427,0.446518,0.189735,-0.927401,0.305925,0.215259,-0.924859,0.130294,-0.357295,0.880228,0.273104,-0.38809,0.217416,0.975669,0.0282939,-0.380724,0.923955,0.0368339,-0.382815,0.752761,-0.53554,0,0,0
000820,0.50545,0.704824,0.504801,172.528,191.97,270.921,0.489082,0.78852,0.372874,-0.65211,0.640214,0.406051,-0.654398,0.308446,-0.69038,0,0,0,0.991334,0.128122,-0.0289937,-0.144771,0.950083,-0.276376,0,0,0,0.601291,0.768671,-0.218162,-0.796887,0.578483,-0.174148,0.699757,0.293004,0.651528,0,0,0,-0.0999767,0.873492,0.476463,0,0,0,0,0,0,0,0,0,0,0,0,0,0,0,0.85354,0.489627,0.178144,-0.938319,0.25801,0.230191,-0.935559,0.0843217,-0.342956,0.859039,0.318866,-0.40047,0.168076,0.985381,0.0278334,-0.426361,0.903416,0.045352,-0.428902,0.733754,-0.526923,0,0,0
000821,0.504726,0.70506,0.50514,172.528,191.97,270.921,0.489182,0.788677,0.37241,-0.651821,0.639929,0.406965,-0.654263,0.311149,-0.689294,0,0,0,0.991305,0.128118,-0.0299931,-0.14479,0.95022,-0.275896,0,0,0,0.601223,0.768585,-0.21865,-0.797167,0.578687,-0.172179,0.700358,0.293255,0.650769,0,0,0,-0.0999767,0.873492,0.476463,0,0,0,0,0,0,0,0,0,0,0,0,0,0,0,0.853445,0.490149,0.17716,-0.938097,0.257949,0.231164,-0.935945,0.0838543,-0.342017,0.858677,0.319265,-0.400928,0.168073,0.985367,0.0283331,-0.426341,0.903374,0.0463509,-0.429164,0.734211,-0.526073,0,0,0
000822,0.504667,0.704724,0.504955,172.528,191.97,270.921,0.489281,0.788835,0.371946,-0.651821,0.639929,0.406965,0,0,0,0,0,0,0.991354,0.127621,-0.0304928,-0.14479,0.95022,-0.275896,0,0,0,0.601155,0.7685,-0.219138,-0.797098,0.578636,-0.172671,0.700358,0.293255,0.650769,0,0,0,-0.0999767,0.873492,0.476463,0,0,0,0,0,0,0,0,0,0,0,0,0,0,0,0.853771,0.489759,0.176668,-0.938097,0.257949,0.231164,-0.935945,0.0838543,-0.342017,0.858474,0.318658,-0.401844,0.168078,0.985395,0.0273336,-0.426351,0.903395,0.0458514,-0.430198,0.732999,-0.526918,0,0,0
000823,0.505322,0.704794,0.504684,172.528,191.97,270.921,0.489606,0.788413,0.372411,-0.651966,0.640072,0.406508,-0.654398,0.308446,-0.69038,0,0,0,0.991334,0.128122,-0.0289937,-0.144751,0.949946,-0.276857,0,0,0,0.601291,0.768671,-0.218162,-0.796664,0.578939,-0.173656,0.699757,0.293004,0.651528,0,0,0,-0.0999767,0.873492,0.476463,0,0,0,0,0,0,0,0,0,0,0,0,0,0,0,0.853291,0.490061,0.178144,-0.938319,0.25801,0.230191,-0.935559,0.0843217,-0.342956,0.858851,0.318797,-0.400929,0.168076,0.985381,0.0278334,-0.426351,0.903395,0.0458514,-0.428902,0.733754,-0.526923,0,0,0
000824,0.504602,0.704749,0.50472,172.528,191.97,270.921,0.489281,0.788835,0.371946,-0.651821,0.639929,0.406965,-0.655563,0.306785,-0.690015,0,0,0,0.99129,0.128116,-0.0304928,-0.14479,0.95022,-0.275896,0,0,0,0.601155,0.7685,-0.219138,-0.797098,0.578636,-0.172671,0.700744,0.292332,0.650769,0,0,0,-0.0999767,0.873492,0.476463,0,0,0,0,0,0,0,0,0,0,0,0,0,0,0,0.853771,0.489759,0.176668,-0.937985,0.257918,0.231651,-0.935945,0.0838543,-0.342017,0.858301,0.319126,-0.401844,0.168078,0.985395,0.0273336,-0.426351,0.903395,0.0458514,-0.429766,0.733251,-0.52692,0,0,0
000825,0.505317,0.704831,0.504715,172.528,191.97,270.921,0.489606,0.788413,0.372411,-0.651966,0.640072,0.406508,-0.65364,0.310853,-0.690019,0,0,0,0.991334,0.128122,-0.0289937,-0.144771,0.950083,-0.276376,0,0,0,0.601291,0.768671,-0.218162,-0.796958,0.578534,-0.173656,0.699757,0.293004,0.651528,0,0,0,-0.0999767,0.873492,0.476463,0,0,0,0,0,0,0,0,0,0,0,0,0,0,0,0.853291,0.490061,0.178144,-0.938319,0.25801,0.230191,-0.935559,0.0843217,-0.342956,0.858851,0.318797,-0.400929,0.168076,0.985381,0.0278334,-0.426351,0.903395,0.0458514,-0.428902,0.733754,-0.526923,0,0,0
000826,0.504625,0.705122,0.504687,172.528,191.97,270.921,0.489182,0.788677,0.37241,-0.651531,0.639643,0.407878,-0.655776,0.306333,-0.690013,0,0,0,0.991354,0.127621,-0.0304928,-0.14479,0.95022,-0.275896,0,0,0,0.601223,0.768585,-0.21865,-0.797167,0.578687,-0.172179,0.700744,0.292332,0.650769,0,0,0,-0.0999515,0.873255,0.476902,0,0,0,0,0,0,0,0,0,0,0,0,0,0,0,0.853445,0.490149,0.17716,-0.937985,0.257918,0.231651,-0.935945,0.0838543,-0.342017,0.858474,0.318658,-0.401844,0.168073,0.985367,0.0283331,-0.426332,0.903353,0.0468503,-0.428732,0.734462,-0.526075,0,0,0
000827,0.505247,0.704558,0.504771,172.528,191.97,270.921,0.489182,0.788677,0.37241,-0.65211,0.640214,0.406051,-0.65364,0.310853,-0.690019,0,0,0,0.991334,0.128122,-0.0289937,-0.144751,0.949946,-0.276857,0,0,0,0.601223,0.768585,-0.21865,-0.796664,0.578939,-0.173656,0.699757,0.293004,0.651528,0,0,0,-0.100002,0.873729,0.476023,0,0,0,0,0,0,0,0,0,0,0,0,0,0,0,0.853617,0.489671,0.177652,-0.938319,0.25801,0.230191,-0.935604,0.0838237,-0.342956,0.858677,0.319265,-0.400928,0.168078,0.985395,0.0273336,-0.42637,0.903436,0.0448525,-0.428469,0.734005,-0.526925,0,0,0
000828,0.50506,0.704562,0.504635,172.528,191.97,270.921,0.489182,0.788677,0.37241,-0.651821,0.639929,0.406965,-0.653854,0.310401,-0.690019,0,0,0,0.99132,0.12812,-0.0294934,-0.144751,0.949946,-0.276857,0,0,0,0.601548,0.768191,-0.219139,-0.796958,0.578534,-0.173656,0.699757,0.293004,0.651528,0,0,0,-0.0999767,0.873492,0.476463,0,0,0,0,0,0,0,0,0,0,0,0,0,0,0,0.853694,0.489715,0.17716,-0.938208,0.257979,0.230678,-0.935604,0.0838237,-0.342956,0.858677,0.319265,-0.400928,0.168078,0.985395,0.0273336,-0.426361,0.903416,0.045352,-0.428469,0.734005,-0.526925,0,0,0
000829,0.504796,0.705123,0.504668,172.528,191.97,270.921,0.489182,0.788677,0.37241,-0.651821,0.639929,0.406965,-0.65535,0.307237,-0.690016,0,0,0,0.991305,0.128118,-0.0299931,-0.14479,0.95022,-0.275896,0,0,0,0.601223,0.768585,-0.21865,-0.797098,0.578636,-0.172671,0.700058,0.293129,0.651148,0,0,0,-0.0999515,0.873255,0.476902,0,0,0,0,0,0,0,0,0,0,0,0,0,0,0,0.853694,0.489715,0.17716,-0.938097,0.257949,0.231164,-0.9359,0.0843523,-0.342017,0.858663,0.318727,-0.401386,0.168073,0.985367,0.0283331,-0.426341,0.903374,0.0463509,-0.430198,0.732999,-0.526918,0,0,0
000830,0.504764,0.704909,0.504738,268.942,10.6389,81.8466,0.505816,0.795089,0.33464,-0.638807,0.677802,0.36402,0,0,0,0,0,0,0.994685,0.0997853,-0.0254073,-0.116884,0.936905,-0.329464,0,0,0,0.624181,0.739038,-0.25342,-0.779827,0.588444,-0.213548,0.701209,0.309678,0.642188,-0.707671,0.170989,0.685539,-0.0821833,0.900333,0.427371,0,0,0,0,0,0,-0.337082,0.559655,0.757075,0,0,0,0,0,0,0.864292,0.476704,0.160477,-0.933358,0.294174,0.205683,-0.929669,0.088973,-0.357491,0.871029,0.273301,-0.408185,0.193649,0.980785,-0.0236672,-0.403065,0.915135,-0.00821373,0,0,0,0,0,0
000831,0.504932,0.704536,0.505253,268.942,10.6389,81.8466,0.505395,0.795357,0.334638,-0.639056,0.678067,0.363088,0,0,0,0,0,0,0.994647,0.100284,-0.0249075,-0.116884,0.936905,-0.329464,0,0,0,0.623881,0.739456,-0.252935,-0.779827,0.588444,-0.213548,0.700805,0.310592,0.642187,-0.708455,0.170662,0.684811,-0.0822188,0.900759,0.426467,0,0,0,0.265433,0.619545,0.738722,-0.336181,0.561074,0.756425,0,0,0,0,0,0,0.864292,0.476704,0.160477,-0.933305,0.294682,0.205193,-0.929669,0.088973,-0.357491,0.871269,0.273899,-0.407272,0.193646,0.980774,-0.024167,-0.403063,0.915131,-0.0087137,0,0,0,0,0,0
000832,0.504897,0.705026,0.505143,268.942,10.6389,81.8466,0.505816,0.795089,0.33464,-0.638807,0.677802,0.36402,0,0,0,0,0,0,0.994647,0.100284,-0.0249075,-0.116921,0.937232,-0.32852,0,0,0,0.623881,0.739456,-0.252935,-0.779827,0.588444,-0.213548,0.701209,0.309678,0.642188,-0.708005,0.171069,0.685175,-0.0821833,0.900333,0.427371,0,0,0,0.264055,0.620138,0.738718,0,0,0,0,0,0,0,0,0,0.864533,0.476266,0.160477,-0.933305,0.294682,0.205193,-0.929669,0.088973,-0.357491,0.871269,0.273899,-0.407272,0.193649,0.980785,-0.0236672,-0.403065,0.915135,-0.00821373,0,0,0,0,0,0
000833,0.505104,0.704963,0.504787,268.942,10.6389,81.8466,0.505726,0.794948,0.335111,-0.638807,0.677802,0.36402,0,0,0,0,0,0,0.994609,0.100783,-0.0244077,-0.116884,0.936905,-0.329464,0,0,0,0.623881,0.739456,-0.252935,-0.779526,0.588843,-0.213548,0.700217,0.310333,0.642954,-0.708122,0.170582,0.685175,-0.0821833,0.900333,0.427371,0,0,0,0.264367,0.619601,0.739056,-0.334033,0.562352,0.756427,0,0,0,0,0,0,0.864463,0.476228,0.160971,-0.933305,0.294682,0.205193,-0.929573,0.0899684,-0.357491,0.871269,0.273899,-0.407272,0.193649,0.980785,-0.0236672,-0.403065,0.915135,-0.00821373,-0.403811,0.714791,-0.570974,0,0,0
000834,0.505253,0.705233,0.50499,268.942,10.6389,81.8466,0.505635,0.794807,0.335582,-0.63942,0.677724,0.363088,0,0,0,0,0,0,0.994709,0.0997878,-0.0244077,-0.116921,0.937232,-0.32852,0,0,0,0.624346,0.73923,-0.252453,-0.779827,0.588444,-0.213548,0.700217,0.310333,0.642954,-0.708455,0.170662,0.684811,-0.0821833,0.900333,0.427371,0,0,0,0.264367,0.619601,0.739056,0,0,0,0,0,0,0,0,0,0.864151,0.476627,0.161464,-0.933305,0.294682,0.205193,-0.929573,0.0899684,-0.357491,0.871418,0.273422,-0.407272,0.193651,0.980797,-0.0231674,-0.403065,0.915135,-0.00821373,-0.404682,0.714301,-0.57097,0,0,0
000835,0.504933,0.705427,0.504902,268.942,10.6389,81.8466,0.505635,0.794807,0.335582,-0.638807,0.677802,0.36402,0,0,0,0,0,0,0.994647,0.100284,-0.0249075,-0.116921,0.937232,-0.32852,0,0,0,0.623964,0.739552,-0.252452,-0.779611,0.588908,-0.21306,0.700217,0.310333,0.642954,-0.708122,0.170582,0.685175,-0.0821655,0.90012,0.427823,0,0,0,0.264367,0.619601,0.739056,-0.336653,0.559911,0.757076,0,0,0,0,0,0,0.864463,0.476228,0.160971,-0.933358,0.294174,0.205683,-0.929669,0.088973,-0.357491,0.871269,0.273899,-0.407272,0.193654,0.980808,-0.0226676,-0.403068,0.915142,-0.0072138,0,0,0,0,0,0
000836,0.505078,0.705296,0.504966,268.942,10.6389,81.8466,0.505635,0.794807,0.335582,-0.638807,0.677802,0.36402,0,0,0,0,0,0,0.994609,0.100783,-0.0244077,-0.116921,0.937232,-0.32852,0,0,0,0.624346,0.73923,-0.252453,-0.779827,0.588444,-0.213548,0.700217,0.310333,0.642954,-0.708005,0.171069,0.685175,-0.0821833,0.900333,0.427371,0,0,0,0.264367,0.619601,0.739056,-0.334033,0.562352,0.756427,0,0,0,0,0,0,0.864151,0.476627,0.161464,-0.933305,0.294682,0.205193,-0.929621,0.0894707,-0.357491,0.871269,0.273899,-0.407272,0.193651,0.980797,-0.0231674,-0.403066,0.915138,-0.00771376,0,0,0,0,0,0
000837,0.505201,0.704535,0.505093,268.942,10.6389,81.8466,0.505816,0.795089,0.33464,-0.639056,0.678067,0.363088,0,0,0,0,0,0,0.994659,0.100285,-0.0244077,-0.116884,0.936905,-0.329464,0,0,0,0.623881,0.739456,-0.252935,-0.779441,0.588779,-0.214037,0.701209,0.309678,0.642188,-0.708338,0.171149,0.684811,-0.0822188,0.900759,0.426467,0,0,0,0.264514,0.61994,0.73872,-0.336181,0.561074,0.756425,0,0,0,0,0,0,0.864221,0.476666,0.16097,-0.933553,0.294236,0.204704,-0.929573,0.0899684,-0.357491,0.871269,0.273899,-0.407272,0.193646,0.980774,-0.024167,-0.403061,0.915127,-0.00921366,-0.405276,0.71331,-0.571786,0,0,0
000838,0.505038,0.705444,0.504744,268.942,10.6389,81.8466,0.505635,0.794807,0.335582,-0.638807,0.677802,0.36402,0,0,0,0,0,0,0.994609,0.100783,-0.0244077,-0.116921,0.937232,-0.32852,0,0,0,0.624346,0.73923,-0.252453,-0.779827,0.588444,-0.213548,0.700217,0.310333,0.642954,-0.708122,0.170582,0.685175,-0.0821655,0.90012,0.427823,0,0,0,0.26468,0.619064,0.739394,-0.336224,0.560167,0.757077,0,0,0,0,0,0,0.864151,0.476627,0.161464,-0.933056,0.295128,0.205682,-0.929621,0.0894707,-0.357491,0.871269,0.273899,-0.407272,0.193654,0.980808,-0.0226676,-0.403068,0.915142,-0.0072138,-0.404682,0.714301,-0.57097,0,0,0
000839,0.505416,0.704519,0.504514,268.942,10.6389,81.8466,0.505726,0.794948,0.335111,-0.639056,0.678067,0.363088,0,0,0,0,0,0,0.994671,0.100286,-0.023908,-0.117343,0.936516,-0.330406,0,0,0,0.623881,0.739456,-0.252935,-0.779355,0.588714,-0.214525,0.70042,0.309875,0.642954,-0.708005,0.171069,0.685175,-0.082201,0.900546,0.426919,0,0,0,0.264367,0.619601,0.739056,0,0,0,0,0,0,0,0,0,0.864151,0.476627,0.161464,-0.933651,0.294267,0.204215,-0.929265,0.0894366,-0.358425,0.871269,0.273899,-0.407272,0.193646,0.980774,-0.024167,-0.403061,0.915127,-0.00921366,0,0,0,0,0,0
000840,0.505094,0.705025,0.505294,192.278,79.7526,268.118,0.484917,0.803488,0.345344,-0.655244,0.650008,0.384897,0,0,0,0,0,0,0.990724,0.131578,-0.0339492,-0.150019,0.93942,-0.308195,0,0,0,0.597311,0.763937,-0.244171,-0.799923,0.568458,-0.1923,0.699135,0.31808,0.64034,0,0,0,-0.104805,0.888694,0.446361,0,0,0,0,0,0,0,0,0,0,0,0,0,0,0,0.851073,0.49981,0.160825,-0.93953,0.260892,0.221852,-0.936277,0.0681926,-0.344581,0.857287,0.309248,-0.411613,0.162711,0.98666,-0.00526828,-0.431317,0.902069,0.0154337,-0.433964,0.712562,-0.551299,0,0,0
000841,0.504988,0.705159,0.504559,192.278,79.7526,268.118,0.484736,0.803193,0.346283,-0.65546,0.649517,0.385358,0,0,0,0,0,0,0.990658,0.132074,-0.0339492,-0.150019,0.93942,-0.308195,0,0,0,0.597235,0.763841,-0.244655,-0.799923,0.568458,-0.1923,0.698137,0.318724,0.641108,0,0,0,-0.104757,0.88825,0.447256,0,0,0,0.254955,0.611362,0.749156,-0.344438,0.5332,0.772697,0,0,0,0,0,0,0.85075,0.5002,0.161318,-0.939423,0.260862,0.22234,-0.936277,0.0681926,-0.344581,0.857117,0.309718,-0.411612,0.162711,0.98666,-0.00526828,-0.431313,0.902061,0.0159336,-0.433823,0.712325,-0.551716,0,0,0
000842,0.505322,0.704655,0.504808,192.278,79.7526,268.118,0.484917,0.803488,0.345344,-0.655732,0.649788,0.384435,-0.654983,0.284306,-0.700119,0,0,0,0.990675,0.132076,-0.0334495,-0.149996,0.939267,-0.308671,0,0,0,0.597235,0.763841,-0.244655,-0.800055,0.567938,-0.193281,0.698137,0.318724,0.641108,-0.704909,0.133912,0.696542,-0.104805,0.888694,0.446361,0,0,0,0,0,0,0,0,0,0,0,0,0,0,0,0.85075,0.5002,0.161318,-0.939637,0.260921,0.221365,-0.935969,0.0676692,-0.345519,0.857117,0.309718,-0.411612,0.162711,0.986657,-0.00576821,-0.43132,0.902075,0.0149338,-0.432967,0.712843,-0.55172,0,0,0
000843,0.504831,0.704748,0.50478,192.278,79.7526,268.118,0.484917,0.803488,0.345344,-0.655244,0.650008,0.384897,0,0,0,0,0,0,0.990641,0.132072,-0.0344488,-0.150019,0.93942,-0.308195,0,0,0,0.597553,0.763437,-0.245141,-0.799923,0.568458,-0.1923,0.69793,0.319179,0.641107,0,0,0,-0.104781,0.888472,0.446809,0,0,0,0,0,0,0,0,0,0,0,0,0,0,0,0.851143,0.49985,0.160332,-0.939423,0.260862,0.22234,-0.936313,0.0676939,-0.344581,0.857068,0.308638,-0.412524,0.162711,0.986657,-0.00576821,-0.43132,0.902075,0.0149338,-0.432681,0.713338,-0.551304,0,0,0
000844,0.504976,0.704642,0.50516,192.278,79.7526,268.118,0.484917,0.803488,0.345344,-0.655244,0.650008,0.384897,0,0,0,0,0,0,0.990592,0.132569,-0.0339492,-0.150019,0.93942,-0.308195,0,0,0,0.597235,0.763841,-0.244655,-0.800134,0.567994,-0.192791,0.699135,0.31808,0.64034,-0.704909,0.133912,0.696542,-0.104805,0.888694,0.446361,0,0,0,0.254785,0.612245,0.748492,0,0,0,0,0,0,0,0,0,0.851143,0.49985,0.160332,-0.939664,0.26041,0.221852,-0.936313,0.0676939,-0.344581,0.857117,0.309718,-0.411612,0.16271,0.986654,-0.00626815,-0.43132,0.902075,0.0149338,-0.433823,0.712325,-0.551716,0,0,0
000845,0.504537,0.704892,0.505341,192.278,79.7526,268.118,0.485007,0.803635,0.344875,-0.655244,0.650008,0.384897,0,0,0,0,0,0,0.990624,0.132069,-0.0349485,-0.150019,0.93942,-0.308195,0,0,0,0.597235,0.763841,-0.244655,-0.80029,0.568106,-0.191809,0.698721,0.31899,0.64034,-0.704474,0.134338,0.6969,-0.104805,0.888694,0.446361,0,0,0,0.254008,0.612976,0.748158,0,0,0,0,0,0,0,0,0,0.851212,0.49989,0.159838,-0.939182,0.261314,0.222827,-0.93662,0.0682172,-0.343642,0.857093,0.309178,-0.412068,0.162711,0.986657,-0.00576821,-0.431313,0.902061,0.0159336,-0.433678,0.713057,-0.550884,0,0,0
000846,0.505072,0.705318,0.50494,192.278,79.7526,268.118,0.484736,0.803193,0.346283,-0.655244,0.650008,0.384897,0,0,0,0,0,0,0.990724,0.131578,-0.0339492,-0.150042,0.939572,-0.30772,0,0,0,0.597705,0.763629,-0.244172,-0.800212,0.56805,-0.1923,0.698137,0.318724,0.641108,-0.704474,0.134338,0.6969,-0.104757,0.88825,0.447256,0,0,0,0,0,0,0,0,0,0,0,0,0,0,0,0.85075,0.5002,0.161318,-0.939423,0.260862,0.22234,-0.936277,0.0681926,-0.344581,0.857117,0.309718,-0.411612,0.162711,0.98666,-0.00526828,-0.431313,0.902061,0.0159336,-0.432822,0.713574,-0.550887,0,0,0
000847,0.504848,0.705389,0.50502,192.278,79.7526,268.118,0.484826,0.803341,0.345814,-0.654971,0.649735,0.38582,0,0,0,0,0,0,0.990641,0.132072,-0.0344488,-0.150064,0.939724,-0.307244,0,0,0,0.597311,0.763937,-0.244171,-0.80029,0.568106,-0.191809,0.69793,0.319179,0.641107,-0.704567,0.133847,0.6969,-0.104757,0.88825,0.447256,0,0,0,0,0,0,0,0,0,0,0,0,0,0,0,0.85082,0.500241,0.160825,-0.939423,0.260862,0.22234,-0.936313,0.0676939,-0.344581,0.857117,0.309718,-0.411612,0.162711,0.98666,-0.00526828,-0.431313,0.902061,0.0159336,-0.433678,0.713057,-0.550884,0,0,0
000848,0.50516,0.704871,0.504901,192.278,79.7526,268.118,0.484917,0.803488,0.345344,-0.655244,0.650008,0.384897,0,0,0,0,0,0,0.990675,0.132076,-0.0334495,-0.150019,0.93942,-0.308195,0,0,0,0.597235,0.763841,-0.244655,-0.800134,0.567994,-0.192791,0.698137,0.318724,0.641108,-0.704909,0.133912,0.696542,-0.104781,0.888472,0.446809,0,0,0,0,0,0,0,0,0,0,0,0,0,0,0,0.85075,0.5002,0.161318,-0.93953,0.260892,0.221852,-0.936005,0.0671705,-0.345519,0.857117,0.309718,-0.411612,0.162711,0.98666,-0.00526828,-0.43132,0.902075,0.0149338,-0.432681,0.713338,-0.551304,0,0,0
000849,0.505395,0.705499,0.505444,192.278,79.7526,268.118,0.484736,0.803193,0.346283,-0.655244,0.650008,0.384897,0,0,0,0,0,0,0.990625,0.132574,-0.0329499,-0.150064,0.939724,-0.307244,0,0,0,0.597463,0.764128,-0.243201,-0.799923,0.568458,-0.1923,0.698137,0.318724,0.641108,-0.705251,0.133976,0.696183,-0.104781,0.888472,0.446809,0,0,0,0,0,0,0,0,0,0,0,0,0,0,0,0.850681,0.500159,0.161812,-0.939637,0.260921,0.221365,-0.936005,0.0671705,-0.345519,0.857504,0.309857,-0.410701,0.162712,0.986664,-0.00426842,-0.431313,0.902061,0.0159336,-0.433678,0.713057,-0.550884,0,0,0
000850,0.504695,0.70493,0.504874,170.621,247.592,289.652,0.48632,0.784596,0.384581,-0.653892,0.62984,0.419197,-0.658755,0.315015,-0.683233,0,0,0,0.990607,0.133411,-0.0299798,-0.149793,0.954073,-0.259436,0,0,0,0.597049,0.775039,-0.206998,-0.799869,0.578158,-0.161071,0.700828,0.284595,0.654099,0,0,0,-0.102927,0.864825,0.491409,0,0,0,0,0,0,0,0,0,0,0,0,0,0,0,0.851489,0.491206,0.183531,-0.938795,0.249476,0.23754,-0.937101,0.085184,-0.338504,0.856189,0.32966,-0.397825,0.163555,0.98557,0.0436083,-0.430403,0.900497,0.0621214,-0.434734,0.739863,-0.513429,0,0,0
000851,0.505044,0.704713,0.505098,170.621,247.592,289.652,0.486422,0.784758,0.38412,-0.654193,0.630132,0.418289,-0.658321,0.315916,-0.683235,0,0,0,0.990622,0.133413,-0.0294801,-0.149774,0.953944,-0.259919,0,0,0,0.597049,0.775039,-0.206998,-0.800096,0.577705,-0.161564,0.700828,0.284595,0.654099,0,0,0,-0.102954,0.865069,0.490974,0,0,0,0,0,0,0,0,0,0,0,0,0,0,0,0.851738,0.490773,0.183531,-0.939153,0.249053,0.236568,-0.93701,0.0861798,-0.338504,0.856195,0.330198,-0.397366,0.163555,0.98557,0.0436083,-0.430416,0.900525,0.0616224,-0.43387,0.740367,-0.513433,0,0,0
000852,0.505159,0.705449,0.505371,170.621,247.592,289.652,0.486745,0.784332,0.384583,-0.653892,0.62984,0.419197,-0.657193,0.319814,-0.682507,0,0,0,0.990636,0.133415,-0.0289804,-0.14983,0.954329,-0.258471,0,0,0,0.597176,0.775201,-0.20602,-0.800096,0.577705,-0.161564,0.700828,0.284595,0.654099,0,0,0,-0.102927,0.864825,0.491409,0,0,0,0,0,0,0,0,0,0,0,0,0,0,0,0.851329,0.491114,0.184514,-0.939024,0.249537,0.236568,-0.937056,0.0856819,-0.338504,0.856566,0.33034,-0.396448,0.163547,0.985527,0.0446072,-0.430403,0.900497,0.0621214,-0.434126,0.740812,-0.512575,0,0,0
000853,0.505287,0.705173,0.504566,170.621,247.592,289.652,0.486115,0.78427,0.385504,-0.653892,0.62984,0.419197,-0.656579,0.319516,-0.683238,0,0,0,0.990636,0.133415,-0.0289804,-0.149793,0.954073,-0.259436,0,0,0,0.597508,0.774815,-0.20651,-0.800031,0.577657,-0.162057,0.700034,0.284812,0.654855,0,0,0,-0.1029,0.864581,0.491845,0,0,0,0,0,0,0,0,0,0,0,0,0,0,0,0.851579,0.490681,0.184514,-0.939024,0.249537,0.236568,-0.936718,0.0856512,-0.339444,0.856375,0.329732,-0.397366,0.163547,0.985527,0.0446072,-0.430403,0.900497,0.0621214,-0.43387,0.740367,-0.513433,0,0,0
000854,0.50489,0.705432,0.50533,170.621,247.592,289.652,0.48632,0.784596,0.384581,-0.653892,0.62984,0.419197,-0.657848,0.318465,-0.682507,0,0,0,0.990555,0.133909,-0.0294801,-0.14983,0.954329,-0.258471,0,0,0,0.597176,0.775201,-0.20602,-0.800162,0.577752,-0.161071,0.70064,0.285059,0.654099,0,0,0,-0.102927,0.864825,0.491409,0,0,0,0,0,0,0,0,0,0,0,0,0,0,0,0.851409,0.49116,0.184022,-0.938795,0.249476,0.23754,-0.937101,0.085184,-0.338504,0.856375,0.329732,-0.397366,0.163547,0.985527,0.0446072,-0.43039,0.900468,0.0626204,-0.434126,0.740812,-0.512575,0,0,0
000855,0.505056,0.704856,0.504752,170.621,247.592,289.652,0.48632,0.784596,0.384581,-0.653892,0.62984,0.419197,-0.657233,0.318167,-0.683238,0,0,0,0.990622,0.133413,-0.0294801,-0.149774,0.953944,-0.259919,0,0,0,0.597049,0.775039,-0.206998,-0.800096,0.577705,-0.161564,0.699657,0.285739,0.654854,0,0,0,-0.102927,0.864825,0.491409,0,0,0,0,0,0,0,0,0,0,0,0,0,0,0,0.851409,0.49116,0.184022,-0.93891,0.249506,0.237054,-0.93701,0.0861798,-0.338504,0.856195,0.330198,-0.397366,0.163555,0.98557,0.0436083,-0.430403,0.900497,0.0621214,-0.43387,0.740367,-0.513433,0,0,0
000856,0.504875,0.704836,0.505056,170.621,247.592,289.652,0.486422,0.784758,0.38412,-0.653892,0.62984,0.419197,-0.658539,0.315466,-0.683234,0,0,0,0.990607,0.133411,-0.0299798,-0.149793,0.954073,-0.259436,0,0,0,0.597049,0.775039,-0.206998,-0.800096,0.577705,-0.161564,0.700828,0.284595,0.654099,0,0,0,-0.102954,0.865069,0.490974,0,0,0,0,0,0,0,0,0,0,0,0,0,0,0,0.851489,0.491206,0.183531,-0.938795,0.249476,0.23754,-0.937056,0.0856819,-0.338504,0.856195,0.330198,-0.397366,0.163555,0.98557,0.0436083,-0.430403,0.900497,0.0621214,-0.434302,0.740115,-0.513431,0,0,0
000857,0.505062,0.705418,0.504903,170.621,247.592,289.652,0.486217,0.784433,0.385043,-0.653892,0.62984,0.419197,-0.658321,0.315916,-0.683235,0,0,0,0.990689,0.132918,-0.0294801,-0.149793,0.954073,-0.259436,0,0,0,0.597176,0.775201,-0.20602,-0.800096,0.577705,-0.161564,0.699657,0.285739,0.654854,0,0,0,-0.1029,0.864581,0.491845,0,0,0,0,0,0,0,0,0,0,0,0,0,0,0,0.851329,0.491114,0.184514,-0.939038,0.249023,0.237054,-0.93701,0.0861798,-0.338504,0.856375,0.329732,-0.397366,0.163547,0.985527,0.0446072,-0.43039,0.900468,0.0626204,-0.433262,0.741315,-0.512578,0,0,0
000858,0.504584,0.705376,0.505212,170.621,247.592,289.652,0.48632,0.784596,0.384581,-0.653892,0.62984,0.419197,-0.658284,0.317565,-0.682507,0,0,0,0.990659,0.132914,-0.0304795,-0.14983,0.954329,-0.258471,0,0,0,0.597444,0.774733,-0.206999,-0.800227,0.5778,-0.160577,0.700452,0.285522,0.654098,0,0,0,-0.102927,0.864825,0.491409,0,0,0,0,0,0,0,0,0,0,0,0,0,0,0,0.851489,0.491206,0.183531,-0.938795,0.249476,0.23754,-0.937347,0.0862104,-0.337562,0.856195,0.330198,-0.397366,0.163547,0.985527,0.0446072,-0.430376,0.90044,0.0631194,-0.434126,0.740812,-0.512575,0,0,0
000859,0.505364,0.705257,0.504839,170.621,247.592,289.652,0.486115,0.78427,0.385504,-0.653892,0.62984,0.419197,-0.657233,0.318167,-0.683238,0,0,0,0.990636,0.133415,-0.0289804,-0.149793,0.954073,-0.259436,0,0,0,0.597176,0.775201,-0.20602,-0.800031,0.577657,-0.162057,0.700034,0.284812,0.654855,0,0,0,-0.102927,0.864825,0.491409,0,0,0,0,0,0,0,0,0,0,0,0,0,0,0,0.851579,0.490681,0.184514,-0.939024,0.249537,0.236568,-0.936718,0.0856512,-0.339444,0.856566,0.33034,-0.396448,0.163547,0.985527,0.0446072,-0.430403,0.900497,0.0621214,-0.434302,0.740115,-0.513431,0,0,0
000860,0.505186,0.705188,0.505272,182.319,342.21,289.117,0.48519,0.774634,0.405627,-0.654824,0.61593,0.437991,-0.660971,0.333815,-0.672075,0.511469,0.493546,-0.703428,0.990153,0.137224,-0.0276927,-0.152975,0.96074,-0.231466,0,0,0,0.59437,0.782548,-0.185319,-0.80207,0.579921,-0.142742,0.701776,0.267668,0.6602,0,0,0,-0.103912,0.850301,0.515936,0,0,0,0,0,0,0,0,0,0,0,0,0,0,0,0.850708,0.487811,0.195798,-0.939122,0.239793,0.246069,-0.938139,0.0931892,-0.333483,0.854467,0.344279,-0.389047,0.161024,0.984324,0.0719531,-0.432604,0.89721,0.0887033,-0.437241,0.753963,-0.490265,0,0,0
000861,0.505015,0.704949,0.505209,182.319,342.21,289.117,0.485299,0.774805,0.40517,-0.654824,0.61593,0.437991,-0.660971,0.333815,-0.672075,0.510766,0.494256,-0.703441,0.990139,0.137222,-0.0281924,-0.152975,0.96074,-0.231466,0,0,0,0.594313,0.782475,-0.18581,-0.80207,0.579921,-0.142742,0.701598,0.268135,0.6602,0,0,0,-0.103912,0.850301,0.515936,0,0,0,0,0,0,0,0,0,0,0,0,0,0,0,0.850793,0.487859,0.195308,-0.939122,0.239793,0.246069,-0.938188,0.0926917,-0.333483,0.854292,0.343671,-0.389968,0.16103,0.98436,0.0714545,-0.432604,0.89721,0.0887033,-0.437553,0.7535,-0.490699,0,0,0
000862,0.504906,0.704766,0.504987,182.319,342.21,289.117,0.485299,0.774805,0.40517,-0.654824,0.61593,0.437991,-0.660745,0.334261,-0.672076,0.510062,0.494965,-0.703453,0.990125,0.13722,-0.0286921,-0.152941,0.960511,-0.232439,0,0,0,0.594256,0.782401,-0.186301,-0.80207,0.579921,-0.142742,0.701598,0.268135,0.6602,0,0,0,-0.103912,0.850301,0.515936,0,0,0,0,0,0,0,0,0,0,0,0,0,0,0,0.850544,0.488293,0.195308,-0.939002,0.239763,0.246553,-0.938188,0.0926917,-0.333483,0.854106,0.344135,-0.389968,0.16103,0.98436,0.0714545,-0.432623,0.89725,0.0882052,-0.43712,0.75375,-0.490701,0,0,0
000863,0.504807,0.705258,0.505428,182.319,342.21,289.117,0.485299,0.774805,0.40517,-0.655167,0.615566,0.437991,-0.66089,0.335458,-0.671336,0.511469,0.493546,-0.703428,0.990125,0.13722,-0.0286921,-0.152975,0.96074,-0.231466,0,0,0,0.594313,0.782475,-0.18581,-0.801834,0.580368,-0.142247,0.701419,0.268602,0.6602,0,0,0,-0.103912,0.850301,0.515936,0,0,0,0,0,0,0,0,0,0,0,0,0,0,0,0.850793,0.487859,0.195308,-0.939126,0.239279,0.246553,-0.938354,0.092708,-0.333011,0.854292,0.343671,-0.389968,0.16103,0.98436,0.0714545,-0.432585,0.89717,0.0892013,-0.437363,0.754176,-0.489829,0,0,0
000864,0.505142,0.705476,0.505475,182.319,342.21,289.117,0.48519,0.774634,0.405627,-0.654824,0.61593,0.437991,-0.660209,0.336794,-0.671337,0.508899,0.496633,-0.703119,0.990153,0.137224,-0.0276927,-0.152992,0.960855,-0.23098,0,0,0,0.59437,0.782548,-0.185319,-0.80207,0.579921,-0.142742,0.701598,0.268135,0.6602,0,0,0,-0.103912,0.850301,0.515936,0,0,0,0,0,0,0,0,0,0,0,0,0,0,0,0.850708,0.487811,0.195798,-0.939122,0.239793,0.246069,-0.938188,0.0926917,-0.333483,0.854467,0.344279,-0.389047,0.161017,0.984289,0.0724518,-0.432585,0.89717,0.0892013,-0.437363,0.754176,-0.489829,0,0,0
000865,0.505185,0.704949,0.505312,182.319,342.21,289.117,0.485722,0.774539,0.405171,-0.654824,0.61593,0.437991,-0.660971,0.333815,-0.672075,0.511469,0.493546,-0.703428,0.990153,0.137224,-0.0276927,-0.152975,0.96074,-0.231466,0,0,0,0.594313,0.782475,-0.18581,-0.802012,0.579879,-0.143237,0.701776,0.267668,0.6602,0,0,0,-0.103941,0.850558,0.515508,0,0,0,0,0,0,0,0,0,0,0,0,0,0,0,0.850459,0.488244,0.195798,-0.939122,0.239793,0.246069,-0.938139,0.0931892,-0.333483,0.854467,0.344279,-0.389047,0.16103,0.98436,0.0714545,-0.432623,0.89725,0.0882052,-0.437553,0.7535,-0.490699,0,0,0
000866,0.504524,0.704944,0.504512,182.319,342.21,289.117,0.485722,0.774539,0.405171,-0.654505,0.615628,0.43889,-0.660745,0.334261,-0.672076,0.510273,0.493754,-0.704151,0.990111,0.137218,-0.0291919,-0.152941,0.960511,-0.232439,0,0,0,0.594199,0.782327,-0.186792,-0.80207,0.579921,-0.142742,0.701776,0.267668,0.6602,0,0,0,-0.103883,0.850045,0.516364,0,0,0,0,0,0,0,0,0,0,0,0,0,0,0,0.850877,0.487907,0.194818,-0.938763,0.239702,0.247522,-0.938237,0.0921941,-0.333483,0.853743,0.34399,-0.390888,0.16103,0.98436,0.0714545,-0.432585,0.89717,0.0892013,-0.43712,0.75375,-0.490701,0,0,0
000867,0.505413,0.704518,0.504627,182.319,342.21,289.117,0.48519,0.774634,0.405627,-0.654824,0.61593,0.437991,-0.660372,0.33351,-0.672815,0.504826,0.503182,-0.701398,0.990153,0.137224,-0.0276927,-0.152941,0.960511,-0.232439,0,0,0,0.594256,0.782401,-0.186301,-0.801896,0.579795,-0.144226,0.700802,0.268366,0.660951,0,0,0,-0.103912,0.850301,0.515936,0,0,0,0,0,0,0,0,0,0,0,0,0,0,0,0.850708,0.487811,0.195798,-0.939122,0.239793,0.246069,-0.937807,0.0931566,-0.334425,0.854292,0.343671,-0.389968,0.16103,0.98436,0.0714545,-0.432641,0.89729,0.0877072,-0.436877,0.753323,-0.491572,0,0,0
000868,0.505462,0.704953,0.504575,182.319,342.21,289.117,0.485081,0.774463,0.406084,-0.654824,0.61593,0.437991,-0.660372,0.33351,-0.672815,0.509252,0.496279,-0.703114,0.990098,0.137721,-0.0271929,-0.152941,0.960511,-0.232439,0,0,0,0.594711,0.782172,-0.185811,-0.801954,0.579837,-0.143731,0.701159,0.267432,0.660951,0,0,0,-0.103883,0.850045,0.516364,0,0,0,0,0,0,0,0,0,0,0,0,0,0,0,0.850623,0.487762,0.196289,-0.939122,0.239793,0.246069,-0.937807,0.0931566,-0.334425,0.854467,0.344279,-0.389047,0.16103,0.98436,0.0714545,-0.432623,0.89725,0.0882052,-0.43731,0.753073,-0.49157,0,0,0
000869,0.505354,0.704709,0.505451,182.319,342.21,289.117,0.485299,0.774805,0.40517,-0.655142,0.61623,0.437092,-0.660745,0.334261,-0.672076,0.510661,0.494861,-0.703092,0.990153,0.137224,-0.0276927,-0.152941,0.960511,-0.232439,0,0,0,0.594313,0.782475,-0.18581,-0.801954,0.579837,-0.143731,0.701598,0.268135,0.6602,0,0,0,-0.103941,0.850558,0.515508,0,0,0,0,0,0,0,0,0,0,0,0,0,0,0,0.850459,0.488244,0.195798,-0.939241,0.239824,0.245584,-0.938022,0.0926754,-0.333954,0.854467,0.344279,-0.389047,0.16103,0.98436,0.0714545,-0.432623,0.89725,0.0882052,-0.43712,0.75375,-0.490701,0,0,0
000870,0.505298,0.705452,0.504871,359.146,222.609,343.915,0.438686,0.819624,0.36847,-0.68672,0.586466,0.429503,-0.69396,0.263086,-0.670228,0,0,0,0.978039,0.20158,-0.0529738,-0.222494,0.938963,-0.262382,0,0,0,0.536232,0.813401,-0.225462,-0.842019,0.518939,-0.147328,0.693636,0.338059,0.63607,0,0,0,-0.151814,0.859663,0.487783,0,0,0,0,0,0,0,0,0,0,0,0,0,0,0,0.819052,0.550558,0.16137,-0.948532,0.185394,0.25674,-0.947767,0.016679,-0.318527,0.821812,0.386144,-0.418948,0.0948699,0.994912,0.0339118,-0.490944,0.868712,0.0656839,-0.496247,0.70402,-0.508031,0,0,0
000871,0.505029,0.705191,0.505199,359.146,222.609,343.915,0.438862,0.819948,0.36754,-0.68672,0.586466,0.429503,-0.693692,0.265661,-0.669489,0,0,0,0.977911,0.202064,-0.0534731,-0.222494,0.938963,-0.262382,0,0,0,0.536169,0.813308,-0.225949,-0.842019,0.518939,-0.147328,0.693198,0.338957,0.63607,0,0,0,-0.152347,0.859817,0.487344,0,0,0,0,0,0,0,0,0,0,0,0,0,0,0,0.81884,0.551017,0.160876,-0.948406,0.185369,0.257223,-0.948076,0.0171845,-0.317579,0.821857,0.385061,-0.419856,0.0948716,0.994929,0.0334122,-0.490508,0.868957,0.0656842,-0.496656,0.703732,-0.508029,0,0,0
000872,0.505053,0.705202,0.504934,359.146,222.609,343.915,0.439303,0.819711,0.367541,-0.68672,0.586466,0.429503,-0.693737,0.264607,-0.669859,0,0,0,0.977911,0.202064,-0.0534731,-0.222465,0.938835,-0.262865,0,0,0,0.536169,0.813308,-0.225949,-0.842019,0.518939,-0.147328,0.693198,0.338957,0.63607,0,0,0,-0.151814,0.859663,0.487783,0,0,0,0,0,0,0,0,0,0,0,0,0,0,0,0.81884,0.551017,0.160876,-0.948406,0.185369,0.257223,-0.948076,0.0171845,-0.317579,0.821645,0.385513,-0.419856,0.0948716,0.994929,0.0334122,-0.490508,0.868957,0.0656842,-0.496247,0.70402,-0.508031,0,0,0
000873,0.50544,0.705243,0.504808,359.146,222.609,343.915,0.438686,0.819624,0.36847,-0.68672,0.586466,0.429503,-0.693425,0.264487,-0.67023,0,0,0,0.977963,0.202075,-0.0524746,-0.222436,0.938707,-0.263347,0,0,0,0.536232,0.813401,-0.225462,-0.841694,0.519326,-0.147822,0.693131,0.338369,0.636456,0,0,0,-0.151814,0.859663,0.487783,0,0,0,0,0,0,0,0,0,0,0,0,0,0,0,0.819052,0.550558,0.16137,-0.948658,0.185419,0.256256,-0.947758,0.0171789,-0.318527,0.821812,0.386144,-0.418948,0.0948699,0.994912,0.0339118,-0.49096,0.86874,0.065185,-0.496102,0.703811,-0.508461,0,0,0
000874,0.504596,0.705132,0.505161,359.146,222.609,343.915,0.438862,0.819948,0.36754,-0.687045,0.586086,0.429503,-0.694407,0.263793,-0.669487,0,0,0,0.977784,0.202548,-0.0539723,-0.222494,0.938963,-0.262382,0,0,0,0.536106,0.813214,-0.226436,-0.842144,0.519017,-0.146339,0.694208,0.338337,0.635298,0,0,0,-0.151814,0.859663,0.487783,0,0,0,0,0,0,0,0,0,0,0,0,0,0,0,0.819252,0.550692,0.15989,-0.94828,0.185345,0.257706,-0.948393,0.0171901,-0.31663,0.821432,0.385966,-0.419856,0.0948733,0.994945,0.0329125,-0.490928,0.868683,0.0661828,-0.497065,0.703445,-0.508027,0,0,0
000875,0.504989,0.705279,0.505321,359.146,222.609,343.915,0.438862,0.819948,0.36754,-0.68672,0.586466,0.429503,-0.69405,0.264727,-0.669488,0,0,0,0.977911,0.202064,-0.0534731,-0.222494,0.938963,-0.262382,0,0,0,0.536587,0.813032,-0.22595,-0.841819,0.519404,-0.146833,0.693922,0.338198,0.635684,0,0,0,-0.152347,0.859817,0.487344,0,0,0,0,0,0,0,0,0,0,0,0,0,0,0,0.81884,0.551017,0.160876,-0.948406,0.185369,0.257223,-0.948076,0.0171845,-0.317579,0.821835,0.385602,-0.419402,0.0948716,0.994929,0.0334122,-0.490944,0.868712,0.0656839,-0.497065,0.703445,-0.508027,0,0,0
000876,0.504608,0.704629,0.505235,359.146,222.609,343.915,0.439038,0.82027,0.36661,-0.68672,0.586466,0.429503,-0.694229,0.26426,-0.669487,0,0,0,0.977859,0.202053,-0.0544715,-0.222436,0.938707,-0.263347,0,0,0,0.536043,0.81312,-0.226923,-0.842082,0.518978,-0.146833,0.693769,0.339236,0.635298,0,0,0,-0.151895,0.860144,0.486909,0,0,0,0,0,0,0,0,0,0,0,0,0,0,0,0.818973,0.551106,0.15989,-0.948502,0.184879,0.257223,-0.948393,0.0171901,-0.31663,0.821455,0.385425,-0.42031,0.094875,0.994961,0.0324128,-0.49096,0.86874,0.065185,-0.496247,0.70402,-0.508031,0,0,0
000877,0.504775,0.704913,0.505179,359.146,222.609,343.915,0.438862,0.819948,0.36754,-0.68672,0.586466,0.429503,-0.69405,0.264727,-0.669488,0,0,0,0.977885,0.202059,-0.0539723,-0.222436,0.938707,-0.263347,0,0,0,0.536106,0.813214,-0.226436,-0.841819,0.519404,-0.146833,0.694208,0.338337,0.635298,0,0,0,-0.151855,0.859903,0.487346,0,0,0,0,0,0,0,0,0,0,0,0,0,0,0,0.819252,0.550692,0.15989,-0.948406,0.185369,0.257223,-0.948085,0.0166846,-0.317579,0.821432,0.385966,-0.419856,0.0948733,0.994945,0.0329125,-0.49096,0.86874,0.065185,-0.496656,0.703732,-0.508029,0,0,0
000878,0.504575,0.704591,0.505177,359.146,222.609,343.915,0.439038,0.82027,0.36661,-0.68672,0.586466,0.429503,-0.69405,0.264727,-0.669488,0,0,0,0.977859,0.202053,-0.0544715,-0.222436,0.938707,-0.263347,0,0,0,0.536043,0.81312,-0.226923,-0.842082,0.518978,-0.146833,0.693769,0.339236,0.635298,0,0,0,-0.151895,0.860144,0.486909,0,0,0,0,0,0,0,0,0,0,0,0,0,0,0,0.819318,0.550736,0.159396,-0.94828,0.185345,0.257706,-0.948393,0.0171901,-0.31663,0.821455,0.385425,-0.42031,0.094875,0.994961,0.0324128,-0.49096,0.86874,0.065185,-0.496247,0.70402,-0.508031,0,0,0
000879,0.505277,0.704507,0.505112,359.146,222.609,343.915,0.439391,0.819873,0.367076,-0.687046,0.586745,0.4286,-0.69396,0.263086,-0.670228,0,0,0,0.977937,0.202069,-0.0529738,-0.222407,0.938578,-0.263829,0,0,0,0.536106,0.813214,-0.226436,-0.841894,0.518861,-0.148317,0.693198,0.338957,0.63607,0,0,0,-0.151895,0.860144,0.486909,0,0,0,0,0,0,0,0,0,0,0,0,0,0,0,0.81884,0.551017,0.160876,-0.948658,0.185419,0.256256,-0.947917,0.0171817,-0.318053,0.821857,0.385061,-0.419856,0.094875,0.994961,0.0324128,-0.490991,0.868797,0.0641872,-0.496775,0.703027,-0.508888,0,0,0
000880,0.504759,0.70463,0.505187,66.9723,58.241,349.236,0.493146,0.799772,0.342304,-0.649155,0.660579,0.377138,0,0,0,0,0,0,0.992382,0.119497,-0.0299787,-0.136686,0.939182,-0.315047,0,0,0,0.608349,0.754316,-0.246819,-0.791858,0.577097,-0.1998,0.699232,0.314479,0.642011,-0.706417,0.147668,0.692221,-0.0961367,0.892815,0.440044,0,0,0,0.258848,0.613723,0.745883,0,0,0,0,0,0,0,0,0,0.856213,0.490672,0.161677,-0.937265,0.273963,0.215589,-0.933602,0.0765465,-0.350039,0.86307,0.29575,-0.409441,0.175015,0.984496,-0.0117356,-0.420166,0.907418,0.00727251,-0.421005,0.715256,-0.557821,0,0,0
000881,0.504698,0.70454,0.50518,66.9723,58.241,349.236,0.493146,0.799772,0.342304,-0.649155,0.660579,0.377138,0,0,0,0,0,0,0.992427,0.118999,-0.0304784,-0.136686,0.939182,-0.315047,0,0,0,0.60796,0.754629,-0.246818,-0.792152,0.576693,-0.1998,0.699232,0.314479,0.642011,-0.706417,0.147668,0.692221,-0.0961367,0.892815,0.440044,0,0,0,0.258074,0.614456,0.745548,0,0,0,0,0,0,0,0,0,0.856532,0.490279,0.161184,-0.937265,0.273963,0.215589,-0.933736,0.0770591,-0.349571,0.862876,0.295684,-0.409897,0.175015,0.984496,-0.0117356,-0.420168,0.907421,0.00677253,-0.421005,0.715256,-0.557821,0,0,0
000882,0.505444,0.7055,0.50492,66.9723,58.241,349.236,0.493298,0.799073,0.343714,-0.649155,0.660579,0.377138,0,0,0,0,0,0,0.992365,0.119998,-0.0284796,-0.136727,0.939493,-0.314098,0,0,0,0.607882,0.755323,-0.244879,-0.791777,0.577038,-0.20029,0.699055,0.313304,0.642777,0,0,0,-0.096093,0.892377,0.440941,0,0,0,0.258095,0.613232,0.746548,0,0,0,0,0,0,0,0,0,0.85625,0.490118,0.163157,-0.937471,0.274023,0.214613,-0.933212,0.0770161,-0.350976,0.863489,0.29642,-0.408072,0.175019,0.984517,-0.00973594,-0.420165,0.907415,0.00777248,-0.421005,0.715256,-0.557821,0,0,0
000883,0.504952,0.704559,0.504862,66.9723,58.241,349.236,0.493055,0.799627,0.342774,-0.649155,0.660579,0.377138,0,0,0,0,0,0,0.992382,0.119497,-0.0299787,-0.136686,0.939182,-0.315047,0,0,0,0.608349,0.754316,-0.246819,-0.791991,0.576574,-0.200779,0.699641,0.313567,0.642011,-0.706417,0.147668,0.692221,-0.0961367,0.892815,0.440044,0,0,0,0.257928,0.614113,0.745881,0,0,0,0,0,0,0,0,0,0.856462,0.490239,0.161678,-0.937265,0.273963,0.215589,-0.933561,0.0770448,-0.350039,0.86307,0.29575,-0.409441,0.175015,0.984496,-0.0117356,-0.420168,0.907421,0.00677253,-0.420865,0.715014,-0.558235,0,0,0
000884,0.505454,0.705105,0.505022,66.9723,58.241,349.236,0.492873,0.799336,0.343713,-0.649155,0.660579,0.377138,0,0,0,0,0,0,0.992365,0.119998,-0.0284796,-0.136686,0.939182,-0.315047,0,0,0,0.608194,0.754915,-0.245364,-0.791991,0.576574,-0.200779,0.698646,0.314216,0.642777,-0.706755,0.147739,0.69186,-0.0961148,0.892596,0.440493,0,0,0,0,0,0,0,0,0,0,0,0,0,0,0,0.856001,0.490552,0.163157,-0.937471,0.274023,0.214613,-0.933212,0.0770161,-0.350976,0.863489,0.29642,-0.408072,0.175017,0.984507,-0.0107358,-0.420166,0.907418,0.00727251,-0.42245,0.713761,-0.558642,0,0,0
000885,0.505488,0.704565,0.504656,66.9723,58.241,349.236,0.492964,0.799481,0.343244,-0.649287,0.660714,0.376675,0,0,0,0,0,0,0.992411,0.1195,-0.0289793,-0.136643,0.938869,-0.315996,0,0,0,0.608038,0.754725,-0.246333,-0.791615,0.576919,-0.201269,0.699055,0.313304,0.642777,-0.706857,0.147249,0.69186,-0.0961367,0.892815,0.440044,0,0,0,0,0,0,0,0,0,0,0,0,0,0,0,0.856321,0.490158,0.162664,-0.937471,0.274023,0.214613,-0.933171,0.0775144,-0.350975,0.863264,0.295816,-0.408985,0.175016,0.984501,-0.0112357,-0.420168,0.907421,0.00677253,-0.420726,0.714773,-0.55865,0,0,0
000886,0.504805,0.704657,0.504972,66.9723,58.241,349.236,0.493055,0.799627,0.342774,-0.649155,0.660579,0.377138,0,0,0,0,0,0,0.992382,0.119497,-0.0299787,-0.136686,0.939182,-0.315047,0,0,0,0.60796,0.754629,-0.246818,-0.792072,0.576634,-0.20029,0.699641,0.313567,0.642011,-0.706519,0.147179,0.692221,-0.0961367,0.892815,0.440044,0,0,0,0.257928,0.614113,0.745881,0,0,0,0,0,0,0,0,0,0.856213,0.490672,0.161677,-0.937265,0.273963,0.215589,-0.933602,0.0765465,-0.350039,0.863038,0.29521,-0.409897,0.175015,0.984496,-0.0117356,-0.420166,0.907418,0.00727251,-0.42245,0.713761,-0.558642,0,0,0
000887,0.505457,0.70478,0.505455,66.9723,58.241,349.236,0.493055,0.799627,0.342774,-0.649419,0.660848,0.376211,0,0,0,0,0,0,0.992411,0.1195,-0.0289793,-0.136686,0.939182,-0.315047,0,0,0,0.608194,0.754915,-0.245364,-0.791991,0.576574,-0.200779,0.699144,0.313892,0.642394,-0.707094,0.147809,0.691499,-0.0961367,0.892815,0.440044,0,0,0,0.258388,0.613918,0.745882,0,0,0,0,0,0,0,0,0,0.856072,0.490592,0.162664,-0.937471,0.274023,0.214613,-0.933253,0.0765178,-0.350976,0.863489,0.29642,-0.408072,0.175017,0.984507,-0.0107358,-0.420168,0.907421,0.00677253,-0.421005,0.715256,-0.557821,0,0,0
000888,0.505342,0.705491,0.505481,66.9723,58.241,349.236,0.492873,0.799336,0.343713,-0.649155,0.660579,0.377138,0,0,0,0,0,0,0.992411,0.1195,-0.0289793,-0.136727,0.939493,-0.314098,0,0,0,0.608271,0.75501,-0.24488,-0.792072,0.576634,-0.20029,0.698441,0.314672,0.642777,-0.707196,0.147319,0.691499,-0.096093,0.892377,0.440941,0,0,0,0,0,0,-0.341446,0.54365,0.76672,0,0,0,0,0,0,0.856001,0.490552,0.163157,-0.937471,0.274023,0.214613,-0.93352,0.0775431,-0.350039,0.863489,0.29642,-0.408072,0.175019,0.984517,-0.00973594,-0.420165,0.907415,0.00777248,-0.422299,0.714497,-0.557815,0,0,0
000889,0.504504,0.70489,0.504917,66.9723,58.241,349.236,0.493055,0.799627,0.342774,-0.648892,0.660309,0.378064,0,0,0,0,0,0,0.992307,0.119991,-0.0304784,-0.136686,0.939182,-0.315047,0,0,0,0.60796,0.754629,-0.246818,-0.792152,0.576693,-0.1998,0.699232,0.314479,0.642011,0,0,0,-0.0961148,0.892596,0.440493,0,0,0,0,0,0,0,0,0,0,0,0,0,0,0,0.856532,0.490279,0.161184,-0.937058,0.273902,0.216566,-0.933869,0.0775716,-0.349102,0.862714,0.296156,-0.409897,0.175016,0.984501,-0.0112357,-0.420165,0.907415,0.00777248,-0.421437,0.715003,-0.557819,0,0,0
000890,0.505465,0.705474,0.504946,144.831,59.9196,167.084,0.513393,0.783923,0.349131,-0.63303,0.679366,0.371125,0,0,0,0,0,0,0.995805,0.0894881,-0.0190773,-0.105096,0.943339,-0.314747,0,0,0,0.633265,0.736329,-0.238316,-0.772371,0.600407,-0.207255,0.701409,0.29275,0.649863,-0.708809,0.168751,0.684919,-0.0734726,0.894693,0.440598,0,0,0,0.269991,0.60447,0.74948,0,0,0,0,0,0,0,0,0,0.868784,0.464381,0.171946,-0.930923,0.301586,0.20598,-0.927116,0.10528,-0.359684,0.876059,0.270316,-0.399311,0.204834,0.97877,-0.00728764,-0.392623,0.91969,0.00425185,-0.394494,0.727422,-0.561455,0,0,0
000891,0.50461,0.704801,0.505121,144.831,59.9196,167.084,0.513168,0.784487,0.348193,-0.632412,0.679434,0.372054,0,0,0,0,0,0,0.995731,0.0899834,-0.0205768,-0.105065,0.943026,-0.315696,0,0,0,0.63295,0.735969,-0.240258,-0.772452,0.600471,-0.206765,0.702009,0.292999,0.649103,-0.708591,0.168185,0.685283,-0.0734889,0.894912,0.440149,0,0,0,0.269387,0.605562,0.748816,0,0,0,0,0,0,0,0,0,0.869086,0.464541,0.169975,-0.930474,0.301966,0.207448,-0.927651,0.10534,-0.358284,0.875441,0.269604,-0.401144,0.204832,0.978762,-0.00828748,-0.392623,0.91969,0.00425185,-0.394494,0.727422,-0.561455,0,0,0
000892,0.504867,0.70507,0.504541,144.831,59.9196,167.084,0.51349,0.784068,0.348662,-0.632412,0.679434,0.372054,0,0,0,0,0,0,0.995786,0.0894864,-0.020077,-0.105065,0.943026,-0.315696,0,0,0,0.633029,0.73606,-0.239772,-0.772371,0.600407,-0.207255,0.701409,0.29275,0.649863,-0.708142,0.168593,0.685647,-0.0734726,0.894693,0.440598,0,0,0,0.268776,0.605425,0.749146,0,0,0,0,0,0,0,0,0,0.869246,0.46406,0.170468,-0.930727,0.301522,0.206959,-0.927351,0.104803,-0.359217,0.875441,0.269604,-0.401144,0.204832,0.978762,-0.00828748,-0.392623,0.91969,0.00425185,-0.393613,0.727896,-0.561458,0,0,0
000893,0.505332,0.705245,0.504773,144.831,59.9196,167.084,0.513393,0.783923,0.349131,-0.632412,0.679434,0.372054,0,0,0,0,0,0,0.99584,0.0889893,-0.0195771,-0.105096,0.943339,-0.314747,0,0,0,0.633186,0.73624,-0.238802,-0.772289,0.600343,-0.207744,0.701409,0.29275,0.649863,-0.708924,0.168264,0.684919,-0.0734726,0.894693,0.440598,0,0,0,0.269991,0.60447,0.74948,-0.331899,0.553322,0.763988,0,0,0,0,0,0,0.869095,0.46398,0.171453,-0.930671,0.30203,0.20647,-0.927238,0.105797,-0.359217,0.875824,0.269722,-0.400228,0.204833,0.978766,-0.00778756,-0.392623,0.91969,0.00425185,0,0,0,0,0,0
000894,0.504507,0.705082,0.504717,144.831,59.9196,167.084,0.513586,0.784213,0.348194,-0.632778,0.679094,0.372054,0,0,0,0,0,0,0.995765,0.0894845,-0.0210766,-0.10508,0.943183,-0.315221,0,0,0,0.63295,0.735969,-0.240258,-0.772227,0.600929,-0.206276,0.702393,0.292076,0.649103,-0.708257,0.168107,0.685647,-0.0734726,0.894693,0.440598,0,0,0,0,0,0,0,0,0,0,0,0,0,0,0,0.869321,0.4641,0.169975,-0.930474,0.301966,0.207448,-0.927651,0.10534,-0.358284,0.875294,0.270082,-0.401144,0.204832,0.978762,-0.00828748,-0.392622,0.919688,0.00475182,-0.394494,0.727422,-0.561455,0,0,0
000895,0.505389,0.705139,0.50513,144.831,59.9196,167.084,0.512975,0.784197,0.34913,-0.632664,0.679707,0.371126,0,0,0,0,0,0,0.995805,0.0894881,-0.0190773,-0.105096,0.943339,-0.314747,0,0,0,0.633186,0.73624,-0.238802,-0.772289,0.600343,-0.207744,0.701409,0.29275,0.649863,-0.708809,0.168751,0.684919,-0.0734726,0.894693,0.440598,0,0,0,0,0,0,0,0,0,0,0,0,0,0,0,0.86886,0.464421,0.171453,-0.930923,0.301586,0.20598,-0.927238,0.105797,-0.359217,0.876015,0.26978,-0.39977,0.204833,0.978766,-0.00778756,-0.392623,0.91969,0.00425185,-0.394494,0.727422,-0.561455,0,0,0
000896,0.505295,0.704632,0.505405,144.831,59.9196,167.084,0.513586,0.784213,0.348194,-0.632664,0.679707,0.371126,0,0,0,0,0,0,0.99584,0.0889893,-0.0195771,-0.105065,0.943026,-0.315696,0,0,0,0.633108,0.73615,-0.239287,-0.771982,0.600738,-0.207744,0.702201,0.292538,0.649103,-0.709257,0.168343,0.684555,-0.0735052,0.895132,0.4397,0,0,0,0.269084,0.606108,0.748483,-0.33229,0.553978,0.763342,0,0,0,0,0,0,0.868935,0.464461,0.17096,-0.930615,0.302537,0.20598,-0.927294,0.1053,-0.359217,0.875971,0.269244,-0.400228,0.204832,0.978762,-0.00828748,-0.392624,0.919693,0.00325188,0,0,0,0,0,0
000897,0.505104,0.70464,0.504899,144.831,59.9196,167.084,0.513586,0.784213,0.348194,-0.632664,0.679707,0.371126,0,0,0,0,0,0,0.995786,0.0894864,-0.020077,-0.105065,0.943026,-0.315696,0,0,0,0.633029,0.73606,-0.239772,-0.772289,0.600343,-0.207744,0.702393,0.292076,0.649103,-0.708475,0.168672,0.685283,-0.0734889,0.894912,0.440149,0,0,0,0,0,0,0,0,0,0,0,0,0,0,0,0.869246,0.46406,0.170468,-0.930671,0.30203,0.20647,-0.927294,0.1053,-0.359217,0.875677,0.270199,-0.400228,0.204831,0.978758,-0.0087874,-0.392624,0.919692,0.00375187,-0.39511,0.726451,-0.562278,0,0,0
000898,0.505139,0.705045,0.505366,144.831,59.9196,167.084,0.513586,0.784213,0.348194,-0.632664,0.679707,0.371126,0,0,0,0,0,0,0.995751,0.0899852,-0.0195771,-0.105096,0.943339,-0.314747,0,0,0,0.633487,0.735823,-0.239288,-0.772371,0.600407,-0.207255,0.702393,0.292076,0.649103,-0.708809,0.168751,0.684919,-0.0734889,0.894912,0.440149,0,0,0,0.269387,0.605562,0.748816,0,0,0,0,0,0,0,0,0,0.868935,0.464461,0.17096,-0.930671,0.30203,0.20647,-0.927351,0.104803,-0.359217,0.875824,0.269722,-0.400228,0.204832,0.978762,-0.00828748,-0.392623,0.91969,0.00425185,0,0,0,0,0,0
000899,0.50458,0.704647,0.50485,144.831,59.9196,167.084,0.513683,0.784358,0.347725,-0.632412,0.679434,0.372054,0,0,0,0,0,0,0.995765,0.0894845,-0.0210766,-0.105065,0.943026,-0.315696,0,0,0,0.63325,0.735552,-0.240744,-0.772371,0.600407,-0.207255,0.702009,0.292999,0.649103,-0.708142,0.168593,0.685647,-0.0734889,0.894912,0.440149,0,0,0,0.26893,0.605767,0.748815,0,0,0,0,0,0,0,0,0,0.869086,0.464541,0.169975,-0.930474,0.301966,0.207448,-0.927594,0.105837,-0.358284,0.875294,0.270082,-0.401144,0.20483,0.978753,-0.00928732,-0.392623,0.91969,0.00425185,-0.393613,0.727896,-0.561458,0,0,0
000900,0.504861,0.704559,0.505251,207.242,107.634,92.4538,0.516734,0.777252,0.358977,-0.630027,0.6767,0.380976,0,0,0,0,0,0,0.996151,0.0854946,-0.0193118,-0.101315,0.947912,-0.301989,0,0,0,0.635844,0.737006,-0.229181,-0.769997,0.60639,-0.198483,0.703135,0.280851,0.653241,-0.708313,0.160971,0.6873,-0.0699744,0.88895,0.452626,0,0,0,0.271472,0.594159,0.757152,0,0,0,0,0,0,0,0,0,0.871085,0.458277,0.176617,-0.929519,0.302554,0.210846,-0.927163,0.114614,-0.356696,0.876642,0.272136,-0.396789,0.208677,0.977973,0.00484865,-0.388975,0.921089,0.0171247,-0.391115,0.737323,-0.550803,0,0,0
000901,0.50459,0.705321,0.504736,207.242,107.634,92.4538,0.51705,0.776826,0.359445,-0.630134,0.67608,0.381899,0,0,0,0,0,0,0.996065,0.0864908,-0.0193118,-0.101344,0.948213,-0.301035,0,0,0,0.635844,0.737006,-0.229181,-0.770152,0.606513,-0.197503,0.703505,0.279922,0.653241,-0.707642,0.160819,0.688026,-0.0699423,0.888498,0.453518,0,0,0,0,0,0,0,0,0,0,0,0,0,0,0,0.870773,0.458678,0.177109,-0.929318,0.302488,0.211823,-0.927224,0.114117,-0.356697,0.876452,0.272077,-0.397247,0.208676,0.977967,0.00584852,-0.388965,0.921064,0.0186244,-0.3908,0.7378,-0.550387,0,0,0
000902,0.505212,0.704668,0.504691,207.242,107.634,92.4538,0.516634,0.777103,0.359444,-0.630027,0.6767,0.380976,0,0,0,0,0,0,0.996127,0.0859943,-0.0183121,-0.101315,0.947912,-0.301989,0,0,0,0.635844,0.737006,-0.229181,-0.769841,0.606267,-0.199463,0.702528,0.28061,0.653998,-0.707867,0.161383,0.687663,-0.0699584,0.888725,0.453072,0,0,0,0,0,0,0,0,0,0,0,0,0,0,0,0.870928,0.458195,0.177601,-0.929519,0.302554,0.210846,-0.926809,0.11457,-0.35763,0.876683,0.272672,-0.396329,0.208677,0.97797,0.00534859,-0.388978,0.921097,0.0166248,-0.390546,0.737312,-0.551222,0,0,0
000903,0.504944,0.704744,0.505493,207.242,107.634,92.4538,0.516734,0.777252,0.358977,-0.630027,0.6767,0.380976,0,0,0,0,0,0,0.996118,0.0859936,-0.018812,-0.101315,0.947912,-0.301989,0,0,0,0.635844,0.737006,-0.229181,-0.769997,0.60639,-0.198483,0.703135,0.280851,0.653241,-0.708202,0.161458,0.6873,-0.0699744,0.88895,0.452626,0,0,0,0,0,0,-0.331254,0.543015,0.771625,0,0,0,0,0,0,0.870773,0.458678,0.177109,-0.929519,0.302554,0.210846,-0.927163,0.114614,-0.356696,0.876683,0.272672,-0.396329,0.208676,0.977967,0.00584852,-0.388975,0.921089,0.0171247,-0.3908,0.7378,-0.550387,0,0,0
000904,0.504923,0.70531,0.505014,207.242,107.634,92.4538,0.516533,0.776954,0.35991,-0.629768,0.676421,0.3819,0,0,0,0,0,0,0.996118,0.0859936,-0.018812,-0.101344,0.948213,-0.301035,0,0,0,0.635919,0.737092,-0.228695,-0.769765,0.606844,-0.197994,0.703505,0.279922,0.653241,-0.707978,0.160895,0.687663,-0.0699423,0.888498,0.453518,0,0,0,0,0,0,0,0,0,0,0,0,0,0,0,0.870695,0.458637,0.177601,-0.929573,0.302045,0.211334,-0.927163,0.114614,-0.356696,0.876683,0.272672,-0.396329,0.208676,0.977967,0.00584852,-0.388968,0.921073,0.0181245,-0.3908,0.7378,-0.550387,0,0,0
000905,0.50538,0.704873,0.504663,207.242,107.634,92.4538,0.516016,0.777082,0.360375,-0.630027,0.6767,0.380976,0,0,0,0,0,0,0.996136,0.0859951,-0.0178123,-0.101315,0.947912,-0.301989,0,0,0,0.635919,0.737092,-0.228695,-0.769841,0.606267,-0.199463,0.702528,0.28061,0.653998,-0.708313,0.160971,0.6873,-0.0699584,0.888725,0.453072,0,0,0,0,0,0,0,0,0,0,0,0,0,0,0,0.870616,0.458596,0.178093,-0.929774,0.302111,0.210357,-0.926575,0.113534,-0.358564,0.876831,0.272194,-0.39633,0.208676,0.977967,0.00584852,-0.388975,0.921089,0.0171247,-0.390546,0.737312,-0.551222,0,0,0
000906,0.505362,0.70467,0.505192,207.242,107.634,92.4538,0.516634,0.777103,0.359444,-0.630027,0.6767,0.380976,0,0,0,0,0,0,0.99617,0.0854962,-0.0183121,-0.101315,0.947912,-0.301989,0,0,0,0.635919,0.737092,-0.228695,-0.769841,0.606267,-0.199463,0.703505,0.279922,0.653241,-0.708648,0.161047,0.686937,-0.0699744,0.88895,0.452626,0,0,0,0,0,0,0,0,0,0,0,0,0,0,0,0.870928,0.458195,0.177601,-0.929719,0.302619,0.209868,-0.926809,0.11457,-0.35763,0.876979,0.271717,-0.39633,0.208676,0.977967,0.00584852,-0.388978,0.921097,0.0166248,-0.39143,0.736845,-0.551218,0,0,0
000907,0.50457,0.7046,0.504819,207.242,107.634,92.4538,0.516734,0.777252,0.358977,-0.629768,0.676421,0.3819,0,0,0,0,0,0,0.996099,0.0859919,-0.0198116,-0.101315,0.947912,-0.301989,0,0,0,0.636071,0.736507,-0.230155,-0.769997,0.60639,-0.198483,0.703135,0.280851,0.653241,-0.707532,0.161307,0.688026,-0.0699744,0.88895,0.452626,0,0,0,0,0,0,0,0,0,0,0,0,0,0,0,0.871163,0.458318,0.176125,-0.929318,0.302488,0.211823,-0.927224,0.114117,-0.356697,0.876304,0.272555,-0.397247,0.208677,0.977973,0.00484865,-0.388972,0.921081,0.0176246,-0.390673,0.737556,-0.550804,0,0,0
000908,0.504912,0.705392,0.504623,207.242,107.634,92.4538,0.516432,0.776805,0.360377,-0.629768,0.676421,0.3819,0,0,0,0,0,0,0.996118,0.0859936,-0.018812,-0.101344,0.948213,-0.301035,0,0,0,0.635919,0.737092,-0.228695,-0.769765,0.606844,-0.197994,0.702528,0.28061,0.653998,-0.707532,0.161307,0.688026,-0.0699263,0.888272,0.453963,0,0,0,0.272356,0.592499,0.758134,0,0,0,0,0,0,0,0,0,0.870928,0.458195,0.177601,-0.929573,0.302045,0.211334,-0.926931,0.113578,-0.357631,0.876642,0.272136,-0.396789,0.208676,0.977964,0.00634845,-0.388968,0.921073,0.0181245,-0.391558,0.73709,-0.550801,0,0,0
000909,0.504883,0.705472,0.504794,207.242,107.634,92.4538,0.516016,0.777082,0.360375,-0.629768,0.676421,0.3819,0,0,0,0,0,0,0.996118,0.0859936,-0.018812,-0.101344,0.948213,-0.301035,0,0,0,0.635919,0.737092,-0.228695,-0.770075,0.606452,-0.197993,0.703505,0.279922,0.653241,-0.708088,0.160407,0.687663,-0.0699423,0.888498,0.453518,0,0,0,0.271154,0.593471,0.757804,0,0,0,0,0,0,0,0,0,0.870695,0.458637,0.177601,-0.929573,0.302045,0.211334,-0.926931,0.113578,-0.357631,0.876683,0.272672,-0.396329,0.208675,0.977961,0.00684837,-0.388965,0.921064,0.0186244,-0.3908,0.7378,-0.550387,0,0,0
000910,0.504724,0.705328,0.505383,94.6496,152.155,99.6655,0.536058,0.756142,0.375354,-0.613116,0.690001,0.384692,0,0,0,0,0,0,0.998393,0.056048,-0.00840161,-0.0692666,0.954845,-0.288917,0,0,0,0.660334,0.720416,-0.212037,-0.749292,0.632252,-0.197025,0.705252,0.249885,0.663458,-0.710017,0.173451,0.682489,-0.0478555,0.884253,0.464549,0,0,0,0,0,0,0,0,0,0,0,0,0,0,0,0.882371,0.429691,0.191799,-0.921996,0.327609,0.206388,-0.919772,0.147511,-0.363677,0.888674,0.251289,-0.383551,0.238169,0.970986,0.0214672,-0.361039,0.932149,0.0273652,-0.36329,0.756587,-0.543688,0,0,0
000911,0.504705,0.704886,0.504849,94.6496,152.155,99.6655,0.53565,0.756432,0.375353,-0.613116,0.690001,0.384692,0,0,0,0,0,0,0.998393,0.056048,-0.00840161,-0.0692488,0.954556,-0.289874,0,0,0,0.660262,0.720338,-0.212526,-0.749217,0.632188,-0.197515,0.704292,0.250605,0.664206,-0.709685,0.17337,0.682854,-0.0478555,0.884253,0.464549,0,0,0,0,0,0,0,0,0,0,0,0,0,0,0,0.882371,0.429691,0.191799,-0.921996,0.327609,0.206388,-0.919491,0.14696,-0.364608,0.88844,0.250704,-0.384475,0.238169,0.970986,0.0214672,-0.361048,0.932174,0.0263656,-0.363058,0.756095,-0.544527,0,0,0
000912,0.504613,0.705411,0.504639,94.6496,152.155,99.6655,0.535948,0.75599,0.375817,-0.612861,0.689712,0.385614,0,0,0,0,0,0,0.998393,0.056048,-0.00840161,-0.0692666,0.954845,-0.288917,0,0,0,0.660262,0.720338,-0.212526,-0.749292,0.632252,-0.197025,0.704627,0.249663,0.664206,-0.709803,0.172885,0.682855,-0.047834,0.883789,0.465434,0,0,0,0,0,0,0,0,0,0,0,0,0,0,0,0.882285,0.429649,0.19229,-0.922066,0.327104,0.206877,-0.91957,0.146466,-0.364608,0.88844,0.250704,-0.384475,0.238166,0.970976,0.021967,-0.361039,0.932149,0.0273652,-0.363174,0.756341,-0.544107,0,0,0
000913,0.505024,0.704684,0.504902,94.6496,152.155,99.6655,0.536058,0.756142,0.375354,-0.61337,0.690289,0.383768,0,0,0,0,0,0,0.998401,0.0560485,-0.00740176,-0.0692488,0.954556,-0.289874,0,0,0,0.660262,0.720338,-0.212526,-0.749142,0.632124,-0.198005,0.704292,0.250605,0.664206,-0.710017,0.173451,0.682489,-0.0478662,0.884485,0.464106,0,0,0,0,0,0,0,0,0,0,0,0,0,0,0,0.882285,0.429649,0.19229,-0.921925,0.328115,0.205898,-0.919412,0.147454,-0.364608,0.888674,0.251289,-0.383551,0.238172,0.970997,0.0209673,-0.361053,0.932187,0.0258658,0,0,0,0,0,0
000914,0.504657,0.705122,0.505412,94.6496,152.155,99.6655,0.536168,0.756295,0.374891,-0.613116,0.690001,0.384692,0,0,0,0,0,0,0.998393,0.056048,-0.00840161,-0.0692666,0.954845,-0.288917,0,0,0,0.66063,0.72,-0.212526,-0.749292,0.632252,-0.197025,0.705252,0.249885,0.663458,-0.710017,0.173451,0.682489,-0.0478555,0.884253,0.464549,0,0,0,0,0,0,0,0,0,0,0,0,0,0,0,0.882371,0.429691,0.191799,-0.921996,0.327609,0.206388,-0.919772,0.147511,-0.363677,0.888625,0.250756,-0.384013,0.238169,0.970986,0.0214672,-0.361044,0.932162,0.0268654,0,0,0,0,0,0
000915,0.504756,0.704648,0.504883,94.6496,152.155,99.6655,0.536168,0.756295,0.374891,-0.613116,0.690001,0.384692,0,0,0,0,0,0,0.998393,0.056048,-0.00840161,-0.0692488,0.954556,-0.289874,0,0,0,0.660189,0.720261,-0.213014,-0.748895,0.63257,-0.197515,0.704292,0.250605,0.664206,-0.710135,0.172965,0.682489,-0.0478662,0.884485,0.464106,0,0,0,0,0,0,0,0,0,0,0,0,0,0,0,0.882371,0.429691,0.191799,-0.921996,0.327609,0.206388,-0.919491,0.14696,-0.364608,0.88844,0.250704,-0.384475,0.238174,0.971007,0.0204675,-0.361048,0.932174,0.0263656,-0.362607,0.75631,-0.544529,0,0,0
000916,0.50479,0.705423,0.505398,94.6496,152.155,99.6655,0.536058,0.756142,0.375354,-0.613116,0.690001,0.384692,0,0,0,0,0,0,0.998369,0.0565474,-0.00790168,-0.0692666,0.954845,-0.288917,0,0,0,0.660334,0.720416,-0.212037,-0.749292,0.632252,-0.197025,0.705419,0.249413,0.663458,-0.710017,0.173451,0.682489,-0.0478448,0.884021,0.464992,0,0,0,0,0,0,0,0,0,0,0,0,0,0,0,0.882285,0.429649,0.19229,-0.921996,0.327609,0.206388,-0.91957,0.146466,-0.364608,0.888674,0.251289,-0.383551,0.238166,0.970976,0.021967,-0.361039,0.932149,0.0273652,-0.36329,0.756587,-0.543688,0,0,0
000917,0.505194,0.704767,0.50528,94.6496,152.155,99.6655,0.536058,0.756142,0.375354,-0.61337,0.690289,0.383768,0,0,0,0,0,0,0.998401,0.0560485,-0.00740176,-0.0692488,0.954556,-0.289874,0,0,0,0.660334,0.720416,-0.212037,-0.749142,0.632124,-0.198005,0.704292,0.250605,0.664206,-0.710348,0.173531,0.682124,-0.0478662,0.884485,0.464106,0,0,0,0,0,0,0,0,0,0,0,0,0,0,0,0.882503,0.4292,0.19229,-0.92219,0.327678,0.205409,-0.919412,0.147454,-0.364608,0.88881,0.250808,-0.383552,0.238169,0.970986,0.0214672,-0.361053,0.932187,0.0258658,-0.363058,0.756095,-0.544527,0,0,0
000918,0.504541,0.705255,0.505296,94.6496,152.155,99.6655,0.53565,0.756432,0.375353,-0.613116,0.690001,0.384692,0,0,0,0,0,0,0.998393,0.056048,-0.00840161,-0.0692666,0.954845,-0.288917,0,0,0,0.660262,0.720338,-0.212526,-0.749045,0.632697,-0.196535,0.705252,0.249885,0.663458,-0.710135,0.172965,0.682489,-0.0478555,0.884253,0.464549,0,0,0,0,0,0,0,0,0,0,0,0,0,0,0,0.882676,0.429283,0.191309,-0.921731,0.328046,0.206877,-0.919772,0.147511,-0.363677,0.88844,0.250704,-0.384475,0.238169,0.970986,0.0214672,-0.361039,0.932149,0.0273652,-0.36329,0.756587,-0.543688,0,0,0
000919,0.504587,0.704644,0.504835,94.6496,152.155,99.6655,0.536168,0.756295,0.374891,-0.613116,0.690001,0.384692,0,0,0,0,0,0,0.998393,0.056048,-0.00840161,-0.0692488,0.954556,-0.289874,0,0,0,0.660189,0.720261,-0.213014,-0.749217,0.632188,-0.197515,0.704292,0.250605,0.664206,-0.709685,0.17337,0.682854,-0.0478662,0.884485,0.464106,0,0,0,0,0,0,0,0,0,0,0,0,0,0,0,0.882676,0.429283,0.191309,-0.921996,0.327609,0.206388,-0.91957,0.146466,-0.364608,0.888305,0.251185,-0.384475,0.238174,0.971007,0.0204675,-0.361048,0.932174,0.0263656,-0.363058,0.756095,-0.544527,0,0,0
000920,0.50491,0.705494,0.504643,277.323,66.4929,19.9569,0.516719,0.780919,0.350952,-0.629931,0.681214,0.373006,0,0,0,0,0,0,0.99619,0.0850445,-0.0193179,-0.100637,0.944417,-0.312967,0,0,0,0.636562,0.733749,-0.23749,-0.769609,0.604357,-0.206047,0.702335,0.288323,0.650842,-0.707788,0.170441,0.685555,-0.0696752,0.893936,0.442747,0,0,0,0.271363,0.602202,0.75081,0,0,0,0,0,0,0,0,0,0.871149,0.45977,0.172369,-0.929229,0.305748,0.207487,-0.926655,0.10968,-0.359558,0.877074,0.266499,-0.399649,0.209261,0.977846,-0.00526337,-0.38846,0.92144,0.00681829,-0.390858,0.730299,-0.560261,0,0,0
000921,0.50502,0.705443,0.504991,277.323,66.4929,19.9569,0.516719,0.780919,0.350952,-0.629564,0.681554,0.373007,0,0,0,0,0,0,0.99619,0.0850445,-0.0193179,-0.100637,0.944417,-0.312967,0,0,0,0.63664,0.733838,-0.237004,-0.769609,0.604357,-0.206047,0.702826,0.287984,0.650462,-0.708121,0.170521,0.685191,-0.0696907,0.894156,0.442298,0,0,0,0,0,0,-0.32986,0.553323,0.76487,0,0,0,0,0,0,0.871149,0.45977,0.172369,-0.929328,0.305781,0.206998,-0.926655,0.10968,-0.359558,0.87712,0.267035,-0.39919,0.209261,0.977846,-0.00526337,-0.388461,0.921443,0.00631831,-0.3913,0.730064,-0.560259,0,0,0
000922,0.504922,0.704518,0.504875,277.323,66.4929,19.9569,0.516498,0.781486,0.350014,-0.629816,0.681828,0.372079,0,0,0,0,0,0,0.99619,0.0850445,-0.0193179,-0.100607,0.944105,-0.313916,0,0,0,0.636404,0.73357,-0.238461,-0.769219,0.604686,-0.206536,0.703316,0.287644,0.650082,-0.708238,0.170035,0.685191,-0.0697216,0.894597,0.441401,0,0,0,0.271219,0.603091,0.750147,0,0,0,0,0,0,0,0,0,0.870992,0.460252,0.171877,-0.929426,0.305813,0.206508,-0.926655,0.10968,-0.359558,0.877028,0.265963,-0.400108,0.209258,0.977833,-0.00726309,-0.388464,0.921449,0.00531836,-0.390728,0.730051,-0.560676,0,0,0
000923,0.504608,0.705321,0.504708,277.323,66.4929,19.9569,0.516817,0.781065,0.350483,-0.629805,0.681077,0.37347,0,0,0,0,0,0,0.996137,0.0855418,-0.0198177,-0.100637,0.944417,-0.312967,0,0,0,0.636483,0.73366,-0.237976,-0.76969,0.60442,-0.205558,0.703316,0.287644,0.650082,-0.707905,0.169955,0.685555,-0.0696752,0.893936,0.442747,0,0,0,0.271063,0.60275,0.750478,0,0,0,0,0,0,0,0,0,0.870992,0.460252,0.171877,-0.929229,0.305748,0.207487,-0.926952,0.110218,-0.358624,0.876883,0.266441,-0.400107,0.20926,0.977843,-0.0057633,-0.38846,0.92144,0.00681829,-0.390105,0.731016,-0.559851,0,0,0
000924,0.504508,0.704585,0.50523,277.323,66.4929,19.9569,0.517109,0.7815,0.349078,-0.629564,0.681554,0.373007,0,0,0,0,0,0,0.99617,0.0850428,-0.0203176,-0.100607,0.944105,-0.313916,0,0,0,0.636703,0.733153,-0.238948,-0.769609,0.604357,-0.206047,0.703918,0.28789,0.649322,-0.708238,0.170035,0.685191,-0.0697216,0.894597,0.441401,0,0,0,0.271374,0.603433,0.749817,0,0,0,0,0,0,0,0,0,0.871377,0.459889,0.170892,-0.929229,0.305748,0.207487,-0.927011,0.109722,-0.358624,0.876883,0.266441,-0.400107,0.209258,0.977833,-0.00726309,-0.388463,0.921446,0.00581834,-0.390858,0.730299,-0.560261,0,0,0
000925,0.505452,0.704744,0.504617,277.323,66.4929,19.9569,0.516302,0.781195,0.35095,-0.629816,0.681828,0.372079,0,0,0,0,0,0,0.996209,0.0850461,-0.0183182,-0.100607,0.944105,-0.313916,0,0,0,0.636562,0.733749,-0.23749,-0.769365,0.604164,-0.207515,0.702335,0.288323,0.650842,-0.708571,0.170115,0.684827,-0.0697062,0.894377,0.44185,0,0,0,0.271063,0.60275,0.750478,0,0,0,0,0,0,0,0,0,0.870839,0.460172,0.172862,-0.929524,0.305845,0.206019,-0.926297,0.109637,-0.36049,0.877265,0.266557,-0.399191,0.20926,0.97784,-0.00626322,-0.388465,0.921451,0.00481838,-0.390598,0.729803,-0.561089,0,0,0
000926,0.5051,0.705363,0.504737,277.323,66.4929,19.9569,0.516719,0.780919,0.350952,-0.629564,0.681554,0.373007,0,0,0,0,0,0,0.996157,0.0855434,-0.0188181,-0.100637,0.944417,-0.312967,0,0,0,0.636939,0.733421,-0.237491,-0.769528,0.604293,-0.206536,0.702335,0.288323,0.650842,-0.708238,0.170035,0.685191,-0.0696752,0.893936,0.442747,0,0,0,0.272273,0.601789,0.750811,-0.330954,0.552228,0.765189,0,0,0,0,0,0,0.870839,0.460172,0.172862,-0.929426,0.305813,0.206508,-0.926596,0.110176,-0.359558,0.87712,0.267035,-0.39919,0.209261,0.977846,-0.00526337,-0.388461,0.921443,0.00631831,-0.390858,0.730299,-0.560261,0,0,0
000927,0.505281,0.704707,0.504616,277.323,66.4929,19.9569,0.516817,0.781065,0.350483,-0.629816,0.681828,0.372079,0,0,0,0,0,0,0.996199,0.0850453,-0.0188181,-0.100607,0.944105,-0.313916,0,0,0,0.636483,0.73366,-0.237976,-0.769365,0.604164,-0.207515,0.702335,0.288323,0.650842,-0.708121,0.170521,0.685191,-0.0697062,0.894377,0.44185,0,0,0,0,0,0,0,0,0,0,0,0,0,0,0,0.870839,0.460172,0.172862,-0.929426,0.305813,0.206508,-0.926537,0.110673,-0.359557,0.87712,0.267035,-0.39919,0.20926,0.97784,-0.00626322,-0.388464,0.921449,0.00531836,0,0,0,0,0,0
000928,0.504996,0.704715,0.504591,277.323,66.4929,19.9569,0.516914,0.78121,0.350015,-0.629564,0.681554,0.373007,0,0,0,0,0,0,0.99619,0.0850445,-0.0193179,-0.100607,0.944105,-0.313916,0,0,0,0.636483,0.73366,-0.237976,-0.769447,0.604229,-0.207025,0.702335,0.288323,0.650842,-0.708238,0.170035,0.685191,-0.0697062,0.894377,0.44185,0,0,0,0,0,0,-0.32986,0.553323,0.76487,0,0,0,0,0,0,0.871225,0.45981,0.171877,-0.929426,0.305813,0.206508,-0.926596,0.110176,-0.359558,0.877028,0.265963,-0.400108,0.20926,0.97784,-0.00626322,-0.388463,0.921446,0.00581834,0,0,0,0,0,0
000929,0.504571,0.704787,0.504518,277.323,66.4929,19.9569,0.516914,0.78121,0.350015,-0.629564,0.681554,0.373007,0,0,0,0,0,0,0.99617,0.0850428,-0.0203176,-0.100607,0.944105,-0.313916,0,0,0,0.636404,0.73357,-0.238461,-0.7693,0.60475,-0.206047,0.703316,0.287644,0.650082,-0.707455,0.170361,0.685919,-0.0696907,0.894156,0.442298,0,0,0,0,0,0,0,0,0,0,0,0,0,0,0,0.871301,0.459849,0.171384,-0.929229,0.305748,0.207487,-0.926893,0.110715,-0.358624,0.876737,0.26692,-0.400107,0.209259,0.977837,-0.00676315,-0.388463,0.921446,0.00581834,-0.389975,0.730768,-0.560265,0,0,0
000930,0.504768,0.704963,0.505254,209.11,339.393,184.26,0.501737,0.763604,0.40641,-0.642186,0.631177,0.434987,-0.649049,0.350903,-0.674984,0.515965,0.494091,-0.699753,0.993186,0.11407,-0.0238484,-0.129352,0.963802,-0.23314,0,0,0,0.613294,0.768111,-0.184054,-0.787679,0.598329,-0.146851,0.704007,0.253383,0.663454,0,0,0,-0.0866584,0.853043,0.514595,0,0,0,0,0,0,0,0,0,0,0,0,0,0,0,0.861044,0.468139,0.198618,-0.934268,0.261808,0.242073,-0.934368,0.114688,-0.337348,0.863847,0.32368,-0.386004,0.183597,0.98041,0.0713353,-0.412001,0.9071,0.0861625,-0.416753,0.763883,-0.492748,0,0,0
000931,0.505038,0.704727,0.505455,209.11,339.393,184.26,0.501319,0.763879,0.406409,-0.642495,0.631482,0.434086,-0.648811,0.351342,-0.674984,0.515871,0.494694,-0.699397,0.993141,0.114568,-0.0233486,-0.129352,0.963802,-0.23314,0,0,0,0.613684,0.767799,-0.184055,-0.78762,0.598284,-0.147346,0.704007,0.253383,0.663454,0,0,0,-0.0866823,0.853299,0.514166,0,0,0,0,0,0,0,0,0,0,0,0,0,0,0,0.860718,0.468531,0.199107,-0.934501,0.261873,0.241103,-0.934154,0.113655,-0.338289,0.864028,0.323747,-0.385543,0.183597,0.98041,0.0713353,-0.412036,0.907178,0.0851662,-0.417076,0.763427,-0.493181,0,0,0
000932,0.504999,0.705194,0.505457,209.11,339.393,184.26,0.500676,0.763815,0.407321,-0.642495,0.631482,0.434086,-0.649524,0.350023,-0.674983,0.5159,0.492642,-0.700822,0.993141,0.114568,-0.0233486,-0.129352,0.963802,-0.23314,0,0,0,0.61341,0.768254,-0.183071,-0.787376,0.598727,-0.146851,0.704176,0.252912,0.663454,0,0,0,-0.0866584,0.853043,0.514595,0,0,0,0,0,0,0,0,0,0,0,0,0,0,0,0.860957,0.468091,0.199108,-0.934519,0.261359,0.241588,-0.934154,0.113655,-0.338289,0.864203,0.323279,-0.385543,0.183583,0.980339,0.0723326,-0.412001,0.9071,0.0861625,-0.417192,0.763644,-0.492746,0,0,0
000933,0.505249,0.705435,0.504878,209.11,339.393,184.26,0.500981,0.763371,0.407779,-0.642186,0.631177,0.434987,-0.649405,0.348821,-0.675719,0.515871,0.494694,-0.699397,0.99321,0.114072,-0.0228488,-0.129352,0.963802,-0.23314,0,0,0,0.61341,0.768254,-0.183071,-0.78762,0.598284,-0.147346,0.703382,0.253159,0.664202,0,0,0,-0.0866345,0.852787,0.515023,0,0,0,0,0,0,0,0,0,0,0,0,0,0,0,0.860542,0.468436,0.200087,-0.934385,0.261841,0.241588,-0.934032,0.114648,-0.338289,0.864209,0.323814,-0.385081,0.183583,0.980339,0.0723326,-0.412001,0.9071,0.0861625,-0.416313,0.764121,-0.492749,0,0,0
000934,0.504629,0.705293,0.505274,209.11,339.393,184.26,0.501207,0.76371,0.406865,-0.642186,0.631177,0.434987,-0.649999,0.349143,-0.674982,0.520519,0.490843,-0.698665,0.993231,0.113572,-0.0243482,-0.129352,0.963802,-0.23314,0,0,0,0.613684,0.767799,-0.184055,-0.787737,0.598373,-0.146356,0.705306,0.251723,0.662706,0,0,0,-0.0866345,0.852787,0.515023,0,0,0,0,0,0,0,0,0,0,0,0,0,0,0,0.861044,0.468139,0.198618,-0.934268,0.261808,0.242073,-0.934428,0.114192,-0.337348,0.863847,0.32368,-0.386004,0.183583,0.980339,0.0723326,-0.411984,0.907061,0.0866607,-0.417192,0.763644,-0.492746,0,0,0
000935,0.504955,0.705124,0.504989,209.11,339.393,184.26,0.501094,0.76354,0.407322,-0.642186,0.631177,0.434987,-0.64899,0.350302,-0.675352,0.515965,0.494091,-0.699753,0.993186,0.11407,-0.0238484,-0.129352,0.963802,-0.23314,0,0,0,0.613352,0.768183,-0.183563,-0.78762,0.598284,-0.147346,0.704513,0.251971,0.663455,0,0,0,-0.0866345,0.852787,0.515023,0,0,0,0,0,0,0,0,0,0,0,0,0,0,0,0.860957,0.468091,0.199108,-0.934268,0.261808,0.242073,-0.934154,0.113655,-0.338289,0.863847,0.32368,-0.386004,0.18359,0.980375,0.0718339,-0.412001,0.9071,0.0861625,-0.416313,0.764121,-0.492749,0,0,0
000936,0.504769,0.704625,0.505189,209.11,339.393,184.26,0.501319,0.763879,0.406409,-0.642495,0.631482,0.434086,-0.648811,0.351342,-0.674984,0.515273,0.494812,-0.699754,0.993186,0.11407,-0.0238484,-0.129323,0.96357,-0.234112,0,0,0,0.613294,0.768111,-0.184054,-0.78762,0.598284,-0.147346,0.704488,0.253024,0.66308,0,0,0,-0.0866823,0.853299,0.514166,0,0,0,0,0,0,0,0,0,0,0,0,0,0,0,0.860805,0.468578,0.198617,-0.934268,0.261808,0.242073,-0.934368,0.114688,-0.337348,0.863847,0.32368,-0.386004,0.183597,0.98041,0.0713353,-0.412019,0.907139,0.0856644,-0.417398,0.76297,-0.493614,0,0,0
000937,0.50529,0.704601,0.505292,209.11,339.393,184.26,0.501737,0.763604,0.40641,-0.642495,0.631482,0.434086,-0.649643,0.348381,-0.675718,0.514422,0.494687,-0.700467,0.99321,0.114072,-0.0228488,-0.129323,0.96357,-0.234112,0,0,0,0.613352,0.768183,-0.183563,-0.787259,0.598637,-0.14784,0.704344,0.252442,0.663455,0,0,0,-0.0866823,0.853299,0.514166,0,0,0,0,0,0,0,0,0,0,0,0,0,0,0,0.860957,0.468091,0.199108,-0.934501,0.261873,0.241103,-0.934032,0.114648,-0.338289,0.864209,0.323814,-0.385081,0.183597,0.98041,0.0713353,-0.412036,0.907178,0.0851662,-0.416959,0.763209,-0.493616,0,0,0
000938,0.505399,0.705487,0.504743,209.11,339.393,184.26,0.500868,0.763201,0.408235,-0.642186,0.631177,0.434987,-0.648931,0.349701,-0.67572,0.515871,0.494694,-0.699397,0.99321,0.114072,-0.0228488,-0.129352,0.963802,-0.23314,0,0,0,0.6138,0.767942,-0.183072,-0.78762,0.598284,-0.147346,0.703719,0.252218,0.664203,0,0,0,-0.0866105,0.85253,0.515452,0,0,0,0,0,0,0,0,0,0,0,0,0,0,0,0.860781,0.467996,0.200087,-0.934501,0.261873,0.241103,-0.933817,0.113614,-0.33923,0.864209,0.323814,-0.385081,0.183583,0.980339,0.0723326,-0.412001,0.9071,0.0861625,-0.417398,0.76297,-0.493614,0,0,0
000939,0.50474,0.704885,0.504884,209.11,339.393,184.26,0.501207,0.76371,0.406865,-0.642186,0.631177,0.434987,-0.64899,0.350302,-0.675352,0.516059,0.493488,-0.700109,0.993231,0.113572,-0.0243482,-0.129352,0.963802,-0.23314,0,0,0,0.613294,0.768111,-0.184054,-0.787376,0.598727,-0.146851,0.704344,0.252442,0.663455,0,0,0,-0.0866584,0.853043,0.514595,0,0,0,0,0,0,0,0,0,0,0,0,0,0,0,0.861044,0.468139,0.198618,-0.934268,0.261808,0.242073,-0.934154,0.113655,-0.338289,0.863842,0.323144,-0.386465,0.183597,0.98041,0.0713353,-0.412001,0.9071,0.0861625,-0.417398,0.76297,-0.493614,0,0,0
000940,0.504897,0.705377,0.505112,72.8802,313.819,41.4005,0.551147,0.723972,0.414852,-0.599343,0.684523,0.414989,0,0,0,0,0,0,0.999437,0.0335651,0.000246188,-0.0447739,0.969285,-0.241831,0,0,0,0.67791,0.714626,-0.172477,-0.732892,0.658873,-0.169573,0.705948,0.201121,0.679109,-0.710461,0.155619,0.686315,-0.0300376,0.861235,0.507318,0,0,0,0,0,0,0,0,0,0,0,0,0,0,0,0.891014,0.398564,0.217349,-0.91551,0.338574,0.217277,-0.913503,0.18586,-0.361896,0.89665,0.249109,-0.366009,0.260787,0.962821,0.0704647,-0.339097,0.938109,0.0704647,-0.34067,0.791424,-0.507536,0,0,0
000941,0.505333,0.704542,0.504965,72.8802,313.819,41.4005,0.551273,0.724136,0.414397,-0.599239,0.685165,0.41408,-0.600613,0.397441,-0.693761,0,0,0,0.999453,0.0330654,0.000746125,-0.0447653,0.969043,-0.242801,0,0,0,0.678514,0.713813,-0.173463,-0.732703,0.658702,-0.171051,0.705621,0.201028,0.679476,-0.710796,0.155692,0.685951,-0.0300511,0.861742,0.506456,0,0,0,0,0,0,0,0,0,0,0,0,0,0,0,0.890915,0.39852,0.217837,-0.915713,0.338649,0.216301,-0.913148,0.185788,-0.362828,0.896784,0.248627,-0.36601,0.260805,0.962889,0.0694673,-0.339121,0.938175,0.0694672,-0.341292,0.790328,-0.508824,0,0,0
000942,0.505394,0.705058,0.504794,72.8802,313.819,41.4005,0.551544,0.723668,0.414853,-0.599615,0.684835,0.414079,-0.600613,0.397441,-0.693761,0,0,0,0.999453,0.0330654,0.000746125,-0.0447653,0.969043,-0.242801,0,0,0,0.678272,0.714282,-0.172478,-0.732766,0.658759,-0.170558,0.705894,0.200066,0.679476,-0.710796,0.155692,0.685951,-0.0300376,0.861235,0.507318,0,0,0,0,0,0,0,0,0,0,0,0,0,0,0,0.890611,0.398932,0.218324,-0.915713,0.338649,0.216301,-0.913148,0.185788,-0.362828,0.896784,0.248627,-0.36601,0.260787,0.962821,0.0704647,-0.339109,0.938142,0.069966,-0.340932,0.790759,-0.508395,0,0,0
000943,0.505009,0.704681,0.504534,72.8802,313.819,41.4005,0.551147,0.723972,0.414852,-0.599992,0.684506,0.414079,-0.601149,0.395998,-0.694122,0,0,0,0.999453,0.0330654,0.000246188,-0.0447653,0.969043,-0.242801,0,0,0,0.678152,0.714157,-0.173462,-0.732766,0.658759,-0.170558,0.705894,0.200066,0.679476,0,0,0,-0.0300444,0.861489,0.506887,0,0,0,0,0,0,0,0,0,0,0,0,0,0,0,0.891014,0.398564,0.217349,-0.915785,0.338142,0.216789,-0.913303,0.18684,-0.361895,0.896474,0.24906,-0.366474,0.260805,0.962889,0.0694673,-0.339121,0.938175,0.0694672,-0.341292,0.790328,-0.508824,0,0,0
000944,0.50544,0.705302,0.504589,72.8802,313.819,41.4005,0.550893,0.723643,0.415762,-0.598967,0.684852,0.41499,0,0,0,0,0,0,0.999436,0.033565,0.00124606,-0.0447739,0.969285,-0.241831,0,0,0,0.678272,0.714282,-0.172478,-0.732766,0.658759,-0.170558,0.70483,0.201323,0.680209,-0.710354,0.156107,0.686314,-0.0300308,0.860982,0.507749,0,0,0,0,0,0,0,0,0,0,0,0,0,0,0,0.890511,0.398888,0.218812,-0.915713,0.338649,0.216301,-0.913048,0.186278,-0.362827,0.896827,0.249157,-0.365544,0.260777,0.962787,0.0709634,-0.339097,0.938109,0.0704647,-0.341391,0.790562,-0.508394,0,0,0
000945,0.504738,0.705118,0.505286,72.8802,313.819,41.4005,0.551797,0.723996,0.413943,-0.598967,0.684852,0.41499,-0.601191,0.397823,-0.693041,0,0,0,0.999453,0.0330654,-0.000253754,-0.0447739,0.969285,-0.241831,0,0,0,0.678514,0.713813,-0.173463,-0.732892,0.658873,-0.169573,0.706547,0.200251,0.678742,-0.710354,0.156107,0.686314,-0.0300444,0.861489,0.506887,0,0,0,0,0,0,0,0,0,0,0,0,0,0,0,0.891113,0.398609,0.216861,-0.91551,0.338574,0.217277,-0.913657,0.186912,-0.360963,0.896517,0.249591,-0.366009,0.260787,0.962821,0.0704647,-0.339097,0.938109,0.0704647,-0.34067,0.791424,-0.507536,0,0,0
000946,0.504972,0.70479,0.504545,72.8802,313.819,41.4005,0.551147,0.723972,0.414852,-0.598967,0.684852,0.41499,-0.600613,0.397441,-0.693761,0,0,0,0.999437,0.0335651,0.000246188,-0.0447653,0.969043,-0.242801,0,0,0,0.678152,0.714157,-0.173462,-0.732766,0.658759,-0.170558,0.705757,0.200547,0.679476,0,0,0,-0.0300444,0.861489,0.506887,0,0,0,0,0,0,0,0,0,0,0,0,0,0,0,0.891014,0.398564,0.217349,-0.91551,0.338574,0.217277,-0.913303,0.18684,-0.361895,0.896474,0.24906,-0.366474,0.260796,0.962855,0.069966,-0.339109,0.938142,0.069966,-0.340472,0.790956,-0.508397,0,0,0
000947,0.504587,0.705497,0.505343,72.8802,313.819,41.4005,0.551273,0.724136,0.414397,-0.599343,0.684523,0.414989,0,0,0,0,0,0,0.999469,0.0325657,-0.000753702,-0.0447739,0.969285,-0.241831,0,0,0,0.678212,0.71422,-0.17297,-0.732955,0.65893,-0.16908,0.706411,0.200732,0.678742,-0.710461,0.155619,0.686315,-0.0300376,0.861235,0.507318,0,0,0,0,0,0,0,0,0,0,0,0,0,0,0,0.891113,0.398609,0.216861,-0.915408,0.338536,0.217765,-0.913757,0.186422,-0.360963,0.896474,0.24906,-0.366474,0.260787,0.962821,0.0704647,-0.339085,0.938075,0.0709634,-0.341589,0.79103,-0.507532,0,0,0
000948,0.504801,0.705258,0.505277,72.8802,313.819,41.4005,0.551273,0.724136,0.414397,-0.599343,0.684523,0.414989,-0.601191,0.397823,-0.693041,0,0,0,0.999453,0.0330654,-0.000253754,-0.0447739,0.969285,-0.241831,0,0,0,0.678212,0.71422,-0.17297,-0.732892,0.658873,-0.169573,0.706547,0.200251,0.678742,-0.710354,0.156107,0.686314,-0.0300444,0.861489,0.506887,0,0,0,0,0,0,0,0,0,0,0,0,0,0,0,0.89081,0.399021,0.217348,-0.91551,0.338574,0.217277,-0.913657,0.186912,-0.360963,0.89665,0.249109,-0.366009,0.260787,0.962821,0.0704647,-0.339097,0.938109,0.0704647,-0.341129,0.791227,-0.507534,0,0,0
000949,0.504553,0.705228,0.505371,72.8802,313.819,41.4005,0.5514,0.7243,0.413942,-0.599343,0.684523,0.414989,0,0,0,0,0,0,0.999469,0.0325657,-0.000753702,-0.0447739,0.969285,-0.241831,0,0,0,0.678514,0.713813,-0.173463,-0.732621,0.659302,-0.16908,0.706274,0.201213,0.678742,-0.710461,0.155619,0.686315,-0.0300444,0.861489,0.506887,0,0,0,0,0,0,0,0,0,0,0,0,0,0,0,0.891113,0.398609,0.216861,-0.915234,0.339005,0.217765,-0.913857,0.185932,-0.360963,0.896474,0.24906,-0.366474,0.260787,0.962821,0.0704647,-0.339097,0.938109,0.0704647,-0.341589,0.79103,-0.507532,0,0,0
000950,0.504837,0.704741,0.504558,150.109,4.51998,267.422,0.492667,0.805313,0.329773,-0.64958,0.665802,0.367088,0,0,0,0,0,0,0.992351,0.119285,-0.0317867,-0.137106,0.933826,-0.330411,0,0,0,0.60774,0.750726,-0.258966,-0.792302,0.572908,-0.209843,0.698423,0.324944,0.637665,-0.706203,0.158728,0.689988,-0.0965901,0.89943,0.426258,0,0,0,0.257373,0.625995,0.736131,-0.342654,0.554589,0.7583,0,0,0,0,0,0,0.856279,0.493086,0.153794,-0.937382,0.277154,0.210951,-0.933503,0.0714499,-0.351379,0.862866,0.28918,-0.414532,0.174569,0.984267,-0.0272853,-0.420615,0.907211,-0.00718473,-0.421172,0.705515,-0.569967,0,0,0
000951,0.505336,0.704664,0.504887,150.109,4.51998,267.422,0.49258,0.805173,0.330245,-0.649835,0.666065,0.366157,0,0,0,0,0,0,0.992382,0.119288,-0.0307874,-0.137106,0.933826,-0.330411,0,0,0,0.607822,0.750825,-0.258483,-0.792217,0.572847,-0.210332,0.698423,0.324944,0.637665,-0.706985,0.158391,0.689264,-0.0966113,0.899642,0.425805,0,0,0,0,0,0,0,0,0,0,0,0,0,0,0,0.855895,0.493443,0.154782,-0.937584,0.277213,0.209974,-0.933228,0.0704263,-0.352315,0.863259,0.289311,-0.413622,0.174572,0.98428,-0.0267855,-0.420612,0.907204,-0.00818467,-0.421888,0.704758,-0.570374,0,0,0
000952,0.504576,0.704564,0.504593,150.109,4.51998,267.422,0.492667,0.805313,0.329773,-0.64958,0.665802,0.367088,0,0,0,0,0,0,0.992335,0.119283,-0.0322864,-0.137106,0.933826,-0.330411,0,0,0,0.607658,0.750626,-0.259449,-0.792386,0.57297,-0.209354,0.699422,0.324305,0.636895,-0.706312,0.15824,0.689988,-0.0966113,0.899642,0.425805,0,0,0,0,0,0,-0.341146,0.555956,0.757979,0,0,0,0,0,0,0.856346,0.493124,0.1533,-0.937423,0.276644,0.21144,-0.933579,0.0704528,-0.351379,0.862708,0.289654,-0.414532,0.174567,0.984253,-0.027785,-0.420615,0.907211,-0.00718473,-0.421172,0.705515,-0.569967,0,0,0
000953,0.50527,0.704529,0.505041,150.109,4.51998,267.422,0.492667,0.805313,0.329773,-0.649477,0.666414,0.366158,0,0,0,0,0,0,0.992382,0.119288,-0.0307874,-0.137106,0.933826,-0.330411,0,0,0,0.607822,0.750825,-0.258483,-0.792217,0.572847,-0.210332,0.698423,0.324944,0.637665,-0.706876,0.158878,0.689264,-0.0966323,0.899854,0.425353,0,0,0,0.257053,0.626526,0.735792,-0.341769,0.556019,0.757652,0,0,0,0,0,0,0.856212,0.493048,0.154288,-0.937584,0.277213,0.209974,-0.933228,0.0704263,-0.352315,0.8631,0.289785,-0.413621,0.174569,0.984267,-0.0272853,-0.420612,0.907204,-0.00818467,-0.421172,0.705515,-0.569967,0,0,0
000954,0.504646,0.704552,0.505064,150.109,4.51998,267.422,0.492754,0.805453,0.329301,-0.649835,0.666065,0.366157,0,0,0,0,0,0,0.992335,0.119283,-0.0322864,-0.137106,0.933826,-0.330411,0,0,0,0.60774,0.750726,-0.258966,-0.792386,0.57297,-0.209354,0.699001,0.325212,0.636895,-0.706648,0.158315,0.689626,-0.0966323,0.899854,0.425353,0,0,0,0.257976,0.626143,0.735794,0,0,0,0,0,0,0,0,0,0.856346,0.493124,0.1533,-0.937281,0.277124,0.21144,-0.933716,0.0709646,-0.35091,0.862866,0.28918,-0.414532,0.174567,0.984253,-0.027785,-0.420613,0.907208,-0.0076847,-0.421317,0.70576,-0.569557,0,0,0
000955,0.504661,0.70527,0.504871,150.109,4.51998,267.422,0.49258,0.805173,0.330245,-0.64958,0.665802,0.367088,0,0,0,0,0,0,0.992395,0.118786,-0.0322864,-0.137151,0.934153,-0.329467,0,0,0,0.607822,0.750825,-0.258483,-0.792178,0.573436,-0.208866,0.699422,0.324305,0.636895,-0.706203,0.158728,0.689988,-0.0965901,0.89943,0.426258,0,0,0,0.257373,0.625995,0.736131,-0.342228,0.55485,0.758302,0,0,0,0,0,0,0.856279,0.493086,0.153794,-0.937423,0.276644,0.21144,-0.933579,0.0704528,-0.351379,0.862866,0.28918,-0.414532,0.174572,0.98428,-0.0267855,-0.420616,0.907214,-0.00668476,-0.422176,0.705249,-0.569553,0,0,0
000956,0.504768,0.704645,0.505322,150.109,4.51998,267.422,0.49224,0.805574,0.329772,-0.649835,0.666065,0.366157,0,0,0,0,0,0,0.992351,0.119285,-0.0317867,-0.137106,0.933826,-0.330411,0,0,0,0.608128,0.750411,-0.258967,-0.792386,0.57297,-0.209354,0.699001,0.325212,0.636895,-0.706985,0.158391,0.689264,-0.0966323,0.899854,0.425353,0,0,0,0.257194,0.626865,0.735453,-0.341769,0.556019,0.757652,0,0,0,0,0,0,0.856029,0.493519,0.153794,-0.937382,0.277154,0.210951,-0.933579,0.0704528,-0.351379,0.863063,0.289245,-0.414077,0.174569,0.984267,-0.0272853,-0.420613,0.907208,-0.0076847,-0.421746,0.705505,-0.569555,0,0,0
000957,0.50487,0.705053,0.505148,150.109,4.51998,267.422,0.492667,0.805313,0.329773,-0.649349,0.666283,0.366623,0,0,0,0,0,0,0.992351,0.119285,-0.0317867,-0.137129,0.933989,-0.329939,0,0,0,0.607822,0.750825,-0.258483,-0.792386,0.57297,-0.209354,0.699422,0.324305,0.636895,-0.706539,0.158803,0.689626,-0.0965901,0.89943,0.426258,0,0,0,0.257053,0.626526,0.735792,0,0,0,0,0,0,0,0,0,0.855963,0.493481,0.154288,-0.937382,0.277154,0.210951,-0.933579,0.0704528,-0.351379,0.8631,0.289785,-0.413621,0.174572,0.98428,-0.0267855,-0.420615,0.907211,-0.00718473,-0.422176,0.705249,-0.569553,0,0,0
000958,0.504886,0.705456,0.504509,150.109,4.51998,267.422,0.492493,0.805033,0.330717,-0.64958,0.665802,0.367088,0,0,0,0,0,0,0.992351,0.119285,-0.0317867,-0.137151,0.934153,-0.329467,0,0,0,0.607904,0.750925,-0.258,-0.792386,0.57297,-0.209354,0.698423,0.324944,0.637665,-0.706203,0.158728,0.689988,-0.096569,0.899218,0.42671,0,0,0,0.256769,0.625847,0.736468,0,0,0,0,0,0,0,0,0,0.855895,0.493443,0.154782,-0.937423,0.276644,0.21144,-0.933503,0.0714499,-0.351379,0.863025,0.288706,-0.414532,0.174574,0.984293,-0.0262857,-0.420616,0.907214,-0.00668476,-0.421317,0.70576,-0.569557,0,0,0
000959,0.504679,0.705114,0.504571,150.109,4.51998,267.422,0.49258,0.805173,0.330245,-0.64958,0.665802,0.367088,0,0,0,0,0,0,0.992395,0.118786,-0.0322864,-0.137106,0.933826,-0.330411,0,0,0,0.608128,0.750411,-0.258967,-0.792386,0.57297,-0.209354,0.698423,0.324944,0.637665,-0.706312,0.15824,0.689988,-0.0965901,0.89943,0.426258,0,0,0,0.258616,0.62508,0.736473,-0.341375,0.555372,0.758304,0,0,0,0,0,0,0.856279,0.493086,0.153794,-0.937179,0.277094,0.211928,-0.933579,0.0704528,-0.351379,0.862708,0.289654,-0.414532,0.174572,0.98428,-0.0267855,-0.420615,0.907211,-0.00718473,-0.421317,0.70576,-0.569557,0,0,0
000960,0.505148,0.705273,0.505428,156.337,115.755,67.0682,0.530852,0.764674,0.365334,-0.6183,0.689102,0.377946,0,0,0,0,0,0,0.997879,0.0641466,-0.0110787,-0.0781365,0.950953,-0.299306,0,0,0,0.653787,0.723533,-0.221501,-0.75505,0.623697,-0.20224,0.70415,0.263778,0.659238,-0.709703,0.175307,0.682341,-0.0538651,0.888943,0.45484,0,0,0,0,0,0,0,0,0,0,0,0,0,0,0,0.879188,0.438954,0.185332,-0.924243,0.322362,0.204593,-0.921687,0.135792,-0.363392,0.885769,0.253853,-0.388551,0.230105,0.973109,0.0104733,-0.368756,0.92936,0.0175876,0,0,0,0,0,0
000961,0.504983,0.70468,0.505171,156.337,115.755,67.0682,0.530442,0.76496,0.365333,-0.617928,0.689435,0.377947,0,0,0,0,0,0,0.997879,0.0641466,-0.0110787,-0.0781151,0.950654,-0.300259,0,0,0,0.653637,0.723369,-0.222476,-0.754972,0.623632,-0.20273,0.70415,0.263778,0.659238,-0.709822,0.174821,0.682341,-0.0538771,0.88917,0.454395,0,0,0,0.279419,0.585455,0.761031,0,0,0,0,0,0,0,0,0,0.879271,0.438996,0.18484,-0.924243,0.322362,0.204593,-0.921687,0.135792,-0.363392,0.885444,0.25428,-0.389012,0.230108,0.973119,0.00947346,-0.368763,0.929376,0.0165877,-0.37103,0.746888,-0.551811,0,0,0
000962,0.504905,0.705454,0.505355,156.337,115.755,67.0682,0.530852,0.764674,0.365334,-0.617676,0.689153,0.378872,0,0,0,0,0,0,0.997905,0.0636473,-0.0115786,-0.0781365,0.950953,-0.299306,0,0,0,0.653787,0.723533,-0.221501,-0.755128,0.623762,-0.20175,0.70415,0.263778,0.659238,-0.709822,0.174821,0.682341,-0.0538531,0.888715,0.455285,0,0,0,0,0,0,0,0,0,0,0,0,0,0,0,0.879494,0.438548,0.184841,-0.92431,0.321856,0.205082,-0.92176,0.135297,-0.363392,0.885582,0.2538,-0.389012,0.230104,0.973104,0.0109732,-0.368753,0.929351,0.0180875,-0.371271,0.747384,-0.550977,0,0,0
000963,0.504802,0.704551,0.504868,156.337,115.755,67.0682,0.530957,0.764824,0.364868,-0.617304,0.689486,0.378873,0,0,0,0,0,0,0.997841,0.0646451,-0.0115786,-0.0781151,0.950654,-0.300259,0,0,0,0.653562,0.723287,-0.222964,-0.754972,0.623632,-0.20273,0.70415,0.263778,0.659238,-0.709491,0.17474,0.682707,-0.0538771,0.88917,0.454395,0,0,0,0,0,0,0,0,0,0,0,0,0,0,0,0.879353,0.439037,0.184349,-0.92431,0.321856,0.205082,-0.921687,0.135792,-0.363392,0.885207,0.253693,-0.389933,0.230109,0.973124,0.00897354,-0.368763,0.929376,0.0165877,0,0,0,0,0,0
000964,0.505241,0.705148,0.504755,156.337,115.755,67.0682,0.530231,0.764661,0.366263,-0.617676,0.689153,0.378872,0,0,0,0,0,0,0.997852,0.0646458,-0.0105788,-0.0781365,0.950953,-0.299306,0,0,0,0.654083,0.723116,-0.22199,-0.754972,0.623632,-0.20273,0.703357,0.264015,0.659989,-0.709372,0.175226,0.682706,-0.0538531,0.888715,0.455285,0,0,0,0,0,0,0,0,0,0,0,0,0,0,0,0.879411,0.438507,0.185332,-0.924243,0.322362,0.204593,-0.9214,0.135244,-0.364323,0.885444,0.25428,-0.389012,0.230105,0.973109,0.0104733,-0.36876,0.929368,0.0170877,-0.370582,0.747109,-0.551813,0,0,0
000965,0.505268,0.704814,0.505209,156.337,115.755,67.0682,0.530852,0.764674,0.365334,-0.617928,0.689435,0.377947,0,0,0,0,0,0,0.997852,0.0646458,-0.0105788,-0.0781151,0.950654,-0.300259,0,0,0,0.653712,0.723451,-0.221989,-0.754972,0.623632,-0.20273,0.7045,0.262841,0.659238,-0.709703,0.175307,0.682341,-0.0538771,0.88917,0.454395,0,0,0,0,0,0,0,0,0,0,0,0,0,0,0,0.879188,0.438954,0.185332,-0.924243,0.322362,0.204593,-0.921472,0.13475,-0.364323,0.885582,0.2538,-0.389012,0.230106,0.973114,0.00997338,-0.368763,0.929376,0.0165877,-0.37103,0.746888,-0.551811,0,0,0
000966,0.504813,0.705253,0.504915,156.337,115.755,67.0682,0.530852,0.764674,0.365334,-0.617676,0.689153,0.378872,0,0,0,0,0,0,0.997873,0.0641462,-0.0115786,-0.0781365,0.950953,-0.299306,0,0,0,0.654008,0.723034,-0.222477,-0.755128,0.623762,-0.20175,0.704325,0.263309,0.659238,-0.70961,0.174255,0.682707,-0.0538531,0.888715,0.455285,0,0,0,0,0,0,-0.323662,0.548694,0.770829,0,0,0,0,0,0,0.879271,0.438996,0.18484,-0.924049,0.322295,0.205571,-0.92176,0.135297,-0.363392,0.885395,0.253746,-0.389472,0.230106,0.973114,0.00997338,-0.368756,0.92936,0.0175876,-0.371151,0.747136,-0.551394,0,0,0
000967,0.504869,0.704882,0.504893,156.337,115.755,67.0682,0.530852,0.764674,0.365334,-0.617676,0.689153,0.378872,0,0,0,0,0,0,0.997873,0.0641462,-0.0115786,-0.0781151,0.950654,-0.300259,0,0,0,0.653637,0.723369,-0.222476,-0.754732,0.624082,-0.20224,0.704325,0.263309,0.659238,-0.709491,0.17474,0.682707,-0.0538651,0.888943,0.45484,0,0,0,0,0,0,0,0,0,0,0,0,0,0,0,0.879271,0.438996,0.18484,-0.92431,0.321856,0.205082,-0.921687,0.135792,-0.363392,0.885395,0.253746,-0.389472,0.230106,0.973114,0.00997338,-0.36876,0.929368,0.0170877,-0.37103,0.746888,-0.551811,0,0,0
000968,0.505013,0.704511,0.504709,156.337,115.755,67.0682,0.530852,0.764674,0.365334,-0.6183,0.689102,0.377946,0,0,0,0,0,0,0.997879,0.0641466,-0.0110787,-0.0781151,0.950654,-0.300259,0,0,0,0.653932,0.722952,-0.222965,-0.754972,0.623632,-0.20273,0.7045,0.262841,0.659238,-0.709491,0.17474,0.682707,-0.0538771,0.88917,0.454395,0,0,0,0,0,0,0,0,0,0,0,0,0,0,0,0.879271,0.438996,0.18484,-0.924243,0.322362,0.204593,-0.921472,0.13475,-0.364323,0.885345,0.253212,-0.389933,0.230109,0.973124,0.00897354,-0.368763,0.929376,0.0165877,-0.370461,0.746861,-0.552229,0,0,0
000969,0.505426,0.704937,0.504908,156.337,115.755,67.0682,0.530747,0.764525,0.365799,-0.617928,0.689435,0.377947,0,0,0,0,0,0,0.997916,0.063648,-0.0105788,-0.0781151,0.950654,-0.300259,0,0,0,0.654083,0.723116,-0.22199,-0.754894,0.623568,-0.203219,0.703357,0.264015,0.659989,-0.709822,0.174821,0.682341,-0.0538651,0.888943,0.45484,0,0,0,0,0,0,0,0,0,0,0,0,0,0,0,0.879105,0.438913,0.185823,-0.924243,0.322362,0.204593,-0.921327,0.135739,-0.364323,0.885719,0.253319,-0.389012,0.230106,0.973114,0.00997338,-0.36876,0.929368,0.0170877,0,0,0,0,0,0
000970,0.504833,0.705222,0.505086,177.82,246.19,268.966,0.489083,0.782813,0.38471,-0.651779,0.632637,0.418276,-0.655243,0.322129,-0.683293,0,0,0,0.991162,0.12943,-0.029072,-0.145717,0.95455,-0.260003,0,0,0,0.600419,0.772626,-0.206266,-0.797688,0.580873,-0.162112,0.701324,0.282085,0.654655,0,0,0,-0.0999478,0.865449,0.490926,0,0,0,0,0,0,0,0,0,0,0,0,0,0,0,0.853519,0.487438,0.184145,-0.938021,0.253336,0.23651,-0.936423,0.0887779,-0.339457,0.8579,0.326583,-0.396676,0.167451,0.984883,0.044334,-0.426846,0.90221,0.0618,-0.430224,0.742564,-0.513329,0,0,0
000971,0.505051,0.705174,0.505392,177.82,246.19,268.966,0.489083,0.782813,0.38471,-0.652426,0.63257,0.417367,-0.655463,0.32168,-0.683293,0,0,0,0.991177,0.129432,-0.0285723,-0.145717,0.95455,-0.260003,0,0,0,0.600483,0.772707,-0.205777,-0.797623,0.580825,-0.162605,0.701137,0.282549,0.654655,0,0,0,-0.0999478,0.865449,0.490926,0,0,0,0,0,0,0,0,0,0,0,0,0,0,0,0.853191,0.487827,0.184636,-0.938135,0.253367,0.236025,-0.936375,0.0892757,-0.339457,0.858263,0.326186,-0.396217,0.167451,0.984883,0.044334,-0.426859,0.902238,0.061301,-0.430224,0.742564,-0.513329,0,0,0
000972,0.505018,0.705303,0.504549,177.82,246.19,268.966,0.48898,0.78265,0.385172,-0.651779,0.632637,0.418276,-0.655509,0.320033,-0.684023,0,0,0,0.991177,0.129432,-0.0285723,-0.145717,0.95455,-0.260003,0,0,0,0.600419,0.772626,-0.206266,-0.797623,0.580825,-0.162605,0.700342,0.282768,0.65541,0,0,0,-0.0999216,0.865205,0.491362,0,0,0,0,0,0,0,0,0,0,0,0,0,0,0,0.853111,0.487781,0.185127,-0.938021,0.253336,0.23651,-0.936328,0.0897734,-0.339457,0.8579,0.326583,-0.396676,0.167451,0.984883,0.044334,-0.426859,0.902238,0.061301,-0.430836,0.741617,-0.514183,0,0,0
000973,0.50518,0.704652,0.505185,177.82,246.19,268.966,0.489186,0.782975,0.384249,-0.652078,0.632929,0.417367,-0.656387,0.318235,-0.68402,0,0,0,0.991241,0.128936,-0.0285723,-0.145681,0.954292,-0.260968,0,0,0,0.600355,0.772545,-0.206756,-0.797557,0.580777,-0.163098,0.701324,0.282085,0.654655,0,0,0,-0.099974,0.865693,0.49049,0,0,0,0,0,0,0,0,0,0,0,0,0,0,0,0.853191,0.487827,0.184636,-0.938249,0.253398,0.235539,-0.936328,0.0897734,-0.339457,0.858077,0.326116,-0.396676,0.167459,0.984926,0.0433351,-0.426884,0.902293,0.0603029,-0.430403,0.741867,-0.514185,0,0,0
000974,0.50464,0.704918,0.505141,177.82,246.19,268.966,0.489186,0.782975,0.384249,-0.651779,0.632637,0.418276,-0.655684,0.321231,-0.683293,0,0,0,0.991212,0.128932,-0.0295717,-0.145717,0.95455,-0.260003,0,0,0,0.600355,0.772545,-0.206756,-0.797688,0.580873,-0.162112,0.70095,0.283013,0.654655,0,0,0,-0.0999478,0.865449,0.490926,0,0,0,0,0,0,0,0,0,0,0,0,0,0,0,0.853599,0.487483,0.183653,-0.938021,0.253336,0.23651,-0.936665,0.0898054,-0.338516,0.857892,0.326046,-0.397135,0.167459,0.984926,0.0433351,-0.426859,0.902238,0.061301,-0.429791,0.742813,-0.513331,0,0,0
000975,0.505185,0.705326,0.504749,177.82,246.19,268.966,0.488453,0.782753,0.385632,-0.651779,0.632637,0.418276,-0.655729,0.319583,-0.684022,0,0,0,0.991191,0.129433,-0.0280726,-0.145717,0.95455,-0.260003,0,0,0,0.600483,0.772707,-0.205777,-0.797623,0.580825,-0.162605,0.700342,0.282768,0.65541,0,0,0,-0.0999216,0.865205,0.491362,0,0,0,0,0,0,0,0,0,0,0,0,0,0,0,0.853111,0.487781,0.185127,-0.938135,0.253367,0.236025,-0.936084,0.0887458,-0.340398,0.858077,0.326116,-0.396676,0.167451,0.984883,0.044334,-0.426859,0.902238,0.061301,-0.430836,0.741617,-0.514183,0,0,0
000976,0.504691,0.705252,0.505313,177.82,246.19,268.966,0.489083,0.782813,0.38471,-0.651779,0.632637,0.418276,-0.656343,0.319884,-0.683292,0,0,0,0.991162,0.12943,-0.029072,-0.145736,0.954678,-0.25952,0,0,0,0.600419,0.772626,-0.206266,-0.797753,0.580921,-0.161618,0.70095,0.283013,0.654655,0,0,0,-0.0999478,0.865449,0.490926,0,0,0,0,0,0,0,0,0,0,0,0,0,0,0,0.853271,0.487872,0.184144,-0.938021,0.253336,0.23651,-0.936665,0.0898054,-0.338516,0.8579,0.326583,-0.396676,0.167451,0.984883,0.044334,-0.426846,0.90221,0.0618,-0.430657,0.742314,-0.513327,0,0,0
000977,0.5048,0.704513,0.504631,177.82,246.19,268.966,0.489186,0.782975,0.384249,-0.651779,0.632637,0.418276,-0.655729,0.319583,-0.684022,0,0,0,0.991162,0.12943,-0.029072,-0.145681,0.954292,-0.260968,0,0,0,0.600291,0.772464,-0.207245,-0.797623,0.580825,-0.162605,0.701324,0.282085,0.654655,0,0,0,-0.099974,0.865693,0.49049,0,0,0,0,0,0,0,0,0,0,0,0,0,0,0,0.853271,0.487872,0.184144,-0.938021,0.253336,0.23651,-0.936375,0.0892757,-0.339457,0.857706,0.325975,-0.397594,0.167459,0.984926,0.0433351,-0.426872,0.902266,0.060802,-0.42997,0.742117,-0.514187,0,0,0
000978,0.504512,0.705318,0.505259,177.82,246.19,268.966,0.48866,0.783078,0.384709,-0.651779,0.632637,0.418276,-0.656562,0.319435,-0.683292,0,0,0,0.991148,0.129428,-0.0295717,-0.145754,0.954807,-0.259037,0,0,0,0.600749,0.772238,-0.206756,-0.797753,0.580921,-0.161618,0.70095,0.283013,0.654655,0,0,0,-0.0999478,0.865449,0.490926,0,0,0,0,0,0,0,0,0,0,0,0,0,0,0,0.853599,0.487483,0.183653,-0.937907,0.253306,0.236996,-0.936713,0.0893077,-0.338517,0.8579,0.326583,-0.396676,0.167451,0.984883,0.044334,-0.426833,0.902182,0.0622991,-0.43109,0.742064,-0.513325,0,0,0
000979,0.505476,0.705016,0.504817,177.82,246.19,268.966,0.48898,0.78265,0.385172,-0.652078,0.632929,0.417367,-0.654629,0.321829,-0.684023,0,0,0,0.99114,0.129931,-0.0275728,-0.145717,0.95455,-0.260003,0,0,0,0.600483,0.772707,-0.205777,-0.797491,0.580729,-0.163591,0.700529,0.282304,0.655411,0,0,0,-0.0999478,0.865449,0.490926,0,0,0,0,0,0,0,0,0,0,0,0,0,0,0,0.853359,0.487347,0.185127,-0.938249,0.253398,0.235539,-0.936037,0.0892436,-0.340398,0.85827,0.326723,-0.395758,0.167451,0.984883,0.044334,-0.426872,0.902266,0.060802,-0.42997,0.742117,-0.514187,0,0,0
000980,0.505127,0.704551,0.504518,178.745,358.418,344.3,0.474935,0.779928,0.407615,-0.662372,0.603694,0.443642,-0.668022,0.326798,-0.668543,0.497803,0.509606,-0.701779,0.987887,0.151978,-0.0313403,-0.168435,0.9591,-0.2275,0,0,0,0.581496,0.792307,-0.184693,-0.811236,0.568279,-0.137679,0.699246,0.275724,0.659569,0,0,0,-0.114772,0.846047,0.520607,0,0,0,0,0,0,0,0,0,0,0,0,0,0,0,0.843676,0.500208,0.194944,-0.941686,0.224204,0.250919,-0.940473,0.0800212,-0.330313,0.847193,0.359104,-0.391546,0.14631,0.986372,0.0752615,-0.445851,0.890114,0.0944105,-0.450216,0.749032,-0.486062,0,0,0
000981,0.505493,0.705157,0.50523,178.745,358.418,344.3,0.474935,0.779928,0.407615,-0.662035,0.604063,0.443642,-0.667737,0.328889,-0.667802,0.504027,0.50164,-0.703075,0.987841,0.152477,-0.0303409,-0.168491,0.959436,-0.226039,0,0,0,0.581606,0.792455,-0.18371,-0.811236,0.568279,-0.137679,0.699919,0.274914,0.659193,0,0,0,-0.114772,0.846047,0.520607,0,0,0,0,0,0,0,0,0,0,0,0,0,0,0,0.843847,0.499728,0.195435,-0.941929,0.224262,0.249951,-0.940473,0.0800212,-0.330313,0.847554,0.359255,-0.390626,0.146305,0.986334,0.07576,-0.445851,0.890114,0.0944105,-0.450463,0.74945,-0.485188,0,0,0
000982,0.505261,0.70541,0.504917,178.745,358.418,344.3,0.474827,0.779754,0.408071,-0.662372,0.603694,0.443642,-0.667958,0.32844,-0.667801,0.499124,0.508823,-0.701409,0.987826,0.152475,-0.0308406,-0.168491,0.959436,-0.226039,0,0,0,0.581606,0.792455,-0.18371,-0.811292,0.568318,-0.137184,0.699246,0.275724,0.659569,0,0,0,-0.114739,0.845789,0.521033,0,0,0,0,0,0,0,0,0,0,0,0,0,0,0,0.843847,0.499728,0.195435,-0.941686,0.224204,0.250919,-0.940516,0.079523,-0.330313,0.847554,0.359255,-0.390626,0.146293,0.986259,0.076757,-0.44583,0.890072,0.0949083,-0.450463,0.74945,-0.485188,0,0,0
000983,0.50452,0.70517,0.50458,178.745,358.418,344.3,0.474935,0.779928,0.407615,-0.662044,0.603393,0.444537,-0.6684,0.327543,-0.6678,0.498644,0.508312,-0.70212,0.987855,0.151973,-0.0323397,-0.168491,0.959436,-0.226039,0,0,0,0.581496,0.792307,-0.184693,-0.811348,0.568358,-0.136688,0.700226,0.275034,0.658817,0,0,0,-0.114739,0.845789,0.521033,0,0,0,0,0,0,0,0,0,0,0,0,0,0,0,0.84376,0.500257,0.194454,-0.941557,0.22366,0.251887,-0.940844,0.0795507,-0.329369,0.847027,0.358491,-0.392466,0.146305,0.986334,0.07576,-0.445809,0.890029,0.095406,-0.450892,0.749193,-0.485186,0,0,0
000984,0.5047,0.705421,0.504743,178.745,358.418,344.3,0.474935,0.779928,0.407615,-0.662044,0.603393,0.444537,-0.668621,0.327094,-0.667799,0.498524,0.508914,-0.70177,0.987795,0.15247,-0.03184,-0.168491,0.959436,-0.226039,0,0,0,0.581551,0.792381,-0.184201,-0.811348,0.568358,-0.136688,0.700226,0.275034,0.658817,0,0,0,-0.114739,0.845789,0.521033,0,0,0,0,0,0,0,0,0,0,0,0,0,0,0,0.844015,0.499827,0.194454,-0.941441,0.224146,0.251887,-0.940802,0.0800489,-0.329369,0.847193,0.359104,-0.391546,0.146293,0.986259,0.076757,-0.445809,0.890029,0.095406,-0.451321,0.748936,-0.485184,0,0,0
000985,0.505488,0.704773,0.50487,178.745,358.418,344.3,0.474935,0.779928,0.407615,-0.662535,0.603843,0.443193,-0.667217,0.329189,-0.668174,0.503428,0.501732,-0.703438,0.987841,0.152477,-0.0303409,-0.168454,0.959212,-0.227013,0,0,0,0.581551,0.792381,-0.184201,-0.81118,0.568239,-0.138174,0.699246,0.275724,0.659569,0,0,0,-0.114805,0.846305,0.52018,0,0,0,0,0,0,0,0,0,0,0,0,0,0,0,0.843592,0.500158,0.195435,-0.942045,0.223776,0.249951,-0.940431,0.0805193,-0.330312,0.847554,0.359255,-0.390626,0.146305,0.986334,0.07576,-0.445872,0.890157,0.0939128,-0.450645,0.748775,-0.48606,0,0,0
000986,0.504958,0.70471,0.505286,178.745,358.418,344.3,0.475149,0.780274,0.406701,-0.662372,0.603694,0.443642,-0.668621,0.327094,-0.667799,0.503428,0.501732,-0.703438,0.987811,0.152472,-0.0313403,-0.168454,0.959212,-0.227013,0,0,0,0.581496,0.792307,-0.184693,-0.811292,0.568318,-0.137184,0.69986,0.275965,0.658817,0,0,0,-0.114805,0.846305,0.52018,0,0,0,0,0,0,0,0,0,0,0,0,0,0,0,0.84376,0.500257,0.194454,-0.941686,0.224204,0.250919,-0.940802,0.0800489,-0.329369,0.847388,0.358643,-0.391546,0.146305,0.986334,0.07576,-0.445851,0.890114,0.0944105,-0.450463,0.74945,-0.485188,0,0,0
000987,0.505205,0.704641,0.505189,178.745,358.418,344.3,0.475576,0.780013,0.406703,-0.663035,0.603624,0.442745,-0.667958,0.32844,-0.667801,0.503428,0.501732,-0.703438,0.987826,0.152475,-0.0308406,-0.168454,0.959212,-0.227013,0,0,0,0.581496,0.792307,-0.184693,-0.811236,0.568279,-0.137679,0.700226,0.275034,0.658817,0,0,0,-0.114805,0.846305,0.52018,0,0,0,0,0,0,0,0,0,0,0,0,0,0,0,0.843676,0.500208,0.194944,-0.941686,0.224204,0.250919,-0.940516,0.079523,-0.330313,0.847568,0.358719,-0.391086,0.146305,0.986334,0.07576,-0.445872,0.890157,0.0939128,-0.449605,0.749963,-0.485191,0,0,0
000988,0.504528,0.705331,0.504988,178.745,358.418,344.3,0.474935,0.779928,0.407615,-0.662044,0.603393,0.444537,-0.667893,0.330081,-0.667057,0.498884,0.508568,-0.701765,0.987855,0.151973,-0.0323397,-0.168491,0.959436,-0.226039,0,0,0,0.581496,0.792307,-0.184693,-0.811404,0.568397,-0.136193,0.700043,0.2755,0.658817,0,0,0,-0.114739,0.845789,0.521033,0,0,0,0,0,0,0,0,0,0,0,0,0,0,0,0.84376,0.500257,0.194454,-0.941441,0.224146,0.251887,-0.941087,0.0805748,-0.328424,0.847193,0.359104,-0.391546,0.146305,0.986334,0.07576,-0.445809,0.890029,0.095406,-0.449851,0.750381,-0.484317,0,0,0
000989,0.505347,0.705064,0.505243,178.745,358.418,344.3,0.474935,0.779928,0.407615,-0.662372,0.603694,0.443642,-0.667958,0.32844,-0.667801,0.500684,0.506834,-0.701737,0.987765,0.152971,-0.0303409,-0.168472,0.959324,-0.226526,0,0,0,0.581606,0.792455,-0.18371,-0.811236,0.568279,-0.137679,0.700226,0.275034,0.658817,0,0,0,-0.114805,0.846305,0.52018,0,0,0,0,0,0,0,0,0,0,0,0,0,0,0,0.843592,0.500158,0.195435,-0.941808,0.224233,0.250435,-0.940516,0.079523,-0.330313,0.847554,0.359255,-0.390626,0.146305,0.986334,0.07576,-0.445851,0.890114,0.0944105,-0.450463,0.74945,-0.485188,0,0,0
000990,0.504988,0.70499,0.504814,337.842,224.929,84.069,0.495794,0.781347,0.379059,-0.646223,0.640804,0.414446,-0.65386,0.319822,-0.685698,0,0,0,0.992129,0.121531,-0.0301767,-0.138118,0.953923,-0.266372,0,0,0,0.606531,0.766164,-0.212398,-0.792961,0.586232,-0.165964,0.704322,0.280265,0.652214,0,0,0,-0.0924726,0.869547,0.485116,0,0,0,0,0,0,0,0,0,0,0,0,0,0,0,0.857331,0.482001,0.180717,-0.935709,0.262671,0.235482,-0.935828,0.0951794,-0.339362,0.860263,0.316781,-0.399497,0.175545,0.983755,0.0375436,-0.419415,0.906098,0.0554757,-0.425177,0.741592,-0.518908,0,0,0
000991,0.505057,0.705352,0.504941,337.842,224.929,84.069,0.495692,0.781187,0.379522,-0.646223,0.640804,0.414446,-0.6543,0.318924,-0.685696,0,0,0,0.99219,0.121034,-0.0301767,-0.138118,0.953923,-0.266372,0,0,0,0.606664,0.766329,-0.211421,-0.79273,0.586684,-0.165471,0.703833,0.280609,0.652593,0,0,0,-0.0924489,0.869305,0.485553,0,0,0,0,0,0,0,0,0,0,0,0,0,0,0,0.857252,0.481957,0.181208,-0.935709,0.262671,0.235482,-0.935878,0.0946819,-0.339363,0.860435,0.316312,-0.399497,0.175545,0.983755,0.0375436,-0.419404,0.906072,0.0559749,-0.424128,0.742786,-0.518058,0,0,0
000992,0.504897,0.705133,0.504725,337.842,224.929,84.069,0.496216,0.781078,0.37906,-0.646223,0.640804,0.414446,-0.65408,0.319373,-0.685697,0,0,0,0.992174,0.121033,-0.0306764,-0.138118,0.953923,-0.266372,0,0,0,0.606923,0.765853,-0.212399,-0.793028,0.586282,-0.165471,0.703833,0.280609,0.652593,0,0,0,-0.0924489,0.869305,0.485553,0,0,0,0,0,0,0,0,0,0,0,0,0,0,0,0.857331,0.482001,0.180717,-0.935709,0.262671,0.235482,-0.935878,0.0946819,-0.339363,0.860263,0.316781,-0.399497,0.175545,0.983755,0.0375436,-0.419404,0.906072,0.0559749,-0.425612,0.741344,-0.518906,0,0,0
000993,0.504738,0.704872,0.504986,337.842,224.929,84.069,0.495794,0.781347,0.379059,-0.646223,0.640804,0.414446,-0.653285,0.321768,-0.685335,0,0,0,0.992174,0.121033,-0.0306764,-0.138118,0.953923,-0.266372,0,0,0,0.606531,0.766164,-0.212398,-0.793028,0.586282,-0.165471,0.703951,0.281194,0.652214,0,0,0,-0.0924726,0.869547,0.485116,0,0,0,0,0,0,0,0,0,0,0,0,0,0,0,0.85741,0.482045,0.180225,-0.935709,0.262671,0.235482,-0.935929,0.0941845,-0.339363,0.860247,0.316243,-0.399956,0.175552,0.983792,0.0365444,-0.419415,0.906098,0.0554757,-0.424128,0.742786,-0.518058,0,0,0
000994,0.505109,0.704665,0.505039,337.842,224.929,84.069,0.495794,0.781347,0.379059,-0.646516,0.641096,0.413536,-0.65386,0.319822,-0.685698,0,0,0,0.99219,0.121034,-0.0301767,-0.138101,0.953791,-0.266854,0,0,0,0.606531,0.766164,-0.212398,-0.792961,0.586232,-0.165964,0.704136,0.28073,0.652214,0,0,0,-0.0924963,0.869788,0.484679,0,0,0,0,0,0,0,0,0,0,0,0,0,0,0,0.857655,0.481609,0.180225,-0.935936,0.262735,0.23451,-0.935828,0.0951794,-0.339362,0.860263,0.316781,-0.399497,0.175552,0.983792,0.0365444,-0.419427,0.906123,0.0549765,-0.424743,0.74184,-0.51891,0,0,0
000995,0.50453,0.70506,0.504638,337.842,224.929,84.069,0.495794,0.781347,0.379059,-0.64593,0.640511,0.415356,-0.654739,0.318026,-0.685694,0,0,0,0.992159,0.121031,-0.0311761,-0.138118,0.953923,-0.266372,0,0,0,0.606856,0.76577,-0.212887,-0.793094,0.586331,-0.164978,0.704136,0.28073,0.652214,0,0,0,-0.0924489,0.869305,0.485553,0,0,0,0,0,0,0,0,0,0,0,0,0,0,0,0.85741,0.482045,0.180225,-0.935482,0.262608,0.236453,-0.936165,0.0952133,-0.338422,0.859887,0.316644,-0.400413,0.175549,0.983774,0.037044,-0.419404,0.906072,0.0559749,-0.424128,0.742786,-0.518058,0,0,0
000996,0.505276,0.704638,0.504674,337.842,224.929,84.069,0.495794,0.781347,0.379059,-0.646869,0.640741,0.413536,-0.652314,0.322962,-0.685698,0,0,0,0.992204,0.121036,-0.029677,-0.138083,0.953659,-0.267336,0,0,0,0.606531,0.766164,-0.212398,-0.792597,0.586585,-0.166457,0.70316,0.281417,0.652971,0,0,0,-0.0924726,0.869547,0.485116,0,0,0,0,0,0,0,0,0,0,0,0,0,0,0,0.857576,0.481565,0.180717,-0.935936,0.262735,0.23451,-0.93559,0.0941504,-0.340303,0.860263,0.316781,-0.399497,0.175552,0.983792,0.0365444,-0.419427,0.906123,0.0549765,-0.423874,0.742334,-0.518913,0,0,0
000997,0.505379,0.704987,0.505494,337.842,224.929,84.069,0.495794,0.781347,0.379059,-0.646516,0.641096,0.413536,-0.653285,0.321768,-0.685335,0,0,0,0.992204,0.121036,-0.029677,-0.138118,0.953923,-0.266372,0,0,0,0.606664,0.766329,-0.211421,-0.792961,0.586232,-0.165964,0.704136,0.28073,0.652214,0,0,0,-0.0924963,0.869788,0.484679,0,0,0,0,0,0,0,0,0,0,0,0,0,0,0,0.857252,0.481957,0.181208,-0.935936,0.262735,0.23451,-0.935828,0.0951794,-0.339362,0.860637,0.316918,-0.39858,0.175545,0.983755,0.0375436,-0.419415,0.906098,0.0554757,-0.424128,0.742786,-0.518058,0,0,0
000998,0.505222,0.704594,0.504736,337.842,224.929,84.069,0.495794,0.781347,0.379059,-0.646869,0.640741,0.413536,-0.652535,0.322514,-0.685699,0,0,0,0.99225,0.120538,-0.0301767,-0.138083,0.953659,-0.267336,0,0,0,0.606531,0.766164,-0.212398,-0.792895,0.586183,-0.166457,0.70316,0.281417,0.652971,0,0,0,-0.0924726,0.869547,0.485116,0,0,0,0,0,0,0,0,0,0,0,0,0,0,0,0.857576,0.481565,0.180717,-0.935936,0.262735,0.23451,-0.93559,0.0941504,-0.340303,0.860263,0.316781,-0.399497,0.175552,0.983792,0.0365444,-0.419427,0.906123,0.0549765,-0.423874,0.742334,-0.518913,0,0,0
000999,0.505384,0.704774,0.505331,337.842,224.929,84.069,0.495794,0.781347,0.379059,-0.646516,0.641096,0.413536,-0.6543,0.318924,-0.685696,0,0,0,0.992204,0.121036,-0.029677,-0.138118,0.953923,-0.266372,0,0,0,0.60699,0.765936,-0.21191,-0.792895,0.586183,-0.166457,0.704136,0.28073,0.652214,0,0,0,-0.0924963,0.869788,0.484679,0,0,0,0,0,0,0,0,0,0,0,0,0,0,0,0.857576,0.481565,0.180717,-0.935936,0.262735,0.23451,-0.93559,0.0941504,-0.340303,0.860637,0.316918,-0.39858,0.175552,0.983792,0.0365444,-0.419427,0.906123,0.0549765,-0.425177,0.741592,-0.518908,0,0,0
